Copyright 1986-2022 Xilinx, Inc. All Rights Reserved. Copyright 2022-2024 Advanced Micro Devices, Inc. All Rights Reserved.
------------------------------------------------------------------------------------------------------------------------------------------------------------------------------------------------------------------------------------------------------
| Tool Version      : Vivado v.2024.1 (lin64) Build 5076996 Wed May 22 18:36:09 MDT 2024
| Date              : Thu Aug  6 01:39:07 2026
| Host              : linux running 64-bit Ubuntu 22.04.5 LTS
| Command           : report_timing_summary -delay_type max -max_paths 20 -file ${PROJECT_ROOT}/ProyectoFinal/HLS/reports/isolated_forward/timing_sweep/3p0ns/timing_post_route.rpt
| Design            : wht_lossless_forward_isolated
| Device            : xck26-sfvc784
| Speed File        : -2LV  PRODUCTION 1.30 05-15-2022
| Design State      : Routed
| Temperature Grade : C
------------------------------------------------------------------------------------------------------------------------------------------------------------------------------------------------------------------------------------------------------

Timing Summary Report

------------------------------------------------------------------------------------------------
| Timer Settings
| --------------
------------------------------------------------------------------------------------------------

  Enable Multi Corner Analysis               :  Yes
  Enable Pessimism Removal                   :  Yes
  Pessimism Removal Resolution               :  Nearest Common Node
  Enable Input Delay Default Clock           :  No
  Enable Preset / Clear Arcs                 :  No
  Disable Flight Delays                      :  No
  Ignore I/O Paths                           :  No
  Timing Early Launch at Borrowing Latches   :  No
  Borrow Time for Max Delay Exceptions       :  Yes
  Merge Timing Exceptions                    :  Yes
  Inter-SLR Compensation                     :  Conservative

  Corner  Analyze    Analyze    
  Name    Max Paths  Min Paths  
  ------  ---------  ---------  
  Slow    Yes        Yes        
  Fast    Yes        Yes        


------------------------------------------------------------------------------------------------
| Report Methodology
| ------------------
------------------------------------------------------------------------------------------------

No report available as report_methodology has not been run prior. Run report_methodology on the current design for the summary of methodology violations.



check_timing report

Table of Contents
-----------------
1. checking no_clock (0)
2. checking constant_clock (0)
3. checking pulse_width_clock (0)
4. checking unconstrained_internal_endpoints (0)
5. checking no_input_delay (52)
6. checking no_output_delay (38)
7. checking multiple_clock (0)
8. checking generated_clocks (0)
9. checking loops (0)
10. checking partial_input_delay (0)
11. checking partial_output_delay (0)
12. checking latch_loops (0)

1. checking no_clock (0)
------------------------
 There are 0 register/latch pins with no clock.


2. checking constant_clock (0)
------------------------------
 There are 0 register/latch pins with constant_clock.


3. checking pulse_width_clock (0)
---------------------------------
 There are 0 register/latch pins which need pulse_width check


4. checking unconstrained_internal_endpoints (0)
------------------------------------------------
 There are 0 pins that are not constrained for maximum delay.

 There are 0 pins that are not constrained for maximum delay due to constant clock.


5. checking no_input_delay (52)
-------------------------------
 There are 52 input ports with no input delay specified. (HIGH)

 There are 0 input ports with no input delay but user has a false path constraint.


6. checking no_output_delay (38)
--------------------------------
 There are 38 ports with no output delay specified. (HIGH)

 There are 0 ports with no output delay but user has a false path constraint

 There are 0 ports with no output delay but with a timing clock defined on it or propagating through it


7. checking multiple_clock (0)
------------------------------
 There are 0 register/latch pins with multiple clocks.


8. checking generated_clocks (0)
--------------------------------
 There are 0 generated clocks that are not connected to a clock source.


9. checking loops (0)
---------------------
 There are 0 combinational loops in the design.


10. checking partial_input_delay (0)
------------------------------------
 There are 0 input ports with partial input delay specified.


11. checking partial_output_delay (0)
-------------------------------------
 There are 0 ports with partial output delay specified.


12. checking latch_loops (0)
----------------------------
 There are 0 combinational latch loops in the design through latch input



------------------------------------------------------------------------------------------------
| Design Timing Summary
| ---------------------
------------------------------------------------------------------------------------------------

    WNS(ns)      TNS(ns)  TNS Failing Endpoints  TNS Total Endpoints     WPWS(ns)     TPWS(ns)  TPWS Failing Endpoints  TPWS Total Endpoints  
    -------      -------  ---------------------  -------------------     --------     --------  ----------------------  --------------------  
     -0.505       -4.116                     22                  902        0.923        0.000                       0                   430  


Timing constraints are not met.


------------------------------------------------------------------------------------------------
| Clock Summary
| -------------
------------------------------------------------------------------------------------------------

Clock   Waveform(ns)         Period(ns)      Frequency(MHz)
-----   ------------         ----------      --------------
ap_clk  {0.000 1.500}        3.000           333.333         


------------------------------------------------------------------------------------------------
| Intra Clock Table
| -----------------
------------------------------------------------------------------------------------------------

Clock             WNS(ns)      TNS(ns)  TNS Failing Endpoints  TNS Total Endpoints     WPWS(ns)     TPWS(ns)  TPWS Failing Endpoints  TPWS Total Endpoints  
-----             -------      -------  ---------------------  -------------------     --------     --------  ----------------------  --------------------  
ap_clk             -0.505       -4.116                     22                  902        0.923        0.000                       0                   430  


------------------------------------------------------------------------------------------------
| Inter Clock Table
| -----------------
------------------------------------------------------------------------------------------------

From Clock    To Clock          WNS(ns)      TNS(ns)  TNS Failing Endpoints  TNS Total Endpoints  
----------    --------          -------      -------  ---------------------  -------------------  


------------------------------------------------------------------------------------------------
| Other Path Groups Table
| -----------------------
------------------------------------------------------------------------------------------------

Path Group    From Clock    To Clock          WNS(ns)      TNS(ns)  TNS Failing Endpoints  TNS Total Endpoints  
----------    ----------    --------          -------      -------  ---------------------  -------------------  


------------------------------------------------------------------------------------------------
| Timing Details
| --------------
------------------------------------------------------------------------------------------------


---------------------------------------------------------------------------------------------------
From Clock:  ap_clk
  To Clock:  ap_clk

Setup :           22  Failing Endpoints,  Worst Slack       -0.505ns,  Total Violation       -4.116ns
Hold  :           NA  Failing Endpoints,  Worst Slack           NA  ,  Total Violation           NA
PW    :            0  Failing Endpoints,  Worst Slack        0.923ns,  Total Violation        0.000ns
---------------------------------------------------------------------------------------------------


Max Delay Paths
--------------------------------------------------------------------------------------
Slack (VIOLATED) :        -0.505ns  (required time - arrival time)
  Source:                 reg_214_reg[3]/C
                            (rising edge-triggered cell FDRE clocked by ap_clk  {rise@0.000ns fall@1.500ns period=3.000ns})
  Destination:            control_s_axi_U/int_block_out/mem_reg/DINADIN[14]
                            (rising edge-triggered cell RAMB18E2 clocked by ap_clk  {rise@0.000ns fall@1.500ns period=3.000ns})
  Path Group:             ap_clk
  Path Type:              Setup (Max at Slow Process Corner)
  Requirement:            3.000ns  (ap_clk rise@3.000ns - ap_clk rise@0.000ns)
  Data Path Delay:        3.074ns  (logic 1.286ns (41.839%)  route 1.788ns (58.161%))
  Logic Levels:           8  (CARRY8=4 LUT3=1 LUT6=3)
  Clock Path Skew:        0.008ns (DCD - SCD + CPR)
    Destination Clock Delay (DCD):    0.049ns = ( 3.049 - 3.000 ) 
    Source Clock Delay      (SCD):    0.041ns
    Clock Pessimism Removal (CPR):    0.000ns
  Clock Uncertainty:      0.035ns  ((TSJ^2 + TIJ^2)^1/2 + DJ) / 2 + PE
    Total System Jitter     (TSJ):    0.071ns
    Total Input Jitter      (TIJ):    0.000ns
    Discrete Jitter          (DJ):    0.000ns
    Phase Error              (PE):    0.000ns

    Location             Delay type                Incr(ns)  Path(ns)    Netlist Resource(s)
  -------------------------------------------------------------------    -------------------
                         (clock ap_clk rise edge)     0.000     0.000 r  
                                                      0.000     0.000 r  ap_clk (IN)
                         net (fo=429, unset)          0.041     0.041    ap_clk
    SLICE_X46Y153        FDRE                                         r  reg_214_reg[3]/C
  -------------------------------------------------------------------    -------------------
    SLICE_X46Y153        FDRE (Prop_BFF2_SLICEL_C_Q)
                                                      0.115     0.156 r  reg_214_reg[3]/Q
                         net (fo=7, routed)           0.321     0.477    control_s_axi_U/int_block_out/reg_238_reg[15][3]
    SLICE_X45Y153        CARRY8 (Prop_CARRY8_SLICEM_DI[3]_O[7])
                                                      0.279     0.756 r  control_s_axi_U/int_block_out/reg_238_reg[7]_i_1/O[7]
                         net (fo=5, routed)           0.342     1.099    control_s_axi_U/int_block_out/O[7]
    SLICE_X46Y154        LUT6 (Prop_H6LUT_SLICEL_I0_O)
                                                      0.137     1.236 r  control_s_axi_U/int_block_out/b_6_reg_611[7]_i_9/O
                         net (fo=1, routed)           0.015     1.251    control_s_axi_U/int_block_out/b_6_reg_611[7]_i_9_n_0
    SLICE_X46Y154        CARRY8 (Prop_CARRY8_SLICEL_S[7]_CO[7])
                                                      0.172     1.423 r  control_s_axi_U/int_block_out/b_6_reg_611_reg[7]_i_1/CO[7]
                         net (fo=1, routed)           0.030     1.453    control_s_axi_U/int_block_out/b_6_reg_611_reg[7]_i_1_n_0
    SLICE_X46Y155        CARRY8 (Prop_CARRY8_SLICEL_CI_O[1])
                                                      0.114     1.567 r  control_s_axi_U/int_block_out/b_6_reg_611_reg[15]_i_2/O[1]
                         net (fo=4, routed)           0.307     1.874    control_s_axi_U/int_block_out/reg_214_reg[14]_0[1]
    SLICE_X48Y153        LUT3 (Prop_H6LUT_SLICEL_I2_O)
                                                      0.083     1.957 r  control_s_axi_U/int_block_out/trunc_ln11_8_reg_626[14]_i_7/O
                         net (fo=1, routed)           0.228     2.185    control_s_axi_U/int_block_out/trunc_ln11_8_reg_626[14]_i_7_n_0
    SLICE_X47Y155        CARRY8 (Prop_CARRY8_SLICEL_DI[1]_O[6])
                                                      0.272     2.457 r  control_s_axi_U/int_block_out/trunc_ln11_8_reg_626_reg[14]_i_1/O[6]
                         net (fo=2, routed)           0.217     2.674    control_s_axi_U/int_block_out/a_6_reg_581_reg[14][13]
    SLICE_X47Y160        LUT6 (Prop_A6LUT_SLICEL_I0_O)
                                                      0.058     2.732 r  control_s_axi_U/int_block_out/mem_reg_i_33/O
                         net (fo=1, routed)           0.102     2.834    control_s_axi_U/int_block_out/mem_reg_i_33_n_0
    SLICE_X47Y160        LUT6 (Prop_F6LUT_SLICEL_I4_O)
                                                      0.056     2.890 r  control_s_axi_U/int_block_out/mem_reg_i_6/O
                         net (fo=1, routed)           0.225     3.115    control_s_axi_U/int_block_out/mem_reg_i_6_n_0
    RAMB18_X1Y62         RAMB18E2                                     r  control_s_axi_U/int_block_out/mem_reg/DINADIN[14]
  -------------------------------------------------------------------    -------------------

                         (clock ap_clk rise edge)     3.000     3.000 r  
                                                      0.000     3.000 r  ap_clk (IN)
                         net (fo=429, unset)          0.049     3.049    control_s_axi_U/int_block_out/ap_clk
    RAMB18_X1Y62         RAMB18E2                                     r  control_s_axi_U/int_block_out/mem_reg/CLKBWRCLK
                         clock pessimism              0.000     3.049    
                         clock uncertainty           -0.035     3.014    
    RAMB18_X1Y62         RAMB18E2 (Setup_RAMB18E2_L_RAMB180_CLKBWRCLK_DINADIN[14])
                                                     -0.404     2.610    control_s_axi_U/int_block_out/mem_reg
  -------------------------------------------------------------------
                         required time                          2.610    
                         arrival time                          -3.115    
  -------------------------------------------------------------------
                         slack                                 -0.505    

Slack (VIOLATED) :        -0.501ns  (required time - arrival time)
  Source:                 reg_214_reg[3]/C
                            (rising edge-triggered cell FDRE clocked by ap_clk  {rise@0.000ns fall@1.500ns period=3.000ns})
  Destination:            control_s_axi_U/int_block_out/mem_reg/DINADIN[15]
                            (rising edge-triggered cell RAMB18E2 clocked by ap_clk  {rise@0.000ns fall@1.500ns period=3.000ns})
  Path Group:             ap_clk
  Path Type:              Setup (Max at Slow Process Corner)
  Requirement:            3.000ns  (ap_clk rise@3.000ns - ap_clk rise@0.000ns)
  Data Path Delay:        2.874ns  (logic 1.258ns (43.776%)  route 1.616ns (56.224%))
  Logic Levels:           7  (CARRY8=4 LUT3=1 LUT6=2)
  Clock Path Skew:        0.008ns (DCD - SCD + CPR)
    Destination Clock Delay (DCD):    0.049ns = ( 3.049 - 3.000 ) 
    Source Clock Delay      (SCD):    0.041ns
    Clock Pessimism Removal (CPR):    0.000ns
  Clock Uncertainty:      0.035ns  ((TSJ^2 + TIJ^2)^1/2 + DJ) / 2 + PE
    Total System Jitter     (TSJ):    0.071ns
    Total Input Jitter      (TIJ):    0.000ns
    Discrete Jitter          (DJ):    0.000ns
    Phase Error              (PE):    0.000ns

    Location             Delay type                Incr(ns)  Path(ns)    Netlist Resource(s)
  -------------------------------------------------------------------    -------------------
                         (clock ap_clk rise edge)     0.000     0.000 r  
                                                      0.000     0.000 r  ap_clk (IN)
                         net (fo=429, unset)          0.041     0.041    ap_clk
    SLICE_X46Y153        FDRE                                         r  reg_214_reg[3]/C
  -------------------------------------------------------------------    -------------------
    SLICE_X46Y153        FDRE (Prop_BFF2_SLICEL_C_Q)
                                                      0.115     0.156 r  reg_214_reg[3]/Q
                         net (fo=7, routed)           0.321     0.477    control_s_axi_U/int_block_out/reg_238_reg[15][3]
    SLICE_X45Y153        CARRY8 (Prop_CARRY8_SLICEM_DI[3]_O[7])
                                                      0.279     0.756 r  control_s_axi_U/int_block_out/reg_238_reg[7]_i_1/O[7]
                         net (fo=5, routed)           0.342     1.099    control_s_axi_U/int_block_out/O[7]
    SLICE_X46Y154        LUT6 (Prop_H6LUT_SLICEL_I0_O)
                                                      0.137     1.236 r  control_s_axi_U/int_block_out/b_6_reg_611[7]_i_9/O
                         net (fo=1, routed)           0.015     1.251    control_s_axi_U/int_block_out/b_6_reg_611[7]_i_9_n_0
    SLICE_X46Y154        CARRY8 (Prop_CARRY8_SLICEL_S[7]_CO[7])
                                                      0.172     1.423 r  control_s_axi_U/int_block_out/b_6_reg_611_reg[7]_i_1/CO[7]
                         net (fo=1, routed)           0.030     1.453    control_s_axi_U/int_block_out/b_6_reg_611_reg[7]_i_1_n_0
    SLICE_X46Y155        CARRY8 (Prop_CARRY8_SLICEL_CI_O[1])
                                                      0.114     1.567 r  control_s_axi_U/int_block_out/b_6_reg_611_reg[15]_i_2/O[1]
                         net (fo=4, routed)           0.307     1.874    control_s_axi_U/int_block_out/reg_214_reg[14]_0[1]
    SLICE_X48Y153        LUT3 (Prop_H6LUT_SLICEL_I2_O)
                                                      0.083     1.957 r  control_s_axi_U/int_block_out/trunc_ln11_8_reg_626[14]_i_7/O
                         net (fo=1, routed)           0.228     2.185    control_s_axi_U/int_block_out/trunc_ln11_8_reg_626[14]_i_7_n_0
    SLICE_X47Y155        CARRY8 (Prop_CARRY8_SLICEL_DI[1]_O[7])
                                                      0.302     2.487 r  control_s_axi_U/int_block_out/trunc_ln11_8_reg_626_reg[14]_i_1/O[7]
                         net (fo=2, routed)           0.216     2.703    control_s_axi_U/int_block_out/a_6_reg_581_reg[14][14]
    SLICE_X48Y159        LUT6 (Prop_C6LUT_SLICEL_I5_O)
                                                      0.056     2.759 r  control_s_axi_U/int_block_out/mem_reg_i_5_comp/O
                         net (fo=1, routed)           0.156     2.915    control_s_axi_U/int_block_out/mem_reg_i_5_n_0
    RAMB18_X1Y62         RAMB18E2                                     r  control_s_axi_U/int_block_out/mem_reg/DINADIN[15]
  -------------------------------------------------------------------    -------------------

                         (clock ap_clk rise edge)     3.000     3.000 r  
                                                      0.000     3.000 r  ap_clk (IN)
                         net (fo=429, unset)          0.049     3.049    control_s_axi_U/int_block_out/ap_clk
    RAMB18_X1Y62         RAMB18E2                                     r  control_s_axi_U/int_block_out/mem_reg/CLKBWRCLK
                         clock pessimism              0.000     3.049    
                         clock uncertainty           -0.035     3.014    
    RAMB18_X1Y62         RAMB18E2 (Setup_RAMB18E2_L_RAMB180_CLKBWRCLK_DINADIN[15])
                                                     -0.600     2.414    control_s_axi_U/int_block_out/mem_reg
  -------------------------------------------------------------------
                         required time                          2.414    
                         arrival time                          -2.915    
  -------------------------------------------------------------------
                         slack                                 -0.501    

Slack (VIOLATED) :        -0.438ns  (required time - arrival time)
  Source:                 reg_214_reg[3]/C
                            (rising edge-triggered cell FDRE clocked by ap_clk  {rise@0.000ns fall@1.500ns period=3.000ns})
  Destination:            control_s_axi_U/int_block_out/mem_reg/DINADIN[12]
                            (rising edge-triggered cell RAMB18E2 clocked by ap_clk  {rise@0.000ns fall@1.500ns period=3.000ns})
  Path Group:             ap_clk
  Path Type:              Setup (Max at Slow Process Corner)
  Requirement:            3.000ns  (ap_clk rise@3.000ns - ap_clk rise@0.000ns)
  Data Path Delay:        2.967ns  (logic 1.290ns (43.483%)  route 1.677ns (56.517%))
  Logic Levels:           8  (CARRY8=4 LUT3=1 LUT6=3)
  Clock Path Skew:        0.008ns (DCD - SCD + CPR)
    Destination Clock Delay (DCD):    0.049ns = ( 3.049 - 3.000 ) 
    Source Clock Delay      (SCD):    0.041ns
    Clock Pessimism Removal (CPR):    0.000ns
  Clock Uncertainty:      0.035ns  ((TSJ^2 + TIJ^2)^1/2 + DJ) / 2 + PE
    Total System Jitter     (TSJ):    0.071ns
    Total Input Jitter      (TIJ):    0.000ns
    Discrete Jitter          (DJ):    0.000ns
    Phase Error              (PE):    0.000ns

    Location             Delay type                Incr(ns)  Path(ns)    Netlist Resource(s)
  -------------------------------------------------------------------    -------------------
                         (clock ap_clk rise edge)     0.000     0.000 r  
                                                      0.000     0.000 r  ap_clk (IN)
                         net (fo=429, unset)          0.041     0.041    ap_clk
    SLICE_X46Y153        FDRE                                         r  reg_214_reg[3]/C
  -------------------------------------------------------------------    -------------------
    SLICE_X46Y153        FDRE (Prop_BFF2_SLICEL_C_Q)
                                                      0.115     0.156 r  reg_214_reg[3]/Q
                         net (fo=7, routed)           0.321     0.477    control_s_axi_U/int_block_out/reg_238_reg[15][3]
    SLICE_X45Y153        CARRY8 (Prop_CARRY8_SLICEM_DI[3]_O[7])
                                                      0.279     0.756 r  control_s_axi_U/int_block_out/reg_238_reg[7]_i_1/O[7]
                         net (fo=5, routed)           0.342     1.099    control_s_axi_U/int_block_out/O[7]
    SLICE_X46Y154        LUT6 (Prop_H6LUT_SLICEL_I0_O)
                                                      0.137     1.236 r  control_s_axi_U/int_block_out/b_6_reg_611[7]_i_9/O
                         net (fo=1, routed)           0.015     1.251    control_s_axi_U/int_block_out/b_6_reg_611[7]_i_9_n_0
    SLICE_X46Y154        CARRY8 (Prop_CARRY8_SLICEL_S[7]_CO[7])
                                                      0.172     1.423 r  control_s_axi_U/int_block_out/b_6_reg_611_reg[7]_i_1/CO[7]
                         net (fo=1, routed)           0.030     1.453    control_s_axi_U/int_block_out/b_6_reg_611_reg[7]_i_1_n_0
    SLICE_X46Y155        CARRY8 (Prop_CARRY8_SLICEL_CI_O[1])
                                                      0.114     1.567 r  control_s_axi_U/int_block_out/b_6_reg_611_reg[15]_i_2/O[1]
                         net (fo=4, routed)           0.307     1.874    control_s_axi_U/int_block_out/reg_214_reg[14]_0[1]
    SLICE_X48Y153        LUT3 (Prop_H6LUT_SLICEL_I2_O)
                                                      0.083     1.957 r  control_s_axi_U/int_block_out/trunc_ln11_8_reg_626[14]_i_7/O
                         net (fo=1, routed)           0.228     2.185    control_s_axi_U/int_block_out/trunc_ln11_8_reg_626[14]_i_7_n_0
    SLICE_X47Y155        CARRY8 (Prop_CARRY8_SLICEL_DI[1]_O[4])
                                                      0.275     2.460 r  control_s_axi_U/int_block_out/trunc_ln11_8_reg_626_reg[14]_i_1/O[4]
                         net (fo=2, routed)           0.197     2.657    control_s_axi_U/int_block_out/a_6_reg_581_reg[14][11]
    SLICE_X48Y157        LUT6 (Prop_H6LUT_SLICEL_I0_O)
                                                      0.058     2.715 r  control_s_axi_U/int_block_out/mem_reg_i_37/O
                         net (fo=1, routed)           0.106     2.821    control_s_axi_U/int_block_out/mem_reg_i_37_n_0
    SLICE_X48Y156        LUT6 (Prop_D6LUT_SLICEL_I4_O)
                                                      0.057     2.878 r  control_s_axi_U/int_block_out/mem_reg_i_8__0/O
                         net (fo=1, routed)           0.130     3.008    control_s_axi_U/int_block_out/mem_reg_i_8__0_n_0
    RAMB18_X1Y62         RAMB18E2                                     r  control_s_axi_U/int_block_out/mem_reg/DINADIN[12]
  -------------------------------------------------------------------    -------------------

                         (clock ap_clk rise edge)     3.000     3.000 r  
                                                      0.000     3.000 r  ap_clk (IN)
                         net (fo=429, unset)          0.049     3.049    control_s_axi_U/int_block_out/ap_clk
    RAMB18_X1Y62         RAMB18E2                                     r  control_s_axi_U/int_block_out/mem_reg/CLKBWRCLK
                         clock pessimism              0.000     3.049    
                         clock uncertainty           -0.035     3.014    
    RAMB18_X1Y62         RAMB18E2 (Setup_RAMB18E2_L_RAMB180_CLKBWRCLK_DINADIN[12])
                                                     -0.444     2.570    control_s_axi_U/int_block_out/mem_reg
  -------------------------------------------------------------------
                         required time                          2.570    
                         arrival time                          -3.008    
  -------------------------------------------------------------------
                         slack                                 -0.438    

Slack (VIOLATED) :        -0.352ns  (required time - arrival time)
  Source:                 reg_214_reg[3]/C
                            (rising edge-triggered cell FDRE clocked by ap_clk  {rise@0.000ns fall@1.500ns period=3.000ns})
  Destination:            control_s_axi_U/int_block_out/mem_reg/DINADIN[13]
                            (rising edge-triggered cell RAMB18E2 clocked by ap_clk  {rise@0.000ns fall@1.500ns period=3.000ns})
  Path Group:             ap_clk
  Path Type:              Setup (Max at Slow Process Corner)
  Requirement:            3.000ns  (ap_clk rise@3.000ns - ap_clk rise@0.000ns)
  Data Path Delay:        2.912ns  (logic 1.251ns (42.965%)  route 1.661ns (57.035%))
  Logic Levels:           7  (CARRY8=4 LUT3=1 LUT6=2)
  Clock Path Skew:        0.008ns (DCD - SCD + CPR)
    Destination Clock Delay (DCD):    0.049ns = ( 3.049 - 3.000 ) 
    Source Clock Delay      (SCD):    0.041ns
    Clock Pessimism Removal (CPR):    0.000ns
  Clock Uncertainty:      0.035ns  ((TSJ^2 + TIJ^2)^1/2 + DJ) / 2 + PE
    Total System Jitter     (TSJ):    0.071ns
    Total Input Jitter      (TIJ):    0.000ns
    Discrete Jitter          (DJ):    0.000ns
    Phase Error              (PE):    0.000ns

    Location             Delay type                Incr(ns)  Path(ns)    Netlist Resource(s)
  -------------------------------------------------------------------    -------------------
                         (clock ap_clk rise edge)     0.000     0.000 r  
                                                      0.000     0.000 r  ap_clk (IN)
                         net (fo=429, unset)          0.041     0.041    ap_clk
    SLICE_X46Y153        FDRE                                         r  reg_214_reg[3]/C
  -------------------------------------------------------------------    -------------------
    SLICE_X46Y153        FDRE (Prop_BFF2_SLICEL_C_Q)
                                                      0.115     0.156 r  reg_214_reg[3]/Q
                         net (fo=7, routed)           0.321     0.477    control_s_axi_U/int_block_out/reg_238_reg[15][3]
    SLICE_X45Y153        CARRY8 (Prop_CARRY8_SLICEM_DI[3]_O[7])
                                                      0.279     0.756 r  control_s_axi_U/int_block_out/reg_238_reg[7]_i_1/O[7]
                         net (fo=5, routed)           0.342     1.099    control_s_axi_U/int_block_out/O[7]
    SLICE_X46Y154        LUT6 (Prop_H6LUT_SLICEL_I0_O)
                                                      0.137     1.236 r  control_s_axi_U/int_block_out/b_6_reg_611[7]_i_9/O
                         net (fo=1, routed)           0.015     1.251    control_s_axi_U/int_block_out/b_6_reg_611[7]_i_9_n_0
    SLICE_X46Y154        CARRY8 (Prop_CARRY8_SLICEL_S[7]_CO[7])
                                                      0.172     1.423 r  control_s_axi_U/int_block_out/b_6_reg_611_reg[7]_i_1/CO[7]
                         net (fo=1, routed)           0.030     1.453    control_s_axi_U/int_block_out/b_6_reg_611_reg[7]_i_1_n_0
    SLICE_X46Y155        CARRY8 (Prop_CARRY8_SLICEL_CI_O[1])
                                                      0.114     1.567 r  control_s_axi_U/int_block_out/b_6_reg_611_reg[15]_i_2/O[1]
                         net (fo=4, routed)           0.307     1.874    control_s_axi_U/int_block_out/reg_214_reg[14]_0[1]
    SLICE_X48Y153        LUT3 (Prop_H6LUT_SLICEL_I2_O)
                                                      0.083     1.957 r  control_s_axi_U/int_block_out/trunc_ln11_8_reg_626[14]_i_7/O
                         net (fo=1, routed)           0.228     2.185    control_s_axi_U/int_block_out/trunc_ln11_8_reg_626[14]_i_7_n_0
    SLICE_X47Y155        CARRY8 (Prop_CARRY8_SLICEL_DI[1]_O[5])
                                                      0.293     2.478 r  control_s_axi_U/int_block_out/trunc_ln11_8_reg_626_reg[14]_i_1/O[5]
                         net (fo=2, routed)           0.229     2.707    control_s_axi_U/int_block_out/a_6_reg_581_reg[14][12]
    SLICE_X47Y160        LUT6 (Prop_H6LUT_SLICEL_I5_O)
                                                      0.058     2.765 r  control_s_axi_U/int_block_out/mem_reg_i_7__0_comp/O
                         net (fo=1, routed)           0.188     2.953    control_s_axi_U/int_block_out/mem_reg_i_7__0_n_0
    RAMB18_X1Y62         RAMB18E2                                     r  control_s_axi_U/int_block_out/mem_reg/DINADIN[13]
  -------------------------------------------------------------------    -------------------

                         (clock ap_clk rise edge)     3.000     3.000 r  
                                                      0.000     3.000 r  ap_clk (IN)
                         net (fo=429, unset)          0.049     3.049    control_s_axi_U/int_block_out/ap_clk
    RAMB18_X1Y62         RAMB18E2                                     r  control_s_axi_U/int_block_out/mem_reg/CLKBWRCLK
                         clock pessimism              0.000     3.049    
                         clock uncertainty           -0.035     3.014    
    RAMB18_X1Y62         RAMB18E2 (Setup_RAMB18E2_L_RAMB180_CLKBWRCLK_DINADIN[13])
                                                     -0.413     2.601    control_s_axi_U/int_block_out/mem_reg
  -------------------------------------------------------------------
                         required time                          2.601    
                         arrival time                          -2.953    
  -------------------------------------------------------------------
                         slack                                 -0.352    

Slack (VIOLATED) :        -0.345ns  (required time - arrival time)
  Source:                 reg_214_reg[0]_replica/C
                            (rising edge-triggered cell FDRE clocked by ap_clk  {rise@0.000ns fall@1.500ns period=3.000ns})
  Destination:            control_s_axi_U/int_block_out/mem_reg/DINADIN[8]
                            (rising edge-triggered cell RAMB18E2 clocked by ap_clk  {rise@0.000ns fall@1.500ns period=3.000ns})
  Path Group:             ap_clk
  Path Type:              Setup (Max at Slow Process Corner)
  Requirement:            3.000ns  (ap_clk rise@3.000ns - ap_clk rise@0.000ns)
  Data Path Delay:        2.876ns  (logic 1.344ns (46.726%)  route 1.532ns (53.274%))
  Logic Levels:           9  (CARRY8=4 LUT2=1 LUT3=1 LUT6=3)
  Clock Path Skew:        0.006ns (DCD - SCD + CPR)
    Destination Clock Delay (DCD):    0.049ns = ( 3.049 - 3.000 ) 
    Source Clock Delay      (SCD):    0.043ns
    Clock Pessimism Removal (CPR):    0.000ns
  Clock Uncertainty:      0.035ns  ((TSJ^2 + TIJ^2)^1/2 + DJ) / 2 + PE
    Total System Jitter     (TSJ):    0.071ns
    Total Input Jitter      (TIJ):    0.000ns
    Discrete Jitter          (DJ):    0.000ns
    Phase Error              (PE):    0.000ns

    Location             Delay type                Incr(ns)  Path(ns)    Netlist Resource(s)
  -------------------------------------------------------------------    -------------------
                         (clock ap_clk rise edge)     0.000     0.000 r  
                                                      0.000     0.000 r  ap_clk (IN)
                         net (fo=429, unset)          0.043     0.043    ap_clk
    SLICE_X45Y152        FDRE                                         r  reg_214_reg[0]_replica/C
  -------------------------------------------------------------------    -------------------
    SLICE_X45Y152        FDRE (Prop_BFF_SLICEM_C_Q)
                                                      0.112     0.155 r  reg_214_reg[0]_replica/Q
                         net (fo=5, routed)           0.121     0.276    control_s_axi_U/int_block_out/reg_214[0]_repN_alias
    SLICE_X45Y153        LUT2 (Prop_A6LUT_SLICEM_I0_O)
                                                      0.083     0.359 r  control_s_axi_U/int_block_out/reg_238[7]_i_9/O
                         net (fo=1, routed)           0.017     0.376    control_s_axi_U/int_block_out/reg_238[7]_i_9_n_0
    SLICE_X45Y153        CARRY8 (Prop_CARRY8_SLICEM_S[0]_O[2])
                                                      0.187     0.563 r  control_s_axi_U/int_block_out/reg_238_reg[7]_i_1/O[2]
                         net (fo=5, routed)           0.271     0.834    control_s_axi_U/int_block_out/O[2]
    SLICE_X46Y153        LUT3 (Prop_H6LUT_SLICEL_I2_O)
                                                      0.083     0.917 r  control_s_axi_U/int_block_out/b_6_reg_611[7]_i_7/O
                         net (fo=1, routed)           0.195     1.112    control_s_axi_U/int_block_out/b_6_reg_611[7]_i_7_n_0
    SLICE_X46Y154        CARRY8 (Prop_CARRY8_SLICEL_DI[2]_O[5])
                                                      0.285     1.397 r  control_s_axi_U/int_block_out/b_6_reg_611_reg[7]_i_1/O[5]
                         net (fo=4, routed)           0.310     1.706    control_s_axi_U/int_block_out/reg_214_reg[6][5]
    SLICE_X47Y154        LUT6 (Prop_E6LUT_SLICEL_I3_O)
                                                      0.138     1.844 r  control_s_axi_U/int_block_out/trunc_ln11_8_reg_626[6]_i_12/O
                         net (fo=1, routed)           0.011     1.855    control_s_axi_U/int_block_out/trunc_ln11_8_reg_626[6]_i_12_n_0
    SLICE_X47Y154        CARRY8 (Prop_CARRY8_SLICEL_S[4]_CO[7])
                                                      0.232     2.087 r  control_s_axi_U/int_block_out/trunc_ln11_8_reg_626_reg[6]_i_1/CO[7]
                         net (fo=1, routed)           0.030     2.117    control_s_axi_U/int_block_out/trunc_ln11_8_reg_626_reg[6]_i_1_n_0
    SLICE_X47Y155        CARRY8 (Prop_CARRY8_SLICEL_CI_O[0])
                                                      0.086     2.203 r  control_s_axi_U/int_block_out/trunc_ln11_8_reg_626_reg[14]_i_1/O[0]
                         net (fo=2, routed)           0.222     2.425    control_s_axi_U/int_block_out/a_6_reg_581_reg[14][7]
    SLICE_X47Y161        LUT6 (Prop_C6LUT_SLICEL_I0_O)
                                                      0.081     2.506 r  control_s_axi_U/int_block_out/mem_reg_i_45/O
                         net (fo=1, routed)           0.050     2.556    control_s_axi_U/int_block_out/mem_reg_i_45_n_0
    SLICE_X47Y161        LUT6 (Prop_D6LUT_SLICEL_I4_O)
                                                      0.057     2.613 r  control_s_axi_U/int_block_out/mem_reg_i_12__0/O
                         net (fo=1, routed)           0.306     2.919    control_s_axi_U/int_block_out/mem_reg_i_12__0_n_0
    RAMB18_X1Y62         RAMB18E2                                     r  control_s_axi_U/int_block_out/mem_reg/DINADIN[8]
  -------------------------------------------------------------------    -------------------

                         (clock ap_clk rise edge)     3.000     3.000 r  
                                                      0.000     3.000 r  ap_clk (IN)
                         net (fo=429, unset)          0.049     3.049    control_s_axi_U/int_block_out/ap_clk
    RAMB18_X1Y62         RAMB18E2                                     r  control_s_axi_U/int_block_out/mem_reg/CLKBWRCLK
                         clock pessimism              0.000     3.049    
                         clock uncertainty           -0.035     3.014    
    RAMB18_X1Y62         RAMB18E2 (Setup_RAMB18E2_L_RAMB180_CLKBWRCLK_DINADIN[8])
                                                     -0.439     2.575    control_s_axi_U/int_block_out/mem_reg
  -------------------------------------------------------------------
                         required time                          2.575    
                         arrival time                          -2.919    
  -------------------------------------------------------------------
                         slack                                 -0.345    

Slack (VIOLATED) :        -0.322ns  (required time - arrival time)
  Source:                 reg_214_reg[3]/C
                            (rising edge-triggered cell FDRE clocked by ap_clk  {rise@0.000ns fall@1.500ns period=3.000ns})
  Destination:            control_s_axi_U/int_block_out/mem_reg/DINADIN[11]
                            (rising edge-triggered cell RAMB18E2 clocked by ap_clk  {rise@0.000ns fall@1.500ns period=3.000ns})
  Path Group:             ap_clk
  Path Type:              Setup (Max at Slow Process Corner)
  Requirement:            3.000ns  (ap_clk rise@3.000ns - ap_clk rise@0.000ns)
  Data Path Delay:        2.828ns  (logic 1.169ns (41.341%)  route 1.659ns (58.659%))
  Logic Levels:           8  (CARRY8=4 LUT3=1 LUT6=3)
  Clock Path Skew:        0.008ns (DCD - SCD + CPR)
    Destination Clock Delay (DCD):    0.049ns = ( 3.049 - 3.000 ) 
    Source Clock Delay      (SCD):    0.041ns
    Clock Pessimism Removal (CPR):    0.000ns
  Clock Uncertainty:      0.035ns  ((TSJ^2 + TIJ^2)^1/2 + DJ) / 2 + PE
    Total System Jitter     (TSJ):    0.071ns
    Total Input Jitter      (TIJ):    0.000ns
    Discrete Jitter          (DJ):    0.000ns
    Phase Error              (PE):    0.000ns

    Location             Delay type                Incr(ns)  Path(ns)    Netlist Resource(s)
  -------------------------------------------------------------------    -------------------
                         (clock ap_clk rise edge)     0.000     0.000 r  
                                                      0.000     0.000 r  ap_clk (IN)
                         net (fo=429, unset)          0.041     0.041    ap_clk
    SLICE_X46Y153        FDRE                                         r  reg_214_reg[3]/C
  -------------------------------------------------------------------    -------------------
    SLICE_X46Y153        FDRE (Prop_BFF2_SLICEL_C_Q)
                                                      0.115     0.156 r  reg_214_reg[3]/Q
                         net (fo=7, routed)           0.321     0.477    control_s_axi_U/int_block_out/reg_238_reg[15][3]
    SLICE_X45Y153        CARRY8 (Prop_CARRY8_SLICEM_DI[3]_O[7])
                                                      0.279     0.756 r  control_s_axi_U/int_block_out/reg_238_reg[7]_i_1/O[7]
                         net (fo=5, routed)           0.342     1.099    control_s_axi_U/int_block_out/O[7]
    SLICE_X46Y154        LUT6 (Prop_H6LUT_SLICEL_I0_O)
                                                      0.137     1.236 r  control_s_axi_U/int_block_out/b_6_reg_611[7]_i_9/O
                         net (fo=1, routed)           0.015     1.251    control_s_axi_U/int_block_out/b_6_reg_611[7]_i_9_n_0
    SLICE_X46Y154        CARRY8 (Prop_CARRY8_SLICEL_S[7]_CO[7])
                                                      0.172     1.423 r  control_s_axi_U/int_block_out/b_6_reg_611_reg[7]_i_1/CO[7]
                         net (fo=1, routed)           0.030     1.453    control_s_axi_U/int_block_out/b_6_reg_611_reg[7]_i_1_n_0
    SLICE_X46Y155        CARRY8 (Prop_CARRY8_SLICEL_CI_O[1])
                                                      0.114     1.567 r  control_s_axi_U/int_block_out/b_6_reg_611_reg[15]_i_2/O[1]
                         net (fo=4, routed)           0.307     1.874    control_s_axi_U/int_block_out/reg_214_reg[14]_0[1]
    SLICE_X48Y153        LUT3 (Prop_H6LUT_SLICEL_I2_O)
                                                      0.083     1.957 r  control_s_axi_U/int_block_out/trunc_ln11_8_reg_626[14]_i_7/O
                         net (fo=1, routed)           0.228     2.185    control_s_axi_U/int_block_out/trunc_ln11_8_reg_626[14]_i_7_n_0
    SLICE_X47Y155        CARRY8 (Prop_CARRY8_SLICEL_DI[1]_O[3])
                                                      0.155     2.340 r  control_s_axi_U/int_block_out/trunc_ln11_8_reg_626_reg[14]_i_1/O[3]
                         net (fo=2, routed)           0.198     2.538    control_s_axi_U/int_block_out/a_6_reg_581_reg[14][10]
    SLICE_X48Y153        LUT6 (Prop_B6LUT_SLICEL_I0_O)
                                                      0.058     2.596 r  control_s_axi_U/int_block_out/mem_reg_i_39/O
                         net (fo=1, routed)           0.049     2.645    control_s_axi_U/int_block_out/mem_reg_i_39_n_0
    SLICE_X48Y153        LUT6 (Prop_F6LUT_SLICEL_I4_O)
                                                      0.056     2.701 r  control_s_axi_U/int_block_out/mem_reg_i_9__0/O
                         net (fo=1, routed)           0.168     2.869    control_s_axi_U/int_block_out/mem_reg_i_9__0_n_0
    RAMB18_X1Y62         RAMB18E2                                     r  control_s_axi_U/int_block_out/mem_reg/DINADIN[11]
  -------------------------------------------------------------------    -------------------

                         (clock ap_clk rise edge)     3.000     3.000 r  
                                                      0.000     3.000 r  ap_clk (IN)
                         net (fo=429, unset)          0.049     3.049    control_s_axi_U/int_block_out/ap_clk
    RAMB18_X1Y62         RAMB18E2                                     r  control_s_axi_U/int_block_out/mem_reg/CLKBWRCLK
                         clock pessimism              0.000     3.049    
                         clock uncertainty           -0.035     3.014    
    RAMB18_X1Y62         RAMB18E2 (Setup_RAMB18E2_L_RAMB180_CLKBWRCLK_DINADIN[11])
                                                     -0.467     2.547    control_s_axi_U/int_block_out/mem_reg
  -------------------------------------------------------------------
                         required time                          2.547    
                         arrival time                          -2.869    
  -------------------------------------------------------------------
                         slack                                 -0.322    

Slack (VIOLATED) :        -0.242ns  (required time - arrival time)
  Source:                 reg_238_reg[6]/C
                            (rising edge-triggered cell FDRE clocked by ap_clk  {rise@0.000ns fall@1.500ns period=3.000ns})
  Destination:            control_s_axi_U/int_block_out/mem_reg/DINBDIN[15]
                            (rising edge-triggered cell RAMB18E2 clocked by ap_clk  {rise@0.000ns fall@1.500ns period=3.000ns})
  Path Group:             ap_clk
  Path Type:              Setup (Max at Slow Process Corner)
  Requirement:            3.000ns  (ap_clk rise@3.000ns - ap_clk rise@0.000ns)
  Data Path Delay:        2.612ns  (logic 0.710ns (27.177%)  route 1.902ns (72.823%))
  Logic Levels:           7  (CARRY8=3 LUT2=1 LUT3=1 LUT5=1 LUT6=1)
  Clock Path Skew:        0.006ns (DCD - SCD + CPR)
    Destination Clock Delay (DCD):    0.049ns = ( 3.049 - 3.000 ) 
    Source Clock Delay      (SCD):    0.043ns
    Clock Pessimism Removal (CPR):    0.000ns
  Clock Uncertainty:      0.035ns  ((TSJ^2 + TIJ^2)^1/2 + DJ) / 2 + PE
    Total System Jitter     (TSJ):    0.071ns
    Total Input Jitter      (TIJ):    0.000ns
    Discrete Jitter          (DJ):    0.000ns
    Phase Error              (PE):    0.000ns

    Location             Delay type                Incr(ns)  Path(ns)    Netlist Resource(s)
  -------------------------------------------------------------------    -------------------
                         (clock ap_clk rise edge)     0.000     0.000 r  
                                                      0.000     0.000 r  ap_clk (IN)
                         net (fo=429, unset)          0.043     0.043    ap_clk
    SLICE_X45Y153        FDRE                                         r  reg_238_reg[6]/C
  -------------------------------------------------------------------    -------------------
    SLICE_X45Y153        FDRE (Prop_GFF_SLICEM_C_Q)
                                                      0.116     0.159 r  reg_238_reg[6]/Q
                         net (fo=5, routed)           0.378     0.537    control_s_axi_U/int_block_out/b_7_reg_631_reg[15]_0[6]
    SLICE_X46Y156        LUT2 (Prop_G6LUT_SLICEL_I1_O)
                                                      0.082     0.619 r  control_s_axi_U/int_block_out/b_7_reg_631[7]_i_3/O
                         net (fo=1, routed)           0.012     0.631    control_s_axi_U/int_block_out/b_7_reg_631[7]_i_3_n_0
    SLICE_X46Y156        CARRY8 (Prop_CARRY8_SLICEL_S[6]_O[6])
                                                      0.086     0.717 r  control_s_axi_U/int_block_out/b_7_reg_631_reg[7]_i_1/O[6]
                         net (fo=4, routed)           0.561     1.278    control_s_axi_U/int_block_out/a_7_reg_575_reg[7][6]
    SLICE_X49Y156        LUT3 (Prop_F6LUT_SLICEL_I2_O)
                                                      0.056     1.334 r  control_s_axi_U/int_block_out/mem_reg_i_118/O
                         net (fo=1, routed)           0.421     1.755    control_s_axi_U/int_block_out/mem_reg_i_118_n_0
    SLICE_X47Y156        CARRY8 (Prop_CARRY8_SLICEL_DI[6]_CO[7])
                                                      0.084     1.839 r  control_s_axi_U/int_block_out/mem_reg_i_83/CO[7]
                         net (fo=1, routed)           0.030     1.869    control_s_axi_U/int_block_out/mem_reg_i_83_n_0
    SLICE_X47Y157        CARRY8 (Prop_CARRY8_SLICEL_CI_O[7])
                                                      0.171     2.040 r  control_s_axi_U/int_block_out/mem_reg_i_77/O[7]
                         net (fo=4, routed)           0.247     2.286    control_s_axi_U/int_block_out/a_7_reg_575_reg[14][14]
    SLICE_X46Y158        LUT5 (Prop_A6LUT_SLICEL_I2_O)
                                                      0.058     2.344 r  control_s_axi_U/int_block_out/mem_reg_i_65/O
                         net (fo=1, routed)           0.049     2.393    control_s_axi_U/int_block_out/mem_reg_i_65_n_0
    SLICE_X46Y158        LUT6 (Prop_D6LUT_SLICEL_I5_O)
                                                      0.057     2.450 r  control_s_axi_U/int_block_out/mem_reg_i_21/O
                         net (fo=1, routed)           0.205     2.655    control_s_axi_U/int_block_out/p_1_in[31]
    RAMB18_X1Y62         RAMB18E2                                     r  control_s_axi_U/int_block_out/mem_reg/DINBDIN[15]
  -------------------------------------------------------------------    -------------------

                         (clock ap_clk rise edge)     3.000     3.000 r  
                                                      0.000     3.000 r  ap_clk (IN)
                         net (fo=429, unset)          0.049     3.049    control_s_axi_U/int_block_out/ap_clk
    RAMB18_X1Y62         RAMB18E2                                     r  control_s_axi_U/int_block_out/mem_reg/CLKBWRCLK
                         clock pessimism              0.000     3.049    
                         clock uncertainty           -0.035     3.014    
    RAMB18_X1Y62         RAMB18E2 (Setup_RAMB18E2_L_RAMB180_CLKBWRCLK_DINBDIN[15])
                                                     -0.600     2.414    control_s_axi_U/int_block_out/mem_reg
  -------------------------------------------------------------------
                         required time                          2.414    
                         arrival time                          -2.655    
  -------------------------------------------------------------------
                         slack                                 -0.242    

Slack (VIOLATED) :        -0.219ns  (required time - arrival time)
  Source:                 reg_214_reg[3]/C
                            (rising edge-triggered cell FDRE clocked by ap_clk  {rise@0.000ns fall@1.500ns period=3.000ns})
  Destination:            control_s_axi_U/int_block_out/mem_reg/DINADIN[10]
                            (rising edge-triggered cell RAMB18E2 clocked by ap_clk  {rise@0.000ns fall@1.500ns period=3.000ns})
  Path Group:             ap_clk
  Path Type:              Setup (Max at Slow Process Corner)
  Requirement:            3.000ns  (ap_clk rise@3.000ns - ap_clk rise@0.000ns)
  Data Path Delay:        2.789ns  (logic 1.103ns (39.553%)  route 1.686ns (60.447%))
  Logic Levels:           7  (CARRY8=4 LUT3=1 LUT6=2)
  Clock Path Skew:        0.008ns (DCD - SCD + CPR)
    Destination Clock Delay (DCD):    0.049ns = ( 3.049 - 3.000 ) 
    Source Clock Delay      (SCD):    0.041ns
    Clock Pessimism Removal (CPR):    0.000ns
  Clock Uncertainty:      0.035ns  ((TSJ^2 + TIJ^2)^1/2 + DJ) / 2 + PE
    Total System Jitter     (TSJ):    0.071ns
    Total Input Jitter      (TIJ):    0.000ns
    Discrete Jitter          (DJ):    0.000ns
    Phase Error              (PE):    0.000ns

    Location             Delay type                Incr(ns)  Path(ns)    Netlist Resource(s)
  -------------------------------------------------------------------    -------------------
                         (clock ap_clk rise edge)     0.000     0.000 r  
                                                      0.000     0.000 r  ap_clk (IN)
                         net (fo=429, unset)          0.041     0.041    ap_clk
    SLICE_X46Y153        FDRE                                         r  reg_214_reg[3]/C
  -------------------------------------------------------------------    -------------------
    SLICE_X46Y153        FDRE (Prop_BFF2_SLICEL_C_Q)
                                                      0.115     0.156 r  reg_214_reg[3]/Q
                         net (fo=7, routed)           0.321     0.477    control_s_axi_U/int_block_out/reg_238_reg[15][3]
    SLICE_X45Y153        CARRY8 (Prop_CARRY8_SLICEM_DI[3]_O[7])
                                                      0.279     0.756 r  control_s_axi_U/int_block_out/reg_238_reg[7]_i_1/O[7]
                         net (fo=5, routed)           0.342     1.099    control_s_axi_U/int_block_out/O[7]
    SLICE_X46Y154        LUT6 (Prop_H6LUT_SLICEL_I0_O)
                                                      0.137     1.236 r  control_s_axi_U/int_block_out/b_6_reg_611[7]_i_9/O
                         net (fo=1, routed)           0.015     1.251    control_s_axi_U/int_block_out/b_6_reg_611[7]_i_9_n_0
    SLICE_X46Y154        CARRY8 (Prop_CARRY8_SLICEL_S[7]_CO[7])
                                                      0.172     1.423 r  control_s_axi_U/int_block_out/b_6_reg_611_reg[7]_i_1/CO[7]
                         net (fo=1, routed)           0.030     1.453    control_s_axi_U/int_block_out/b_6_reg_611_reg[7]_i_1_n_0
    SLICE_X46Y155        CARRY8 (Prop_CARRY8_SLICEL_CI_O[1])
                                                      0.114     1.567 r  control_s_axi_U/int_block_out/b_6_reg_611_reg[15]_i_2/O[1]
                         net (fo=4, routed)           0.307     1.874    control_s_axi_U/int_block_out/reg_214_reg[14]_0[1]
    SLICE_X48Y153        LUT3 (Prop_H6LUT_SLICEL_I2_O)
                                                      0.083     1.957 r  control_s_axi_U/int_block_out/trunc_ln11_8_reg_626[14]_i_7/O
                         net (fo=1, routed)           0.228     2.185    control_s_axi_U/int_block_out/trunc_ln11_8_reg_626[14]_i_7_n_0
    SLICE_X47Y155        CARRY8 (Prop_CARRY8_SLICEL_DI[1]_O[2])
                                                      0.145     2.330 r  control_s_axi_U/int_block_out/trunc_ln11_8_reg_626_reg[14]_i_1/O[2]
                         net (fo=2, routed)           0.206     2.536    control_s_axi_U/int_block_out/a_6_reg_581_reg[14][9]
    SLICE_X48Y158        LUT6 (Prop_A6LUT_SLICEL_I5_O)
                                                      0.058     2.594 r  control_s_axi_U/int_block_out/mem_reg_i_10__0_comp/O
                         net (fo=1, routed)           0.236     2.830    control_s_axi_U/int_block_out/mem_reg_i_10__0_n_0
    RAMB18_X1Y62         RAMB18E2                                     r  control_s_axi_U/int_block_out/mem_reg/DINADIN[10]
  -------------------------------------------------------------------    -------------------

                         (clock ap_clk rise edge)     3.000     3.000 r  
                                                      0.000     3.000 r  ap_clk (IN)
                         net (fo=429, unset)          0.049     3.049    control_s_axi_U/int_block_out/ap_clk
    RAMB18_X1Y62         RAMB18E2                                     r  control_s_axi_U/int_block_out/mem_reg/CLKBWRCLK
                         clock pessimism              0.000     3.049    
                         clock uncertainty           -0.035     3.014    
    RAMB18_X1Y62         RAMB18E2 (Setup_RAMB18E2_L_RAMB180_CLKBWRCLK_DINADIN[10])
                                                     -0.403     2.611    control_s_axi_U/int_block_out/mem_reg
  -------------------------------------------------------------------
                         required time                          2.611    
                         arrival time                          -2.830    
  -------------------------------------------------------------------
                         slack                                 -0.219    

Slack (VIOLATED) :        -0.163ns  (required time - arrival time)
  Source:                 reg_214_reg[0]_replica/C
                            (rising edge-triggered cell FDRE clocked by ap_clk  {rise@0.000ns fall@1.500ns period=3.000ns})
  Destination:            control_s_axi_U/int_block_out/mem_reg/DINADIN[6]
                            (rising edge-triggered cell RAMB18E2 clocked by ap_clk  {rise@0.000ns fall@1.500ns period=3.000ns})
  Path Group:             ap_clk
  Path Type:              Setup (Max at Slow Process Corner)
  Requirement:            3.000ns  (ap_clk rise@3.000ns - ap_clk rise@0.000ns)
  Data Path Delay:        2.737ns  (logic 1.073ns (39.203%)  route 1.664ns (60.797%))
  Logic Levels:           8  (CARRY8=3 LUT2=1 LUT3=2 LUT6=2)
  Clock Path Skew:        0.006ns (DCD - SCD + CPR)
    Destination Clock Delay (DCD):    0.049ns = ( 3.049 - 3.000 ) 
    Source Clock Delay      (SCD):    0.043ns
    Clock Pessimism Removal (CPR):    0.000ns
  Clock Uncertainty:      0.035ns  ((TSJ^2 + TIJ^2)^1/2 + DJ) / 2 + PE
    Total System Jitter     (TSJ):    0.071ns
    Total Input Jitter      (TIJ):    0.000ns
    Discrete Jitter          (DJ):    0.000ns
    Phase Error              (PE):    0.000ns

    Location             Delay type                Incr(ns)  Path(ns)    Netlist Resource(s)
  -------------------------------------------------------------------    -------------------
                         (clock ap_clk rise edge)     0.000     0.000 r  
                                                      0.000     0.000 r  ap_clk (IN)
                         net (fo=429, unset)          0.043     0.043    ap_clk
    SLICE_X45Y152        FDRE                                         r  reg_214_reg[0]_replica/C
  -------------------------------------------------------------------    -------------------
    SLICE_X45Y152        FDRE (Prop_BFF_SLICEM_C_Q)
                                                      0.112     0.155 r  reg_214_reg[0]_replica/Q
                         net (fo=5, routed)           0.121     0.276    control_s_axi_U/int_block_out/reg_214[0]_repN_alias
    SLICE_X45Y153        LUT2 (Prop_A6LUT_SLICEM_I0_O)
                                                      0.083     0.359 r  control_s_axi_U/int_block_out/reg_238[7]_i_9/O
                         net (fo=1, routed)           0.017     0.376    control_s_axi_U/int_block_out/reg_238[7]_i_9_n_0
    SLICE_X45Y153        CARRY8 (Prop_CARRY8_SLICEM_S[0]_O[2])
                                                      0.187     0.563 r  control_s_axi_U/int_block_out/reg_238_reg[7]_i_1/O[2]
                         net (fo=5, routed)           0.271     0.834    control_s_axi_U/int_block_out/O[2]
    SLICE_X46Y153        LUT3 (Prop_H6LUT_SLICEL_I2_O)
                                                      0.083     0.917 r  control_s_axi_U/int_block_out/b_6_reg_611[7]_i_7/O
                         net (fo=1, routed)           0.195     1.112    control_s_axi_U/int_block_out/b_6_reg_611[7]_i_7_n_0
    SLICE_X46Y154        CARRY8 (Prop_CARRY8_SLICEL_DI[2]_O[4])
                                                      0.241     1.353 r  control_s_axi_U/int_block_out/b_6_reg_611_reg[7]_i_1/O[4]
                         net (fo=4, routed)           0.350     1.703    control_s_axi_U/int_block_out/reg_214_reg[6][4]
    SLICE_X47Y153        LUT3 (Prop_B6LUT_SLICEL_I2_O)
                                                      0.083     1.786 r  control_s_axi_U/int_block_out/trunc_ln11_8_reg_626[6]_i_5/O
                         net (fo=1, routed)           0.119     1.905    control_s_axi_U/int_block_out/trunc_ln11_8_reg_626[6]_i_5_n_0
    SLICE_X47Y154        CARRY8 (Prop_CARRY8_SLICEL_DI[4]_O[6])
                                                      0.169     2.074 r  control_s_axi_U/int_block_out/trunc_ln11_8_reg_626_reg[6]_i_1/O[6]
                         net (fo=2, routed)           0.255     2.329    control_s_axi_U/int_block_out/a_6_reg_581_reg[14][5]
    SLICE_X48Y157        LUT6 (Prop_B6LUT_SLICEL_I0_O)
                                                      0.058     2.387 r  control_s_axi_U/int_block_out/mem_reg_i_49/O
                         net (fo=1, routed)           0.105     2.492    control_s_axi_U/int_block_out/mem_reg_i_49_n_0
    SLICE_X48Y157        LUT6 (Prop_D6LUT_SLICEL_I4_O)
                                                      0.057     2.549 r  control_s_axi_U/int_block_out/mem_reg_i_14__0/O
                         net (fo=2, routed)           0.231     2.780    control_s_axi_U/int_block_out/mem_reg_i_14__0_n_0
    RAMB18_X1Y62         RAMB18E2                                     r  control_s_axi_U/int_block_out/mem_reg/DINADIN[6]
  -------------------------------------------------------------------    -------------------

                         (clock ap_clk rise edge)     3.000     3.000 r  
                                                      0.000     3.000 r  ap_clk (IN)
                         net (fo=429, unset)          0.049     3.049    control_s_axi_U/int_block_out/ap_clk
    RAMB18_X1Y62         RAMB18E2                                     r  control_s_axi_U/int_block_out/mem_reg/CLKBWRCLK
                         clock pessimism              0.000     3.049    
                         clock uncertainty           -0.035     3.014    
    RAMB18_X1Y62         RAMB18E2 (Setup_RAMB18E2_L_RAMB180_CLKBWRCLK_DINADIN[6])
                                                     -0.397     2.617    control_s_axi_U/int_block_out/mem_reg
  -------------------------------------------------------------------
                         required time                          2.617    
                         arrival time                          -2.780    
  -------------------------------------------------------------------
                         slack                                 -0.163    

Slack (VIOLATED) :        -0.127ns  (required time - arrival time)
  Source:                 reg_238_reg[6]/C
                            (rising edge-triggered cell FDRE clocked by ap_clk  {rise@0.000ns fall@1.500ns period=3.000ns})
  Destination:            control_s_axi_U/int_block_out/mem_reg/DINBDIN[9]
                            (rising edge-triggered cell RAMB18E2 clocked by ap_clk  {rise@0.000ns fall@1.500ns period=3.000ns})
  Path Group:             ap_clk
  Path Type:              Setup (Max at Slow Process Corner)
  Requirement:            3.000ns  (ap_clk rise@3.000ns - ap_clk rise@0.000ns)
  Data Path Delay:        2.716ns  (logic 0.724ns (26.652%)  route 1.992ns (73.348%))
  Logic Levels:           7  (CARRY8=3 LUT2=1 LUT3=1 LUT5=1 LUT6=1)
  Clock Path Skew:        0.006ns (DCD - SCD + CPR)
    Destination Clock Delay (DCD):    0.049ns = ( 3.049 - 3.000 ) 
    Source Clock Delay      (SCD):    0.043ns
    Clock Pessimism Removal (CPR):    0.000ns
  Clock Uncertainty:      0.035ns  ((TSJ^2 + TIJ^2)^1/2 + DJ) / 2 + PE
    Total System Jitter     (TSJ):    0.071ns
    Total Input Jitter      (TIJ):    0.000ns
    Discrete Jitter          (DJ):    0.000ns
    Phase Error              (PE):    0.000ns

    Location             Delay type                Incr(ns)  Path(ns)    Netlist Resource(s)
  -------------------------------------------------------------------    -------------------
                         (clock ap_clk rise edge)     0.000     0.000 r  
                                                      0.000     0.000 r  ap_clk (IN)
                         net (fo=429, unset)          0.043     0.043    ap_clk
    SLICE_X45Y153        FDRE                                         r  reg_238_reg[6]/C
  -------------------------------------------------------------------    -------------------
    SLICE_X45Y153        FDRE (Prop_GFF_SLICEM_C_Q)
                                                      0.116     0.159 r  reg_238_reg[6]/Q
                         net (fo=5, routed)           0.378     0.537    control_s_axi_U/int_block_out/b_7_reg_631_reg[15]_0[6]
    SLICE_X46Y156        LUT2 (Prop_G6LUT_SLICEL_I1_O)
                                                      0.082     0.619 r  control_s_axi_U/int_block_out/b_7_reg_631[7]_i_3/O
                         net (fo=1, routed)           0.012     0.631    control_s_axi_U/int_block_out/b_7_reg_631[7]_i_3_n_0
    SLICE_X46Y156        CARRY8 (Prop_CARRY8_SLICEL_S[6]_O[6])
                                                      0.086     0.717 r  control_s_axi_U/int_block_out/b_7_reg_631_reg[7]_i_1/O[6]
                         net (fo=4, routed)           0.561     1.278    control_s_axi_U/int_block_out/a_7_reg_575_reg[7][6]
    SLICE_X49Y156        LUT3 (Prop_F6LUT_SLICEL_I2_O)
                                                      0.056     1.334 r  control_s_axi_U/int_block_out/mem_reg_i_118/O
                         net (fo=1, routed)           0.421     1.755    control_s_axi_U/int_block_out/mem_reg_i_118_n_0
    SLICE_X47Y156        CARRY8 (Prop_CARRY8_SLICEL_DI[6]_CO[7])
                                                      0.084     1.839 r  control_s_axi_U/int_block_out/mem_reg_i_83/CO[7]
                         net (fo=1, routed)           0.030     1.869    control_s_axi_U/int_block_out/mem_reg_i_83_n_0
    SLICE_X47Y157        CARRY8 (Prop_CARRY8_SLICEL_CI_O[1])
                                                      0.106     1.975 r  control_s_axi_U/int_block_out/mem_reg_i_77/O[1]
                         net (fo=3, routed)           0.260     2.234    control_s_axi_U/int_block_out/a_7_reg_575_reg[14][8]
    SLICE_X46Y159        LUT5 (Prop_A6LUT_SLICEL_I2_O)
                                                      0.137     2.371 r  control_s_axi_U/int_block_out/mem_reg_i_71/O
                         net (fo=1, routed)           0.099     2.470    control_s_axi_U/int_block_out/mem_reg_i_71_n_0
    SLICE_X46Y159        LUT6 (Prop_G6LUT_SLICEL_I5_O)
                                                      0.057     2.527 r  control_s_axi_U/int_block_out/mem_reg_i_27/O
                         net (fo=1, routed)           0.232     2.759    control_s_axi_U/int_block_out/p_1_in[25]
    RAMB18_X1Y62         RAMB18E2                                     r  control_s_axi_U/int_block_out/mem_reg/DINBDIN[9]
  -------------------------------------------------------------------    -------------------

                         (clock ap_clk rise edge)     3.000     3.000 r  
                                                      0.000     3.000 r  ap_clk (IN)
                         net (fo=429, unset)          0.049     3.049    control_s_axi_U/int_block_out/ap_clk
    RAMB18_X1Y62         RAMB18E2                                     r  control_s_axi_U/int_block_out/mem_reg/CLKBWRCLK
                         clock pessimism              0.000     3.049    
                         clock uncertainty           -0.035     3.014    
    RAMB18_X1Y62         RAMB18E2 (Setup_RAMB18E2_L_RAMB180_CLKBWRCLK_DINBDIN[9])
                                                     -0.381     2.633    control_s_axi_U/int_block_out/mem_reg
  -------------------------------------------------------------------
                         required time                          2.633    
                         arrival time                          -2.759    
  -------------------------------------------------------------------
                         slack                                 -0.127    

Slack (VIOLATED) :        -0.110ns  (required time - arrival time)
  Source:                 reg_214_reg[0]_replica/C
                            (rising edge-triggered cell FDRE clocked by ap_clk  {rise@0.000ns fall@1.500ns period=3.000ns})
  Destination:            control_s_axi_U/int_block_out/mem_reg/DINBDIN[6]
                            (rising edge-triggered cell RAMB18E2 clocked by ap_clk  {rise@0.000ns fall@1.500ns period=3.000ns})
  Path Group:             ap_clk
  Path Type:              Setup (Max at Slow Process Corner)
  Requirement:            3.000ns  (ap_clk rise@3.000ns - ap_clk rise@0.000ns)
  Data Path Delay:        2.669ns  (logic 1.073ns (40.198%)  route 1.596ns (59.802%))
  Logic Levels:           8  (CARRY8=3 LUT2=1 LUT3=2 LUT6=2)
  Clock Path Skew:        0.006ns (DCD - SCD + CPR)
    Destination Clock Delay (DCD):    0.049ns = ( 3.049 - 3.000 ) 
    Source Clock Delay      (SCD):    0.043ns
    Clock Pessimism Removal (CPR):    0.000ns
  Clock Uncertainty:      0.035ns  ((TSJ^2 + TIJ^2)^1/2 + DJ) / 2 + PE
    Total System Jitter     (TSJ):    0.071ns
    Total Input Jitter      (TIJ):    0.000ns
    Discrete Jitter          (DJ):    0.000ns
    Phase Error              (PE):    0.000ns

    Location             Delay type                Incr(ns)  Path(ns)    Netlist Resource(s)
  -------------------------------------------------------------------    -------------------
                         (clock ap_clk rise edge)     0.000     0.000 r  
                                                      0.000     0.000 r  ap_clk (IN)
                         net (fo=429, unset)          0.043     0.043    ap_clk
    SLICE_X45Y152        FDRE                                         r  reg_214_reg[0]_replica/C
  -------------------------------------------------------------------    -------------------
    SLICE_X45Y152        FDRE (Prop_BFF_SLICEM_C_Q)
                                                      0.112     0.155 r  reg_214_reg[0]_replica/Q
                         net (fo=5, routed)           0.121     0.276    control_s_axi_U/int_block_out/reg_214[0]_repN_alias
    SLICE_X45Y153        LUT2 (Prop_A6LUT_SLICEM_I0_O)
                                                      0.083     0.359 r  control_s_axi_U/int_block_out/reg_238[7]_i_9/O
                         net (fo=1, routed)           0.017     0.376    control_s_axi_U/int_block_out/reg_238[7]_i_9_n_0
    SLICE_X45Y153        CARRY8 (Prop_CARRY8_SLICEM_S[0]_O[2])
                                                      0.187     0.563 r  control_s_axi_U/int_block_out/reg_238_reg[7]_i_1/O[2]
                         net (fo=5, routed)           0.271     0.834    control_s_axi_U/int_block_out/O[2]
    SLICE_X46Y153        LUT3 (Prop_H6LUT_SLICEL_I2_O)
                                                      0.083     0.917 r  control_s_axi_U/int_block_out/b_6_reg_611[7]_i_7/O
                         net (fo=1, routed)           0.195     1.112    control_s_axi_U/int_block_out/b_6_reg_611[7]_i_7_n_0
    SLICE_X46Y154        CARRY8 (Prop_CARRY8_SLICEL_DI[2]_O[4])
                                                      0.241     1.353 r  control_s_axi_U/int_block_out/b_6_reg_611_reg[7]_i_1/O[4]
                         net (fo=4, routed)           0.350     1.703    control_s_axi_U/int_block_out/reg_214_reg[6][4]
    SLICE_X47Y153        LUT3 (Prop_B6LUT_SLICEL_I2_O)
                                                      0.083     1.786 r  control_s_axi_U/int_block_out/trunc_ln11_8_reg_626[6]_i_5/O
                         net (fo=1, routed)           0.119     1.905    control_s_axi_U/int_block_out/trunc_ln11_8_reg_626[6]_i_5_n_0
    SLICE_X47Y154        CARRY8 (Prop_CARRY8_SLICEL_DI[4]_O[6])
                                                      0.169     2.074 r  control_s_axi_U/int_block_out/trunc_ln11_8_reg_626_reg[6]_i_1/O[6]
                         net (fo=2, routed)           0.255     2.329    control_s_axi_U/int_block_out/a_6_reg_581_reg[14][5]
    SLICE_X48Y157        LUT6 (Prop_B6LUT_SLICEL_I0_O)
                                                      0.058     2.387 r  control_s_axi_U/int_block_out/mem_reg_i_49/O
                         net (fo=1, routed)           0.105     2.492    control_s_axi_U/int_block_out/mem_reg_i_49_n_0
    SLICE_X48Y157        LUT6 (Prop_D6LUT_SLICEL_I4_O)
                                                      0.057     2.549 r  control_s_axi_U/int_block_out/mem_reg_i_14__0/O
                         net (fo=2, routed)           0.164     2.712    control_s_axi_U/int_block_out/mem_reg_i_14__0_n_0
    RAMB18_X1Y62         RAMB18E2                                     r  control_s_axi_U/int_block_out/mem_reg/DINBDIN[6]
  -------------------------------------------------------------------    -------------------

                         (clock ap_clk rise edge)     3.000     3.000 r  
                                                      0.000     3.000 r  ap_clk (IN)
                         net (fo=429, unset)          0.049     3.049    control_s_axi_U/int_block_out/ap_clk
    RAMB18_X1Y62         RAMB18E2                                     r  control_s_axi_U/int_block_out/mem_reg/CLKBWRCLK
                         clock pessimism              0.000     3.049    
                         clock uncertainty           -0.035     3.014    
    RAMB18_X1Y62         RAMB18E2 (Setup_RAMB18E2_L_RAMB180_CLKBWRCLK_DINBDIN[6])
                                                     -0.411     2.603    control_s_axi_U/int_block_out/mem_reg
  -------------------------------------------------------------------
                         required time                          2.603    
                         arrival time                          -2.712    
  -------------------------------------------------------------------
                         slack                                 -0.110    

Slack (VIOLATED) :        -0.109ns  (required time - arrival time)
  Source:                 reg_214_reg[0]_replica/C
                            (rising edge-triggered cell FDRE clocked by ap_clk  {rise@0.000ns fall@1.500ns period=3.000ns})
  Destination:            control_s_axi_U/int_block_out/mem_reg/DINADIN[5]
                            (rising edge-triggered cell RAMB18E2 clocked by ap_clk  {rise@0.000ns fall@1.500ns period=3.000ns})
  Path Group:             ap_clk
  Path Type:              Setup (Max at Slow Process Corner)
  Requirement:            3.000ns  (ap_clk rise@3.000ns - ap_clk rise@0.000ns)
  Data Path Delay:        2.664ns  (logic 1.051ns (39.452%)  route 1.613ns (60.548%))
  Logic Levels:           8  (CARRY8=3 LUT2=1 LUT3=2 LUT6=2)
  Clock Path Skew:        0.006ns (DCD - SCD + CPR)
    Destination Clock Delay (DCD):    0.049ns = ( 3.049 - 3.000 ) 
    Source Clock Delay      (SCD):    0.043ns
    Clock Pessimism Removal (CPR):    0.000ns
  Clock Uncertainty:      0.035ns  ((TSJ^2 + TIJ^2)^1/2 + DJ) / 2 + PE
    Total System Jitter     (TSJ):    0.071ns
    Total Input Jitter      (TIJ):    0.000ns
    Discrete Jitter          (DJ):    0.000ns
    Phase Error              (PE):    0.000ns

    Location             Delay type                Incr(ns)  Path(ns)    Netlist Resource(s)
  -------------------------------------------------------------------    -------------------
                         (clock ap_clk rise edge)     0.000     0.000 r  
                                                      0.000     0.000 r  ap_clk (IN)
                         net (fo=429, unset)          0.043     0.043    ap_clk
    SLICE_X45Y152        FDRE                                         r  reg_214_reg[0]_replica/C
  -------------------------------------------------------------------    -------------------
    SLICE_X45Y152        FDRE (Prop_BFF_SLICEM_C_Q)
                                                      0.112     0.155 r  reg_214_reg[0]_replica/Q
                         net (fo=5, routed)           0.121     0.276    control_s_axi_U/int_block_out/reg_214[0]_repN_alias
    SLICE_X45Y153        LUT2 (Prop_A6LUT_SLICEM_I0_O)
                                                      0.083     0.359 r  control_s_axi_U/int_block_out/reg_238[7]_i_9/O
                         net (fo=1, routed)           0.017     0.376    control_s_axi_U/int_block_out/reg_238[7]_i_9_n_0
    SLICE_X45Y153        CARRY8 (Prop_CARRY8_SLICEM_S[0]_O[2])
                                                      0.187     0.563 r  control_s_axi_U/int_block_out/reg_238_reg[7]_i_1/O[2]
                         net (fo=5, routed)           0.271     0.834    control_s_axi_U/int_block_out/O[2]
    SLICE_X46Y153        LUT3 (Prop_H6LUT_SLICEL_I2_O)
                                                      0.083     0.917 r  control_s_axi_U/int_block_out/b_6_reg_611[7]_i_7/O
                         net (fo=1, routed)           0.195     1.112    control_s_axi_U/int_block_out/b_6_reg_611[7]_i_7_n_0
    SLICE_X46Y154        CARRY8 (Prop_CARRY8_SLICEL_DI[2]_O[4])
                                                      0.241     1.353 r  control_s_axi_U/int_block_out/b_6_reg_611_reg[7]_i_1/O[4]
                         net (fo=4, routed)           0.350     1.703    control_s_axi_U/int_block_out/reg_214_reg[6][4]
    SLICE_X47Y153        LUT3 (Prop_B6LUT_SLICEL_I2_O)
                                                      0.083     1.786 r  control_s_axi_U/int_block_out/trunc_ln11_8_reg_626[6]_i_5/O
                         net (fo=1, routed)           0.119     1.905    control_s_axi_U/int_block_out/trunc_ln11_8_reg_626[6]_i_5_n_0
    SLICE_X47Y154        CARRY8 (Prop_CARRY8_SLICEL_DI[4]_O[5])
                                                      0.123     2.028 r  control_s_axi_U/int_block_out/trunc_ln11_8_reg_626_reg[6]_i_1/O[5]
                         net (fo=2, routed)           0.267     2.295    control_s_axi_U/int_block_out/a_6_reg_581_reg[14][4]
    SLICE_X48Y156        LUT6 (Prop_G6LUT_SLICEL_I0_O)
                                                      0.082     2.377 r  control_s_axi_U/int_block_out/mem_reg_i_51/O
                         net (fo=1, routed)           0.105     2.482    control_s_axi_U/int_block_out/mem_reg_i_51_n_0
    SLICE_X48Y156        LUT6 (Prop_E6LUT_SLICEL_I4_O)
                                                      0.057     2.539 r  control_s_axi_U/int_block_out/mem_reg_i_15__0/O
                         net (fo=2, routed)           0.168     2.707    control_s_axi_U/int_block_out/mem_reg_i_15__0_n_0
    RAMB18_X1Y62         RAMB18E2                                     r  control_s_axi_U/int_block_out/mem_reg/DINADIN[5]
  -------------------------------------------------------------------    -------------------

                         (clock ap_clk rise edge)     3.000     3.000 r  
                                                      0.000     3.000 r  ap_clk (IN)
                         net (fo=429, unset)          0.049     3.049    control_s_axi_U/int_block_out/ap_clk
    RAMB18_X1Y62         RAMB18E2                                     r  control_s_axi_U/int_block_out/mem_reg/CLKBWRCLK
                         clock pessimism              0.000     3.049    
                         clock uncertainty           -0.035     3.014    
    RAMB18_X1Y62         RAMB18E2 (Setup_RAMB18E2_L_RAMB180_CLKBWRCLK_DINADIN[5])
                                                     -0.416     2.598    control_s_axi_U/int_block_out/mem_reg
  -------------------------------------------------------------------
                         required time                          2.598    
                         arrival time                          -2.707    
  -------------------------------------------------------------------
                         slack                                 -0.109    

Slack (VIOLATED) :        -0.108ns  (required time - arrival time)
  Source:                 reg_214_reg[0]_replica/C
                            (rising edge-triggered cell FDRE clocked by ap_clk  {rise@0.000ns fall@1.500ns period=3.000ns})
  Destination:            control_s_axi_U/int_block_out/mem_reg/DINADIN[9]
                            (rising edge-triggered cell RAMB18E2 clocked by ap_clk  {rise@0.000ns fall@1.500ns period=3.000ns})
  Path Group:             ap_clk
  Path Type:              Setup (Max at Slow Process Corner)
  Requirement:            3.000ns  (ap_clk rise@3.000ns - ap_clk rise@0.000ns)
  Data Path Delay:        2.664ns  (logic 1.291ns (48.454%)  route 1.373ns (51.546%))
  Logic Levels:           8  (CARRY8=4 LUT2=1 LUT3=1 LUT6=2)
  Clock Path Skew:        0.006ns (DCD - SCD + CPR)
    Destination Clock Delay (DCD):    0.049ns = ( 3.049 - 3.000 ) 
    Source Clock Delay      (SCD):    0.043ns
    Clock Pessimism Removal (CPR):    0.000ns
  Clock Uncertainty:      0.035ns  ((TSJ^2 + TIJ^2)^1/2 + DJ) / 2 + PE
    Total System Jitter     (TSJ):    0.071ns
    Total Input Jitter      (TIJ):    0.000ns
    Discrete Jitter          (DJ):    0.000ns
    Phase Error              (PE):    0.000ns

    Location             Delay type                Incr(ns)  Path(ns)    Netlist Resource(s)
  -------------------------------------------------------------------    -------------------
                         (clock ap_clk rise edge)     0.000     0.000 r  
                                                      0.000     0.000 r  ap_clk (IN)
                         net (fo=429, unset)          0.043     0.043    ap_clk
    SLICE_X45Y152        FDRE                                         r  reg_214_reg[0]_replica/C
  -------------------------------------------------------------------    -------------------
    SLICE_X45Y152        FDRE (Prop_BFF_SLICEM_C_Q)
                                                      0.112     0.155 r  reg_214_reg[0]_replica/Q
                         net (fo=5, routed)           0.121     0.276    control_s_axi_U/int_block_out/reg_214[0]_repN_alias
    SLICE_X45Y153        LUT2 (Prop_A6LUT_SLICEM_I0_O)
                                                      0.083     0.359 r  control_s_axi_U/int_block_out/reg_238[7]_i_9/O
                         net (fo=1, routed)           0.017     0.376    control_s_axi_U/int_block_out/reg_238[7]_i_9_n_0
    SLICE_X45Y153        CARRY8 (Prop_CARRY8_SLICEM_S[0]_O[2])
                                                      0.187     0.563 r  control_s_axi_U/int_block_out/reg_238_reg[7]_i_1/O[2]
                         net (fo=5, routed)           0.271     0.834    control_s_axi_U/int_block_out/O[2]
    SLICE_X46Y153        LUT3 (Prop_H6LUT_SLICEL_I2_O)
                                                      0.083     0.917 r  control_s_axi_U/int_block_out/b_6_reg_611[7]_i_7/O
                         net (fo=1, routed)           0.195     1.112    control_s_axi_U/int_block_out/b_6_reg_611[7]_i_7_n_0
    SLICE_X46Y154        CARRY8 (Prop_CARRY8_SLICEL_DI[2]_O[5])
                                                      0.285     1.397 r  control_s_axi_U/int_block_out/b_6_reg_611_reg[7]_i_1/O[5]
                         net (fo=4, routed)           0.310     1.706    control_s_axi_U/int_block_out/reg_214_reg[6][5]
    SLICE_X47Y154        LUT6 (Prop_E6LUT_SLICEL_I3_O)
                                                      0.138     1.844 r  control_s_axi_U/int_block_out/trunc_ln11_8_reg_626[6]_i_12/O
                         net (fo=1, routed)           0.011     1.855    control_s_axi_U/int_block_out/trunc_ln11_8_reg_626[6]_i_12_n_0
    SLICE_X47Y154        CARRY8 (Prop_CARRY8_SLICEL_S[4]_CO[7])
                                                      0.232     2.087 r  control_s_axi_U/int_block_out/trunc_ln11_8_reg_626_reg[6]_i_1/CO[7]
                         net (fo=1, routed)           0.030     2.117    control_s_axi_U/int_block_out/trunc_ln11_8_reg_626_reg[6]_i_1_n_0
    SLICE_X47Y155        CARRY8 (Prop_CARRY8_SLICEL_CI_O[1])
                                                      0.114     2.231 r  control_s_axi_U/int_block_out/trunc_ln11_8_reg_626_reg[14]_i_1/O[1]
                         net (fo=2, routed)           0.220     2.451    control_s_axi_U/int_block_out/a_6_reg_581_reg[14][8]
    SLICE_X48Y159        LUT6 (Prop_E6LUT_SLICEL_I5_O)
                                                      0.057     2.508 r  control_s_axi_U/int_block_out/mem_reg_i_11__0_comp/O
                         net (fo=1, routed)           0.199     2.707    control_s_axi_U/int_block_out/mem_reg_i_11__0_n_0
    RAMB18_X1Y62         RAMB18E2                                     r  control_s_axi_U/int_block_out/mem_reg/DINADIN[9]
  -------------------------------------------------------------------    -------------------

                         (clock ap_clk rise edge)     3.000     3.000 r  
                                                      0.000     3.000 r  ap_clk (IN)
                         net (fo=429, unset)          0.049     3.049    control_s_axi_U/int_block_out/ap_clk
    RAMB18_X1Y62         RAMB18E2                                     r  control_s_axi_U/int_block_out/mem_reg/CLKBWRCLK
                         clock pessimism              0.000     3.049    
                         clock uncertainty           -0.035     3.014    
    RAMB18_X1Y62         RAMB18E2 (Setup_RAMB18E2_L_RAMB180_CLKBWRCLK_DINADIN[9])
                                                     -0.414     2.600    control_s_axi_U/int_block_out/mem_reg
  -------------------------------------------------------------------
                         required time                          2.600    
                         arrival time                          -2.707    
  -------------------------------------------------------------------
                         slack                                 -0.108    

Slack (VIOLATED) :        -0.107ns  (required time - arrival time)
  Source:                 reg_238_reg[6]/C
                            (rising edge-triggered cell FDRE clocked by ap_clk  {rise@0.000ns fall@1.500ns period=3.000ns})
  Destination:            control_s_axi_U/int_block_out/mem_reg/DINBDIN[13]
                            (rising edge-triggered cell RAMB18E2 clocked by ap_clk  {rise@0.000ns fall@1.500ns period=3.000ns})
  Path Group:             ap_clk
  Path Type:              Setup (Max at Slow Process Corner)
  Requirement:            3.000ns  (ap_clk rise@3.000ns - ap_clk rise@0.000ns)
  Data Path Delay:        2.697ns  (logic 0.699ns (25.918%)  route 1.998ns (74.082%))
  Logic Levels:           7  (CARRY8=3 LUT2=1 LUT3=1 LUT5=1 LUT6=1)
  Clock Path Skew:        0.006ns (DCD - SCD + CPR)
    Destination Clock Delay (DCD):    0.049ns = ( 3.049 - 3.000 ) 
    Source Clock Delay      (SCD):    0.043ns
    Clock Pessimism Removal (CPR):    0.000ns
  Clock Uncertainty:      0.035ns  ((TSJ^2 + TIJ^2)^1/2 + DJ) / 2 + PE
    Total System Jitter     (TSJ):    0.071ns
    Total Input Jitter      (TIJ):    0.000ns
    Discrete Jitter          (DJ):    0.000ns
    Phase Error              (PE):    0.000ns

    Location             Delay type                Incr(ns)  Path(ns)    Netlist Resource(s)
  -------------------------------------------------------------------    -------------------
                         (clock ap_clk rise edge)     0.000     0.000 r  
                                                      0.000     0.000 r  ap_clk (IN)
                         net (fo=429, unset)          0.043     0.043    ap_clk
    SLICE_X45Y153        FDRE                                         r  reg_238_reg[6]/C
  -------------------------------------------------------------------    -------------------
    SLICE_X45Y153        FDRE (Prop_GFF_SLICEM_C_Q)
                                                      0.116     0.159 r  reg_238_reg[6]/Q
                         net (fo=5, routed)           0.378     0.537    control_s_axi_U/int_block_out/b_7_reg_631_reg[15]_0[6]
    SLICE_X46Y156        LUT2 (Prop_G6LUT_SLICEL_I1_O)
                                                      0.082     0.619 r  control_s_axi_U/int_block_out/b_7_reg_631[7]_i_3/O
                         net (fo=1, routed)           0.012     0.631    control_s_axi_U/int_block_out/b_7_reg_631[7]_i_3_n_0
    SLICE_X46Y156        CARRY8 (Prop_CARRY8_SLICEL_S[6]_O[6])
                                                      0.086     0.717 r  control_s_axi_U/int_block_out/b_7_reg_631_reg[7]_i_1/O[6]
                         net (fo=4, routed)           0.561     1.278    control_s_axi_U/int_block_out/a_7_reg_575_reg[7][6]
    SLICE_X49Y156        LUT3 (Prop_F6LUT_SLICEL_I2_O)
                                                      0.056     1.334 r  control_s_axi_U/int_block_out/mem_reg_i_118/O
                         net (fo=1, routed)           0.421     1.755    control_s_axi_U/int_block_out/mem_reg_i_118_n_0
    SLICE_X47Y156        CARRY8 (Prop_CARRY8_SLICEL_DI[6]_CO[7])
                                                      0.084     1.839 r  control_s_axi_U/int_block_out/mem_reg_i_83/CO[7]
                         net (fo=1, routed)           0.030     1.869    control_s_axi_U/int_block_out/mem_reg_i_83_n_0
    SLICE_X47Y157        CARRY8 (Prop_CARRY8_SLICEL_CI_O[5])
                                                      0.161     2.030 r  control_s_axi_U/int_block_out/mem_reg_i_77/O[5]
                         net (fo=3, routed)           0.212     2.242    control_s_axi_U/int_block_out/a_7_reg_575_reg[14][12]
    SLICE_X47Y160        LUT5 (Prop_B6LUT_SLICEL_I2_O)
                                                      0.058     2.300 r  control_s_axi_U/int_block_out/mem_reg_i_67/O
                         net (fo=1, routed)           0.104     2.404    control_s_axi_U/int_block_out/mem_reg_i_67_n_0
    SLICE_X47Y160        LUT6 (Prop_C6LUT_SLICEL_I5_O)
                                                      0.056     2.460 r  control_s_axi_U/int_block_out/mem_reg_i_23/O
                         net (fo=1, routed)           0.280     2.740    control_s_axi_U/int_block_out/p_1_in[29]
    RAMB18_X1Y62         RAMB18E2                                     r  control_s_axi_U/int_block_out/mem_reg/DINBDIN[13]
  -------------------------------------------------------------------    -------------------

                         (clock ap_clk rise edge)     3.000     3.000 r  
                                                      0.000     3.000 r  ap_clk (IN)
                         net (fo=429, unset)          0.049     3.049    control_s_axi_U/int_block_out/ap_clk
    RAMB18_X1Y62         RAMB18E2                                     r  control_s_axi_U/int_block_out/mem_reg/CLKBWRCLK
                         clock pessimism              0.000     3.049    
                         clock uncertainty           -0.035     3.014    
    RAMB18_X1Y62         RAMB18E2 (Setup_RAMB18E2_L_RAMB180_CLKBWRCLK_DINBDIN[13])
                                                     -0.381     2.633    control_s_axi_U/int_block_out/mem_reg
  -------------------------------------------------------------------
                         required time                          2.633    
                         arrival time                          -2.740    
  -------------------------------------------------------------------
                         slack                                 -0.107    

Slack (VIOLATED) :        -0.102ns  (required time - arrival time)
  Source:                 reg_238_reg[6]/C
                            (rising edge-triggered cell FDRE clocked by ap_clk  {rise@0.000ns fall@1.500ns period=3.000ns})
  Destination:            control_s_axi_U/int_block_out/mem_reg/DINBDIN[10]
                            (rising edge-triggered cell RAMB18E2 clocked by ap_clk  {rise@0.000ns fall@1.500ns period=3.000ns})
  Path Group:             ap_clk
  Path Type:              Setup (Max at Slow Process Corner)
  Requirement:            3.000ns  (ap_clk rise@3.000ns - ap_clk rise@0.000ns)
  Data Path Delay:        2.682ns  (logic 0.656ns (24.456%)  route 2.026ns (75.544%))
  Logic Levels:           7  (CARRY8=3 LUT2=1 LUT3=1 LUT5=1 LUT6=1)
  Clock Path Skew:        0.006ns (DCD - SCD + CPR)
    Destination Clock Delay (DCD):    0.049ns = ( 3.049 - 3.000 ) 
    Source Clock Delay      (SCD):    0.043ns
    Clock Pessimism Removal (CPR):    0.000ns
  Clock Uncertainty:      0.035ns  ((TSJ^2 + TIJ^2)^1/2 + DJ) / 2 + PE
    Total System Jitter     (TSJ):    0.071ns
    Total Input Jitter      (TIJ):    0.000ns
    Discrete Jitter          (DJ):    0.000ns
    Phase Error              (PE):    0.000ns

    Location             Delay type                Incr(ns)  Path(ns)    Netlist Resource(s)
  -------------------------------------------------------------------    -------------------
                         (clock ap_clk rise edge)     0.000     0.000 r  
                                                      0.000     0.000 r  ap_clk (IN)
                         net (fo=429, unset)          0.043     0.043    ap_clk
    SLICE_X45Y153        FDRE                                         r  reg_238_reg[6]/C
  -------------------------------------------------------------------    -------------------
    SLICE_X45Y153        FDRE (Prop_GFF_SLICEM_C_Q)
                                                      0.116     0.159 r  reg_238_reg[6]/Q
                         net (fo=5, routed)           0.378     0.537    control_s_axi_U/int_block_out/b_7_reg_631_reg[15]_0[6]
    SLICE_X46Y156        LUT2 (Prop_G6LUT_SLICEL_I1_O)
                                                      0.082     0.619 r  control_s_axi_U/int_block_out/b_7_reg_631[7]_i_3/O
                         net (fo=1, routed)           0.012     0.631    control_s_axi_U/int_block_out/b_7_reg_631[7]_i_3_n_0
    SLICE_X46Y156        CARRY8 (Prop_CARRY8_SLICEL_S[6]_O[6])
                                                      0.086     0.717 r  control_s_axi_U/int_block_out/b_7_reg_631_reg[7]_i_1/O[6]
                         net (fo=4, routed)           0.561     1.278    control_s_axi_U/int_block_out/a_7_reg_575_reg[7][6]
    SLICE_X49Y156        LUT3 (Prop_F6LUT_SLICEL_I2_O)
                                                      0.056     1.334 r  control_s_axi_U/int_block_out/mem_reg_i_118/O
                         net (fo=1, routed)           0.421     1.755    control_s_axi_U/int_block_out/mem_reg_i_118_n_0
    SLICE_X47Y156        CARRY8 (Prop_CARRY8_SLICEL_DI[6]_CO[7])
                                                      0.084     1.839 r  control_s_axi_U/int_block_out/mem_reg_i_83/CO[7]
                         net (fo=1, routed)           0.030     1.869    control_s_axi_U/int_block_out/mem_reg_i_83_n_0
    SLICE_X47Y157        CARRY8 (Prop_CARRY8_SLICEL_CI_O[2])
                                                      0.093     1.962 r  control_s_axi_U/int_block_out/mem_reg_i_77/O[2]
                         net (fo=3, routed)           0.312     2.273    control_s_axi_U/int_block_out/a_7_reg_575_reg[14][9]
    SLICE_X46Y159        LUT5 (Prop_F6LUT_SLICEL_I2_O)
                                                      0.081     2.354 r  control_s_axi_U/int_block_out/mem_reg_i_70/O
                         net (fo=1, routed)           0.047     2.401    control_s_axi_U/int_block_out/mem_reg_i_70_n_0
    SLICE_X46Y159        LUT6 (Prop_H6LUT_SLICEL_I5_O)
                                                      0.058     2.459 r  control_s_axi_U/int_block_out/mem_reg_i_26/O
                         net (fo=1, routed)           0.266     2.725    control_s_axi_U/int_block_out/p_1_in[26]
    RAMB18_X1Y62         RAMB18E2                                     r  control_s_axi_U/int_block_out/mem_reg/DINBDIN[10]
  -------------------------------------------------------------------    -------------------

                         (clock ap_clk rise edge)     3.000     3.000 r  
                                                      0.000     3.000 r  ap_clk (IN)
                         net (fo=429, unset)          0.049     3.049    control_s_axi_U/int_block_out/ap_clk
    RAMB18_X1Y62         RAMB18E2                                     r  control_s_axi_U/int_block_out/mem_reg/CLKBWRCLK
                         clock pessimism              0.000     3.049    
                         clock uncertainty           -0.035     3.014    
    RAMB18_X1Y62         RAMB18E2 (Setup_RAMB18E2_L_RAMB180_CLKBWRCLK_DINBDIN[10])
                                                     -0.390     2.624    control_s_axi_U/int_block_out/mem_reg
  -------------------------------------------------------------------
                         required time                          2.624    
                         arrival time                          -2.725    
  -------------------------------------------------------------------
                         slack                                 -0.102    

Slack (VIOLATED) :        -0.101ns  (required time - arrival time)
  Source:                 reg_238_reg[6]/C
                            (rising edge-triggered cell FDRE clocked by ap_clk  {rise@0.000ns fall@1.500ns period=3.000ns})
  Destination:            control_s_axi_U/int_block_out/mem_reg/DINBDIN[11]
                            (rising edge-triggered cell RAMB18E2 clocked by ap_clk  {rise@0.000ns fall@1.500ns period=3.000ns})
  Path Group:             ap_clk
  Path Type:              Setup (Max at Slow Process Corner)
  Requirement:            3.000ns  (ap_clk rise@3.000ns - ap_clk rise@0.000ns)
  Data Path Delay:        2.639ns  (logic 0.677ns (25.653%)  route 1.962ns (74.347%))
  Logic Levels:           7  (CARRY8=3 LUT2=1 LUT3=1 LUT5=1 LUT6=1)
  Clock Path Skew:        0.006ns (DCD - SCD + CPR)
    Destination Clock Delay (DCD):    0.049ns = ( 3.049 - 3.000 ) 
    Source Clock Delay      (SCD):    0.043ns
    Clock Pessimism Removal (CPR):    0.000ns
  Clock Uncertainty:      0.035ns  ((TSJ^2 + TIJ^2)^1/2 + DJ) / 2 + PE
    Total System Jitter     (TSJ):    0.071ns
    Total Input Jitter      (TIJ):    0.000ns
    Discrete Jitter          (DJ):    0.000ns
    Phase Error              (PE):    0.000ns

    Location             Delay type                Incr(ns)  Path(ns)    Netlist Resource(s)
  -------------------------------------------------------------------    -------------------
                         (clock ap_clk rise edge)     0.000     0.000 r  
                                                      0.000     0.000 r  ap_clk (IN)
                         net (fo=429, unset)          0.043     0.043    ap_clk
    SLICE_X45Y153        FDRE                                         r  reg_238_reg[6]/C
  -------------------------------------------------------------------    -------------------
    SLICE_X45Y153        FDRE (Prop_GFF_SLICEM_C_Q)
                                                      0.116     0.159 r  reg_238_reg[6]/Q
                         net (fo=5, routed)           0.378     0.537    control_s_axi_U/int_block_out/b_7_reg_631_reg[15]_0[6]
    SLICE_X46Y156        LUT2 (Prop_G6LUT_SLICEL_I1_O)
                                                      0.082     0.619 r  control_s_axi_U/int_block_out/b_7_reg_631[7]_i_3/O
                         net (fo=1, routed)           0.012     0.631    control_s_axi_U/int_block_out/b_7_reg_631[7]_i_3_n_0
    SLICE_X46Y156        CARRY8 (Prop_CARRY8_SLICEL_S[6]_O[6])
                                                      0.086     0.717 r  control_s_axi_U/int_block_out/b_7_reg_631_reg[7]_i_1/O[6]
                         net (fo=4, routed)           0.561     1.278    control_s_axi_U/int_block_out/a_7_reg_575_reg[7][6]
    SLICE_X49Y156        LUT3 (Prop_F6LUT_SLICEL_I2_O)
                                                      0.056     1.334 r  control_s_axi_U/int_block_out/mem_reg_i_118/O
                         net (fo=1, routed)           0.421     1.755    control_s_axi_U/int_block_out/mem_reg_i_118_n_0
    SLICE_X47Y156        CARRY8 (Prop_CARRY8_SLICEL_DI[6]_CO[7])
                                                      0.084     1.839 r  control_s_axi_U/int_block_out/mem_reg_i_83/CO[7]
                         net (fo=1, routed)           0.030     1.869    control_s_axi_U/int_block_out/mem_reg_i_83_n_0
    SLICE_X47Y157        CARRY8 (Prop_CARRY8_SLICEL_CI_O[3])
                                                      0.114     1.983 r  control_s_axi_U/int_block_out/mem_reg_i_77/O[3]
                         net (fo=3, routed)           0.274     2.256    control_s_axi_U/int_block_out/a_7_reg_575_reg[14][10]
    SLICE_X47Y161        LUT5 (Prop_F6LUT_SLICEL_I2_O)
                                                      0.056     2.312 r  control_s_axi_U/int_block_out/mem_reg_i_69/O
                         net (fo=1, routed)           0.049     2.361    control_s_axi_U/int_block_out/mem_reg_i_69_n_0
    SLICE_X47Y161        LUT6 (Prop_H6LUT_SLICEL_I5_O)
                                                      0.083     2.444 r  control_s_axi_U/int_block_out/mem_reg_i_25/O
                         net (fo=1, routed)           0.238     2.682    control_s_axi_U/int_block_out/p_1_in[27]
    RAMB18_X1Y62         RAMB18E2                                     r  control_s_axi_U/int_block_out/mem_reg/DINBDIN[11]
  -------------------------------------------------------------------    -------------------

                         (clock ap_clk rise edge)     3.000     3.000 r  
                                                      0.000     3.000 r  ap_clk (IN)
                         net (fo=429, unset)          0.049     3.049    control_s_axi_U/int_block_out/ap_clk
    RAMB18_X1Y62         RAMB18E2                                     r  control_s_axi_U/int_block_out/mem_reg/CLKBWRCLK
                         clock pessimism              0.000     3.049    
                         clock uncertainty           -0.035     3.014    
    RAMB18_X1Y62         RAMB18E2 (Setup_RAMB18E2_L_RAMB180_CLKBWRCLK_DINBDIN[11])
                                                     -0.433     2.581    control_s_axi_U/int_block_out/mem_reg
  -------------------------------------------------------------------
                         required time                          2.581    
                         arrival time                          -2.682    
  -------------------------------------------------------------------
                         slack                                 -0.101    

Slack (VIOLATED) :        -0.075ns  (required time - arrival time)
  Source:                 reg_214_reg[0]_replica/C
                            (rising edge-triggered cell FDRE clocked by ap_clk  {rise@0.000ns fall@1.500ns period=3.000ns})
  Destination:            control_s_axi_U/int_block_out/mem_reg/DINADIN[4]
                            (rising edge-triggered cell RAMB18E2 clocked by ap_clk  {rise@0.000ns fall@1.500ns period=3.000ns})
  Path Group:             ap_clk
  Path Type:              Setup (Max at Slow Process Corner)
  Requirement:            3.000ns  (ap_clk rise@3.000ns - ap_clk rise@0.000ns)
  Data Path Delay:        2.604ns  (logic 1.092ns (41.936%)  route 1.512ns (58.064%))
  Logic Levels:           8  (CARRY8=3 LUT2=1 LUT3=2 LUT6=2)
  Clock Path Skew:        0.006ns (DCD - SCD + CPR)
    Destination Clock Delay (DCD):    0.049ns = ( 3.049 - 3.000 ) 
    Source Clock Delay      (SCD):    0.043ns
    Clock Pessimism Removal (CPR):    0.000ns
  Clock Uncertainty:      0.035ns  ((TSJ^2 + TIJ^2)^1/2 + DJ) / 2 + PE
    Total System Jitter     (TSJ):    0.071ns
    Total Input Jitter      (TIJ):    0.000ns
    Discrete Jitter          (DJ):    0.000ns
    Phase Error              (PE):    0.000ns

    Location             Delay type                Incr(ns)  Path(ns)    Netlist Resource(s)
  -------------------------------------------------------------------    -------------------
                         (clock ap_clk rise edge)     0.000     0.000 r  
                                                      0.000     0.000 r  ap_clk (IN)
                         net (fo=429, unset)          0.043     0.043    ap_clk
    SLICE_X45Y152        FDRE                                         r  reg_214_reg[0]_replica/C
  -------------------------------------------------------------------    -------------------
    SLICE_X45Y152        FDRE (Prop_BFF_SLICEM_C_Q)
                                                      0.112     0.155 r  reg_214_reg[0]_replica/Q
                         net (fo=5, routed)           0.121     0.276    control_s_axi_U/int_block_out/reg_214[0]_repN_alias
    SLICE_X45Y153        LUT2 (Prop_A6LUT_SLICEM_I0_O)
                                                      0.083     0.359 r  control_s_axi_U/int_block_out/reg_238[7]_i_9/O
                         net (fo=1, routed)           0.017     0.376    control_s_axi_U/int_block_out/reg_238[7]_i_9_n_0
    SLICE_X45Y153        CARRY8 (Prop_CARRY8_SLICEM_S[0]_O[2])
                                                      0.187     0.563 r  control_s_axi_U/int_block_out/reg_238_reg[7]_i_1/O[2]
                         net (fo=5, routed)           0.271     0.834    control_s_axi_U/int_block_out/O[2]
    SLICE_X46Y153        LUT3 (Prop_H6LUT_SLICEL_I2_O)
                                                      0.083     0.917 r  control_s_axi_U/int_block_out/b_6_reg_611[7]_i_7/O
                         net (fo=1, routed)           0.195     1.112    control_s_axi_U/int_block_out/b_6_reg_611[7]_i_7_n_0
    SLICE_X46Y154        CARRY8 (Prop_CARRY8_SLICEL_DI[2]_O[3])
                                                      0.134     1.246 r  control_s_axi_U/int_block_out/b_6_reg_611_reg[7]_i_1/O[3]
                         net (fo=4, routed)           0.311     1.556    control_s_axi_U/int_block_out/reg_214_reg[6][3]
    SLICE_X47Y152        LUT3 (Prop_E6LUT_SLICEL_I2_O)
                                                      0.057     1.613 r  control_s_axi_U/int_block_out/trunc_ln11_8_reg_626[6]_i_6/O
                         net (fo=1, routed)           0.118     1.731    control_s_axi_U/int_block_out/trunc_ln11_8_reg_626[6]_i_6_n_0
    SLICE_X47Y154        CARRY8 (Prop_CARRY8_SLICEL_DI[3]_O[4])
                                                      0.227     1.958 r  control_s_axi_U/int_block_out/trunc_ln11_8_reg_626_reg[6]_i_1/O[4]
                         net (fo=2, routed)           0.195     2.153    control_s_axi_U/int_block_out/a_6_reg_581_reg[14][3]
    SLICE_X48Y153        LUT6 (Prop_E6LUT_SLICEL_I0_O)
                                                      0.152     2.305 r  control_s_axi_U/int_block_out/mem_reg_i_53/O
                         net (fo=1, routed)           0.047     2.352    control_s_axi_U/int_block_out/mem_reg_i_53_n_0
    SLICE_X48Y153        LUT6 (Prop_D6LUT_SLICEL_I4_O)
                                                      0.057     2.409 r  control_s_axi_U/int_block_out/mem_reg_i_16__0/O
                         net (fo=2, routed)           0.238     2.647    control_s_axi_U/int_block_out/mem_reg_i_16__0_n_0
    RAMB18_X1Y62         RAMB18E2                                     r  control_s_axi_U/int_block_out/mem_reg/DINADIN[4]
  -------------------------------------------------------------------    -------------------

                         (clock ap_clk rise edge)     3.000     3.000 r  
                                                      0.000     3.000 r  ap_clk (IN)
                         net (fo=429, unset)          0.049     3.049    control_s_axi_U/int_block_out/ap_clk
    RAMB18_X1Y62         RAMB18E2                                     r  control_s_axi_U/int_block_out/mem_reg/CLKBWRCLK
                         clock pessimism              0.000     3.049    
                         clock uncertainty           -0.035     3.014    
    RAMB18_X1Y62         RAMB18E2 (Setup_RAMB18E2_L_RAMB180_CLKBWRCLK_DINADIN[4])
                                                     -0.442     2.572    control_s_axi_U/int_block_out/mem_reg
  -------------------------------------------------------------------
                         required time                          2.572    
                         arrival time                          -2.647    
  -------------------------------------------------------------------
                         slack                                 -0.075    

Slack (VIOLATED) :        -0.074ns  (required time - arrival time)
  Source:                 reg_214_reg[0]_replica/C
                            (rising edge-triggered cell FDRE clocked by ap_clk  {rise@0.000ns fall@1.500ns period=3.000ns})
  Destination:            control_s_axi_U/int_block_out/mem_reg/DINBDIN[5]
                            (rising edge-triggered cell RAMB18E2 clocked by ap_clk  {rise@0.000ns fall@1.500ns period=3.000ns})
  Path Group:             ap_clk
  Path Type:              Setup (Max at Slow Process Corner)
  Requirement:            3.000ns  (ap_clk rise@3.000ns - ap_clk rise@0.000ns)
  Data Path Delay:        2.666ns  (logic 1.051ns (39.422%)  route 1.615ns (60.578%))
  Logic Levels:           8  (CARRY8=3 LUT2=1 LUT3=2 LUT6=2)
  Clock Path Skew:        0.006ns (DCD - SCD + CPR)
    Destination Clock Delay (DCD):    0.049ns = ( 3.049 - 3.000 ) 
    Source Clock Delay      (SCD):    0.043ns
    Clock Pessimism Removal (CPR):    0.000ns
  Clock Uncertainty:      0.035ns  ((TSJ^2 + TIJ^2)^1/2 + DJ) / 2 + PE
    Total System Jitter     (TSJ):    0.071ns
    Total Input Jitter      (TIJ):    0.000ns
    Discrete Jitter          (DJ):    0.000ns
    Phase Error              (PE):    0.000ns

    Location             Delay type                Incr(ns)  Path(ns)    Netlist Resource(s)
  -------------------------------------------------------------------    -------------------
                         (clock ap_clk rise edge)     0.000     0.000 r  
                                                      0.000     0.000 r  ap_clk (IN)
                         net (fo=429, unset)          0.043     0.043    ap_clk
    SLICE_X45Y152        FDRE                                         r  reg_214_reg[0]_replica/C
  -------------------------------------------------------------------    -------------------
    SLICE_X45Y152        FDRE (Prop_BFF_SLICEM_C_Q)
                                                      0.112     0.155 r  reg_214_reg[0]_replica/Q
                         net (fo=5, routed)           0.121     0.276    control_s_axi_U/int_block_out/reg_214[0]_repN_alias
    SLICE_X45Y153        LUT2 (Prop_A6LUT_SLICEM_I0_O)
                                                      0.083     0.359 r  control_s_axi_U/int_block_out/reg_238[7]_i_9/O
                         net (fo=1, routed)           0.017     0.376    control_s_axi_U/int_block_out/reg_238[7]_i_9_n_0
    SLICE_X45Y153        CARRY8 (Prop_CARRY8_SLICEM_S[0]_O[2])
                                                      0.187     0.563 r  control_s_axi_U/int_block_out/reg_238_reg[7]_i_1/O[2]
                         net (fo=5, routed)           0.271     0.834    control_s_axi_U/int_block_out/O[2]
    SLICE_X46Y153        LUT3 (Prop_H6LUT_SLICEL_I2_O)
                                                      0.083     0.917 r  control_s_axi_U/int_block_out/b_6_reg_611[7]_i_7/O
                         net (fo=1, routed)           0.195     1.112    control_s_axi_U/int_block_out/b_6_reg_611[7]_i_7_n_0
    SLICE_X46Y154        CARRY8 (Prop_CARRY8_SLICEL_DI[2]_O[4])
                                                      0.241     1.353 r  control_s_axi_U/int_block_out/b_6_reg_611_reg[7]_i_1/O[4]
                         net (fo=4, routed)           0.350     1.703    control_s_axi_U/int_block_out/reg_214_reg[6][4]
    SLICE_X47Y153        LUT3 (Prop_B6LUT_SLICEL_I2_O)
                                                      0.083     1.786 r  control_s_axi_U/int_block_out/trunc_ln11_8_reg_626[6]_i_5/O
                         net (fo=1, routed)           0.119     1.905    control_s_axi_U/int_block_out/trunc_ln11_8_reg_626[6]_i_5_n_0
    SLICE_X47Y154        CARRY8 (Prop_CARRY8_SLICEL_DI[4]_O[5])
                                                      0.123     2.028 r  control_s_axi_U/int_block_out/trunc_ln11_8_reg_626_reg[6]_i_1/O[5]
                         net (fo=2, routed)           0.267     2.295    control_s_axi_U/int_block_out/a_6_reg_581_reg[14][4]
    SLICE_X48Y156        LUT6 (Prop_G6LUT_SLICEL_I0_O)
                                                      0.082     2.377 r  control_s_axi_U/int_block_out/mem_reg_i_51/O
                         net (fo=1, routed)           0.105     2.482    control_s_axi_U/int_block_out/mem_reg_i_51_n_0
    SLICE_X48Y156        LUT6 (Prop_E6LUT_SLICEL_I4_O)
                                                      0.057     2.539 r  control_s_axi_U/int_block_out/mem_reg_i_15__0/O
                         net (fo=2, routed)           0.170     2.709    control_s_axi_U/int_block_out/mem_reg_i_15__0_n_0
    RAMB18_X1Y62         RAMB18E2                                     r  control_s_axi_U/int_block_out/mem_reg/DINBDIN[5]
  -------------------------------------------------------------------    -------------------

                         (clock ap_clk rise edge)     3.000     3.000 r  
                                                      0.000     3.000 r  ap_clk (IN)
                         net (fo=429, unset)          0.049     3.049    control_s_axi_U/int_block_out/ap_clk
    RAMB18_X1Y62         RAMB18E2                                     r  control_s_axi_U/int_block_out/mem_reg/CLKBWRCLK
                         clock pessimism              0.000     3.049    
                         clock uncertainty           -0.035     3.014    
    RAMB18_X1Y62         RAMB18E2 (Setup_RAMB18E2_L_RAMB180_CLKBWRCLK_DINBDIN[5])
                                                     -0.379     2.635    control_s_axi_U/int_block_out/mem_reg
  -------------------------------------------------------------------
                         required time                          2.635    
                         arrival time                          -2.709    
  -------------------------------------------------------------------
                         slack                                 -0.074    

Slack (VIOLATED) :        -0.053ns  (required time - arrival time)
  Source:                 reg_238_reg[6]/C
                            (rising edge-triggered cell FDRE clocked by ap_clk  {rise@0.000ns fall@1.500ns period=3.000ns})
  Destination:            control_s_axi_U/int_block_out/mem_reg/DINBDIN[8]
                            (rising edge-triggered cell RAMB18E2 clocked by ap_clk  {rise@0.000ns fall@1.500ns period=3.000ns})
  Path Group:             ap_clk
  Path Type:              Setup (Max at Slow Process Corner)
  Requirement:            3.000ns  (ap_clk rise@3.000ns - ap_clk rise@0.000ns)
  Data Path Delay:        2.568ns  (logic 0.641ns (24.966%)  route 1.927ns (75.034%))
  Logic Levels:           7  (CARRY8=3 LUT2=1 LUT3=1 LUT5=1 LUT6=1)
  Clock Path Skew:        0.006ns (DCD - SCD + CPR)
    Destination Clock Delay (DCD):    0.049ns = ( 3.049 - 3.000 ) 
    Source Clock Delay      (SCD):    0.043ns
    Clock Pessimism Removal (CPR):    0.000ns
  Clock Uncertainty:      0.035ns  ((TSJ^2 + TIJ^2)^1/2 + DJ) / 2 + PE
    Total System Jitter     (TSJ):    0.071ns
    Total Input Jitter      (TIJ):    0.000ns
    Discrete Jitter          (DJ):    0.000ns
    Phase Error              (PE):    0.000ns

    Location             Delay type                Incr(ns)  Path(ns)    Netlist Resource(s)
  -------------------------------------------------------------------    -------------------
                         (clock ap_clk rise edge)     0.000     0.000 r  
                                                      0.000     0.000 r  ap_clk (IN)
                         net (fo=429, unset)          0.043     0.043    ap_clk
    SLICE_X45Y153        FDRE                                         r  reg_238_reg[6]/C
  -------------------------------------------------------------------    -------------------
    SLICE_X45Y153        FDRE (Prop_GFF_SLICEM_C_Q)
                                                      0.116     0.159 r  reg_238_reg[6]/Q
                         net (fo=5, routed)           0.378     0.537    control_s_axi_U/int_block_out/b_7_reg_631_reg[15]_0[6]
    SLICE_X46Y156        LUT2 (Prop_G6LUT_SLICEL_I1_O)
                                                      0.082     0.619 r  control_s_axi_U/int_block_out/b_7_reg_631[7]_i_3/O
                         net (fo=1, routed)           0.012     0.631    control_s_axi_U/int_block_out/b_7_reg_631[7]_i_3_n_0
    SLICE_X46Y156        CARRY8 (Prop_CARRY8_SLICEL_S[6]_O[6])
                                                      0.086     0.717 r  control_s_axi_U/int_block_out/b_7_reg_631_reg[7]_i_1/O[6]
                         net (fo=4, routed)           0.561     1.278    control_s_axi_U/int_block_out/a_7_reg_575_reg[7][6]
    SLICE_X49Y156        LUT3 (Prop_F6LUT_SLICEL_I2_O)
                                                      0.056     1.334 r  control_s_axi_U/int_block_out/mem_reg_i_118/O
                         net (fo=1, routed)           0.421     1.755    control_s_axi_U/int_block_out/mem_reg_i_118_n_0
    SLICE_X47Y156        CARRY8 (Prop_CARRY8_SLICEL_DI[6]_CO[7])
                                                      0.084     1.839 r  control_s_axi_U/int_block_out/mem_reg_i_83/CO[7]
                         net (fo=1, routed)           0.030     1.869    control_s_axi_U/int_block_out/mem_reg_i_83_n_0
    SLICE_X47Y157        CARRY8 (Prop_CARRY8_SLICEL_CI_O[0])
                                                      0.078     1.947 r  control_s_axi_U/int_block_out/mem_reg_i_77/O[0]
                         net (fo=3, routed)           0.223     2.170    control_s_axi_U/int_block_out/a_7_reg_575_reg[14][7]
    SLICE_X47Y161        LUT5 (Prop_E6LUT_SLICEL_I2_O)
                                                      0.057     2.227 r  control_s_axi_U/int_block_out/mem_reg_i_72/O
                         net (fo=1, routed)           0.052     2.279    control_s_axi_U/int_block_out/mem_reg_i_72_n_0
    SLICE_X47Y161        LUT6 (Prop_A6LUT_SLICEL_I5_O)
                                                      0.082     2.361 r  control_s_axi_U/int_block_out/mem_reg_i_28/O
                         net (fo=1, routed)           0.250     2.611    control_s_axi_U/int_block_out/p_1_in[24]
    RAMB18_X1Y62         RAMB18E2                                     r  control_s_axi_U/int_block_out/mem_reg/DINBDIN[8]
  -------------------------------------------------------------------    -------------------

                         (clock ap_clk rise edge)     3.000     3.000 r  
                                                      0.000     3.000 r  ap_clk (IN)
                         net (fo=429, unset)          0.049     3.049    control_s_axi_U/int_block_out/ap_clk
    RAMB18_X1Y62         RAMB18E2                                     r  control_s_axi_U/int_block_out/mem_reg/CLKBWRCLK
                         clock pessimism              0.000     3.049    
                         clock uncertainty           -0.035     3.014    
    RAMB18_X1Y62         RAMB18E2 (Setup_RAMB18E2_L_RAMB180_CLKBWRCLK_DINBDIN[8])
                                                     -0.456     2.558    control_s_axi_U/int_block_out/mem_reg
  -------------------------------------------------------------------
                         required time                          2.558    
                         arrival time                          -2.611    
  -------------------------------------------------------------------
                         slack                                 -0.053    

Slack (VIOLATED) :        -0.032ns  (required time - arrival time)
  Source:                 reg_238_reg[6]/C
                            (rising edge-triggered cell FDRE clocked by ap_clk  {rise@0.000ns fall@1.500ns period=3.000ns})
  Destination:            control_s_axi_U/int_block_out/mem_reg/DINBDIN[14]
                            (rising edge-triggered cell RAMB18E2 clocked by ap_clk  {rise@0.000ns fall@1.500ns period=3.000ns})
  Path Group:             ap_clk
  Path Type:              Setup (Max at Slow Process Corner)
  Requirement:            3.000ns  (ap_clk rise@3.000ns - ap_clk rise@0.000ns)
  Data Path Delay:        2.641ns  (logic 0.695ns (26.317%)  route 1.946ns (73.683%))
  Logic Levels:           7  (CARRY8=3 LUT2=1 LUT3=1 LUT5=1 LUT6=1)
  Clock Path Skew:        0.006ns (DCD - SCD + CPR)
    Destination Clock Delay (DCD):    0.049ns = ( 3.049 - 3.000 ) 
    Source Clock Delay      (SCD):    0.043ns
    Clock Pessimism Removal (CPR):    0.000ns
  Clock Uncertainty:      0.035ns  ((TSJ^2 + TIJ^2)^1/2 + DJ) / 2 + PE
    Total System Jitter     (TSJ):    0.071ns
    Total Input Jitter      (TIJ):    0.000ns
    Discrete Jitter          (DJ):    0.000ns
    Phase Error              (PE):    0.000ns

    Location             Delay type                Incr(ns)  Path(ns)    Netlist Resource(s)
  -------------------------------------------------------------------    -------------------
                         (clock ap_clk rise edge)     0.000     0.000 r  
                                                      0.000     0.000 r  ap_clk (IN)
                         net (fo=429, unset)          0.043     0.043    ap_clk
    SLICE_X45Y153        FDRE                                         r  reg_238_reg[6]/C
  -------------------------------------------------------------------    -------------------
    SLICE_X45Y153        FDRE (Prop_GFF_SLICEM_C_Q)
                                                      0.116     0.159 r  reg_238_reg[6]/Q
                         net (fo=5, routed)           0.378     0.537    control_s_axi_U/int_block_out/b_7_reg_631_reg[15]_0[6]
    SLICE_X46Y156        LUT2 (Prop_G6LUT_SLICEL_I1_O)
                                                      0.082     0.619 r  control_s_axi_U/int_block_out/b_7_reg_631[7]_i_3/O
                         net (fo=1, routed)           0.012     0.631    control_s_axi_U/int_block_out/b_7_reg_631[7]_i_3_n_0
    SLICE_X46Y156        CARRY8 (Prop_CARRY8_SLICEL_S[6]_O[6])
                                                      0.086     0.717 r  control_s_axi_U/int_block_out/b_7_reg_631_reg[7]_i_1/O[6]
                         net (fo=4, routed)           0.561     1.278    control_s_axi_U/int_block_out/a_7_reg_575_reg[7][6]
    SLICE_X49Y156        LUT3 (Prop_F6LUT_SLICEL_I2_O)
                                                      0.056     1.334 r  control_s_axi_U/int_block_out/mem_reg_i_118/O
                         net (fo=1, routed)           0.421     1.755    control_s_axi_U/int_block_out/mem_reg_i_118_n_0
    SLICE_X47Y156        CARRY8 (Prop_CARRY8_SLICEL_DI[6]_CO[7])
                                                      0.084     1.839 r  control_s_axi_U/int_block_out/mem_reg_i_83/CO[7]
                         net (fo=1, routed)           0.030     1.869    control_s_axi_U/int_block_out/mem_reg_i_83_n_0
    SLICE_X47Y157        CARRY8 (Prop_CARRY8_SLICEL_CI_O[6])
                                                      0.157     2.026 r  control_s_axi_U/int_block_out/mem_reg_i_77/O[6]
                         net (fo=3, routed)           0.265     2.291    control_s_axi_U/int_block_out/a_7_reg_575_reg[14][13]
    SLICE_X47Y160        LUT5 (Prop_E6LUT_SLICEL_I2_O)
                                                      0.057     2.348 r  control_s_axi_U/int_block_out/mem_reg_i_66/O
                         net (fo=1, routed)           0.047     2.395    control_s_axi_U/int_block_out/mem_reg_i_66_n_0
    SLICE_X47Y160        LUT6 (Prop_D6LUT_SLICEL_I5_O)
                                                      0.057     2.452 r  control_s_axi_U/int_block_out/mem_reg_i_22/O
                         net (fo=1, routed)           0.232     2.684    control_s_axi_U/int_block_out/p_1_in[30]
    RAMB18_X1Y62         RAMB18E2                                     r  control_s_axi_U/int_block_out/mem_reg/DINBDIN[14]
  -------------------------------------------------------------------    -------------------

                         (clock ap_clk rise edge)     3.000     3.000 r  
                                                      0.000     3.000 r  ap_clk (IN)
                         net (fo=429, unset)          0.049     3.049    control_s_axi_U/int_block_out/ap_clk
    RAMB18_X1Y62         RAMB18E2                                     r  control_s_axi_U/int_block_out/mem_reg/CLKBWRCLK
                         clock pessimism              0.000     3.049    
                         clock uncertainty           -0.035     3.014    
    RAMB18_X1Y62         RAMB18E2 (Setup_RAMB18E2_L_RAMB180_CLKBWRCLK_DINBDIN[14])
                                                     -0.362     2.652    control_s_axi_U/int_block_out/mem_reg
  -------------------------------------------------------------------
                         required time                          2.652    
                         arrival time                          -2.684    
  -------------------------------------------------------------------
                         slack                                 -0.032    





Pulse Width Checks
--------------------------------------------------------------------------------------
Clock Name:         ap_clk
Waveform(ns):       { 0.000 1.500 }
Period(ns):         3.000
Sources:            { ap_clk }

Check Type        Corner  Lib Pin             Reference Pin  Required(ns)  Actual(ns)  Slack(ns)  Location       Pin
Min Period        n/a     RAMB36E2/CLKARDCLK  n/a            1.960         3.000       1.040      RAMB36_X0Y31   control_s_axi_U/int_block_in/mem_reg/CLKARDCLK
Min Period        n/a     RAMB18E2/CLKARDCLK  n/a            1.960         3.000       1.040      RAMB18_X1Y62   control_s_axi_U/int_block_out/mem_reg/CLKARDCLK
Min Period        n/a     RAMB18E2/CLKBWRCLK  n/a            1.960         3.000       1.040      RAMB18_X1Y62   control_s_axi_U/int_block_out/mem_reg/CLKBWRCLK
Min Period        n/a     RAMB36E2/CLKBWRCLK  n/a            1.709         3.000       1.291      RAMB36_X0Y31   control_s_axi_U/int_block_in/mem_reg/CLKBWRCLK
Min Period        n/a     FDRE/C              n/a            0.550         3.000       2.450      SLICE_X41Y154  a_10_reg_587_reg[0]/C
Min Period        n/a     FDRE/C              n/a            0.550         3.000       2.450      SLICE_X42Y156  a_10_reg_587_reg[10]/C
Min Period        n/a     FDRE/C              n/a            0.550         3.000       2.450      SLICE_X41Y155  a_10_reg_587_reg[11]/C
Min Period        n/a     FDRE/C              n/a            0.550         3.000       2.450      SLICE_X41Y155  a_10_reg_587_reg[12]/C
Min Period        n/a     FDRE/C              n/a            0.550         3.000       2.450      SLICE_X41Y155  a_10_reg_587_reg[13]/C
Min Period        n/a     FDRE/C              n/a            0.550         3.000       2.450      SLICE_X41Y155  a_10_reg_587_reg[14]/C
Min Period        n/a     FDRE/C              n/a            0.550         3.000       2.450      SLICE_X41Y155  a_10_reg_587_reg[15]/C
Min Period        n/a     FDRE/C              n/a            0.550         3.000       2.450      SLICE_X41Y154  a_10_reg_587_reg[1]/C
Min Period        n/a     FDRE/C              n/a            0.550         3.000       2.450      SLICE_X41Y154  a_10_reg_587_reg[2]/C
Min Period        n/a     FDRE/C              n/a            0.550         3.000       2.450      SLICE_X41Y154  a_10_reg_587_reg[3]/C
Min Period        n/a     FDRE/C              n/a            0.550         3.000       2.450      SLICE_X41Y154  a_10_reg_587_reg[4]/C
Min Period        n/a     FDRE/C              n/a            0.550         3.000       2.450      SLICE_X41Y154  a_10_reg_587_reg[5]/C
Min Period        n/a     FDRE/C              n/a            0.550         3.000       2.450      SLICE_X41Y154  a_10_reg_587_reg[6]/C
Min Period        n/a     FDRE/C              n/a            0.550         3.000       2.450      SLICE_X41Y154  a_10_reg_587_reg[7]/C
Min Period        n/a     FDRE/C              n/a            0.550         3.000       2.450      SLICE_X41Y155  a_10_reg_587_reg[8]/C
Min Period        n/a     FDRE/C              n/a            0.550         3.000       2.450      SLICE_X42Y156  a_10_reg_587_reg[9]/C
Low Pulse Width   Slow    RAMB36E2/CLKARDCLK  n/a            0.577         1.500       0.923      RAMB36_X0Y31   control_s_axi_U/int_block_in/mem_reg/CLKARDCLK
Low Pulse Width   Fast    RAMB36E2/CLKARDCLK  n/a            0.577         1.500       0.923      RAMB36_X0Y31   control_s_axi_U/int_block_in/mem_reg/CLKARDCLK
Low Pulse Width   Slow    RAMB36E2/CLKBWRCLK  n/a            0.577         1.500       0.923      RAMB36_X0Y31   control_s_axi_U/int_block_in/mem_reg/CLKBWRCLK
Low Pulse Width   Fast    RAMB36E2/CLKBWRCLK  n/a            0.577         1.500       0.923      RAMB36_X0Y31   control_s_axi_U/int_block_in/mem_reg/CLKBWRCLK
Low Pulse Width   Slow    RAMB18E2/CLKARDCLK  n/a            0.577         1.500       0.923      RAMB18_X1Y62   control_s_axi_U/int_block_out/mem_reg/CLKARDCLK
Low Pulse Width   Fast    RAMB18E2/CLKARDCLK  n/a            0.577         1.500       0.923      RAMB18_X1Y62   control_s_axi_U/int_block_out/mem_reg/CLKARDCLK
Low Pulse Width   Slow    RAMB18E2/CLKBWRCLK  n/a            0.577         1.500       0.923      RAMB18_X1Y62   control_s_axi_U/int_block_out/mem_reg/CLKBWRCLK
Low Pulse Width   Fast    RAMB18E2/CLKBWRCLK  n/a            0.577         1.500       0.923      RAMB18_X1Y62   control_s_axi_U/int_block_out/mem_reg/CLKBWRCLK
Low Pulse Width   Slow    FDRE/C              n/a            0.275         1.500       1.225      SLICE_X41Y154  a_10_reg_587_reg[0]/C
Low Pulse Width   Fast    FDRE/C              n/a            0.275         1.500       1.225      SLICE_X41Y154  a_10_reg_587_reg[0]/C
Low Pulse Width   Slow    FDRE/C              n/a            0.275         1.500       1.225      SLICE_X42Y156  a_10_reg_587_reg[10]/C
Low Pulse Width   Fast    FDRE/C              n/a            0.275         1.500       1.225      SLICE_X42Y156  a_10_reg_587_reg[10]/C
Low Pulse Width   Slow    FDRE/C              n/a            0.275         1.500       1.225      SLICE_X41Y155  a_10_reg_587_reg[11]/C
Low Pulse Width   Fast    FDRE/C              n/a            0.275         1.500       1.225      SLICE_X41Y155  a_10_reg_587_reg[11]/C
Low Pulse Width   Slow    FDRE/C              n/a            0.275         1.500       1.225      SLICE_X41Y155  a_10_reg_587_reg[12]/C
Low Pulse Width   Fast    FDRE/C              n/a            0.275         1.500       1.225      SLICE_X41Y155  a_10_reg_587_reg[12]/C
Low Pulse Width   Slow    FDRE/C              n/a            0.275         1.500       1.225      SLICE_X41Y155  a_10_reg_587_reg[13]/C
Low Pulse Width   Fast    FDRE/C              n/a            0.275         1.500       1.225      SLICE_X41Y155  a_10_reg_587_reg[13]/C
Low Pulse Width   Slow    FDRE/C              n/a            0.275         1.500       1.225      SLICE_X41Y155  a_10_reg_587_reg[14]/C
Low Pulse Width   Fast    FDRE/C              n/a            0.275         1.500       1.225      SLICE_X41Y155  a_10_reg_587_reg[14]/C
High Pulse Width  Slow    RAMB36E2/CLKARDCLK  n/a            0.577         1.500       0.923      RAMB36_X0Y31   control_s_axi_U/int_block_in/mem_reg/CLKARDCLK
High Pulse Width  Fast    RAMB36E2/CLKARDCLK  n/a            0.577         1.500       0.923      RAMB36_X0Y31   control_s_axi_U/int_block_in/mem_reg/CLKARDCLK
High Pulse Width  Slow    RAMB36E2/CLKBWRCLK  n/a            0.577         1.500       0.923      RAMB36_X0Y31   control_s_axi_U/int_block_in/mem_reg/CLKBWRCLK
High Pulse Width  Fast    RAMB36E2/CLKBWRCLK  n/a            0.577         1.500       0.923      RAMB36_X0Y31   control_s_axi_U/int_block_in/mem_reg/CLKBWRCLK
High Pulse Width  Slow    RAMB18E2/CLKARDCLK  n/a            0.577         1.500       0.923      RAMB18_X1Y62   control_s_axi_U/int_block_out/mem_reg/CLKARDCLK
High Pulse Width  Fast    RAMB18E2/CLKARDCLK  n/a            0.577         1.500       0.923      RAMB18_X1Y62   control_s_axi_U/int_block_out/mem_reg/CLKARDCLK
High Pulse Width  Slow    RAMB18E2/CLKBWRCLK  n/a            0.577         1.500       0.923      RAMB18_X1Y62   control_s_axi_U/int_block_out/mem_reg/CLKBWRCLK
High Pulse Width  Fast    RAMB18E2/CLKBWRCLK  n/a            0.577         1.500       0.923      RAMB18_X1Y62   control_s_axi_U/int_block_out/mem_reg/CLKBWRCLK
High Pulse Width  Slow    FDRE/C              n/a            0.275         1.500       1.225      SLICE_X41Y154  a_10_reg_587_reg[0]/C
High Pulse Width  Fast    FDRE/C              n/a            0.275         1.500       1.225      SLICE_X41Y154  a_10_reg_587_reg[0]/C
High Pulse Width  Slow    FDRE/C              n/a            0.275         1.500       1.225      SLICE_X42Y156  a_10_reg_587_reg[10]/C
High Pulse Width  Fast    FDRE/C              n/a            0.275         1.500       1.225      SLICE_X42Y156  a_10_reg_587_reg[10]/C
High Pulse Width  Slow    FDRE/C              n/a            0.275         1.500       1.225      SLICE_X41Y155  a_10_reg_587_reg[11]/C
High Pulse Width  Fast    FDRE/C              n/a            0.275         1.500       1.225      SLICE_X41Y155  a_10_reg_587_reg[11]/C
High Pulse Width  Slow    FDRE/C              n/a            0.275         1.500       1.225      SLICE_X41Y155  a_10_reg_587_reg[12]/C
High Pulse Width  Fast    FDRE/C              n/a            0.275         1.500       1.225      SLICE_X41Y155  a_10_reg_587_reg[12]/C
High Pulse Width  Slow    FDRE/C              n/a            0.275         1.500       1.225      SLICE_X41Y155  a_10_reg_587_reg[13]/C
High Pulse Width  Fast    FDRE/C              n/a            0.275         1.500       1.225      SLICE_X41Y155  a_10_reg_587_reg[13]/C
High Pulse Width  Slow    FDRE/C              n/a            0.275         1.500       1.225      SLICE_X41Y155  a_10_reg_587_reg[14]/C
High Pulse Width  Fast    FDRE/C              n/a            0.275         1.500       1.225      SLICE_X41Y155  a_10_reg_587_reg[14]/C



