Copyright 1986-2022 Xilinx, Inc. All Rights Reserved. Copyright 2022-2024 Advanced Micro Devices, Inc. All Rights Reserved.
------------------------------------------------------------------------------------------------------------------------------------------------------------------------------------------------------------------------------------------------------
| Tool Version      : Vivado v.2024.1 (lin64) Build 5076996 Wed May 22 18:36:09 MDT 2024
| Date              : Thu Aug  6 01:32:10 2026
| Host              : linux running 64-bit Ubuntu 22.04.5 LTS
| Command           : report_timing_summary -delay_type max -max_paths 20 -file ${PROJECT_ROOT}/ProyectoFinal/HLS/reports/isolated_forward/timing_sweep/3p5ns/timing_post_route.rpt
| Design            : wht_lossless_forward_isolated
| Device            : xck26-sfvc784
| Speed File        : -2LV  PRODUCTION 1.30 05-15-2022
| Design State      : Routed
| Temperature Grade : C
------------------------------------------------------------------------------------------------------------------------------------------------------------------------------------------------------------------------------------------------------

Timing Summary Report

------------------------------------------------------------------------------------------------
| Timer Settings
| --------------
------------------------------------------------------------------------------------------------

  Enable Multi Corner Analysis               :  Yes
  Enable Pessimism Removal                   :  Yes
  Pessimism Removal Resolution               :  Nearest Common Node
  Enable Input Delay Default Clock           :  No
  Enable Preset / Clear Arcs                 :  No
  Disable Flight Delays                      :  No
  Ignore I/O Paths                           :  No
  Timing Early Launch at Borrowing Latches   :  No
  Borrow Time for Max Delay Exceptions       :  Yes
  Merge Timing Exceptions                    :  Yes
  Inter-SLR Compensation                     :  Conservative

  Corner  Analyze    Analyze    
  Name    Max Paths  Min Paths  
  ------  ---------  ---------  
  Slow    Yes        Yes        
  Fast    Yes        Yes        


------------------------------------------------------------------------------------------------
| Report Methodology
| ------------------
------------------------------------------------------------------------------------------------

No report available as report_methodology has not been run prior. Run report_methodology on the current design for the summary of methodology violations.



check_timing report

Table of Contents
-----------------
1. checking no_clock (0)
2. checking constant_clock (0)
3. checking pulse_width_clock (0)
4. checking unconstrained_internal_endpoints (0)
5. checking no_input_delay (52)
6. checking no_output_delay (38)
7. checking multiple_clock (0)
8. checking generated_clocks (0)
9. checking loops (0)
10. checking partial_input_delay (0)
11. checking partial_output_delay (0)
12. checking latch_loops (0)

1. checking no_clock (0)
------------------------
 There are 0 register/latch pins with no clock.


2. checking constant_clock (0)
------------------------------
 There are 0 register/latch pins with constant_clock.


3. checking pulse_width_clock (0)
---------------------------------
 There are 0 register/latch pins which need pulse_width check


4. checking unconstrained_internal_endpoints (0)
------------------------------------------------
 There are 0 pins that are not constrained for maximum delay.

 There are 0 pins that are not constrained for maximum delay due to constant clock.


5. checking no_input_delay (52)
-------------------------------
 There are 52 input ports with no input delay specified. (HIGH)

 There are 0 input ports with no input delay but user has a false path constraint.


6. checking no_output_delay (38)
--------------------------------
 There are 38 ports with no output delay specified. (HIGH)

 There are 0 ports with no output delay but user has a false path constraint

 There are 0 ports with no output delay but with a timing clock defined on it or propagating through it


7. checking multiple_clock (0)
------------------------------
 There are 0 register/latch pins with multiple clocks.


8. checking generated_clocks (0)
--------------------------------
 There are 0 generated clocks that are not connected to a clock source.


9. checking loops (0)
---------------------
 There are 0 combinational loops in the design.


10. checking partial_input_delay (0)
------------------------------------
 There are 0 input ports with partial input delay specified.


11. checking partial_output_delay (0)
-------------------------------------
 There are 0 ports with partial output delay specified.


12. checking latch_loops (0)
----------------------------
 There are 0 combinational latch loops in the design through latch input



------------------------------------------------------------------------------------------------
| Design Timing Summary
| ---------------------
------------------------------------------------------------------------------------------------

    WNS(ns)      TNS(ns)  TNS Failing Endpoints  TNS Total Endpoints     WPWS(ns)     TPWS(ns)  TPWS Failing Endpoints  TPWS Total Endpoints  
    -------      -------  ---------------------  -------------------     --------     --------  ----------------------  --------------------  
     -0.998      -18.563                     29                  906        1.173        0.000                       0                   432  


Timing constraints are not met.


------------------------------------------------------------------------------------------------
| Clock Summary
| -------------
------------------------------------------------------------------------------------------------

Clock   Waveform(ns)         Period(ns)      Frequency(MHz)
-----   ------------         ----------      --------------
ap_clk  {0.000 1.750}        3.500           285.714         


------------------------------------------------------------------------------------------------
| Intra Clock Table
| -----------------
------------------------------------------------------------------------------------------------

Clock             WNS(ns)      TNS(ns)  TNS Failing Endpoints  TNS Total Endpoints     WPWS(ns)     TPWS(ns)  TPWS Failing Endpoints  TPWS Total Endpoints  
-----             -------      -------  ---------------------  -------------------     --------     --------  ----------------------  --------------------  
ap_clk             -0.998      -18.563                     29                  906        1.173        0.000                       0                   432  


------------------------------------------------------------------------------------------------
| Inter Clock Table
| -----------------
------------------------------------------------------------------------------------------------

From Clock    To Clock          WNS(ns)      TNS(ns)  TNS Failing Endpoints  TNS Total Endpoints  
----------    --------          -------      -------  ---------------------  -------------------  


------------------------------------------------------------------------------------------------
| Other Path Groups Table
| -----------------------
------------------------------------------------------------------------------------------------

Path Group    From Clock    To Clock          WNS(ns)      TNS(ns)  TNS Failing Endpoints  TNS Total Endpoints  
----------    ----------    --------          -------      -------  ---------------------  -------------------  


------------------------------------------------------------------------------------------------
| Timing Details
| --------------
------------------------------------------------------------------------------------------------


---------------------------------------------------------------------------------------------------
From Clock:  ap_clk
  To Clock:  ap_clk

Setup :           29  Failing Endpoints,  Worst Slack       -0.998ns,  Total Violation      -18.563ns
Hold  :           NA  Failing Endpoints,  Worst Slack           NA  ,  Total Violation           NA
PW    :            0  Failing Endpoints,  Worst Slack        1.173ns,  Total Violation        0.000ns
---------------------------------------------------------------------------------------------------


Max Delay Paths
--------------------------------------------------------------------------------------
Slack (VIOLATED) :        -0.998ns  (required time - arrival time)
  Source:                 reg_214_reg[2]/C
                            (rising edge-triggered cell FDRE clocked by ap_clk  {rise@0.000ns fall@1.750ns period=3.500ns})
  Destination:            control_s_axi_U/int_block_out/mem_reg/DINADIN[13]
                            (rising edge-triggered cell RAMB18E2 clocked by ap_clk  {rise@0.000ns fall@1.750ns period=3.500ns})
  Path Group:             ap_clk
  Path Type:              Setup (Max at Slow Process Corner)
  Requirement:            3.500ns  (ap_clk rise@3.500ns - ap_clk rise@0.000ns)
  Data Path Delay:        4.022ns  (logic 1.231ns (30.610%)  route 2.791ns (69.390%))
  Logic Levels:           7  (CARRY8=4 LUT3=2 LUT6=1)
  Clock Path Skew:        0.007ns (DCD - SCD + CPR)
    Destination Clock Delay (DCD):    0.048ns = ( 3.548 - 3.500 ) 
    Source Clock Delay      (SCD):    0.041ns
    Clock Pessimism Removal (CPR):    0.000ns
  Clock Uncertainty:      0.035ns  ((TSJ^2 + TIJ^2)^1/2 + DJ) / 2 + PE
    Total System Jitter     (TSJ):    0.071ns
    Total Input Jitter      (TIJ):    0.000ns
    Discrete Jitter          (DJ):    0.000ns
    Phase Error              (PE):    0.000ns

    Location             Delay type                Incr(ns)  Path(ns)    Netlist Resource(s)
  -------------------------------------------------------------------    -------------------
                         (clock ap_clk rise edge)     0.000     0.000 r  
                                                      0.000     0.000 r  ap_clk (IN)
                         net (fo=431, unset)          0.041     0.041    ap_clk
    SLICE_X49Y86         FDRE                                         r  reg_214_reg[2]/C
  -------------------------------------------------------------------    -------------------
    SLICE_X49Y86         FDRE (Prop_BFF2_SLICEL_C_Q)
                                                      0.115     0.156 r  reg_214_reg[2]/Q
                         net (fo=7, routed)           0.348     0.504    control_s_axi_U/int_block_out/reg_238_reg[15][2]
    SLICE_X49Y85         CARRY8 (Prop_CARRY8_SLICEL_DI[2]_O[5])
                                                      0.285     0.789 r  control_s_axi_U/int_block_out/reg_238_reg[7]_i_1/O[5]
                         net (fo=5, routed)           0.179     0.968    control_s_axi_U/int_block_out/O[5]
    SLICE_X49Y84         LUT3 (Prop_H5LUT_SLICEL_I2_O)
                                                      0.220     1.188 r  control_s_axi_U/int_block_out/b_6_reg_611[7]_i_4/O
                         net (fo=1, routed)           0.464     1.652    control_s_axi_U/int_block_out/b_6_reg_611[7]_i_4_n_0
    SLICE_X48Y84         CARRY8 (Prop_CARRY8_SLICEL_DI[5]_CO[7])
                                                      0.108     1.760 r  control_s_axi_U/int_block_out/b_6_reg_611_reg[7]_i_1/CO[7]
                         net (fo=1, routed)           0.030     1.790    control_s_axi_U/int_block_out/b_6_reg_611_reg[7]_i_1_n_0
    SLICE_X48Y85         CARRY8 (Prop_CARRY8_SLICEL_CI_O[3])
                                                      0.122     1.912 r  control_s_axi_U/int_block_out/b_6_reg_611_reg[15]_i_2/O[3]
                         net (fo=4, routed)           0.463     2.375    control_s_axi_U/int_block_out/reg_214_reg[14]_0[3]
    SLICE_X50Y85         LUT3 (Prop_D6LUT_SLICEL_I2_O)
                                                      0.057     2.432 r  control_s_axi_U/int_block_out/trunc_ln11_8_reg_626[14]_i_5/O
                         net (fo=1, routed)           0.511     2.943    control_s_axi_U/int_block_out/trunc_ln11_8_reg_626[14]_i_5_n_0
    SLICE_X47Y85         CARRY8 (Prop_CARRY8_SLICEL_DI[3]_O[5])
                                                      0.268     3.211 r  control_s_axi_U/int_block_out/trunc_ln11_8_reg_626_reg[14]_i_1/O[5]
                         net (fo=2, routed)           0.555     3.766    control_s_axi_U/int_block_out/a_6_reg_581_reg[14][12]
    SLICE_X53Y81         LUT6 (Prop_D6LUT_SLICEM_I5_O)
                                                      0.056     3.822 r  control_s_axi_U/int_block_out/mem_reg_i_7__0_comp/O
                         net (fo=1, routed)           0.241     4.063    control_s_axi_U/int_block_out/mem_reg_i_7__0_n_0
    RAMB18_X2Y31         RAMB18E2                                     r  control_s_axi_U/int_block_out/mem_reg/DINADIN[13]
  -------------------------------------------------------------------    -------------------

                         (clock ap_clk rise edge)     3.500     3.500 r  
                                                      0.000     3.500 r  ap_clk (IN)
                         net (fo=431, unset)          0.048     3.548    control_s_axi_U/int_block_out/ap_clk
    RAMB18_X2Y31         RAMB18E2                                     r  control_s_axi_U/int_block_out/mem_reg/CLKBWRCLK
                         clock pessimism              0.000     3.548    
                         clock uncertainty           -0.035     3.513    
    RAMB18_X2Y31         RAMB18E2 (Setup_RAMB18E2_U_RAMB181_CLKBWRCLK_DINADIN[13])
                                                     -0.448     3.065    control_s_axi_U/int_block_out/mem_reg
  -------------------------------------------------------------------
                         required time                          3.065    
                         arrival time                          -4.063    
  -------------------------------------------------------------------
                         slack                                 -0.998    

Slack (VIOLATED) :        -0.911ns  (required time - arrival time)
  Source:                 reg_214_reg[2]/C
                            (rising edge-triggered cell FDRE clocked by ap_clk  {rise@0.000ns fall@1.750ns period=3.500ns})
  Destination:            control_s_axi_U/int_block_out/mem_reg/DINADIN[14]
                            (rising edge-triggered cell RAMB18E2 clocked by ap_clk  {rise@0.000ns fall@1.750ns period=3.500ns})
  Path Group:             ap_clk
  Path Type:              Setup (Max at Slow Process Corner)
  Requirement:            3.500ns  (ap_clk rise@3.500ns - ap_clk rise@0.000ns)
  Data Path Delay:        3.910ns  (logic 1.215ns (31.078%)  route 2.695ns (68.922%))
  Logic Levels:           7  (CARRY8=4 LUT3=2 LUT6=1)
  Clock Path Skew:        0.007ns (DCD - SCD + CPR)
    Destination Clock Delay (DCD):    0.048ns = ( 3.548 - 3.500 ) 
    Source Clock Delay      (SCD):    0.041ns
    Clock Pessimism Removal (CPR):    0.000ns
  Clock Uncertainty:      0.035ns  ((TSJ^2 + TIJ^2)^1/2 + DJ) / 2 + PE
    Total System Jitter     (TSJ):    0.071ns
    Total Input Jitter      (TIJ):    0.000ns
    Discrete Jitter          (DJ):    0.000ns
    Phase Error              (PE):    0.000ns

    Location             Delay type                Incr(ns)  Path(ns)    Netlist Resource(s)
  -------------------------------------------------------------------    -------------------
                         (clock ap_clk rise edge)     0.000     0.000 r  
                                                      0.000     0.000 r  ap_clk (IN)
                         net (fo=431, unset)          0.041     0.041    ap_clk
    SLICE_X49Y86         FDRE                                         r  reg_214_reg[2]/C
  -------------------------------------------------------------------    -------------------
    SLICE_X49Y86         FDRE (Prop_BFF2_SLICEL_C_Q)
                                                      0.115     0.156 r  reg_214_reg[2]/Q
                         net (fo=7, routed)           0.348     0.504    control_s_axi_U/int_block_out/reg_238_reg[15][2]
    SLICE_X49Y85         CARRY8 (Prop_CARRY8_SLICEL_DI[2]_O[5])
                                                      0.285     0.789 r  control_s_axi_U/int_block_out/reg_238_reg[7]_i_1/O[5]
                         net (fo=5, routed)           0.179     0.968    control_s_axi_U/int_block_out/O[5]
    SLICE_X49Y84         LUT3 (Prop_H5LUT_SLICEL_I2_O)
                                                      0.220     1.188 r  control_s_axi_U/int_block_out/b_6_reg_611[7]_i_4/O
                         net (fo=1, routed)           0.464     1.652    control_s_axi_U/int_block_out/b_6_reg_611[7]_i_4_n_0
    SLICE_X48Y84         CARRY8 (Prop_CARRY8_SLICEL_DI[5]_CO[7])
                                                      0.108     1.760 r  control_s_axi_U/int_block_out/b_6_reg_611_reg[7]_i_1/CO[7]
                         net (fo=1, routed)           0.030     1.790    control_s_axi_U/int_block_out/b_6_reg_611_reg[7]_i_1_n_0
    SLICE_X48Y85         CARRY8 (Prop_CARRY8_SLICEL_CI_O[3])
                                                      0.122     1.912 r  control_s_axi_U/int_block_out/b_6_reg_611_reg[15]_i_2/O[3]
                         net (fo=4, routed)           0.463     2.375    control_s_axi_U/int_block_out/reg_214_reg[14]_0[3]
    SLICE_X50Y85         LUT3 (Prop_D6LUT_SLICEL_I2_O)
                                                      0.057     2.432 r  control_s_axi_U/int_block_out/trunc_ln11_8_reg_626[14]_i_5/O
                         net (fo=1, routed)           0.511     2.943    control_s_axi_U/int_block_out/trunc_ln11_8_reg_626[14]_i_5_n_0
    SLICE_X47Y85         CARRY8 (Prop_CARRY8_SLICEL_DI[3]_O[6])
                                                      0.252     3.195 r  control_s_axi_U/int_block_out/trunc_ln11_8_reg_626_reg[14]_i_1/O[6]
                         net (fo=2, routed)           0.563     3.758    control_s_axi_U/int_block_out/a_6_reg_581_reg[14][13]
    SLICE_X53Y79         LUT6 (Prop_F6LUT_SLICEM_I5_O)
                                                      0.056     3.814 r  control_s_axi_U/int_block_out/mem_reg_i_6_comp/O
                         net (fo=1, routed)           0.137     3.951    control_s_axi_U/int_block_out/mem_reg_i_6_n_0
    RAMB18_X2Y31         RAMB18E2                                     r  control_s_axi_U/int_block_out/mem_reg/DINADIN[14]
  -------------------------------------------------------------------    -------------------

                         (clock ap_clk rise edge)     3.500     3.500 r  
                                                      0.000     3.500 r  ap_clk (IN)
                         net (fo=431, unset)          0.048     3.548    control_s_axi_U/int_block_out/ap_clk
    RAMB18_X2Y31         RAMB18E2                                     r  control_s_axi_U/int_block_out/mem_reg/CLKBWRCLK
                         clock pessimism              0.000     3.548    
                         clock uncertainty           -0.035     3.513    
    RAMB18_X2Y31         RAMB18E2 (Setup_RAMB18E2_U_RAMB181_CLKBWRCLK_DINADIN[14])
                                                     -0.473     3.040    control_s_axi_U/int_block_out/mem_reg
  -------------------------------------------------------------------
                         required time                          3.040    
                         arrival time                          -3.951    
  -------------------------------------------------------------------
                         slack                                 -0.911    

Slack (VIOLATED) :        -0.907ns  (required time - arrival time)
  Source:                 reg_214_reg[2]/C
                            (rising edge-triggered cell FDRE clocked by ap_clk  {rise@0.000ns fall@1.750ns period=3.500ns})
  Destination:            control_s_axi_U/int_block_out/mem_reg/DINADIN[15]
                            (rising edge-triggered cell RAMB18E2 clocked by ap_clk  {rise@0.000ns fall@1.750ns period=3.500ns})
  Path Group:             ap_clk
  Path Type:              Setup (Max at Slow Process Corner)
  Requirement:            3.500ns  (ap_clk rise@3.500ns - ap_clk rise@0.000ns)
  Data Path Delay:        3.913ns  (logic 1.235ns (31.565%)  route 2.678ns (68.435%))
  Logic Levels:           7  (CARRY8=4 LUT3=2 LUT6=1)
  Clock Path Skew:        0.007ns (DCD - SCD + CPR)
    Destination Clock Delay (DCD):    0.048ns = ( 3.548 - 3.500 ) 
    Source Clock Delay      (SCD):    0.041ns
    Clock Pessimism Removal (CPR):    0.000ns
  Clock Uncertainty:      0.035ns  ((TSJ^2 + TIJ^2)^1/2 + DJ) / 2 + PE
    Total System Jitter     (TSJ):    0.071ns
    Total Input Jitter      (TIJ):    0.000ns
    Discrete Jitter          (DJ):    0.000ns
    Phase Error              (PE):    0.000ns

    Location             Delay type                Incr(ns)  Path(ns)    Netlist Resource(s)
  -------------------------------------------------------------------    -------------------
                         (clock ap_clk rise edge)     0.000     0.000 r  
                                                      0.000     0.000 r  ap_clk (IN)
                         net (fo=431, unset)          0.041     0.041    ap_clk
    SLICE_X49Y86         FDRE                                         r  reg_214_reg[2]/C
  -------------------------------------------------------------------    -------------------
    SLICE_X49Y86         FDRE (Prop_BFF2_SLICEL_C_Q)
                                                      0.115     0.156 r  reg_214_reg[2]/Q
                         net (fo=7, routed)           0.348     0.504    control_s_axi_U/int_block_out/reg_238_reg[15][2]
    SLICE_X49Y85         CARRY8 (Prop_CARRY8_SLICEL_DI[2]_O[5])
                                                      0.285     0.789 r  control_s_axi_U/int_block_out/reg_238_reg[7]_i_1/O[5]
                         net (fo=5, routed)           0.179     0.968    control_s_axi_U/int_block_out/O[5]
    SLICE_X49Y84         LUT3 (Prop_H5LUT_SLICEL_I2_O)
                                                      0.220     1.188 r  control_s_axi_U/int_block_out/b_6_reg_611[7]_i_4/O
                         net (fo=1, routed)           0.464     1.652    control_s_axi_U/int_block_out/b_6_reg_611[7]_i_4_n_0
    SLICE_X48Y84         CARRY8 (Prop_CARRY8_SLICEL_DI[5]_CO[7])
                                                      0.108     1.760 r  control_s_axi_U/int_block_out/b_6_reg_611_reg[7]_i_1/CO[7]
                         net (fo=1, routed)           0.030     1.790    control_s_axi_U/int_block_out/b_6_reg_611_reg[7]_i_1_n_0
    SLICE_X48Y85         CARRY8 (Prop_CARRY8_SLICEL_CI_O[3])
                                                      0.122     1.912 r  control_s_axi_U/int_block_out/b_6_reg_611_reg[15]_i_2/O[3]
                         net (fo=4, routed)           0.463     2.375    control_s_axi_U/int_block_out/reg_214_reg[14]_0[3]
    SLICE_X50Y85         LUT3 (Prop_D6LUT_SLICEL_I2_O)
                                                      0.057     2.432 r  control_s_axi_U/int_block_out/trunc_ln11_8_reg_626[14]_i_5/O
                         net (fo=1, routed)           0.511     2.943    control_s_axi_U/int_block_out/trunc_ln11_8_reg_626[14]_i_5_n_0
    SLICE_X47Y85         CARRY8 (Prop_CARRY8_SLICEL_DI[3]_O[7])
                                                      0.272     3.215 r  control_s_axi_U/int_block_out/trunc_ln11_8_reg_626_reg[14]_i_1/O[7]
                         net (fo=2, routed)           0.550     3.765    control_s_axi_U/int_block_out/a_6_reg_581_reg[14][14]
    SLICE_X53Y80         LUT6 (Prop_C6LUT_SLICEM_I5_O)
                                                      0.056     3.821 r  control_s_axi_U/int_block_out/mem_reg_i_5_comp/O
                         net (fo=1, routed)           0.133     3.954    control_s_axi_U/int_block_out/mem_reg_i_5_n_0
    RAMB18_X2Y31         RAMB18E2                                     r  control_s_axi_U/int_block_out/mem_reg/DINADIN[15]
  -------------------------------------------------------------------    -------------------

                         (clock ap_clk rise edge)     3.500     3.500 r  
                                                      0.000     3.500 r  ap_clk (IN)
                         net (fo=431, unset)          0.048     3.548    control_s_axi_U/int_block_out/ap_clk
    RAMB18_X2Y31         RAMB18E2                                     r  control_s_axi_U/int_block_out/mem_reg/CLKBWRCLK
                         clock pessimism              0.000     3.548    
                         clock uncertainty           -0.035     3.513    
    RAMB18_X2Y31         RAMB18E2 (Setup_RAMB18E2_U_RAMB181_CLKBWRCLK_DINADIN[15])
                                                     -0.466     3.047    control_s_axi_U/int_block_out/mem_reg
  -------------------------------------------------------------------
                         required time                          3.047    
                         arrival time                          -3.954    
  -------------------------------------------------------------------
                         slack                                 -0.907    

Slack (VIOLATED) :        -0.888ns  (required time - arrival time)
  Source:                 reg_214_reg[2]/C
                            (rising edge-triggered cell FDRE clocked by ap_clk  {rise@0.000ns fall@1.750ns period=3.500ns})
  Destination:            control_s_axi_U/int_block_out/mem_reg/DINADIN[12]
                            (rising edge-triggered cell RAMB18E2 clocked by ap_clk  {rise@0.000ns fall@1.750ns period=3.500ns})
  Path Group:             ap_clk
  Path Type:              Setup (Max at Slow Process Corner)
  Requirement:            3.500ns  (ap_clk rise@3.500ns - ap_clk rise@0.000ns)
  Data Path Delay:        3.918ns  (logic 1.191ns (30.402%)  route 2.727ns (69.598%))
  Logic Levels:           7  (CARRY8=4 LUT3=2 LUT6=1)
  Clock Path Skew:        0.007ns (DCD - SCD + CPR)
    Destination Clock Delay (DCD):    0.048ns = ( 3.548 - 3.500 ) 
    Source Clock Delay      (SCD):    0.041ns
    Clock Pessimism Removal (CPR):    0.000ns
  Clock Uncertainty:      0.035ns  ((TSJ^2 + TIJ^2)^1/2 + DJ) / 2 + PE
    Total System Jitter     (TSJ):    0.071ns
    Total Input Jitter      (TIJ):    0.000ns
    Discrete Jitter          (DJ):    0.000ns
    Phase Error              (PE):    0.000ns

    Location             Delay type                Incr(ns)  Path(ns)    Netlist Resource(s)
  -------------------------------------------------------------------    -------------------
                         (clock ap_clk rise edge)     0.000     0.000 r  
                                                      0.000     0.000 r  ap_clk (IN)
                         net (fo=431, unset)          0.041     0.041    ap_clk
    SLICE_X49Y86         FDRE                                         r  reg_214_reg[2]/C
  -------------------------------------------------------------------    -------------------
    SLICE_X49Y86         FDRE (Prop_BFF2_SLICEL_C_Q)
                                                      0.115     0.156 r  reg_214_reg[2]/Q
                         net (fo=7, routed)           0.348     0.504    control_s_axi_U/int_block_out/reg_238_reg[15][2]
    SLICE_X49Y85         CARRY8 (Prop_CARRY8_SLICEL_DI[2]_O[5])
                                                      0.285     0.789 r  control_s_axi_U/int_block_out/reg_238_reg[7]_i_1/O[5]
                         net (fo=5, routed)           0.179     0.968    control_s_axi_U/int_block_out/O[5]
    SLICE_X49Y84         LUT3 (Prop_H5LUT_SLICEL_I2_O)
                                                      0.220     1.188 r  control_s_axi_U/int_block_out/b_6_reg_611[7]_i_4/O
                         net (fo=1, routed)           0.464     1.652    control_s_axi_U/int_block_out/b_6_reg_611[7]_i_4_n_0
    SLICE_X48Y84         CARRY8 (Prop_CARRY8_SLICEL_DI[5]_CO[7])
                                                      0.108     1.760 r  control_s_axi_U/int_block_out/b_6_reg_611_reg[7]_i_1/CO[7]
                         net (fo=1, routed)           0.030     1.790    control_s_axi_U/int_block_out/b_6_reg_611_reg[7]_i_1_n_0
    SLICE_X48Y85         CARRY8 (Prop_CARRY8_SLICEL_CI_O[3])
                                                      0.122     1.912 r  control_s_axi_U/int_block_out/b_6_reg_611_reg[15]_i_2/O[3]
                         net (fo=4, routed)           0.463     2.375    control_s_axi_U/int_block_out/reg_214_reg[14]_0[3]
    SLICE_X50Y85         LUT3 (Prop_D6LUT_SLICEL_I2_O)
                                                      0.057     2.432 r  control_s_axi_U/int_block_out/trunc_ln11_8_reg_626[14]_i_5/O
                         net (fo=1, routed)           0.511     2.943    control_s_axi_U/int_block_out/trunc_ln11_8_reg_626[14]_i_5_n_0
    SLICE_X47Y85         CARRY8 (Prop_CARRY8_SLICEL_DI[3]_O[4])
                                                      0.227     3.170 r  control_s_axi_U/int_block_out/trunc_ln11_8_reg_626_reg[14]_i_1/O[4]
                         net (fo=2, routed)           0.549     3.719    control_s_axi_U/int_block_out/a_6_reg_581_reg[14][11]
    SLICE_X53Y79         LUT6 (Prop_E6LUT_SLICEM_I5_O)
                                                      0.057     3.776 r  control_s_axi_U/int_block_out/mem_reg_i_8__0_comp/O
                         net (fo=1, routed)           0.183     3.959    control_s_axi_U/int_block_out/mem_reg_i_8__0_n_0
    RAMB18_X2Y31         RAMB18E2                                     r  control_s_axi_U/int_block_out/mem_reg/DINADIN[12]
  -------------------------------------------------------------------    -------------------

                         (clock ap_clk rise edge)     3.500     3.500 r  
                                                      0.000     3.500 r  ap_clk (IN)
                         net (fo=431, unset)          0.048     3.548    control_s_axi_U/int_block_out/ap_clk
    RAMB18_X2Y31         RAMB18E2                                     r  control_s_axi_U/int_block_out/mem_reg/CLKBWRCLK
                         clock pessimism              0.000     3.548    
                         clock uncertainty           -0.035     3.513    
    RAMB18_X2Y31         RAMB18E2 (Setup_RAMB18E2_U_RAMB181_CLKBWRCLK_DINADIN[12])
                                                     -0.442     3.071    control_s_axi_U/int_block_out/mem_reg
  -------------------------------------------------------------------
                         required time                          3.071    
                         arrival time                          -3.959    
  -------------------------------------------------------------------
                         slack                                 -0.888    

Slack (VIOLATED) :        -0.870ns  (required time - arrival time)
  Source:                 reg_214_reg[2]/C
                            (rising edge-triggered cell FDRE clocked by ap_clk  {rise@0.000ns fall@1.750ns period=3.500ns})
  Destination:            control_s_axi_U/int_block_out/mem_reg/DINADIN[8]
                            (rising edge-triggered cell RAMB18E2 clocked by ap_clk  {rise@0.000ns fall@1.750ns period=3.500ns})
  Path Group:             ap_clk
  Path Type:              Setup (Max at Slow Process Corner)
  Requirement:            3.500ns  (ap_clk rise@3.500ns - ap_clk rise@0.000ns)
  Data Path Delay:        3.884ns  (logic 1.055ns (27.166%)  route 2.829ns (72.834%))
  Logic Levels:           7  (CARRY8=4 LUT3=2 LUT6=1)
  Clock Path Skew:        0.007ns (DCD - SCD + CPR)
    Destination Clock Delay (DCD):    0.048ns = ( 3.548 - 3.500 ) 
    Source Clock Delay      (SCD):    0.041ns
    Clock Pessimism Removal (CPR):    0.000ns
  Clock Uncertainty:      0.035ns  ((TSJ^2 + TIJ^2)^1/2 + DJ) / 2 + PE
    Total System Jitter     (TSJ):    0.071ns
    Total Input Jitter      (TIJ):    0.000ns
    Discrete Jitter          (DJ):    0.000ns
    Phase Error              (PE):    0.000ns

    Location             Delay type                Incr(ns)  Path(ns)    Netlist Resource(s)
  -------------------------------------------------------------------    -------------------
                         (clock ap_clk rise edge)     0.000     0.000 r  
                                                      0.000     0.000 r  ap_clk (IN)
                         net (fo=431, unset)          0.041     0.041    ap_clk
    SLICE_X49Y86         FDRE                                         r  reg_214_reg[2]/C
  -------------------------------------------------------------------    -------------------
    SLICE_X49Y86         FDRE (Prop_BFF2_SLICEL_C_Q)
                                                      0.115     0.156 r  reg_214_reg[2]/Q
                         net (fo=7, routed)           0.348     0.504    control_s_axi_U/int_block_out/reg_238_reg[15][2]
    SLICE_X49Y85         CARRY8 (Prop_CARRY8_SLICEL_DI[2]_O[5])
                                                      0.285     0.789 r  control_s_axi_U/int_block_out/reg_238_reg[7]_i_1/O[5]
                         net (fo=5, routed)           0.179     0.968    control_s_axi_U/int_block_out/O[5]
    SLICE_X49Y84         LUT3 (Prop_H5LUT_SLICEL_I2_O)
                                                      0.220     1.188 r  control_s_axi_U/int_block_out/b_6_reg_611[7]_i_4/O
                         net (fo=1, routed)           0.464     1.652    control_s_axi_U/int_block_out/b_6_reg_611[7]_i_4_n_0
    SLICE_X48Y84         CARRY8 (Prop_CARRY8_SLICEL_DI[5]_O[7])
                                                      0.159     1.811 r  control_s_axi_U/int_block_out/b_6_reg_611_reg[7]_i_1/O[7]
                         net (fo=4, routed)           0.462     2.273    control_s_axi_U/int_block_out/reg_214_reg[6][7]
    SLICE_X50Y84         LUT3 (Prop_D6LUT_SLICEL_I2_O)
                                                      0.057     2.330 r  control_s_axi_U/int_block_out/trunc_ln11_8_reg_626[6]_i_2/O
                         net (fo=1, routed)           0.461     2.791    control_s_axi_U/int_block_out/trunc_ln11_8_reg_626[6]_i_2_n_0
    SLICE_X47Y84         CARRY8 (Prop_CARRY8_SLICEL_DI[7]_CO[7])
                                                      0.077     2.868 r  control_s_axi_U/int_block_out/trunc_ln11_8_reg_626_reg[6]_i_1/CO[7]
                         net (fo=1, routed)           0.030     2.898    control_s_axi_U/int_block_out/trunc_ln11_8_reg_626_reg[6]_i_1_n_0
    SLICE_X47Y85         CARRY8 (Prop_CARRY8_SLICEL_CI_O[0])
                                                      0.086     2.984 r  control_s_axi_U/int_block_out/trunc_ln11_8_reg_626_reg[14]_i_1/O[0]
                         net (fo=2, routed)           0.712     3.696    control_s_axi_U/int_block_out/a_6_reg_581_reg[14][7]
    SLICE_X52Y75         LUT6 (Prop_F6LUT_SLICEL_I5_O)
                                                      0.056     3.752 r  control_s_axi_U/int_block_out/mem_reg_i_12__0_comp/O
                         net (fo=1, routed)           0.173     3.925    control_s_axi_U/int_block_out/mem_reg_i_12__0_n_0
    RAMB18_X2Y31         RAMB18E2                                     r  control_s_axi_U/int_block_out/mem_reg/DINADIN[8]
  -------------------------------------------------------------------    -------------------

                         (clock ap_clk rise edge)     3.500     3.500 r  
                                                      0.000     3.500 r  ap_clk (IN)
                         net (fo=431, unset)          0.048     3.548    control_s_axi_U/int_block_out/ap_clk
    RAMB18_X2Y31         RAMB18E2                                     r  control_s_axi_U/int_block_out/mem_reg/CLKBWRCLK
                         clock pessimism              0.000     3.548    
                         clock uncertainty           -0.035     3.513    
    RAMB18_X2Y31         RAMB18E2 (Setup_RAMB18E2_U_RAMB181_CLKBWRCLK_DINADIN[8])
                                                     -0.458     3.055    control_s_axi_U/int_block_out/mem_reg
  -------------------------------------------------------------------
                         required time                          3.055    
                         arrival time                          -3.925    
  -------------------------------------------------------------------
                         slack                                 -0.870    

Slack (VIOLATED) :        -0.858ns  (required time - arrival time)
  Source:                 reg_214_reg[2]/C
                            (rising edge-triggered cell FDRE clocked by ap_clk  {rise@0.000ns fall@1.750ns period=3.500ns})
  Destination:            control_s_axi_U/int_block_out/mem_reg/DINBDIN[7]
                            (rising edge-triggered cell RAMB18E2 clocked by ap_clk  {rise@0.000ns fall@1.750ns period=3.500ns})
  Path Group:             ap_clk
  Path Type:              Setup (Max at Slow Process Corner)
  Requirement:            3.500ns  (ap_clk rise@3.500ns - ap_clk rise@0.000ns)
  Data Path Delay:        3.893ns  (logic 1.071ns (27.509%)  route 2.822ns (72.491%))
  Logic Levels:           7  (CARRY8=3 LUT3=2 LUT6=2)
  Clock Path Skew:        0.007ns (DCD - SCD + CPR)
    Destination Clock Delay (DCD):    0.048ns = ( 3.548 - 3.500 ) 
    Source Clock Delay      (SCD):    0.041ns
    Clock Pessimism Removal (CPR):    0.000ns
  Clock Uncertainty:      0.035ns  ((TSJ^2 + TIJ^2)^1/2 + DJ) / 2 + PE
    Total System Jitter     (TSJ):    0.071ns
    Total Input Jitter      (TIJ):    0.000ns
    Discrete Jitter          (DJ):    0.000ns
    Phase Error              (PE):    0.000ns

    Location             Delay type                Incr(ns)  Path(ns)    Netlist Resource(s)
  -------------------------------------------------------------------    -------------------
                         (clock ap_clk rise edge)     0.000     0.000 r  
                                                      0.000     0.000 r  ap_clk (IN)
                         net (fo=431, unset)          0.041     0.041    ap_clk
    SLICE_X49Y86         FDRE                                         r  reg_214_reg[2]/C
  -------------------------------------------------------------------    -------------------
    SLICE_X49Y86         FDRE (Prop_BFF2_SLICEL_C_Q)
                                                      0.115     0.156 r  reg_214_reg[2]/Q
                         net (fo=7, routed)           0.348     0.504    control_s_axi_U/int_block_out/reg_238_reg[15][2]
    SLICE_X49Y85         CARRY8 (Prop_CARRY8_SLICEL_DI[2]_O[5])
                                                      0.285     0.789 r  control_s_axi_U/int_block_out/reg_238_reg[7]_i_1/O[5]
                         net (fo=5, routed)           0.179     0.968    control_s_axi_U/int_block_out/O[5]
    SLICE_X49Y84         LUT3 (Prop_H5LUT_SLICEL_I2_O)
                                                      0.220     1.188 r  control_s_axi_U/int_block_out/b_6_reg_611[7]_i_4/O
                         net (fo=1, routed)           0.464     1.652    control_s_axi_U/int_block_out/b_6_reg_611[7]_i_4_n_0
    SLICE_X48Y84         CARRY8 (Prop_CARRY8_SLICEL_DI[5]_O[6])
                                                      0.146     1.798 r  control_s_axi_U/int_block_out/b_6_reg_611_reg[7]_i_1/O[6]
                         net (fo=4, routed)           0.461     2.259    control_s_axi_U/int_block_out/reg_214_reg[6][6]
    SLICE_X50Y84         LUT3 (Prop_F6LUT_SLICEL_I2_O)
                                                      0.056     2.315 r  control_s_axi_U/int_block_out/trunc_ln11_8_reg_626[6]_i_3/O
                         net (fo=1, routed)           0.460     2.775    control_s_axi_U/int_block_out/trunc_ln11_8_reg_626[6]_i_3_n_0
    SLICE_X47Y84         CARRY8 (Prop_CARRY8_SLICEL_DI[6]_O[7])
                                                      0.135     2.910 r  control_s_axi_U/int_block_out/trunc_ln11_8_reg_626_reg[6]_i_1/O[7]
                         net (fo=2, routed)           0.538     3.448    control_s_axi_U/int_block_out/a_6_reg_581_reg[14][6]
    SLICE_X50Y82         LUT6 (Prop_F6LUT_SLICEL_I0_O)
                                                      0.056     3.504 r  control_s_axi_U/int_block_out/mem_reg_i_47/O
                         net (fo=1, routed)           0.047     3.551    control_s_axi_U/int_block_out/mem_reg_i_47_n_0
    SLICE_X50Y82         LUT6 (Prop_H6LUT_SLICEL_I4_O)
                                                      0.058     3.609 r  control_s_axi_U/int_block_out/mem_reg_i_13__0/O
                         net (fo=2, routed)           0.326     3.934    control_s_axi_U/int_block_out/mem_reg_i_13__0_n_0
    RAMB18_X2Y31         RAMB18E2                                     r  control_s_axi_U/int_block_out/mem_reg/DINBDIN[7]
  -------------------------------------------------------------------    -------------------

                         (clock ap_clk rise edge)     3.500     3.500 r  
                                                      0.000     3.500 r  ap_clk (IN)
                         net (fo=431, unset)          0.048     3.548    control_s_axi_U/int_block_out/ap_clk
    RAMB18_X2Y31         RAMB18E2                                     r  control_s_axi_U/int_block_out/mem_reg/CLKBWRCLK
                         clock pessimism              0.000     3.548    
                         clock uncertainty           -0.035     3.513    
    RAMB18_X2Y31         RAMB18E2 (Setup_RAMB18E2_U_RAMB181_CLKBWRCLK_DINBDIN[7])
                                                     -0.436     3.077    control_s_axi_U/int_block_out/mem_reg
  -------------------------------------------------------------------
                         required time                          3.077    
                         arrival time                          -3.934    
  -------------------------------------------------------------------
                         slack                                 -0.858    

Slack (VIOLATED) :        -0.828ns  (required time - arrival time)
  Source:                 reg_214_reg[2]/C
                            (rising edge-triggered cell FDRE clocked by ap_clk  {rise@0.000ns fall@1.750ns period=3.500ns})
  Destination:            control_s_axi_U/int_block_out/mem_reg/DINADIN[10]
                            (rising edge-triggered cell RAMB18E2 clocked by ap_clk  {rise@0.000ns fall@1.750ns period=3.500ns})
  Path Group:             ap_clk
  Path Type:              Setup (Max at Slow Process Corner)
  Requirement:            3.500ns  (ap_clk rise@3.500ns - ap_clk rise@0.000ns)
  Data Path Delay:        3.885ns  (logic 1.097ns (28.240%)  route 2.788ns (71.760%))
  Logic Levels:           7  (CARRY8=4 LUT3=2 LUT6=1)
  Clock Path Skew:        0.007ns (DCD - SCD + CPR)
    Destination Clock Delay (DCD):    0.048ns = ( 3.548 - 3.500 ) 
    Source Clock Delay      (SCD):    0.041ns
    Clock Pessimism Removal (CPR):    0.000ns
  Clock Uncertainty:      0.035ns  ((TSJ^2 + TIJ^2)^1/2 + DJ) / 2 + PE
    Total System Jitter     (TSJ):    0.071ns
    Total Input Jitter      (TIJ):    0.000ns
    Discrete Jitter          (DJ):    0.000ns
    Phase Error              (PE):    0.000ns

    Location             Delay type                Incr(ns)  Path(ns)    Netlist Resource(s)
  -------------------------------------------------------------------    -------------------
                         (clock ap_clk rise edge)     0.000     0.000 r  
                                                      0.000     0.000 r  ap_clk (IN)
                         net (fo=431, unset)          0.041     0.041    ap_clk
    SLICE_X49Y86         FDRE                                         r  reg_214_reg[2]/C
  -------------------------------------------------------------------    -------------------
    SLICE_X49Y86         FDRE (Prop_BFF2_SLICEL_C_Q)
                                                      0.115     0.156 r  reg_214_reg[2]/Q
                         net (fo=7, routed)           0.348     0.504    control_s_axi_U/int_block_out/reg_238_reg[15][2]
    SLICE_X49Y85         CARRY8 (Prop_CARRY8_SLICEL_DI[2]_O[5])
                                                      0.285     0.789 r  control_s_axi_U/int_block_out/reg_238_reg[7]_i_1/O[5]
                         net (fo=5, routed)           0.179     0.968    control_s_axi_U/int_block_out/O[5]
    SLICE_X49Y84         LUT3 (Prop_H5LUT_SLICEL_I2_O)
                                                      0.220     1.188 r  control_s_axi_U/int_block_out/b_6_reg_611[7]_i_4/O
                         net (fo=1, routed)           0.464     1.652    control_s_axi_U/int_block_out/b_6_reg_611[7]_i_4_n_0
    SLICE_X48Y84         CARRY8 (Prop_CARRY8_SLICEL_DI[5]_O[7])
                                                      0.159     1.811 r  control_s_axi_U/int_block_out/b_6_reg_611_reg[7]_i_1/O[7]
                         net (fo=4, routed)           0.462     2.273    control_s_axi_U/int_block_out/reg_214_reg[6][7]
    SLICE_X50Y84         LUT3 (Prop_D6LUT_SLICEL_I2_O)
                                                      0.057     2.330 r  control_s_axi_U/int_block_out/trunc_ln11_8_reg_626[6]_i_2/O
                         net (fo=1, routed)           0.461     2.791    control_s_axi_U/int_block_out/trunc_ln11_8_reg_626[6]_i_2_n_0
    SLICE_X47Y84         CARRY8 (Prop_CARRY8_SLICEL_DI[7]_CO[7])
                                                      0.077     2.868 r  control_s_axi_U/int_block_out/trunc_ln11_8_reg_626_reg[6]_i_1/CO[7]
                         net (fo=1, routed)           0.030     2.898    control_s_axi_U/int_block_out/trunc_ln11_8_reg_626_reg[6]_i_1_n_0
    SLICE_X47Y85         CARRY8 (Prop_CARRY8_SLICEL_CI_O[2])
                                                      0.101     2.999 r  control_s_axi_U/int_block_out/trunc_ln11_8_reg_626_reg[14]_i_1/O[2]
                         net (fo=2, routed)           0.592     3.591    control_s_axi_U/int_block_out/a_6_reg_581_reg[14][9]
    SLICE_X50Y82         LUT6 (Prop_E6LUT_SLICEL_I5_O)
                                                      0.083     3.674 r  control_s_axi_U/int_block_out/mem_reg_i_10__0_comp/O
                         net (fo=1, routed)           0.252     3.926    control_s_axi_U/int_block_out/mem_reg_i_10__0_n_0
    RAMB18_X2Y31         RAMB18E2                                     r  control_s_axi_U/int_block_out/mem_reg/DINADIN[10]
  -------------------------------------------------------------------    -------------------

                         (clock ap_clk rise edge)     3.500     3.500 r  
                                                      0.000     3.500 r  ap_clk (IN)
                         net (fo=431, unset)          0.048     3.548    control_s_axi_U/int_block_out/ap_clk
    RAMB18_X2Y31         RAMB18E2                                     r  control_s_axi_U/int_block_out/mem_reg/CLKBWRCLK
                         clock pessimism              0.000     3.548    
                         clock uncertainty           -0.035     3.513    
    RAMB18_X2Y31         RAMB18E2 (Setup_RAMB18E2_U_RAMB181_CLKBWRCLK_DINADIN[10])
                                                     -0.415     3.098    control_s_axi_U/int_block_out/mem_reg
  -------------------------------------------------------------------
                         required time                          3.098    
                         arrival time                          -3.926    
  -------------------------------------------------------------------
                         slack                                 -0.828    

Slack (VIOLATED) :        -0.827ns  (required time - arrival time)
  Source:                 reg_214_reg[2]/C
                            (rising edge-triggered cell FDRE clocked by ap_clk  {rise@0.000ns fall@1.750ns period=3.500ns})
  Destination:            control_s_axi_U/int_block_out/mem_reg/DINADIN[9]
                            (rising edge-triggered cell RAMB18E2 clocked by ap_clk  {rise@0.000ns fall@1.750ns period=3.500ns})
  Path Group:             ap_clk
  Path Type:              Setup (Max at Slow Process Corner)
  Requirement:            3.500ns  (ap_clk rise@3.500ns - ap_clk rise@0.000ns)
  Data Path Delay:        3.904ns  (logic 1.108ns (28.385%)  route 2.796ns (71.615%))
  Logic Levels:           7  (CARRY8=4 LUT3=2 LUT6=1)
  Clock Path Skew:        0.007ns (DCD - SCD + CPR)
    Destination Clock Delay (DCD):    0.048ns = ( 3.548 - 3.500 ) 
    Source Clock Delay      (SCD):    0.041ns
    Clock Pessimism Removal (CPR):    0.000ns
  Clock Uncertainty:      0.035ns  ((TSJ^2 + TIJ^2)^1/2 + DJ) / 2 + PE
    Total System Jitter     (TSJ):    0.071ns
    Total Input Jitter      (TIJ):    0.000ns
    Discrete Jitter          (DJ):    0.000ns
    Phase Error              (PE):    0.000ns

    Location             Delay type                Incr(ns)  Path(ns)    Netlist Resource(s)
  -------------------------------------------------------------------    -------------------
                         (clock ap_clk rise edge)     0.000     0.000 r  
                                                      0.000     0.000 r  ap_clk (IN)
                         net (fo=431, unset)          0.041     0.041    ap_clk
    SLICE_X49Y86         FDRE                                         r  reg_214_reg[2]/C
  -------------------------------------------------------------------    -------------------
    SLICE_X49Y86         FDRE (Prop_BFF2_SLICEL_C_Q)
                                                      0.115     0.156 r  reg_214_reg[2]/Q
                         net (fo=7, routed)           0.348     0.504    control_s_axi_U/int_block_out/reg_238_reg[15][2]
    SLICE_X49Y85         CARRY8 (Prop_CARRY8_SLICEL_DI[2]_O[5])
                                                      0.285     0.789 r  control_s_axi_U/int_block_out/reg_238_reg[7]_i_1/O[5]
                         net (fo=5, routed)           0.179     0.968    control_s_axi_U/int_block_out/O[5]
    SLICE_X49Y84         LUT3 (Prop_H5LUT_SLICEL_I2_O)
                                                      0.220     1.188 r  control_s_axi_U/int_block_out/b_6_reg_611[7]_i_4/O
                         net (fo=1, routed)           0.464     1.652    control_s_axi_U/int_block_out/b_6_reg_611[7]_i_4_n_0
    SLICE_X48Y84         CARRY8 (Prop_CARRY8_SLICEL_DI[5]_O[7])
                                                      0.159     1.811 r  control_s_axi_U/int_block_out/b_6_reg_611_reg[7]_i_1/O[7]
                         net (fo=4, routed)           0.462     2.273    control_s_axi_U/int_block_out/reg_214_reg[6][7]
    SLICE_X50Y84         LUT3 (Prop_D6LUT_SLICEL_I2_O)
                                                      0.057     2.330 r  control_s_axi_U/int_block_out/trunc_ln11_8_reg_626[6]_i_2/O
                         net (fo=1, routed)           0.461     2.791    control_s_axi_U/int_block_out/trunc_ln11_8_reg_626[6]_i_2_n_0
    SLICE_X47Y84         CARRY8 (Prop_CARRY8_SLICEL_DI[7]_CO[7])
                                                      0.077     2.868 r  control_s_axi_U/int_block_out/trunc_ln11_8_reg_626_reg[6]_i_1/CO[7]
                         net (fo=1, routed)           0.030     2.898    control_s_axi_U/int_block_out/trunc_ln11_8_reg_626_reg[6]_i_1_n_0
    SLICE_X47Y85         CARRY8 (Prop_CARRY8_SLICEL_CI_O[1])
                                                      0.114     3.012 r  control_s_axi_U/int_block_out/trunc_ln11_8_reg_626_reg[14]_i_1/O[1]
                         net (fo=2, routed)           0.553     3.565    control_s_axi_U/int_block_out/a_6_reg_581_reg[14][8]
    SLICE_X50Y84         LUT6 (Prop_C6LUT_SLICEL_I5_O)
                                                      0.081     3.646 r  control_s_axi_U/int_block_out/mem_reg_i_11__0_comp/O
                         net (fo=1, routed)           0.299     3.945    control_s_axi_U/int_block_out/mem_reg_i_11__0_n_0
    RAMB18_X2Y31         RAMB18E2                                     r  control_s_axi_U/int_block_out/mem_reg/DINADIN[9]
  -------------------------------------------------------------------    -------------------

                         (clock ap_clk rise edge)     3.500     3.500 r  
                                                      0.000     3.500 r  ap_clk (IN)
                         net (fo=431, unset)          0.048     3.548    control_s_axi_U/int_block_out/ap_clk
    RAMB18_X2Y31         RAMB18E2                                     r  control_s_axi_U/int_block_out/mem_reg/CLKBWRCLK
                         clock pessimism              0.000     3.548    
                         clock uncertainty           -0.035     3.513    
    RAMB18_X2Y31         RAMB18E2 (Setup_RAMB18E2_U_RAMB181_CLKBWRCLK_DINADIN[9])
                                                     -0.395     3.118    control_s_axi_U/int_block_out/mem_reg
  -------------------------------------------------------------------
                         required time                          3.118    
                         arrival time                          -3.945    
  -------------------------------------------------------------------
                         slack                                 -0.827    

Slack (VIOLATED) :        -0.818ns  (required time - arrival time)
  Source:                 reg_214_reg[2]/C
                            (rising edge-triggered cell FDRE clocked by ap_clk  {rise@0.000ns fall@1.750ns period=3.500ns})
  Destination:            control_s_axi_U/int_block_out/mem_reg/DINADIN[11]
                            (rising edge-triggered cell RAMB18E2 clocked by ap_clk  {rise@0.000ns fall@1.750ns period=3.500ns})
  Path Group:             ap_clk
  Path Type:              Setup (Max at Slow Process Corner)
  Requirement:            3.500ns  (ap_clk rise@3.500ns - ap_clk rise@0.000ns)
  Data Path Delay:        3.876ns  (logic 1.103ns (28.461%)  route 2.773ns (71.539%))
  Logic Levels:           7  (CARRY8=4 LUT3=2 LUT6=1)
  Clock Path Skew:        0.007ns (DCD - SCD + CPR)
    Destination Clock Delay (DCD):    0.048ns = ( 3.548 - 3.500 ) 
    Source Clock Delay      (SCD):    0.041ns
    Clock Pessimism Removal (CPR):    0.000ns
  Clock Uncertainty:      0.035ns  ((TSJ^2 + TIJ^2)^1/2 + DJ) / 2 + PE
    Total System Jitter     (TSJ):    0.071ns
    Total Input Jitter      (TIJ):    0.000ns
    Discrete Jitter          (DJ):    0.000ns
    Phase Error              (PE):    0.000ns

    Location             Delay type                Incr(ns)  Path(ns)    Netlist Resource(s)
  -------------------------------------------------------------------    -------------------
                         (clock ap_clk rise edge)     0.000     0.000 r  
                                                      0.000     0.000 r  ap_clk (IN)
                         net (fo=431, unset)          0.041     0.041    ap_clk
    SLICE_X49Y86         FDRE                                         r  reg_214_reg[2]/C
  -------------------------------------------------------------------    -------------------
    SLICE_X49Y86         FDRE (Prop_BFF2_SLICEL_C_Q)
                                                      0.115     0.156 r  reg_214_reg[2]/Q
                         net (fo=7, routed)           0.348     0.504    control_s_axi_U/int_block_out/reg_238_reg[15][2]
    SLICE_X49Y85         CARRY8 (Prop_CARRY8_SLICEL_DI[2]_O[5])
                                                      0.285     0.789 r  control_s_axi_U/int_block_out/reg_238_reg[7]_i_1/O[5]
                         net (fo=5, routed)           0.179     0.968    control_s_axi_U/int_block_out/O[5]
    SLICE_X49Y84         LUT3 (Prop_H5LUT_SLICEL_I2_O)
                                                      0.220     1.188 r  control_s_axi_U/int_block_out/b_6_reg_611[7]_i_4/O
                         net (fo=1, routed)           0.464     1.652    control_s_axi_U/int_block_out/b_6_reg_611[7]_i_4_n_0
    SLICE_X48Y84         CARRY8 (Prop_CARRY8_SLICEL_DI[5]_CO[7])
                                                      0.108     1.760 r  control_s_axi_U/int_block_out/b_6_reg_611_reg[7]_i_1/CO[7]
                         net (fo=1, routed)           0.030     1.790    control_s_axi_U/int_block_out/b_6_reg_611_reg[7]_i_1_n_0
    SLICE_X48Y85         CARRY8 (Prop_CARRY8_SLICEL_CI_O[2])
                                                      0.101     1.891 r  control_s_axi_U/int_block_out/b_6_reg_611_reg[15]_i_2/O[2]
                         net (fo=4, routed)           0.468     2.359    control_s_axi_U/int_block_out/reg_214_reg[14]_0[2]
    SLICE_X50Y85         LUT3 (Prop_E6LUT_SLICEL_I2_O)
                                                      0.083     2.442 r  control_s_axi_U/int_block_out/trunc_ln11_8_reg_626[14]_i_6/O
                         net (fo=1, routed)           0.461     2.903    control_s_axi_U/int_block_out/trunc_ln11_8_reg_626[14]_i_6_n_0
    SLICE_X47Y85         CARRY8 (Prop_CARRY8_SLICEL_DI[2]_O[3])
                                                      0.134     3.037 r  control_s_axi_U/int_block_out/trunc_ln11_8_reg_626_reg[14]_i_1/O[3]
                         net (fo=2, routed)           0.599     3.636    control_s_axi_U/int_block_out/a_6_reg_581_reg[14][10]
    SLICE_X50Y80         LUT6 (Prop_D6LUT_SLICEL_I5_O)
                                                      0.057     3.693 r  control_s_axi_U/int_block_out/mem_reg_i_9__0_comp/O
                         net (fo=1, routed)           0.224     3.917    control_s_axi_U/int_block_out/mem_reg_i_9__0_n_0
    RAMB18_X2Y31         RAMB18E2                                     r  control_s_axi_U/int_block_out/mem_reg/DINADIN[11]
  -------------------------------------------------------------------    -------------------

                         (clock ap_clk rise edge)     3.500     3.500 r  
                                                      0.000     3.500 r  ap_clk (IN)
                         net (fo=431, unset)          0.048     3.548    control_s_axi_U/int_block_out/ap_clk
    RAMB18_X2Y31         RAMB18E2                                     r  control_s_axi_U/int_block_out/mem_reg/CLKBWRCLK
                         clock pessimism              0.000     3.548    
                         clock uncertainty           -0.035     3.513    
    RAMB18_X2Y31         RAMB18E2 (Setup_RAMB18E2_U_RAMB181_CLKBWRCLK_DINADIN[11])
                                                     -0.414     3.099    control_s_axi_U/int_block_out/mem_reg
  -------------------------------------------------------------------
                         required time                          3.099    
                         arrival time                          -3.917    
  -------------------------------------------------------------------
                         slack                                 -0.818    

Slack (VIOLATED) :        -0.817ns  (required time - arrival time)
  Source:                 reg_214_reg[2]/C
                            (rising edge-triggered cell FDRE clocked by ap_clk  {rise@0.000ns fall@1.750ns period=3.500ns})
  Destination:            control_s_axi_U/int_block_out/mem_reg/DINADIN[7]
                            (rising edge-triggered cell RAMB18E2 clocked by ap_clk  {rise@0.000ns fall@1.750ns period=3.500ns})
  Path Group:             ap_clk
  Path Type:              Setup (Max at Slow Process Corner)
  Requirement:            3.500ns  (ap_clk rise@3.500ns - ap_clk rise@0.000ns)
  Data Path Delay:        3.852ns  (logic 1.071ns (27.802%)  route 2.781ns (72.198%))
  Logic Levels:           7  (CARRY8=3 LUT3=2 LUT6=2)
  Clock Path Skew:        0.007ns (DCD - SCD + CPR)
    Destination Clock Delay (DCD):    0.048ns = ( 3.548 - 3.500 ) 
    Source Clock Delay      (SCD):    0.041ns
    Clock Pessimism Removal (CPR):    0.000ns
  Clock Uncertainty:      0.035ns  ((TSJ^2 + TIJ^2)^1/2 + DJ) / 2 + PE
    Total System Jitter     (TSJ):    0.071ns
    Total Input Jitter      (TIJ):    0.000ns
    Discrete Jitter          (DJ):    0.000ns
    Phase Error              (PE):    0.000ns

    Location             Delay type                Incr(ns)  Path(ns)    Netlist Resource(s)
  -------------------------------------------------------------------    -------------------
                         (clock ap_clk rise edge)     0.000     0.000 r  
                                                      0.000     0.000 r  ap_clk (IN)
                         net (fo=431, unset)          0.041     0.041    ap_clk
    SLICE_X49Y86         FDRE                                         r  reg_214_reg[2]/C
  -------------------------------------------------------------------    -------------------
    SLICE_X49Y86         FDRE (Prop_BFF2_SLICEL_C_Q)
                                                      0.115     0.156 r  reg_214_reg[2]/Q
                         net (fo=7, routed)           0.348     0.504    control_s_axi_U/int_block_out/reg_238_reg[15][2]
    SLICE_X49Y85         CARRY8 (Prop_CARRY8_SLICEL_DI[2]_O[5])
                                                      0.285     0.789 r  control_s_axi_U/int_block_out/reg_238_reg[7]_i_1/O[5]
                         net (fo=5, routed)           0.179     0.968    control_s_axi_U/int_block_out/O[5]
    SLICE_X49Y84         LUT3 (Prop_H5LUT_SLICEL_I2_O)
                                                      0.220     1.188 r  control_s_axi_U/int_block_out/b_6_reg_611[7]_i_4/O
                         net (fo=1, routed)           0.464     1.652    control_s_axi_U/int_block_out/b_6_reg_611[7]_i_4_n_0
    SLICE_X48Y84         CARRY8 (Prop_CARRY8_SLICEL_DI[5]_O[6])
                                                      0.146     1.798 r  control_s_axi_U/int_block_out/b_6_reg_611_reg[7]_i_1/O[6]
                         net (fo=4, routed)           0.461     2.259    control_s_axi_U/int_block_out/reg_214_reg[6][6]
    SLICE_X50Y84         LUT3 (Prop_F6LUT_SLICEL_I2_O)
                                                      0.056     2.315 r  control_s_axi_U/int_block_out/trunc_ln11_8_reg_626[6]_i_3/O
                         net (fo=1, routed)           0.460     2.775    control_s_axi_U/int_block_out/trunc_ln11_8_reg_626[6]_i_3_n_0
    SLICE_X47Y84         CARRY8 (Prop_CARRY8_SLICEL_DI[6]_O[7])
                                                      0.135     2.910 r  control_s_axi_U/int_block_out/trunc_ln11_8_reg_626_reg[6]_i_1/O[7]
                         net (fo=2, routed)           0.538     3.448    control_s_axi_U/int_block_out/a_6_reg_581_reg[14][6]
    SLICE_X50Y82         LUT6 (Prop_F6LUT_SLICEL_I0_O)
                                                      0.056     3.504 r  control_s_axi_U/int_block_out/mem_reg_i_47/O
                         net (fo=1, routed)           0.047     3.551    control_s_axi_U/int_block_out/mem_reg_i_47_n_0
    SLICE_X50Y82         LUT6 (Prop_H6LUT_SLICEL_I4_O)
                                                      0.058     3.609 r  control_s_axi_U/int_block_out/mem_reg_i_13__0/O
                         net (fo=2, routed)           0.285     3.893    control_s_axi_U/int_block_out/mem_reg_i_13__0_n_0
    RAMB18_X2Y31         RAMB18E2                                     r  control_s_axi_U/int_block_out/mem_reg/DINADIN[7]
  -------------------------------------------------------------------    -------------------

                         (clock ap_clk rise edge)     3.500     3.500 r  
                                                      0.000     3.500 r  ap_clk (IN)
                         net (fo=431, unset)          0.048     3.548    control_s_axi_U/int_block_out/ap_clk
    RAMB18_X2Y31         RAMB18E2                                     r  control_s_axi_U/int_block_out/mem_reg/CLKBWRCLK
                         clock pessimism              0.000     3.548    
                         clock uncertainty           -0.035     3.513    
    RAMB18_X2Y31         RAMB18E2 (Setup_RAMB18E2_U_RAMB181_CLKBWRCLK_DINADIN[7])
                                                     -0.436     3.077    control_s_axi_U/int_block_out/mem_reg
  -------------------------------------------------------------------
                         required time                          3.077    
                         arrival time                          -3.893    
  -------------------------------------------------------------------
                         slack                                 -0.817    

Slack (VIOLATED) :        -0.793ns  (required time - arrival time)
  Source:                 reg_214_reg[1]_replica/C
                            (rising edge-triggered cell FDRE clocked by ap_clk  {rise@0.000ns fall@1.750ns period=3.500ns})
  Destination:            control_s_axi_U/int_block_out/mem_reg/DINBDIN[5]
                            (rising edge-triggered cell RAMB18E2 clocked by ap_clk  {rise@0.000ns fall@1.750ns period=3.500ns})
  Path Group:             ap_clk
  Path Type:              Setup (Max at Slow Process Corner)
  Requirement:            3.500ns  (ap_clk rise@3.500ns - ap_clk rise@0.000ns)
  Data Path Delay:        3.822ns  (logic 1.080ns (28.257%)  route 2.742ns (71.743%))
  Logic Levels:           8  (CARRY8=3 LUT2=1 LUT3=2 LUT6=2)
  Clock Path Skew:        0.007ns (DCD - SCD + CPR)
    Destination Clock Delay (DCD):    0.048ns = ( 3.548 - 3.500 ) 
    Source Clock Delay      (SCD):    0.041ns
    Clock Pessimism Removal (CPR):    0.000ns
  Clock Uncertainty:      0.035ns  ((TSJ^2 + TIJ^2)^1/2 + DJ) / 2 + PE
    Total System Jitter     (TSJ):    0.071ns
    Total Input Jitter      (TIJ):    0.000ns
    Discrete Jitter          (DJ):    0.000ns
    Phase Error              (PE):    0.000ns

    Location             Delay type                Incr(ns)  Path(ns)    Netlist Resource(s)
  -------------------------------------------------------------------    -------------------
                         (clock ap_clk rise edge)     0.000     0.000 r  
                                                      0.000     0.000 r  ap_clk (IN)
                         net (fo=431, unset)          0.041     0.041    ap_clk
    SLICE_X50Y85         FDRE                                         r  reg_214_reg[1]_replica/C
  -------------------------------------------------------------------    -------------------
    SLICE_X50Y85         FDRE (Prop_AFF_SLICEL_C_Q)
                                                      0.114     0.155 r  reg_214_reg[1]_replica/Q
                         net (fo=2, routed)           0.209     0.364    control_s_axi_U/int_block_out/reg_214[1]_repN_alias
    SLICE_X49Y85         LUT2 (Prop_B6LUT_SLICEL_I0_O)
                                                      0.058     0.422 r  control_s_axi_U/int_block_out/reg_238[7]_i_8/O
                         net (fo=1, routed)           0.013     0.435    control_s_axi_U/int_block_out/reg_238[7]_i_8_n_0
    SLICE_X49Y85         CARRY8 (Prop_CARRY8_SLICEL_S[1]_O[2])
                                                      0.183     0.618 r  control_s_axi_U/int_block_out/reg_238_reg[7]_i_1/O[2]
                         net (fo=5, routed)           0.165     0.783    control_s_axi_U/int_block_out/O[2]
    SLICE_X49Y84         LUT3 (Prop_D5LUT_SLICEL_I2_O)
                                                      0.152     0.935 r  control_s_axi_U/int_block_out/b_6_reg_611[7]_i_7/O
                         net (fo=1, routed)           0.453     1.388    control_s_axi_U/int_block_out/b_6_reg_611[7]_i_7_n_0
    SLICE_X48Y84         CARRY8 (Prop_CARRY8_SLICEL_DI[2]_O[3])
                                                      0.134     1.522 r  control_s_axi_U/int_block_out/b_6_reg_611_reg[7]_i_1/O[3]
                         net (fo=4, routed)           0.491     2.013    control_s_axi_U/int_block_out/reg_214_reg[6][3]
    SLICE_X50Y84         LUT3 (Prop_A6LUT_SLICEL_I2_O)
                                                      0.058     2.071 r  control_s_axi_U/int_block_out/trunc_ln11_8_reg_626[6]_i_6/O
                         net (fo=1, routed)           0.464     2.535    control_s_axi_U/int_block_out/trunc_ln11_8_reg_626[6]_i_6_n_0
    SLICE_X47Y84         CARRY8 (Prop_CARRY8_SLICEL_DI[3]_O[5])
                                                      0.268     2.803 r  control_s_axi_U/int_block_out/trunc_ln11_8_reg_626_reg[6]_i_1/O[5]
                         net (fo=2, routed)           0.615     3.418    control_s_axi_U/int_block_out/a_6_reg_581_reg[14][4]
    SLICE_X50Y81         LUT6 (Prop_C6LUT_SLICEL_I0_O)
                                                      0.056     3.474 r  control_s_axi_U/int_block_out/mem_reg_i_51/O
                         net (fo=1, routed)           0.050     3.524    control_s_axi_U/int_block_out/mem_reg_i_51_n_0
    SLICE_X50Y81         LUT6 (Prop_D6LUT_SLICEL_I4_O)
                                                      0.057     3.581 r  control_s_axi_U/int_block_out/mem_reg_i_15__0/O
                         net (fo=2, routed)           0.282     3.863    control_s_axi_U/int_block_out/mem_reg_i_15__0_n_0
    RAMB18_X2Y31         RAMB18E2                                     r  control_s_axi_U/int_block_out/mem_reg/DINBDIN[5]
  -------------------------------------------------------------------    -------------------

                         (clock ap_clk rise edge)     3.500     3.500 r  
                                                      0.000     3.500 r  ap_clk (IN)
                         net (fo=431, unset)          0.048     3.548    control_s_axi_U/int_block_out/ap_clk
    RAMB18_X2Y31         RAMB18E2                                     r  control_s_axi_U/int_block_out/mem_reg/CLKBWRCLK
                         clock pessimism              0.000     3.548    
                         clock uncertainty           -0.035     3.513    
    RAMB18_X2Y31         RAMB18E2 (Setup_RAMB18E2_U_RAMB181_CLKBWRCLK_DINBDIN[5])
                                                     -0.443     3.070    control_s_axi_U/int_block_out/mem_reg
  -------------------------------------------------------------------
                         required time                          3.070    
                         arrival time                          -3.863    
  -------------------------------------------------------------------
                         slack                                 -0.793    

Slack (VIOLATED) :        -0.784ns  (required time - arrival time)
  Source:                 reg_214_reg[1]_replica/C
                            (rising edge-triggered cell FDRE clocked by ap_clk  {rise@0.000ns fall@1.750ns period=3.500ns})
  Destination:            control_s_axi_U/int_block_out/mem_reg/DINADIN[4]
                            (rising edge-triggered cell RAMB18E2 clocked by ap_clk  {rise@0.000ns fall@1.750ns period=3.500ns})
  Path Group:             ap_clk
  Path Type:              Setup (Max at Slow Process Corner)
  Requirement:            3.500ns  (ap_clk rise@3.500ns - ap_clk rise@0.000ns)
  Data Path Delay:        3.807ns  (logic 1.064ns (27.950%)  route 2.743ns (72.050%))
  Logic Levels:           8  (CARRY8=3 LUT2=1 LUT3=2 LUT6=2)
  Clock Path Skew:        0.007ns (DCD - SCD + CPR)
    Destination Clock Delay (DCD):    0.048ns = ( 3.548 - 3.500 ) 
    Source Clock Delay      (SCD):    0.041ns
    Clock Pessimism Removal (CPR):    0.000ns
  Clock Uncertainty:      0.035ns  ((TSJ^2 + TIJ^2)^1/2 + DJ) / 2 + PE
    Total System Jitter     (TSJ):    0.071ns
    Total Input Jitter      (TIJ):    0.000ns
    Discrete Jitter          (DJ):    0.000ns
    Phase Error              (PE):    0.000ns

    Location             Delay type                Incr(ns)  Path(ns)    Netlist Resource(s)
  -------------------------------------------------------------------    -------------------
                         (clock ap_clk rise edge)     0.000     0.000 r  
                                                      0.000     0.000 r  ap_clk (IN)
                         net (fo=431, unset)          0.041     0.041    ap_clk
    SLICE_X50Y85         FDRE                                         r  reg_214_reg[1]_replica/C
  -------------------------------------------------------------------    -------------------
    SLICE_X50Y85         FDRE (Prop_AFF_SLICEL_C_Q)
                                                      0.114     0.155 r  reg_214_reg[1]_replica/Q
                         net (fo=2, routed)           0.209     0.364    control_s_axi_U/int_block_out/reg_214[1]_repN_alias
    SLICE_X49Y85         LUT2 (Prop_B6LUT_SLICEL_I0_O)
                                                      0.058     0.422 r  control_s_axi_U/int_block_out/reg_238[7]_i_8/O
                         net (fo=1, routed)           0.013     0.435    control_s_axi_U/int_block_out/reg_238[7]_i_8_n_0
    SLICE_X49Y85         CARRY8 (Prop_CARRY8_SLICEL_S[1]_O[2])
                                                      0.183     0.618 r  control_s_axi_U/int_block_out/reg_238_reg[7]_i_1/O[2]
                         net (fo=5, routed)           0.165     0.783    control_s_axi_U/int_block_out/O[2]
    SLICE_X49Y84         LUT3 (Prop_D5LUT_SLICEL_I2_O)
                                                      0.152     0.935 r  control_s_axi_U/int_block_out/b_6_reg_611[7]_i_7/O
                         net (fo=1, routed)           0.453     1.388    control_s_axi_U/int_block_out/b_6_reg_611[7]_i_7_n_0
    SLICE_X48Y84         CARRY8 (Prop_CARRY8_SLICEL_DI[2]_O[3])
                                                      0.134     1.522 r  control_s_axi_U/int_block_out/b_6_reg_611_reg[7]_i_1/O[3]
                         net (fo=4, routed)           0.491     2.013    control_s_axi_U/int_block_out/reg_214_reg[6][3]
    SLICE_X50Y84         LUT3 (Prop_A6LUT_SLICEL_I2_O)
                                                      0.058     2.071 r  control_s_axi_U/int_block_out/trunc_ln11_8_reg_626[6]_i_6/O
                         net (fo=1, routed)           0.464     2.535    control_s_axi_U/int_block_out/trunc_ln11_8_reg_626[6]_i_6_n_0
    SLICE_X47Y84         CARRY8 (Prop_CARRY8_SLICEL_DI[3]_O[4])
                                                      0.227     2.762 r  control_s_axi_U/int_block_out/trunc_ln11_8_reg_626_reg[6]_i_1/O[4]
                         net (fo=2, routed)           0.572     3.334    control_s_axi_U/int_block_out/a_6_reg_581_reg[14][3]
    SLICE_X49Y80         LUT6 (Prop_C6LUT_SLICEL_I0_O)
                                                      0.081     3.415 r  control_s_axi_U/int_block_out/mem_reg_i_53/O
                         net (fo=1, routed)           0.050     3.465    control_s_axi_U/int_block_out/mem_reg_i_53_n_0
    SLICE_X49Y80         LUT6 (Prop_D6LUT_SLICEL_I4_O)
                                                      0.057     3.522 r  control_s_axi_U/int_block_out/mem_reg_i_16__0/O
                         net (fo=2, routed)           0.326     3.848    control_s_axi_U/int_block_out/mem_reg_i_16__0_n_0
    RAMB18_X2Y31         RAMB18E2                                     r  control_s_axi_U/int_block_out/mem_reg/DINADIN[4]
  -------------------------------------------------------------------    -------------------

                         (clock ap_clk rise edge)     3.500     3.500 r  
                                                      0.000     3.500 r  ap_clk (IN)
                         net (fo=431, unset)          0.048     3.548    control_s_axi_U/int_block_out/ap_clk
    RAMB18_X2Y31         RAMB18E2                                     r  control_s_axi_U/int_block_out/mem_reg/CLKBWRCLK
                         clock pessimism              0.000     3.548    
                         clock uncertainty           -0.035     3.513    
    RAMB18_X2Y31         RAMB18E2 (Setup_RAMB18E2_U_RAMB181_CLKBWRCLK_DINADIN[4])
                                                     -0.449     3.064    control_s_axi_U/int_block_out/mem_reg
  -------------------------------------------------------------------
                         required time                          3.064    
                         arrival time                          -3.848    
  -------------------------------------------------------------------
                         slack                                 -0.784    

Slack (VIOLATED) :        -0.731ns  (required time - arrival time)
  Source:                 reg_214_reg[1]_replica/C
                            (rising edge-triggered cell FDRE clocked by ap_clk  {rise@0.000ns fall@1.750ns period=3.500ns})
  Destination:            control_s_axi_U/int_block_out/mem_reg/DINADIN[5]
                            (rising edge-triggered cell RAMB18E2 clocked by ap_clk  {rise@0.000ns fall@1.750ns period=3.500ns})
  Path Group:             ap_clk
  Path Type:              Setup (Max at Slow Process Corner)
  Requirement:            3.500ns  (ap_clk rise@3.500ns - ap_clk rise@0.000ns)
  Data Path Delay:        3.783ns  (logic 1.080ns (28.548%)  route 2.703ns (71.452%))
  Logic Levels:           8  (CARRY8=3 LUT2=1 LUT3=2 LUT6=2)
  Clock Path Skew:        0.007ns (DCD - SCD + CPR)
    Destination Clock Delay (DCD):    0.048ns = ( 3.548 - 3.500 ) 
    Source Clock Delay      (SCD):    0.041ns
    Clock Pessimism Removal (CPR):    0.000ns
  Clock Uncertainty:      0.035ns  ((TSJ^2 + TIJ^2)^1/2 + DJ) / 2 + PE
    Total System Jitter     (TSJ):    0.071ns
    Total Input Jitter      (TIJ):    0.000ns
    Discrete Jitter          (DJ):    0.000ns
    Phase Error              (PE):    0.000ns

    Location             Delay type                Incr(ns)  Path(ns)    Netlist Resource(s)
  -------------------------------------------------------------------    -------------------
                         (clock ap_clk rise edge)     0.000     0.000 r  
                                                      0.000     0.000 r  ap_clk (IN)
                         net (fo=431, unset)          0.041     0.041    ap_clk
    SLICE_X50Y85         FDRE                                         r  reg_214_reg[1]_replica/C
  -------------------------------------------------------------------    -------------------
    SLICE_X50Y85         FDRE (Prop_AFF_SLICEL_C_Q)
                                                      0.114     0.155 r  reg_214_reg[1]_replica/Q
                         net (fo=2, routed)           0.209     0.364    control_s_axi_U/int_block_out/reg_214[1]_repN_alias
    SLICE_X49Y85         LUT2 (Prop_B6LUT_SLICEL_I0_O)
                                                      0.058     0.422 r  control_s_axi_U/int_block_out/reg_238[7]_i_8/O
                         net (fo=1, routed)           0.013     0.435    control_s_axi_U/int_block_out/reg_238[7]_i_8_n_0
    SLICE_X49Y85         CARRY8 (Prop_CARRY8_SLICEL_S[1]_O[2])
                                                      0.183     0.618 r  control_s_axi_U/int_block_out/reg_238_reg[7]_i_1/O[2]
                         net (fo=5, routed)           0.165     0.783    control_s_axi_U/int_block_out/O[2]
    SLICE_X49Y84         LUT3 (Prop_D5LUT_SLICEL_I2_O)
                                                      0.152     0.935 r  control_s_axi_U/int_block_out/b_6_reg_611[7]_i_7/O
                         net (fo=1, routed)           0.453     1.388    control_s_axi_U/int_block_out/b_6_reg_611[7]_i_7_n_0
    SLICE_X48Y84         CARRY8 (Prop_CARRY8_SLICEL_DI[2]_O[3])
                                                      0.134     1.522 r  control_s_axi_U/int_block_out/b_6_reg_611_reg[7]_i_1/O[3]
                         net (fo=4, routed)           0.491     2.013    control_s_axi_U/int_block_out/reg_214_reg[6][3]
    SLICE_X50Y84         LUT3 (Prop_A6LUT_SLICEL_I2_O)
                                                      0.058     2.071 r  control_s_axi_U/int_block_out/trunc_ln11_8_reg_626[6]_i_6/O
                         net (fo=1, routed)           0.464     2.535    control_s_axi_U/int_block_out/trunc_ln11_8_reg_626[6]_i_6_n_0
    SLICE_X47Y84         CARRY8 (Prop_CARRY8_SLICEL_DI[3]_O[5])
                                                      0.268     2.803 r  control_s_axi_U/int_block_out/trunc_ln11_8_reg_626_reg[6]_i_1/O[5]
                         net (fo=2, routed)           0.615     3.418    control_s_axi_U/int_block_out/a_6_reg_581_reg[14][4]
    SLICE_X50Y81         LUT6 (Prop_C6LUT_SLICEL_I0_O)
                                                      0.056     3.474 r  control_s_axi_U/int_block_out/mem_reg_i_51/O
                         net (fo=1, routed)           0.050     3.524    control_s_axi_U/int_block_out/mem_reg_i_51_n_0
    SLICE_X50Y81         LUT6 (Prop_D6LUT_SLICEL_I4_O)
                                                      0.057     3.581 r  control_s_axi_U/int_block_out/mem_reg_i_15__0/O
                         net (fo=2, routed)           0.243     3.824    control_s_axi_U/int_block_out/mem_reg_i_15__0_n_0
    RAMB18_X2Y31         RAMB18E2                                     r  control_s_axi_U/int_block_out/mem_reg/DINADIN[5]
  -------------------------------------------------------------------    -------------------

                         (clock ap_clk rise edge)     3.500     3.500 r  
                                                      0.000     3.500 r  ap_clk (IN)
                         net (fo=431, unset)          0.048     3.548    control_s_axi_U/int_block_out/ap_clk
    RAMB18_X2Y31         RAMB18E2                                     r  control_s_axi_U/int_block_out/mem_reg/CLKBWRCLK
                         clock pessimism              0.000     3.548    
                         clock uncertainty           -0.035     3.513    
    RAMB18_X2Y31         RAMB18E2 (Setup_RAMB18E2_U_RAMB181_CLKBWRCLK_DINADIN[5])
                                                     -0.420     3.093    control_s_axi_U/int_block_out/mem_reg
  -------------------------------------------------------------------
                         required time                          3.093    
                         arrival time                          -3.824    
  -------------------------------------------------------------------
                         slack                                 -0.731    

Slack (VIOLATED) :        -0.731ns  (required time - arrival time)
  Source:                 reg_214_reg[1]_replica/C
                            (rising edge-triggered cell FDRE clocked by ap_clk  {rise@0.000ns fall@1.750ns period=3.500ns})
  Destination:            control_s_axi_U/int_block_out/mem_reg/DINBDIN[6]
                            (rising edge-triggered cell RAMB18E2 clocked by ap_clk  {rise@0.000ns fall@1.750ns period=3.500ns})
  Path Group:             ap_clk
  Path Type:              Setup (Max at Slow Process Corner)
  Requirement:            3.500ns  (ap_clk rise@3.500ns - ap_clk rise@0.000ns)
  Data Path Delay:        3.783ns  (logic 1.114ns (29.451%)  route 2.669ns (70.549%))
  Logic Levels:           8  (CARRY8=3 LUT2=1 LUT3=2 LUT6=2)
  Clock Path Skew:        0.007ns (DCD - SCD + CPR)
    Destination Clock Delay (DCD):    0.048ns = ( 3.548 - 3.500 ) 
    Source Clock Delay      (SCD):    0.041ns
    Clock Pessimism Removal (CPR):    0.000ns
  Clock Uncertainty:      0.035ns  ((TSJ^2 + TIJ^2)^1/2 + DJ) / 2 + PE
    Total System Jitter     (TSJ):    0.071ns
    Total Input Jitter      (TIJ):    0.000ns
    Discrete Jitter          (DJ):    0.000ns
    Phase Error              (PE):    0.000ns

    Location             Delay type                Incr(ns)  Path(ns)    Netlist Resource(s)
  -------------------------------------------------------------------    -------------------
                         (clock ap_clk rise edge)     0.000     0.000 r  
                                                      0.000     0.000 r  ap_clk (IN)
                         net (fo=431, unset)          0.041     0.041    ap_clk
    SLICE_X50Y85         FDRE                                         r  reg_214_reg[1]_replica/C
  -------------------------------------------------------------------    -------------------
    SLICE_X50Y85         FDRE (Prop_AFF_SLICEL_C_Q)
                                                      0.114     0.155 r  reg_214_reg[1]_replica/Q
                         net (fo=2, routed)           0.209     0.364    control_s_axi_U/int_block_out/reg_214[1]_repN_alias
    SLICE_X49Y85         LUT2 (Prop_B6LUT_SLICEL_I0_O)
                                                      0.058     0.422 r  control_s_axi_U/int_block_out/reg_238[7]_i_8/O
                         net (fo=1, routed)           0.013     0.435    control_s_axi_U/int_block_out/reg_238[7]_i_8_n_0
    SLICE_X49Y85         CARRY8 (Prop_CARRY8_SLICEL_S[1]_O[2])
                                                      0.183     0.618 r  control_s_axi_U/int_block_out/reg_238_reg[7]_i_1/O[2]
                         net (fo=5, routed)           0.165     0.783    control_s_axi_U/int_block_out/O[2]
    SLICE_X49Y84         LUT3 (Prop_D5LUT_SLICEL_I2_O)
                                                      0.152     0.935 r  control_s_axi_U/int_block_out/b_6_reg_611[7]_i_7/O
                         net (fo=1, routed)           0.453     1.388    control_s_axi_U/int_block_out/b_6_reg_611[7]_i_7_n_0
    SLICE_X48Y84         CARRY8 (Prop_CARRY8_SLICEL_DI[2]_O[4])
                                                      0.241     1.629 r  control_s_axi_U/int_block_out/b_6_reg_611_reg[7]_i_1/O[4]
                         net (fo=4, routed)           0.457     2.086    control_s_axi_U/int_block_out/reg_214_reg[6][4]
    SLICE_X50Y84         LUT3 (Prop_G6LUT_SLICEL_I2_O)
                                                      0.057     2.143 r  control_s_axi_U/int_block_out/trunc_ln11_8_reg_626[6]_i_5/O
                         net (fo=1, routed)           0.519     2.662    control_s_axi_U/int_block_out/trunc_ln11_8_reg_626[6]_i_5_n_0
    SLICE_X47Y84         CARRY8 (Prop_CARRY8_SLICEL_DI[4]_O[6])
                                                      0.169     2.831 r  control_s_axi_U/int_block_out/trunc_ln11_8_reg_626_reg[6]_i_1/O[6]
                         net (fo=2, routed)           0.492     3.323    control_s_axi_U/int_block_out/a_6_reg_581_reg[14][5]
    SLICE_X51Y84         LUT6 (Prop_A6LUT_SLICEL_I0_O)
                                                      0.082     3.405 r  control_s_axi_U/int_block_out/mem_reg_i_49/O
                         net (fo=1, routed)           0.104     3.509    control_s_axi_U/int_block_out/mem_reg_i_49_n_0
    SLICE_X51Y81         LUT6 (Prop_H6LUT_SLICEL_I4_O)
                                                      0.058     3.567 r  control_s_axi_U/int_block_out/mem_reg_i_14__0/O
                         net (fo=2, routed)           0.257     3.824    control_s_axi_U/int_block_out/mem_reg_i_14__0_n_0
    RAMB18_X2Y31         RAMB18E2                                     r  control_s_axi_U/int_block_out/mem_reg/DINBDIN[6]
  -------------------------------------------------------------------    -------------------

                         (clock ap_clk rise edge)     3.500     3.500 r  
                                                      0.000     3.500 r  ap_clk (IN)
                         net (fo=431, unset)          0.048     3.548    control_s_axi_U/int_block_out/ap_clk
    RAMB18_X2Y31         RAMB18E2                                     r  control_s_axi_U/int_block_out/mem_reg/CLKBWRCLK
                         clock pessimism              0.000     3.548    
                         clock uncertainty           -0.035     3.513    
    RAMB18_X2Y31         RAMB18E2 (Setup_RAMB18E2_U_RAMB181_CLKBWRCLK_DINBDIN[6])
                                                     -0.420     3.093    control_s_axi_U/int_block_out/mem_reg
  -------------------------------------------------------------------
                         required time                          3.093    
                         arrival time                          -3.824    
  -------------------------------------------------------------------
                         slack                                 -0.731    

Slack (VIOLATED) :        -0.715ns  (required time - arrival time)
  Source:                 reg_214_reg[1]_replica/C
                            (rising edge-triggered cell FDRE clocked by ap_clk  {rise@0.000ns fall@1.750ns period=3.500ns})
  Destination:            control_s_axi_U/int_block_out/mem_reg/DINBDIN[4]
                            (rising edge-triggered cell RAMB18E2 clocked by ap_clk  {rise@0.000ns fall@1.750ns period=3.500ns})
  Path Group:             ap_clk
  Path Type:              Setup (Max at Slow Process Corner)
  Requirement:            3.500ns  (ap_clk rise@3.500ns - ap_clk rise@0.000ns)
  Data Path Delay:        3.795ns  (logic 1.064ns (28.039%)  route 2.731ns (71.961%))
  Logic Levels:           8  (CARRY8=3 LUT2=1 LUT3=2 LUT6=2)
  Clock Path Skew:        0.007ns (DCD - SCD + CPR)
    Destination Clock Delay (DCD):    0.048ns = ( 3.548 - 3.500 ) 
    Source Clock Delay      (SCD):    0.041ns
    Clock Pessimism Removal (CPR):    0.000ns
  Clock Uncertainty:      0.035ns  ((TSJ^2 + TIJ^2)^1/2 + DJ) / 2 + PE
    Total System Jitter     (TSJ):    0.071ns
    Total Input Jitter      (TIJ):    0.000ns
    Discrete Jitter          (DJ):    0.000ns
    Phase Error              (PE):    0.000ns

    Location             Delay type                Incr(ns)  Path(ns)    Netlist Resource(s)
  -------------------------------------------------------------------    -------------------
                         (clock ap_clk rise edge)     0.000     0.000 r  
                                                      0.000     0.000 r  ap_clk (IN)
                         net (fo=431, unset)          0.041     0.041    ap_clk
    SLICE_X50Y85         FDRE                                         r  reg_214_reg[1]_replica/C
  -------------------------------------------------------------------    -------------------
    SLICE_X50Y85         FDRE (Prop_AFF_SLICEL_C_Q)
                                                      0.114     0.155 r  reg_214_reg[1]_replica/Q
                         net (fo=2, routed)           0.209     0.364    control_s_axi_U/int_block_out/reg_214[1]_repN_alias
    SLICE_X49Y85         LUT2 (Prop_B6LUT_SLICEL_I0_O)
                                                      0.058     0.422 r  control_s_axi_U/int_block_out/reg_238[7]_i_8/O
                         net (fo=1, routed)           0.013     0.435    control_s_axi_U/int_block_out/reg_238[7]_i_8_n_0
    SLICE_X49Y85         CARRY8 (Prop_CARRY8_SLICEL_S[1]_O[2])
                                                      0.183     0.618 r  control_s_axi_U/int_block_out/reg_238_reg[7]_i_1/O[2]
                         net (fo=5, routed)           0.165     0.783    control_s_axi_U/int_block_out/O[2]
    SLICE_X49Y84         LUT3 (Prop_D5LUT_SLICEL_I2_O)
                                                      0.152     0.935 r  control_s_axi_U/int_block_out/b_6_reg_611[7]_i_7/O
                         net (fo=1, routed)           0.453     1.388    control_s_axi_U/int_block_out/b_6_reg_611[7]_i_7_n_0
    SLICE_X48Y84         CARRY8 (Prop_CARRY8_SLICEL_DI[2]_O[3])
                                                      0.134     1.522 r  control_s_axi_U/int_block_out/b_6_reg_611_reg[7]_i_1/O[3]
                         net (fo=4, routed)           0.491     2.013    control_s_axi_U/int_block_out/reg_214_reg[6][3]
    SLICE_X50Y84         LUT3 (Prop_A6LUT_SLICEL_I2_O)
                                                      0.058     2.071 r  control_s_axi_U/int_block_out/trunc_ln11_8_reg_626[6]_i_6/O
                         net (fo=1, routed)           0.464     2.535    control_s_axi_U/int_block_out/trunc_ln11_8_reg_626[6]_i_6_n_0
    SLICE_X47Y84         CARRY8 (Prop_CARRY8_SLICEL_DI[3]_O[4])
                                                      0.227     2.762 r  control_s_axi_U/int_block_out/trunc_ln11_8_reg_626_reg[6]_i_1/O[4]
                         net (fo=2, routed)           0.572     3.334    control_s_axi_U/int_block_out/a_6_reg_581_reg[14][3]
    SLICE_X49Y80         LUT6 (Prop_C6LUT_SLICEL_I0_O)
                                                      0.081     3.415 r  control_s_axi_U/int_block_out/mem_reg_i_53/O
                         net (fo=1, routed)           0.050     3.465    control_s_axi_U/int_block_out/mem_reg_i_53_n_0
    SLICE_X49Y80         LUT6 (Prop_D6LUT_SLICEL_I4_O)
                                                      0.057     3.522 r  control_s_axi_U/int_block_out/mem_reg_i_16__0/O
                         net (fo=2, routed)           0.314     3.836    control_s_axi_U/int_block_out/mem_reg_i_16__0_n_0
    RAMB18_X2Y31         RAMB18E2                                     r  control_s_axi_U/int_block_out/mem_reg/DINBDIN[4]
  -------------------------------------------------------------------    -------------------

                         (clock ap_clk rise edge)     3.500     3.500 r  
                                                      0.000     3.500 r  ap_clk (IN)
                         net (fo=431, unset)          0.048     3.548    control_s_axi_U/int_block_out/ap_clk
    RAMB18_X2Y31         RAMB18E2                                     r  control_s_axi_U/int_block_out/mem_reg/CLKBWRCLK
                         clock pessimism              0.000     3.548    
                         clock uncertainty           -0.035     3.513    
    RAMB18_X2Y31         RAMB18E2 (Setup_RAMB18E2_U_RAMB181_CLKBWRCLK_DINBDIN[4])
                                                     -0.392     3.121    control_s_axi_U/int_block_out/mem_reg
  -------------------------------------------------------------------
                         required time                          3.121    
                         arrival time                          -3.836    
  -------------------------------------------------------------------
                         slack                                 -0.715    

Slack (VIOLATED) :        -0.707ns  (required time - arrival time)
  Source:                 a_7_reg_575_reg[4]/C
                            (rising edge-triggered cell FDRE clocked by ap_clk  {rise@0.000ns fall@1.750ns period=3.500ns})
  Destination:            control_s_axi_U/int_block_out/mem_reg/DINBDIN[13]
                            (rising edge-triggered cell RAMB18E2 clocked by ap_clk  {rise@0.000ns fall@1.750ns period=3.500ns})
  Path Group:             ap_clk
  Path Type:              Setup (Max at Slow Process Corner)
  Requirement:            3.500ns  (ap_clk rise@3.500ns - ap_clk rise@0.000ns)
  Data Path Delay:        3.735ns  (logic 1.093ns (29.265%)  route 2.642ns (70.735%))
  Logic Levels:           7  (CARRY8=3 LUT2=1 LUT3=1 LUT5=1 LUT6=1)
  Clock Path Skew:        0.006ns (DCD - SCD + CPR)
    Destination Clock Delay (DCD):    0.048ns = ( 3.548 - 3.500 ) 
    Source Clock Delay      (SCD):    0.042ns
    Clock Pessimism Removal (CPR):    0.000ns
  Clock Uncertainty:      0.035ns  ((TSJ^2 + TIJ^2)^1/2 + DJ) / 2 + PE
    Total System Jitter     (TSJ):    0.071ns
    Total Input Jitter      (TIJ):    0.000ns
    Discrete Jitter          (DJ):    0.000ns
    Phase Error              (PE):    0.000ns

    Location             Delay type                Incr(ns)  Path(ns)    Netlist Resource(s)
  -------------------------------------------------------------------    -------------------
                         (clock ap_clk rise edge)     0.000     0.000 r  
                                                      0.000     0.000 r  ap_clk (IN)
                         net (fo=431, unset)          0.042     0.042    ap_clk
    SLICE_X49Y81         FDRE                                         r  a_7_reg_575_reg[4]/C
  -------------------------------------------------------------------    -------------------
    SLICE_X49Y81         FDRE (Prop_EFF_SLICEL_C_Q)
                                                      0.114     0.156 r  a_7_reg_575_reg[4]/Q
                         net (fo=5, routed)           0.513     0.669    control_s_axi_U/int_block_out/b_7_reg_631_reg[15][4]
    SLICE_X48Y82         LUT2 (Prop_E6LUT_SLICEL_I0_O)
                                                      0.152     0.821 r  control_s_axi_U/int_block_out/b_7_reg_631[7]_i_5/O
                         net (fo=1, routed)           0.011     0.832    control_s_axi_U/int_block_out/b_7_reg_631[7]_i_5_n_0
    SLICE_X48Y82         CARRY8 (Prop_CARRY8_SLICEL_S[4]_CO[7])
                                                      0.232     1.064 r  control_s_axi_U/int_block_out/b_7_reg_631_reg[7]_i_1/CO[7]
                         net (fo=1, routed)           0.030     1.094    control_s_axi_U/int_block_out/b_7_reg_631_reg[7]_i_1_n_0
    SLICE_X48Y83         CARRY8 (Prop_CARRY8_SLICEL_CI_O[0])
                                                      0.086     1.180 r  control_s_axi_U/int_block_out/b_7_reg_631_reg[15]_i_1/O[0]
                         net (fo=4, routed)           0.541     1.721    control_s_axi_U/int_block_out/a_7_reg_575_reg[14]_0[0]
    SLICE_X49Y80         LUT3 (Prop_E6LUT_SLICEL_I2_O)
                                                      0.057     1.778 r  control_s_axi_U/int_block_out/mem_reg_i_92/O
                         net (fo=1, routed)           0.538     2.316    control_s_axi_U/int_block_out/mem_reg_i_92_n_0
    SLICE_X47Y83         CARRY8 (Prop_CARRY8_SLICEL_DI[0]_O[5])
                                                      0.313     2.629 r  control_s_axi_U/int_block_out/mem_reg_i_77/O[5]
                         net (fo=3, routed)           0.274     2.903    control_s_axi_U/int_block_out/a_7_reg_575_reg[14][12]
    SLICE_X44Y83         LUT5 (Prop_B6LUT_SLICEL_I2_O)
                                                      0.058     2.961 r  control_s_axi_U/int_block_out/mem_reg_i_67/O
                         net (fo=1, routed)           0.207     3.168    control_s_axi_U/int_block_out/mem_reg_i_67_n_0
    SLICE_X44Y83         LUT6 (Prop_D6LUT_SLICEL_I5_O)
                                                      0.081     3.249 r  control_s_axi_U/int_block_out/mem_reg_i_23/O
                         net (fo=1, routed)           0.528     3.777    control_s_axi_U/int_block_out/p_1_in[29]
    RAMB18_X2Y31         RAMB18E2                                     r  control_s_axi_U/int_block_out/mem_reg/DINBDIN[13]
  -------------------------------------------------------------------    -------------------

                         (clock ap_clk rise edge)     3.500     3.500 r  
                                                      0.000     3.500 r  ap_clk (IN)
                         net (fo=431, unset)          0.048     3.548    control_s_axi_U/int_block_out/ap_clk
    RAMB18_X2Y31         RAMB18E2                                     r  control_s_axi_U/int_block_out/mem_reg/CLKBWRCLK
                         clock pessimism              0.000     3.548    
                         clock uncertainty           -0.035     3.513    
    RAMB18_X2Y31         RAMB18E2 (Setup_RAMB18E2_U_RAMB181_CLKBWRCLK_DINBDIN[13])
                                                     -0.443     3.070    control_s_axi_U/int_block_out/mem_reg
  -------------------------------------------------------------------
                         required time                          3.070    
                         arrival time                          -3.777    
  -------------------------------------------------------------------
                         slack                                 -0.707    

Slack (VIOLATED) :        -0.685ns  (required time - arrival time)
  Source:                 reg_214_reg[1]_replica/C
                            (rising edge-triggered cell FDRE clocked by ap_clk  {rise@0.000ns fall@1.750ns period=3.500ns})
  Destination:            control_s_axi_U/int_block_out/mem_reg/DINADIN[6]
                            (rising edge-triggered cell RAMB18E2 clocked by ap_clk  {rise@0.000ns fall@1.750ns period=3.500ns})
  Path Group:             ap_clk
  Path Type:              Setup (Max at Slow Process Corner)
  Requirement:            3.500ns  (ap_clk rise@3.500ns - ap_clk rise@0.000ns)
  Data Path Delay:        3.748ns  (logic 1.114ns (29.726%)  route 2.634ns (70.274%))
  Logic Levels:           8  (CARRY8=3 LUT2=1 LUT3=2 LUT6=2)
  Clock Path Skew:        0.007ns (DCD - SCD + CPR)
    Destination Clock Delay (DCD):    0.048ns = ( 3.548 - 3.500 ) 
    Source Clock Delay      (SCD):    0.041ns
    Clock Pessimism Removal (CPR):    0.000ns
  Clock Uncertainty:      0.035ns  ((TSJ^2 + TIJ^2)^1/2 + DJ) / 2 + PE
    Total System Jitter     (TSJ):    0.071ns
    Total Input Jitter      (TIJ):    0.000ns
    Discrete Jitter          (DJ):    0.000ns
    Phase Error              (PE):    0.000ns

    Location             Delay type                Incr(ns)  Path(ns)    Netlist Resource(s)
  -------------------------------------------------------------------    -------------------
                         (clock ap_clk rise edge)     0.000     0.000 r  
                                                      0.000     0.000 r  ap_clk (IN)
                         net (fo=431, unset)          0.041     0.041    ap_clk
    SLICE_X50Y85         FDRE                                         r  reg_214_reg[1]_replica/C
  -------------------------------------------------------------------    -------------------
    SLICE_X50Y85         FDRE (Prop_AFF_SLICEL_C_Q)
                                                      0.114     0.155 r  reg_214_reg[1]_replica/Q
                         net (fo=2, routed)           0.209     0.364    control_s_axi_U/int_block_out/reg_214[1]_repN_alias
    SLICE_X49Y85         LUT2 (Prop_B6LUT_SLICEL_I0_O)
                                                      0.058     0.422 r  control_s_axi_U/int_block_out/reg_238[7]_i_8/O
                         net (fo=1, routed)           0.013     0.435    control_s_axi_U/int_block_out/reg_238[7]_i_8_n_0
    SLICE_X49Y85         CARRY8 (Prop_CARRY8_SLICEL_S[1]_O[2])
                                                      0.183     0.618 r  control_s_axi_U/int_block_out/reg_238_reg[7]_i_1/O[2]
                         net (fo=5, routed)           0.165     0.783    control_s_axi_U/int_block_out/O[2]
    SLICE_X49Y84         LUT3 (Prop_D5LUT_SLICEL_I2_O)
                                                      0.152     0.935 r  control_s_axi_U/int_block_out/b_6_reg_611[7]_i_7/O
                         net (fo=1, routed)           0.453     1.388    control_s_axi_U/int_block_out/b_6_reg_611[7]_i_7_n_0
    SLICE_X48Y84         CARRY8 (Prop_CARRY8_SLICEL_DI[2]_O[4])
                                                      0.241     1.629 r  control_s_axi_U/int_block_out/b_6_reg_611_reg[7]_i_1/O[4]
                         net (fo=4, routed)           0.457     2.086    control_s_axi_U/int_block_out/reg_214_reg[6][4]
    SLICE_X50Y84         LUT3 (Prop_G6LUT_SLICEL_I2_O)
                                                      0.057     2.143 r  control_s_axi_U/int_block_out/trunc_ln11_8_reg_626[6]_i_5/O
                         net (fo=1, routed)           0.519     2.662    control_s_axi_U/int_block_out/trunc_ln11_8_reg_626[6]_i_5_n_0
    SLICE_X47Y84         CARRY8 (Prop_CARRY8_SLICEL_DI[4]_O[6])
                                                      0.169     2.831 r  control_s_axi_U/int_block_out/trunc_ln11_8_reg_626_reg[6]_i_1/O[6]
                         net (fo=2, routed)           0.492     3.323    control_s_axi_U/int_block_out/a_6_reg_581_reg[14][5]
    SLICE_X51Y84         LUT6 (Prop_A6LUT_SLICEL_I0_O)
                                                      0.082     3.405 r  control_s_axi_U/int_block_out/mem_reg_i_49/O
                         net (fo=1, routed)           0.104     3.509    control_s_axi_U/int_block_out/mem_reg_i_49_n_0
    SLICE_X51Y81         LUT6 (Prop_H6LUT_SLICEL_I4_O)
                                                      0.058     3.567 r  control_s_axi_U/int_block_out/mem_reg_i_14__0/O
                         net (fo=2, routed)           0.222     3.789    control_s_axi_U/int_block_out/mem_reg_i_14__0_n_0
    RAMB18_X2Y31         RAMB18E2                                     r  control_s_axi_U/int_block_out/mem_reg/DINADIN[6]
  -------------------------------------------------------------------    -------------------

                         (clock ap_clk rise edge)     3.500     3.500 r  
                                                      0.000     3.500 r  ap_clk (IN)
                         net (fo=431, unset)          0.048     3.548    control_s_axi_U/int_block_out/ap_clk
    RAMB18_X2Y31         RAMB18E2                                     r  control_s_axi_U/int_block_out/mem_reg/CLKBWRCLK
                         clock pessimism              0.000     3.548    
                         clock uncertainty           -0.035     3.513    
    RAMB18_X2Y31         RAMB18E2 (Setup_RAMB18E2_U_RAMB181_CLKBWRCLK_DINADIN[6])
                                                     -0.409     3.104    control_s_axi_U/int_block_out/mem_reg
  -------------------------------------------------------------------
                         required time                          3.104    
                         arrival time                          -3.789    
  -------------------------------------------------------------------
                         slack                                 -0.685    

Slack (VIOLATED) :        -0.636ns  (required time - arrival time)
  Source:                 a_7_reg_575_reg[4]/C
                            (rising edge-triggered cell FDRE clocked by ap_clk  {rise@0.000ns fall@1.750ns period=3.500ns})
  Destination:            control_s_axi_U/int_block_out/mem_reg/DINBDIN[15]
                            (rising edge-triggered cell RAMB18E2 clocked by ap_clk  {rise@0.000ns fall@1.750ns period=3.500ns})
  Path Group:             ap_clk
  Path Type:              Setup (Max at Slow Process Corner)
  Requirement:            3.500ns  (ap_clk rise@3.500ns - ap_clk rise@0.000ns)
  Data Path Delay:        3.668ns  (logic 1.100ns (29.991%)  route 2.568ns (70.009%))
  Logic Levels:           7  (CARRY8=3 LUT2=1 LUT3=1 LUT5=1 LUT6=1)
  Clock Path Skew:        0.006ns (DCD - SCD + CPR)
    Destination Clock Delay (DCD):    0.048ns = ( 3.548 - 3.500 ) 
    Source Clock Delay      (SCD):    0.042ns
    Clock Pessimism Removal (CPR):    0.000ns
  Clock Uncertainty:      0.035ns  ((TSJ^2 + TIJ^2)^1/2 + DJ) / 2 + PE
    Total System Jitter     (TSJ):    0.071ns
    Total Input Jitter      (TIJ):    0.000ns
    Discrete Jitter          (DJ):    0.000ns
    Phase Error              (PE):    0.000ns

    Location             Delay type                Incr(ns)  Path(ns)    Netlist Resource(s)
  -------------------------------------------------------------------    -------------------
                         (clock ap_clk rise edge)     0.000     0.000 r  
                                                      0.000     0.000 r  ap_clk (IN)
                         net (fo=431, unset)          0.042     0.042    ap_clk
    SLICE_X49Y81         FDRE                                         r  a_7_reg_575_reg[4]/C
  -------------------------------------------------------------------    -------------------
    SLICE_X49Y81         FDRE (Prop_EFF_SLICEL_C_Q)
                                                      0.114     0.156 r  a_7_reg_575_reg[4]/Q
                         net (fo=5, routed)           0.513     0.669    control_s_axi_U/int_block_out/b_7_reg_631_reg[15][4]
    SLICE_X48Y82         LUT2 (Prop_E6LUT_SLICEL_I0_O)
                                                      0.152     0.821 r  control_s_axi_U/int_block_out/b_7_reg_631[7]_i_5/O
                         net (fo=1, routed)           0.011     0.832    control_s_axi_U/int_block_out/b_7_reg_631[7]_i_5_n_0
    SLICE_X48Y82         CARRY8 (Prop_CARRY8_SLICEL_S[4]_CO[7])
                                                      0.232     1.064 r  control_s_axi_U/int_block_out/b_7_reg_631_reg[7]_i_1/CO[7]
                         net (fo=1, routed)           0.030     1.094    control_s_axi_U/int_block_out/b_7_reg_631_reg[7]_i_1_n_0
    SLICE_X48Y83         CARRY8 (Prop_CARRY8_SLICEL_CI_O[0])
                                                      0.086     1.180 r  control_s_axi_U/int_block_out/b_7_reg_631_reg[15]_i_1/O[0]
                         net (fo=4, routed)           0.541     1.721    control_s_axi_U/int_block_out/a_7_reg_575_reg[14]_0[0]
    SLICE_X49Y80         LUT3 (Prop_E6LUT_SLICEL_I2_O)
                                                      0.057     1.778 r  control_s_axi_U/int_block_out/mem_reg_i_92/O
                         net (fo=1, routed)           0.538     2.316    control_s_axi_U/int_block_out/mem_reg_i_92_n_0
    SLICE_X47Y83         CARRY8 (Prop_CARRY8_SLICEL_DI[0]_O[7])
                                                      0.319     2.635 r  control_s_axi_U/int_block_out/mem_reg_i_77/O[7]
                         net (fo=4, routed)           0.371     3.006    control_s_axi_U/int_block_out/a_7_reg_575_reg[14][14]
    SLICE_X46Y86         LUT5 (Prop_B6LUT_SLICEL_I2_O)
                                                      0.058     3.064 r  control_s_axi_U/int_block_out/mem_reg_i_65/O
                         net (fo=1, routed)           0.050     3.114    control_s_axi_U/int_block_out/mem_reg_i_65_n_0
    SLICE_X46Y86         LUT6 (Prop_A6LUT_SLICEL_I5_O)
                                                      0.082     3.196 r  control_s_axi_U/int_block_out/mem_reg_i_21/O
                         net (fo=1, routed)           0.514     3.710    control_s_axi_U/int_block_out/p_1_in[31]
    RAMB18_X2Y31         RAMB18E2                                     r  control_s_axi_U/int_block_out/mem_reg/DINBDIN[15]
  -------------------------------------------------------------------    -------------------

                         (clock ap_clk rise edge)     3.500     3.500 r  
                                                      0.000     3.500 r  ap_clk (IN)
                         net (fo=431, unset)          0.048     3.548    control_s_axi_U/int_block_out/ap_clk
    RAMB18_X2Y31         RAMB18E2                                     r  control_s_axi_U/int_block_out/mem_reg/CLKBWRCLK
                         clock pessimism              0.000     3.548    
                         clock uncertainty           -0.035     3.513    
    RAMB18_X2Y31         RAMB18E2 (Setup_RAMB18E2_U_RAMB181_CLKBWRCLK_DINBDIN[15])
                                                     -0.439     3.074    control_s_axi_U/int_block_out/mem_reg
  -------------------------------------------------------------------
                         required time                          3.074    
                         arrival time                          -3.710    
  -------------------------------------------------------------------
                         slack                                 -0.636    

Slack (VIOLATED) :        -0.623ns  (required time - arrival time)
  Source:                 a_7_reg_575_reg[4]/C
                            (rising edge-triggered cell FDRE clocked by ap_clk  {rise@0.000ns fall@1.750ns period=3.500ns})
  Destination:            control_s_axi_U/int_block_out/mem_reg/DINBDIN[14]
                            (rising edge-triggered cell RAMB18E2 clocked by ap_clk  {rise@0.000ns fall@1.750ns period=3.500ns})
  Path Group:             ap_clk
  Path Type:              Setup (Max at Slow Process Corner)
  Requirement:            3.500ns  (ap_clk rise@3.500ns - ap_clk rise@0.000ns)
  Data Path Delay:        3.701ns  (logic 1.163ns (31.425%)  route 2.538ns (68.575%))
  Logic Levels:           7  (CARRY8=3 LUT2=1 LUT3=1 LUT5=1 LUT6=1)
  Clock Path Skew:        0.006ns (DCD - SCD + CPR)
    Destination Clock Delay (DCD):    0.048ns = ( 3.548 - 3.500 ) 
    Source Clock Delay      (SCD):    0.042ns
    Clock Pessimism Removal (CPR):    0.000ns
  Clock Uncertainty:      0.035ns  ((TSJ^2 + TIJ^2)^1/2 + DJ) / 2 + PE
    Total System Jitter     (TSJ):    0.071ns
    Total Input Jitter      (TIJ):    0.000ns
    Discrete Jitter          (DJ):    0.000ns
    Phase Error              (PE):    0.000ns

    Location             Delay type                Incr(ns)  Path(ns)    Netlist Resource(s)
  -------------------------------------------------------------------    -------------------
                         (clock ap_clk rise edge)     0.000     0.000 r  
                                                      0.000     0.000 r  ap_clk (IN)
                         net (fo=431, unset)          0.042     0.042    ap_clk
    SLICE_X49Y81         FDRE                                         r  a_7_reg_575_reg[4]/C
  -------------------------------------------------------------------    -------------------
    SLICE_X49Y81         FDRE (Prop_EFF_SLICEL_C_Q)
                                                      0.114     0.156 r  a_7_reg_575_reg[4]/Q
                         net (fo=5, routed)           0.513     0.669    control_s_axi_U/int_block_out/b_7_reg_631_reg[15][4]
    SLICE_X48Y82         LUT2 (Prop_E6LUT_SLICEL_I0_O)
                                                      0.152     0.821 r  control_s_axi_U/int_block_out/b_7_reg_631[7]_i_5/O
                         net (fo=1, routed)           0.011     0.832    control_s_axi_U/int_block_out/b_7_reg_631[7]_i_5_n_0
    SLICE_X48Y82         CARRY8 (Prop_CARRY8_SLICEL_S[4]_CO[7])
                                                      0.232     1.064 r  control_s_axi_U/int_block_out/b_7_reg_631_reg[7]_i_1/CO[7]
                         net (fo=1, routed)           0.030     1.094    control_s_axi_U/int_block_out/b_7_reg_631_reg[7]_i_1_n_0
    SLICE_X48Y83         CARRY8 (Prop_CARRY8_SLICEL_CI_O[0])
                                                      0.086     1.180 r  control_s_axi_U/int_block_out/b_7_reg_631_reg[15]_i_1/O[0]
                         net (fo=4, routed)           0.541     1.721    control_s_axi_U/int_block_out/a_7_reg_575_reg[14]_0[0]
    SLICE_X49Y80         LUT3 (Prop_E6LUT_SLICEL_I2_O)
                                                      0.057     1.778 r  control_s_axi_U/int_block_out/mem_reg_i_92/O
                         net (fo=1, routed)           0.538     2.316    control_s_axi_U/int_block_out/mem_reg_i_92_n_0
    SLICE_X47Y83         CARRY8 (Prop_CARRY8_SLICEL_DI[0]_O[6])
                                                      0.314     2.630 r  control_s_axi_U/int_block_out/mem_reg_i_77/O[6]
                         net (fo=3, routed)           0.268     2.898    control_s_axi_U/int_block_out/a_7_reg_575_reg[14][13]
    SLICE_X44Y83         LUT5 (Prop_A6LUT_SLICEL_I2_O)
                                                      0.152     3.050 r  control_s_axi_U/int_block_out/mem_reg_i_66/O
                         net (fo=1, routed)           0.049     3.099    control_s_axi_U/int_block_out/mem_reg_i_66_n_0
    SLICE_X44Y83         LUT6 (Prop_C6LUT_SLICEL_I5_O)
                                                      0.056     3.155 r  control_s_axi_U/int_block_out/mem_reg_i_22/O
                         net (fo=1, routed)           0.588     3.743    control_s_axi_U/int_block_out/p_1_in[30]
    RAMB18_X2Y31         RAMB18E2                                     r  control_s_axi_U/int_block_out/mem_reg/DINBDIN[14]
  -------------------------------------------------------------------    -------------------

                         (clock ap_clk rise edge)     3.500     3.500 r  
                                                      0.000     3.500 r  ap_clk (IN)
                         net (fo=431, unset)          0.048     3.548    control_s_axi_U/int_block_out/ap_clk
    RAMB18_X2Y31         RAMB18E2                                     r  control_s_axi_U/int_block_out/mem_reg/CLKBWRCLK
                         clock pessimism              0.000     3.548    
                         clock uncertainty           -0.035     3.513    
    RAMB18_X2Y31         RAMB18E2 (Setup_RAMB18E2_U_RAMB181_CLKBWRCLK_DINBDIN[14])
                                                     -0.393     3.120    control_s_axi_U/int_block_out/mem_reg
  -------------------------------------------------------------------
                         required time                          3.120    
                         arrival time                          -3.743    
  -------------------------------------------------------------------
                         slack                                 -0.623    

Slack (VIOLATED) :        -0.606ns  (required time - arrival time)
  Source:                 reg_214_reg[1]_replica/C
                            (rising edge-triggered cell FDRE clocked by ap_clk  {rise@0.000ns fall@1.750ns period=3.500ns})
  Destination:            control_s_axi_U/int_block_out/mem_reg/DINBDIN[3]
                            (rising edge-triggered cell RAMB18E2 clocked by ap_clk  {rise@0.000ns fall@1.750ns period=3.500ns})
  Path Group:             ap_clk
  Path Type:              Setup (Max at Slow Process Corner)
  Requirement:            3.500ns  (ap_clk rise@3.500ns - ap_clk rise@0.000ns)
  Data Path Delay:        3.621ns  (logic 0.954ns (26.348%)  route 2.667ns (73.652%))
  Logic Levels:           8  (CARRY8=3 LUT2=1 LUT3=1 LUT5=1 LUT6=2)
  Clock Path Skew:        0.007ns (DCD - SCD + CPR)
    Destination Clock Delay (DCD):    0.048ns = ( 3.548 - 3.500 ) 
    Source Clock Delay      (SCD):    0.041ns
    Clock Pessimism Removal (CPR):    0.000ns
  Clock Uncertainty:      0.035ns  ((TSJ^2 + TIJ^2)^1/2 + DJ) / 2 + PE
    Total System Jitter     (TSJ):    0.071ns
    Total Input Jitter      (TIJ):    0.000ns
    Discrete Jitter          (DJ):    0.000ns
    Phase Error              (PE):    0.000ns

    Location             Delay type                Incr(ns)  Path(ns)    Netlist Resource(s)
  -------------------------------------------------------------------    -------------------
                         (clock ap_clk rise edge)     0.000     0.000 r  
                                                      0.000     0.000 r  ap_clk (IN)
                         net (fo=431, unset)          0.041     0.041    ap_clk
    SLICE_X50Y85         FDRE                                         r  reg_214_reg[1]_replica/C
  -------------------------------------------------------------------    -------------------
    SLICE_X50Y85         FDRE (Prop_AFF_SLICEL_C_Q)
                                                      0.114     0.155 r  reg_214_reg[1]_replica/Q
                         net (fo=2, routed)           0.209     0.364    control_s_axi_U/int_block_out/reg_214[1]_repN_alias
    SLICE_X49Y85         LUT2 (Prop_B6LUT_SLICEL_I0_O)
                                                      0.058     0.422 r  control_s_axi_U/int_block_out/reg_238[7]_i_8/O
                         net (fo=1, routed)           0.013     0.435    control_s_axi_U/int_block_out/reg_238[7]_i_8_n_0
    SLICE_X49Y85         CARRY8 (Prop_CARRY8_SLICEL_S[1]_O[2])
                                                      0.183     0.618 r  control_s_axi_U/int_block_out/reg_238_reg[7]_i_1/O[2]
                         net (fo=5, routed)           0.561     1.179    control_s_axi_U/int_block_out/O[2]
    SLICE_X48Y84         LUT5 (Prop_B6LUT_SLICEL_I2_O)
                                                      0.083     1.262 r  control_s_axi_U/int_block_out/b_6_reg_611[7]_i_15/O
                         net (fo=1, routed)           0.013     1.275    control_s_axi_U/int_block_out/b_6_reg_611[7]_i_15_n_0
    SLICE_X48Y84         CARRY8 (Prop_CARRY8_SLICEL_S[1]_O[2])
                                                      0.183     1.458 r  control_s_axi_U/int_block_out/b_6_reg_611_reg[7]_i_1/O[2]
                         net (fo=4, routed)           0.468     1.926    control_s_axi_U/int_block_out/reg_214_reg[6][2]
    SLICE_X50Y84         LUT3 (Prop_E6LUT_SLICEL_I2_O)
                                                      0.083     2.009 r  control_s_axi_U/int_block_out/trunc_ln11_8_reg_626[6]_i_7/O
                         net (fo=1, routed)           0.461     2.470    control_s_axi_U/int_block_out/trunc_ln11_8_reg_626[6]_i_7_n_0
    SLICE_X47Y84         CARRY8 (Prop_CARRY8_SLICEL_DI[2]_O[3])
                                                      0.134     2.604 r  control_s_axi_U/int_block_out/trunc_ln11_8_reg_626_reg[6]_i_1/O[3]
                         net (fo=2, routed)           0.576     3.180    control_s_axi_U/int_block_out/a_6_reg_581_reg[14][2]
    SLICE_X51Y82         LUT6 (Prop_A6LUT_SLICEL_I0_O)
                                                      0.058     3.238 r  control_s_axi_U/int_block_out/mem_reg_i_55/O
                         net (fo=1, routed)           0.097     3.335    control_s_axi_U/int_block_out/mem_reg_i_55_n_0
    SLICE_X51Y80         LUT6 (Prop_H6LUT_SLICEL_I4_O)
                                                      0.058     3.393 r  control_s_axi_U/int_block_out/mem_reg_i_17__0/O
                         net (fo=2, routed)           0.269     3.662    control_s_axi_U/int_block_out/mem_reg_i_17__0_n_0
    RAMB18_X2Y31         RAMB18E2                                     r  control_s_axi_U/int_block_out/mem_reg/DINBDIN[3]
  -------------------------------------------------------------------    -------------------

                         (clock ap_clk rise edge)     3.500     3.500 r  
                                                      0.000     3.500 r  ap_clk (IN)
                         net (fo=431, unset)          0.048     3.548    control_s_axi_U/int_block_out/ap_clk
    RAMB18_X2Y31         RAMB18E2                                     r  control_s_axi_U/int_block_out/mem_reg/CLKBWRCLK
                         clock pessimism              0.000     3.548    
                         clock uncertainty           -0.035     3.513    
    RAMB18_X2Y31         RAMB18E2 (Setup_RAMB18E2_U_RAMB181_CLKBWRCLK_DINBDIN[3])
                                                     -0.457     3.056    control_s_axi_U/int_block_out/mem_reg
  -------------------------------------------------------------------
                         required time                          3.056    
                         arrival time                          -3.662    
  -------------------------------------------------------------------
                         slack                                 -0.606    





Pulse Width Checks
--------------------------------------------------------------------------------------
Clock Name:         ap_clk
Waveform(ns):       { 0.000 1.750 }
Period(ns):         3.500
Sources:            { ap_clk }

Check Type        Corner  Lib Pin             Reference Pin  Required(ns)  Actual(ns)  Slack(ns)  Location      Pin
Min Period        n/a     RAMB36E2/CLKARDCLK  n/a            1.960         3.500       1.540      RAMB36_X1Y15  control_s_axi_U/int_block_in/mem_reg/CLKARDCLK
Min Period        n/a     RAMB18E2/CLKARDCLK  n/a            1.960         3.500       1.540      RAMB18_X2Y31  control_s_axi_U/int_block_out/mem_reg/CLKARDCLK
Min Period        n/a     RAMB18E2/CLKBWRCLK  n/a            1.960         3.500       1.540      RAMB18_X2Y31  control_s_axi_U/int_block_out/mem_reg/CLKBWRCLK
Min Period        n/a     RAMB36E2/CLKBWRCLK  n/a            1.709         3.500       1.791      RAMB36_X1Y15  control_s_axi_U/int_block_in/mem_reg/CLKBWRCLK
Min Period        n/a     FDRE/C              n/a            0.550         3.500       2.950      SLICE_X44Y80  a_10_reg_587_reg[0]/C
Min Period        n/a     FDRE/C              n/a            0.550         3.500       2.950      SLICE_X44Y82  a_10_reg_587_reg[10]/C
Min Period        n/a     FDRE/C              n/a            0.550         3.500       2.950      SLICE_X44Y82  a_10_reg_587_reg[11]/C
Min Period        n/a     FDRE/C              n/a            0.550         3.500       2.950      SLICE_X44Y81  a_10_reg_587_reg[12]/C
Min Period        n/a     FDRE/C              n/a            0.550         3.500       2.950      SLICE_X44Y81  a_10_reg_587_reg[13]/C
Min Period        n/a     FDRE/C              n/a            0.550         3.500       2.950      SLICE_X44Y82  a_10_reg_587_reg[14]/C
Min Period        n/a     FDRE/C              n/a            0.550         3.500       2.950      SLICE_X44Y81  a_10_reg_587_reg[15]/C
Min Period        n/a     FDRE/C              n/a            0.550         3.500       2.950      SLICE_X44Y80  a_10_reg_587_reg[1]/C
Min Period        n/a     FDRE/C              n/a            0.550         3.500       2.950      SLICE_X44Y80  a_10_reg_587_reg[2]/C
Min Period        n/a     FDRE/C              n/a            0.550         3.500       2.950      SLICE_X45Y79  a_10_reg_587_reg[3]/C
Min Period        n/a     FDRE/C              n/a            0.550         3.500       2.950      SLICE_X45Y78  a_10_reg_587_reg[4]/C
Min Period        n/a     FDRE/C              n/a            0.550         3.500       2.950      SLICE_X45Y79  a_10_reg_587_reg[5]/C
Min Period        n/a     FDRE/C              n/a            0.550         3.500       2.950      SLICE_X44Y80  a_10_reg_587_reg[6]/C
Min Period        n/a     FDRE/C              n/a            0.550         3.500       2.950      SLICE_X44Y80  a_10_reg_587_reg[7]/C
Min Period        n/a     FDRE/C              n/a            0.550         3.500       2.950      SLICE_X44Y81  a_10_reg_587_reg[8]/C
Min Period        n/a     FDRE/C              n/a            0.550         3.500       2.950      SLICE_X44Y83  a_10_reg_587_reg[9]/C
Low Pulse Width   Slow    RAMB36E2/CLKARDCLK  n/a            0.577         1.750       1.173      RAMB36_X1Y15  control_s_axi_U/int_block_in/mem_reg/CLKARDCLK
Low Pulse Width   Fast    RAMB36E2/CLKARDCLK  n/a            0.577         1.750       1.173      RAMB36_X1Y15  control_s_axi_U/int_block_in/mem_reg/CLKARDCLK
Low Pulse Width   Slow    RAMB36E2/CLKBWRCLK  n/a            0.577         1.750       1.173      RAMB36_X1Y15  control_s_axi_U/int_block_in/mem_reg/CLKBWRCLK
Low Pulse Width   Fast    RAMB36E2/CLKBWRCLK  n/a            0.577         1.750       1.173      RAMB36_X1Y15  control_s_axi_U/int_block_in/mem_reg/CLKBWRCLK
Low Pulse Width   Slow    RAMB18E2/CLKARDCLK  n/a            0.577         1.750       1.173      RAMB18_X2Y31  control_s_axi_U/int_block_out/mem_reg/CLKARDCLK
Low Pulse Width   Fast    RAMB18E2/CLKARDCLK  n/a            0.577         1.750       1.173      RAMB18_X2Y31  control_s_axi_U/int_block_out/mem_reg/CLKARDCLK
Low Pulse Width   Slow    RAMB18E2/CLKBWRCLK  n/a            0.577         1.750       1.173      RAMB18_X2Y31  control_s_axi_U/int_block_out/mem_reg/CLKBWRCLK
Low Pulse Width   Fast    RAMB18E2/CLKBWRCLK  n/a            0.577         1.750       1.173      RAMB18_X2Y31  control_s_axi_U/int_block_out/mem_reg/CLKBWRCLK
Low Pulse Width   Slow    FDRE/C              n/a            0.275         1.750       1.475      SLICE_X44Y80  a_10_reg_587_reg[0]/C
Low Pulse Width   Fast    FDRE/C              n/a            0.275         1.750       1.475      SLICE_X44Y80  a_10_reg_587_reg[0]/C
Low Pulse Width   Slow    FDRE/C              n/a            0.275         1.750       1.475      SLICE_X44Y82  a_10_reg_587_reg[10]/C
Low Pulse Width   Fast    FDRE/C              n/a            0.275         1.750       1.475      SLICE_X44Y82  a_10_reg_587_reg[10]/C
Low Pulse Width   Slow    FDRE/C              n/a            0.275         1.750       1.475      SLICE_X44Y82  a_10_reg_587_reg[11]/C
Low Pulse Width   Fast    FDRE/C              n/a            0.275         1.750       1.475      SLICE_X44Y82  a_10_reg_587_reg[11]/C
Low Pulse Width   Slow    FDRE/C              n/a            0.275         1.750       1.475      SLICE_X44Y81  a_10_reg_587_reg[12]/C
Low Pulse Width   Fast    FDRE/C              n/a            0.275         1.750       1.475      SLICE_X44Y81  a_10_reg_587_reg[12]/C
Low Pulse Width   Slow    FDRE/C              n/a            0.275         1.750       1.475      SLICE_X44Y81  a_10_reg_587_reg[13]/C
Low Pulse Width   Fast    FDRE/C              n/a            0.275         1.750       1.475      SLICE_X44Y81  a_10_reg_587_reg[13]/C
Low Pulse Width   Slow    FDRE/C              n/a            0.275         1.750       1.475      SLICE_X44Y82  a_10_reg_587_reg[14]/C
Low Pulse Width   Fast    FDRE/C              n/a            0.275         1.750       1.475      SLICE_X44Y82  a_10_reg_587_reg[14]/C
High Pulse Width  Slow    RAMB36E2/CLKARDCLK  n/a            0.577         1.750       1.173      RAMB36_X1Y15  control_s_axi_U/int_block_in/mem_reg/CLKARDCLK
High Pulse Width  Fast    RAMB36E2/CLKARDCLK  n/a            0.577         1.750       1.173      RAMB36_X1Y15  control_s_axi_U/int_block_in/mem_reg/CLKARDCLK
High Pulse Width  Slow    RAMB36E2/CLKBWRCLK  n/a            0.577         1.750       1.173      RAMB36_X1Y15  control_s_axi_U/int_block_in/mem_reg/CLKBWRCLK
High Pulse Width  Fast    RAMB36E2/CLKBWRCLK  n/a            0.577         1.750       1.173      RAMB36_X1Y15  control_s_axi_U/int_block_in/mem_reg/CLKBWRCLK
High Pulse Width  Slow    RAMB18E2/CLKARDCLK  n/a            0.577         1.750       1.173      RAMB18_X2Y31  control_s_axi_U/int_block_out/mem_reg/CLKARDCLK
High Pulse Width  Fast    RAMB18E2/CLKARDCLK  n/a            0.577         1.750       1.173      RAMB18_X2Y31  control_s_axi_U/int_block_out/mem_reg/CLKARDCLK
High Pulse Width  Slow    RAMB18E2/CLKBWRCLK  n/a            0.577         1.750       1.173      RAMB18_X2Y31  control_s_axi_U/int_block_out/mem_reg/CLKBWRCLK
High Pulse Width  Fast    RAMB18E2/CLKBWRCLK  n/a            0.577         1.750       1.173      RAMB18_X2Y31  control_s_axi_U/int_block_out/mem_reg/CLKBWRCLK
High Pulse Width  Slow    FDRE/C              n/a            0.275         1.750       1.475      SLICE_X44Y80  a_10_reg_587_reg[0]/C
High Pulse Width  Fast    FDRE/C              n/a            0.275         1.750       1.475      SLICE_X44Y80  a_10_reg_587_reg[0]/C
High Pulse Width  Slow    FDRE/C              n/a            0.275         1.750       1.475      SLICE_X44Y82  a_10_reg_587_reg[10]/C
High Pulse Width  Fast    FDRE/C              n/a            0.275         1.750       1.475      SLICE_X44Y82  a_10_reg_587_reg[10]/C
High Pulse Width  Slow    FDRE/C              n/a            0.275         1.750       1.475      SLICE_X44Y82  a_10_reg_587_reg[11]/C
High Pulse Width  Fast    FDRE/C              n/a            0.275         1.750       1.475      SLICE_X44Y82  a_10_reg_587_reg[11]/C
High Pulse Width  Slow    FDRE/C              n/a            0.275         1.750       1.475      SLICE_X44Y81  a_10_reg_587_reg[12]/C
High Pulse Width  Fast    FDRE/C              n/a            0.275         1.750       1.475      SLICE_X44Y81  a_10_reg_587_reg[12]/C
High Pulse Width  Slow    FDRE/C              n/a            0.275         1.750       1.475      SLICE_X44Y81  a_10_reg_587_reg[13]/C
High Pulse Width  Fast    FDRE/C              n/a            0.275         1.750       1.475      SLICE_X44Y81  a_10_reg_587_reg[13]/C
High Pulse Width  Slow    FDRE/C              n/a            0.275         1.750       1.475      SLICE_X44Y82  a_10_reg_587_reg[14]/C
High Pulse Width  Fast    FDRE/C              n/a            0.275         1.750       1.475      SLICE_X44Y82  a_10_reg_587_reg[14]/C



