Copyright 1986-2022 Xilinx, Inc. All Rights Reserved. Copyright 2022-2024 Advanced Micro Devices, Inc. All Rights Reserved.
------------------------------------------------------------------------------------------------------------------------------------------------------------------------------------------------------------------------------------------------------
| Tool Version      : Vivado v.2024.1 (lin64) Build 5076996 Wed May 22 18:36:09 MDT 2024
| Date              : Thu Aug  6 02:07:30 2026
| Host              : linux running 64-bit Ubuntu 22.04.5 LTS
| Command           : report_timing_summary -delay_type max -max_paths 20 -file ${PROJECT_ROOT}/ProyectoFinal/HLS/reports/baseline_forward/timing_sweep/3p0ns/timing_post_route.rpt
| Design            : wht_multiplier_forward
| Device            : xck26-sfvc784
| Speed File        : -2LV  PRODUCTION 1.30 05-15-2022
| Design State      : Routed
| Temperature Grade : C
------------------------------------------------------------------------------------------------------------------------------------------------------------------------------------------------------------------------------------------------------

Timing Summary Report

------------------------------------------------------------------------------------------------
| Timer Settings
| --------------
------------------------------------------------------------------------------------------------

  Enable Multi Corner Analysis               :  Yes
  Enable Pessimism Removal                   :  Yes
  Pessimism Removal Resolution               :  Nearest Common Node
  Enable Input Delay Default Clock           :  No
  Enable Preset / Clear Arcs                 :  No
  Disable Flight Delays                      :  No
  Ignore I/O Paths                           :  No
  Timing Early Launch at Borrowing Latches   :  No
  Borrow Time for Max Delay Exceptions       :  Yes
  Merge Timing Exceptions                    :  Yes
  Inter-SLR Compensation                     :  Conservative

  Corner  Analyze    Analyze    
  Name    Max Paths  Min Paths  
  ------  ---------  ---------  
  Slow    Yes        Yes        
  Fast    Yes        Yes        


------------------------------------------------------------------------------------------------
| Report Methodology
| ------------------
------------------------------------------------------------------------------------------------

No report available as report_methodology has not been run prior. Run report_methodology on the current design for the summary of methodology violations.



check_timing report

Table of Contents
-----------------
1. checking no_clock (0)
2. checking constant_clock (0)
3. checking pulse_width_clock (0)
4. checking unconstrained_internal_endpoints (0)
5. checking no_input_delay (52)
6. checking no_output_delay (38)
7. checking multiple_clock (0)
8. checking generated_clocks (0)
9. checking loops (0)
10. checking partial_input_delay (0)
11. checking partial_output_delay (0)
12. checking latch_loops (0)

1. checking no_clock (0)
------------------------
 There are 0 register/latch pins with no clock.


2. checking constant_clock (0)
------------------------------
 There are 0 register/latch pins with constant_clock.


3. checking pulse_width_clock (0)
---------------------------------
 There are 0 register/latch pins which need pulse_width check


4. checking unconstrained_internal_endpoints (0)
------------------------------------------------
 There are 0 pins that are not constrained for maximum delay.

 There are 0 pins that are not constrained for maximum delay due to constant clock.


5. checking no_input_delay (52)
-------------------------------
 There are 52 input ports with no input delay specified. (HIGH)

 There are 0 input ports with no input delay but user has a false path constraint.


6. checking no_output_delay (38)
--------------------------------
 There are 38 ports with no output delay specified. (HIGH)

 There are 0 ports with no output delay but user has a false path constraint

 There are 0 ports with no output delay but with a timing clock defined on it or propagating through it


7. checking multiple_clock (0)
------------------------------
 There are 0 register/latch pins with multiple clocks.


8. checking generated_clocks (0)
--------------------------------
 There are 0 generated clocks that are not connected to a clock source.


9. checking loops (0)
---------------------
 There are 0 combinational loops in the design.


10. checking partial_input_delay (0)
------------------------------------
 There are 0 input ports with partial input delay specified.


11. checking partial_output_delay (0)
-------------------------------------
 There are 0 ports with partial output delay specified.


12. checking latch_loops (0)
----------------------------
 There are 0 combinational latch loops in the design through latch input



------------------------------------------------------------------------------------------------
| Design Timing Summary
| ---------------------
------------------------------------------------------------------------------------------------

    WNS(ns)      TNS(ns)  TNS Failing Endpoints  TNS Total Endpoints     WPWS(ns)     TPWS(ns)  TPWS Failing Endpoints  TPWS Total Endpoints  
    -------      -------  ---------------------  -------------------     --------     --------  ----------------------  --------------------  
     -0.320       -6.791                     55                 1858        0.923        0.000                       0                   496  


Timing constraints are not met.


------------------------------------------------------------------------------------------------
| Clock Summary
| -------------
------------------------------------------------------------------------------------------------

Clock   Waveform(ns)         Period(ns)      Frequency(MHz)
-----   ------------         ----------      --------------
ap_clk  {0.000 1.500}        3.000           333.333         


------------------------------------------------------------------------------------------------
| Intra Clock Table
| -----------------
------------------------------------------------------------------------------------------------

Clock             WNS(ns)      TNS(ns)  TNS Failing Endpoints  TNS Total Endpoints     WPWS(ns)     TPWS(ns)  TPWS Failing Endpoints  TPWS Total Endpoints  
-----             -------      -------  ---------------------  -------------------     --------     --------  ----------------------  --------------------  
ap_clk             -0.320       -6.791                     55                 1858        0.923        0.000                       0                   496  


------------------------------------------------------------------------------------------------
| Inter Clock Table
| -----------------
------------------------------------------------------------------------------------------------

From Clock    To Clock          WNS(ns)      TNS(ns)  TNS Failing Endpoints  TNS Total Endpoints  
----------    --------          -------      -------  ---------------------  -------------------  


------------------------------------------------------------------------------------------------
| Other Path Groups Table
| -----------------------
------------------------------------------------------------------------------------------------

Path Group    From Clock    To Clock          WNS(ns)      TNS(ns)  TNS Failing Endpoints  TNS Total Endpoints  
----------    ----------    --------          -------      -------  ---------------------  -------------------  


------------------------------------------------------------------------------------------------
| Timing Details
| --------------
------------------------------------------------------------------------------------------------


---------------------------------------------------------------------------------------------------
From Clock:  ap_clk
  To Clock:  ap_clk

Setup :           55  Failing Endpoints,  Worst Slack       -0.320ns,  Total Violation       -6.791ns
Hold  :           NA  Failing Endpoints,  Worst Slack           NA  ,  Total Violation           NA
PW    :            0  Failing Endpoints,  Worst Slack        0.923ns,  Total Violation        0.000ns
---------------------------------------------------------------------------------------------------


Max Delay Paths
--------------------------------------------------------------------------------------
Slack (VIOLATED) :        -0.320ns  (required time - arrival time)
  Source:                 control_s_axi_U/int_input_r/mem_reg/CLKBWRCLK
                            (rising edge-triggered cell RAMB36E2 clocked by ap_clk  {rise@0.000ns fall@1.500ns period=3.000ns})
  Destination:            a_9_reg_665[15]_i_2_psdsp_7/D
                            (rising edge-triggered cell FDRE clocked by ap_clk  {rise@0.000ns fall@1.500ns period=3.000ns})
  Path Group:             ap_clk
  Path Type:              Setup (Max at Slow Process Corner)
  Requirement:            3.000ns  (ap_clk rise@3.000ns - ap_clk rise@0.000ns)
  Data Path Delay:        3.254ns  (logic 2.225ns (68.387%)  route 1.029ns (31.613%))
  Logic Levels:           5  (CARRY8=3 LUT2=1 LUT4=1)
  Clock Path Skew:        -0.077ns (DCD - SCD + CPR)
    Destination Clock Delay (DCD):    0.029ns = ( 3.029 - 3.000 ) 
    Source Clock Delay      (SCD):    0.106ns
    Clock Pessimism Removal (CPR):    0.000ns
  Clock Uncertainty:      0.035ns  ((TSJ^2 + TIJ^2)^1/2 + DJ) / 2 + PE
    Total System Jitter     (TSJ):    0.071ns
    Total Input Jitter      (TIJ):    0.000ns
    Discrete Jitter          (DJ):    0.000ns
    Phase Error              (PE):    0.000ns

    Location             Delay type                Incr(ns)  Path(ns)    Netlist Resource(s)
  -------------------------------------------------------------------    -------------------
                         (clock ap_clk rise edge)     0.000     0.000 r  
                                                      0.000     0.000 r  ap_clk (IN)
                         net (fo=542, unset)          0.106     0.106    control_s_axi_U/int_input_r/ap_clk
    RAMB36_X2Y5          RAMB36E2                                     r  control_s_axi_U/int_input_r/mem_reg/CLKBWRCLK
  -------------------------------------------------------------------    -------------------
    RAMB36_X2Y5          RAMB36E2 (Prop_RAMB36E2_RAMB36_CLKBWRCLK_DOUTBDOUT[0])
                                                      1.382     1.488 r  control_s_axi_U/int_input_r/mem_reg/DOUTBDOUT[0]
                         net (fo=3, routed)           0.297     1.785    control_s_axi_U/int_input_r/int_input_r_q0[0]
    SLICE_X52Y28         LUT4 (Prop_A6LUT_SLICEL_I1_O)
                                                      0.058     1.843 r  control_s_axi_U/int_input_r/tmp_product_i_19__0/O
                         net (fo=1, routed)           0.014     1.857    control_s_axi_U/int_input_r/tmp_product_i_19__0_n_0
    SLICE_X52Y28         CARRY8 (Prop_CARRY8_SLICEL_S[0]_O[5])
                                                      0.331     2.188 r  control_s_axi_U/int_input_r/tmp_product_i_3__0/O[5]
                         net (fo=2, routed)           0.241     2.430    control_s_axi_U/int_input_r/A[5]
    SLICE_X52Y31         LUT2 (Prop_F6LUT_SLICEL_I1_O)
                                                      0.136     2.566 r  control_s_axi_U/int_input_r/trunc_ln15_5_reg_648_reg_i_14/O
                         net (fo=1, routed)           0.015     2.581    control_s_axi_U/int_input_r/trunc_ln15_5_reg_648_reg_i_14_n_0
    SLICE_X52Y31         CARRY8 (Prop_CARRY8_SLICEL_S[5]_CO[7])
                                                      0.232     2.813 r  control_s_axi_U/int_input_r/trunc_ln15_5_reg_648_reg_i_3/CO[7]
                         net (fo=1, routed)           0.030     2.843    control_s_axi_U/int_input_r/trunc_ln15_5_reg_648_reg_i_3_n_0
    SLICE_X52Y32         CARRY8 (Prop_CARRY8_SLICEL_CI_O[0])
                                                      0.086     2.929 r  control_s_axi_U/int_input_r/trunc_ln15_5_reg_648_reg_i_2/O[0]
                         net (fo=4, routed)           0.431     3.360    grp_fu_260_p2[8]
    SLICE_X52Y33         FDRE                                         r  a_9_reg_665[15]_i_2_psdsp_7/D
  -------------------------------------------------------------------    -------------------

                         (clock ap_clk rise edge)     3.000     3.000 r  
                                                      0.000     3.000 r  ap_clk (IN)
                         net (fo=542, unset)          0.029     3.029    ap_clk
    SLICE_X52Y33         FDRE                                         r  a_9_reg_665[15]_i_2_psdsp_7/C
                         clock pessimism              0.000     3.029    
                         clock uncertainty           -0.035     2.994    
    SLICE_X52Y33         FDRE (Setup_DFF2_SLICEL_C_D)
                                                      0.046     3.040    a_9_reg_665[15]_i_2_psdsp_7
  -------------------------------------------------------------------
                         required time                          3.040    
                         arrival time                          -3.360    
  -------------------------------------------------------------------
                         slack                                 -0.320    

Slack (VIOLATED) :        -0.302ns  (required time - arrival time)
  Source:                 control_s_axi_U/int_input_r/mem_reg/CLKBWRCLK
                            (rising edge-triggered cell RAMB36E2 clocked by ap_clk  {rise@0.000ns fall@1.500ns period=3.000ns})
  Destination:            a_9_reg_665[15]_i_2_psdsp_3/D
                            (rising edge-triggered cell FDRE clocked by ap_clk  {rise@0.000ns fall@1.500ns period=3.000ns})
  Path Group:             ap_clk
  Path Type:              Setup (Max at Slow Process Corner)
  Requirement:            3.000ns  (ap_clk rise@3.000ns - ap_clk rise@0.000ns)
  Data Path Delay:        3.236ns  (logic 2.266ns (70.033%)  route 0.970ns (29.967%))
  Logic Levels:           5  (CARRY8=3 LUT2=1 LUT4=1)
  Clock Path Skew:        -0.077ns (DCD - SCD + CPR)
    Destination Clock Delay (DCD):    0.029ns = ( 3.029 - 3.000 ) 
    Source Clock Delay      (SCD):    0.106ns
    Clock Pessimism Removal (CPR):    0.000ns
  Clock Uncertainty:      0.035ns  ((TSJ^2 + TIJ^2)^1/2 + DJ) / 2 + PE
    Total System Jitter     (TSJ):    0.071ns
    Total Input Jitter      (TIJ):    0.000ns
    Discrete Jitter          (DJ):    0.000ns
    Phase Error              (PE):    0.000ns

    Location             Delay type                Incr(ns)  Path(ns)    Netlist Resource(s)
  -------------------------------------------------------------------    -------------------
                         (clock ap_clk rise edge)     0.000     0.000 r  
                                                      0.000     0.000 r  ap_clk (IN)
                         net (fo=542, unset)          0.106     0.106    control_s_axi_U/int_input_r/ap_clk
    RAMB36_X2Y5          RAMB36E2                                     r  control_s_axi_U/int_input_r/mem_reg/CLKBWRCLK
  -------------------------------------------------------------------    -------------------
    RAMB36_X2Y5          RAMB36E2 (Prop_RAMB36E2_RAMB36_CLKBWRCLK_DOUTBDOUT[0])
                                                      1.382     1.488 r  control_s_axi_U/int_input_r/mem_reg/DOUTBDOUT[0]
                         net (fo=3, routed)           0.297     1.785    control_s_axi_U/int_input_r/int_input_r_q0[0]
    SLICE_X52Y28         LUT4 (Prop_A6LUT_SLICEL_I1_O)
                                                      0.058     1.843 r  control_s_axi_U/int_input_r/tmp_product_i_19__0/O
                         net (fo=1, routed)           0.014     1.857    control_s_axi_U/int_input_r/tmp_product_i_19__0_n_0
    SLICE_X52Y28         CARRY8 (Prop_CARRY8_SLICEL_S[0]_O[5])
                                                      0.331     2.188 r  control_s_axi_U/int_input_r/tmp_product_i_3__0/O[5]
                         net (fo=2, routed)           0.241     2.430    control_s_axi_U/int_input_r/A[5]
    SLICE_X52Y31         LUT2 (Prop_F6LUT_SLICEL_I1_O)
                                                      0.136     2.566 r  control_s_axi_U/int_input_r/trunc_ln15_5_reg_648_reg_i_14/O
                         net (fo=1, routed)           0.015     2.581    control_s_axi_U/int_input_r/trunc_ln15_5_reg_648_reg_i_14_n_0
    SLICE_X52Y31         CARRY8 (Prop_CARRY8_SLICEL_S[5]_CO[7])
                                                      0.232     2.813 r  control_s_axi_U/int_input_r/trunc_ln15_5_reg_648_reg_i_3/CO[7]
                         net (fo=1, routed)           0.030     2.843    control_s_axi_U/int_input_r/trunc_ln15_5_reg_648_reg_i_3_n_0
    SLICE_X52Y32         CARRY8 (Prop_CARRY8_SLICEL_CI_O[4])
                                                      0.127     2.970 r  control_s_axi_U/int_input_r/trunc_ln15_5_reg_648_reg_i_2/O[4]
                         net (fo=4, routed)           0.372     3.342    grp_fu_260_p2[12]
    SLICE_X52Y33         FDRE                                         r  a_9_reg_665[15]_i_2_psdsp_3/D
  -------------------------------------------------------------------    -------------------

                         (clock ap_clk rise edge)     3.000     3.000 r  
                                                      0.000     3.000 r  ap_clk (IN)
                         net (fo=542, unset)          0.029     3.029    ap_clk
    SLICE_X52Y33         FDRE                                         r  a_9_reg_665[15]_i_2_psdsp_3/C
                         clock pessimism              0.000     3.029    
                         clock uncertainty           -0.035     2.994    
    SLICE_X52Y33         FDRE (Setup_BFF2_SLICEL_C_D)
                                                      0.046     3.040    a_9_reg_665[15]_i_2_psdsp_3
  -------------------------------------------------------------------
                         required time                          3.040    
                         arrival time                          -3.342    
  -------------------------------------------------------------------
                         slack                                 -0.302    

Slack (VIOLATED) :        -0.268ns  (required time - arrival time)
  Source:                 control_s_axi_U/int_input_r/mem_reg/CLKBWRCLK
                            (rising edge-triggered cell RAMB36E2 clocked by ap_clk  {rise@0.000ns fall@1.500ns period=3.000ns})
  Destination:            a_9_reg_665[15]_i_2_psdsp/D
                            (rising edge-triggered cell FDRE clocked by ap_clk  {rise@0.000ns fall@1.500ns period=3.000ns})
  Path Group:             ap_clk
  Path Type:              Setup (Max at Slow Process Corner)
  Requirement:            3.000ns  (ap_clk rise@3.000ns - ap_clk rise@0.000ns)
  Data Path Delay:        3.200ns  (logic 2.326ns (72.696%)  route 0.874ns (27.304%))
  Logic Levels:           5  (CARRY8=3 LUT2=1 LUT4=1)
  Clock Path Skew:        -0.077ns (DCD - SCD + CPR)
    Destination Clock Delay (DCD):    0.029ns = ( 3.029 - 3.000 ) 
    Source Clock Delay      (SCD):    0.106ns
    Clock Pessimism Removal (CPR):    0.000ns
  Clock Uncertainty:      0.035ns  ((TSJ^2 + TIJ^2)^1/2 + DJ) / 2 + PE
    Total System Jitter     (TSJ):    0.071ns
    Total Input Jitter      (TIJ):    0.000ns
    Discrete Jitter          (DJ):    0.000ns
    Phase Error              (PE):    0.000ns

    Location             Delay type                Incr(ns)  Path(ns)    Netlist Resource(s)
  -------------------------------------------------------------------    -------------------
                         (clock ap_clk rise edge)     0.000     0.000 r  
                                                      0.000     0.000 r  ap_clk (IN)
                         net (fo=542, unset)          0.106     0.106    control_s_axi_U/int_input_r/ap_clk
    RAMB36_X2Y5          RAMB36E2                                     r  control_s_axi_U/int_input_r/mem_reg/CLKBWRCLK
  -------------------------------------------------------------------    -------------------
    RAMB36_X2Y5          RAMB36E2 (Prop_RAMB36E2_RAMB36_CLKBWRCLK_DOUTBDOUT[0])
                                                      1.382     1.488 r  control_s_axi_U/int_input_r/mem_reg/DOUTBDOUT[0]
                         net (fo=3, routed)           0.297     1.785    control_s_axi_U/int_input_r/int_input_r_q0[0]
    SLICE_X52Y28         LUT4 (Prop_A6LUT_SLICEL_I1_O)
                                                      0.058     1.843 r  control_s_axi_U/int_input_r/tmp_product_i_19__0/O
                         net (fo=1, routed)           0.014     1.857    control_s_axi_U/int_input_r/tmp_product_i_19__0_n_0
    SLICE_X52Y28         CARRY8 (Prop_CARRY8_SLICEL_S[0]_O[5])
                                                      0.331     2.188 r  control_s_axi_U/int_input_r/tmp_product_i_3__0/O[5]
                         net (fo=2, routed)           0.241     2.430    control_s_axi_U/int_input_r/A[5]
    SLICE_X52Y31         LUT2 (Prop_F6LUT_SLICEL_I1_O)
                                                      0.136     2.566 r  control_s_axi_U/int_input_r/trunc_ln15_5_reg_648_reg_i_14/O
                         net (fo=1, routed)           0.015     2.581    control_s_axi_U/int_input_r/trunc_ln15_5_reg_648_reg_i_14_n_0
    SLICE_X52Y31         CARRY8 (Prop_CARRY8_SLICEL_S[5]_CO[7])
                                                      0.232     2.813 r  control_s_axi_U/int_input_r/trunc_ln15_5_reg_648_reg_i_3/CO[7]
                         net (fo=1, routed)           0.030     2.843    control_s_axi_U/int_input_r/trunc_ln15_5_reg_648_reg_i_3_n_0
    SLICE_X52Y32         CARRY8 (Prop_CARRY8_SLICEL_CI_O[7])
                                                      0.187     3.030 r  control_s_axi_U/int_input_r/trunc_ln15_5_reg_648_reg_i_2/O[7]
                         net (fo=4, routed)           0.276     3.306    grp_fu_260_p2[15]
    SLICE_X52Y33         FDRE                                         r  a_9_reg_665[15]_i_2_psdsp/D
  -------------------------------------------------------------------    -------------------

                         (clock ap_clk rise edge)     3.000     3.000 r  
                                                      0.000     3.000 r  ap_clk (IN)
                         net (fo=542, unset)          0.029     3.029    ap_clk
    SLICE_X52Y33         FDRE                                         r  a_9_reg_665[15]_i_2_psdsp/C
                         clock pessimism              0.000     3.029    
                         clock uncertainty           -0.035     2.994    
    SLICE_X52Y33         FDRE (Setup_CFF_SLICEL_C_D)
                                                      0.044     3.038    a_9_reg_665[15]_i_2_psdsp
  -------------------------------------------------------------------
                         required time                          3.038    
                         arrival time                          -3.306    
  -------------------------------------------------------------------
                         slack                                 -0.268    

Slack (VIOLATED) :        -0.264ns  (required time - arrival time)
  Source:                 control_s_axi_U/int_input_r/mem_reg/CLKBWRCLK
                            (rising edge-triggered cell RAMB36E2 clocked by ap_clk  {rise@0.000ns fall@1.500ns period=3.000ns})
  Destination:            a_9_reg_665[15]_i_2_psdsp_2/D
                            (rising edge-triggered cell FDRE clocked by ap_clk  {rise@0.000ns fall@1.500ns period=3.000ns})
  Path Group:             ap_clk
  Path Type:              Setup (Max at Slow Process Corner)
  Requirement:            3.000ns  (ap_clk rise@3.000ns - ap_clk rise@0.000ns)
  Data Path Delay:        3.196ns  (logic 2.316ns (72.474%)  route 0.880ns (27.526%))
  Logic Levels:           5  (CARRY8=3 LUT2=1 LUT4=1)
  Clock Path Skew:        -0.077ns (DCD - SCD + CPR)
    Destination Clock Delay (DCD):    0.029ns = ( 3.029 - 3.000 ) 
    Source Clock Delay      (SCD):    0.106ns
    Clock Pessimism Removal (CPR):    0.000ns
  Clock Uncertainty:      0.035ns  ((TSJ^2 + TIJ^2)^1/2 + DJ) / 2 + PE
    Total System Jitter     (TSJ):    0.071ns
    Total Input Jitter      (TIJ):    0.000ns
    Discrete Jitter          (DJ):    0.000ns
    Phase Error              (PE):    0.000ns

    Location             Delay type                Incr(ns)  Path(ns)    Netlist Resource(s)
  -------------------------------------------------------------------    -------------------
                         (clock ap_clk rise edge)     0.000     0.000 r  
                                                      0.000     0.000 r  ap_clk (IN)
                         net (fo=542, unset)          0.106     0.106    control_s_axi_U/int_input_r/ap_clk
    RAMB36_X2Y5          RAMB36E2                                     r  control_s_axi_U/int_input_r/mem_reg/CLKBWRCLK
  -------------------------------------------------------------------    -------------------
    RAMB36_X2Y5          RAMB36E2 (Prop_RAMB36E2_RAMB36_CLKBWRCLK_DOUTBDOUT[0])
                                                      1.382     1.488 r  control_s_axi_U/int_input_r/mem_reg/DOUTBDOUT[0]
                         net (fo=3, routed)           0.297     1.785    control_s_axi_U/int_input_r/int_input_r_q0[0]
    SLICE_X52Y28         LUT4 (Prop_A6LUT_SLICEL_I1_O)
                                                      0.058     1.843 r  control_s_axi_U/int_input_r/tmp_product_i_19__0/O
                         net (fo=1, routed)           0.014     1.857    control_s_axi_U/int_input_r/tmp_product_i_19__0_n_0
    SLICE_X52Y28         CARRY8 (Prop_CARRY8_SLICEL_S[0]_O[5])
                                                      0.331     2.188 r  control_s_axi_U/int_input_r/tmp_product_i_3__0/O[5]
                         net (fo=2, routed)           0.241     2.430    control_s_axi_U/int_input_r/A[5]
    SLICE_X52Y31         LUT2 (Prop_F6LUT_SLICEL_I1_O)
                                                      0.136     2.566 r  control_s_axi_U/int_input_r/trunc_ln15_5_reg_648_reg_i_14/O
                         net (fo=1, routed)           0.015     2.581    control_s_axi_U/int_input_r/trunc_ln15_5_reg_648_reg_i_14_n_0
    SLICE_X52Y31         CARRY8 (Prop_CARRY8_SLICEL_S[5]_CO[7])
                                                      0.232     2.813 r  control_s_axi_U/int_input_r/trunc_ln15_5_reg_648_reg_i_3/CO[7]
                         net (fo=1, routed)           0.030     2.843    control_s_axi_U/int_input_r/trunc_ln15_5_reg_648_reg_i_3_n_0
    SLICE_X52Y32         CARRY8 (Prop_CARRY8_SLICEL_CI_O[5])
                                                      0.177     3.020 r  control_s_axi_U/int_input_r/trunc_ln15_5_reg_648_reg_i_2/O[5]
                         net (fo=4, routed)           0.282     3.302    grp_fu_260_p2[13]
    SLICE_X52Y33         FDRE                                         r  a_9_reg_665[15]_i_2_psdsp_2/D
  -------------------------------------------------------------------    -------------------

                         (clock ap_clk rise edge)     3.000     3.000 r  
                                                      0.000     3.000 r  ap_clk (IN)
                         net (fo=542, unset)          0.029     3.029    ap_clk
    SLICE_X52Y33         FDRE                                         r  a_9_reg_665[15]_i_2_psdsp_2/C
                         clock pessimism              0.000     3.029    
                         clock uncertainty           -0.035     2.994    
    SLICE_X52Y33         FDRE (Setup_DFF_SLICEL_C_D)
                                                      0.044     3.038    a_9_reg_665[15]_i_2_psdsp_2
  -------------------------------------------------------------------
                         required time                          3.038    
                         arrival time                          -3.302    
  -------------------------------------------------------------------
                         slack                                 -0.264    

Slack (VIOLATED) :        -0.261ns  (required time - arrival time)
  Source:                 control_s_axi_U/int_input_r/mem_reg/CLKBWRCLK
                            (rising edge-triggered cell RAMB36E2 clocked by ap_clk  {rise@0.000ns fall@1.500ns period=3.000ns})
  Destination:            value_19_reg_698_reg[14]/D
                            (rising edge-triggered cell FDRE clocked by ap_clk  {rise@0.000ns fall@1.500ns period=3.000ns})
  Path Group:             ap_clk
  Path Type:              Setup (Max at Slow Process Corner)
  Requirement:            3.000ns  (ap_clk rise@3.000ns - ap_clk rise@0.000ns)
  Data Path Delay:        3.193ns  (logic 2.312ns (72.417%)  route 0.881ns (27.583%))
  Logic Levels:           5  (CARRY8=3 LUT2=1 LUT4=1)
  Clock Path Skew:        -0.077ns (DCD - SCD + CPR)
    Destination Clock Delay (DCD):    0.029ns = ( 3.029 - 3.000 ) 
    Source Clock Delay      (SCD):    0.106ns
    Clock Pessimism Removal (CPR):    0.000ns
  Clock Uncertainty:      0.035ns  ((TSJ^2 + TIJ^2)^1/2 + DJ) / 2 + PE
    Total System Jitter     (TSJ):    0.071ns
    Total Input Jitter      (TIJ):    0.000ns
    Discrete Jitter          (DJ):    0.000ns
    Phase Error              (PE):    0.000ns

    Location             Delay type                Incr(ns)  Path(ns)    Netlist Resource(s)
  -------------------------------------------------------------------    -------------------
                         (clock ap_clk rise edge)     0.000     0.000 r  
                                                      0.000     0.000 r  ap_clk (IN)
                         net (fo=542, unset)          0.106     0.106    control_s_axi_U/int_input_r/ap_clk
    RAMB36_X2Y5          RAMB36E2                                     r  control_s_axi_U/int_input_r/mem_reg/CLKBWRCLK
  -------------------------------------------------------------------    -------------------
    RAMB36_X2Y5          RAMB36E2 (Prop_RAMB36E2_RAMB36_CLKBWRCLK_DOUTBDOUT[0])
                                                      1.382     1.488 r  control_s_axi_U/int_input_r/mem_reg/DOUTBDOUT[0]
                         net (fo=3, routed)           0.297     1.785    control_s_axi_U/int_input_r/int_input_r_q0[0]
    SLICE_X52Y28         LUT4 (Prop_A6LUT_SLICEL_I1_O)
                                                      0.058     1.843 r  control_s_axi_U/int_input_r/tmp_product_i_19__0/O
                         net (fo=1, routed)           0.014     1.857    control_s_axi_U/int_input_r/tmp_product_i_19__0_n_0
    SLICE_X52Y28         CARRY8 (Prop_CARRY8_SLICEL_S[0]_O[5])
                                                      0.331     2.188 r  control_s_axi_U/int_input_r/tmp_product_i_3__0/O[5]
                         net (fo=2, routed)           0.241     2.430    control_s_axi_U/int_input_r/A[5]
    SLICE_X52Y31         LUT2 (Prop_F6LUT_SLICEL_I1_O)
                                                      0.136     2.566 r  control_s_axi_U/int_input_r/trunc_ln15_5_reg_648_reg_i_14/O
                         net (fo=1, routed)           0.015     2.581    control_s_axi_U/int_input_r/trunc_ln15_5_reg_648_reg_i_14_n_0
    SLICE_X52Y31         CARRY8 (Prop_CARRY8_SLICEL_S[5]_CO[7])
                                                      0.232     2.813 r  control_s_axi_U/int_input_r/trunc_ln15_5_reg_648_reg_i_3/CO[7]
                         net (fo=1, routed)           0.030     2.843    control_s_axi_U/int_input_r/trunc_ln15_5_reg_648_reg_i_3_n_0
    SLICE_X52Y32         CARRY8 (Prop_CARRY8_SLICEL_CI_O[6])
                                                      0.173     3.016 r  control_s_axi_U/int_input_r/trunc_ln15_5_reg_648_reg_i_2/O[6]
                         net (fo=4, routed)           0.283     3.299    grp_fu_260_p2[14]
    SLICE_X52Y33         FDRE                                         r  value_19_reg_698_reg[14]/D
  -------------------------------------------------------------------    -------------------

                         (clock ap_clk rise edge)     3.000     3.000 r  
                                                      0.000     3.000 r  ap_clk (IN)
                         net (fo=542, unset)          0.029     3.029    ap_clk
    SLICE_X52Y33         FDRE                                         r  value_19_reg_698_reg[14]/C
                         clock pessimism              0.000     3.029    
                         clock uncertainty           -0.035     2.994    
    SLICE_X52Y33         FDRE (Setup_EFF_SLICEL_C_D)
                                                      0.044     3.038    value_19_reg_698_reg[14]
  -------------------------------------------------------------------
                         required time                          3.038    
                         arrival time                          -3.299    
  -------------------------------------------------------------------
                         slack                                 -0.261    

Slack (VIOLATED) :        -0.257ns  (required time - arrival time)
  Source:                 control_s_axi_U/int_input_r/mem_reg/CLKBWRCLK
                            (rising edge-triggered cell RAMB36E2 clocked by ap_clk  {rise@0.000ns fall@1.500ns period=3.000ns})
  Destination:            mul_16s_16s_31_1_1_U7/trunc_ln15_9_reg_752_reg_i_10_psdsp_2/D
                            (rising edge-triggered cell FDRE clocked by ap_clk  {rise@0.000ns fall@1.500ns period=3.000ns})
  Path Group:             ap_clk
  Path Type:              Setup (Max at Slow Process Corner)
  Requirement:            3.000ns  (ap_clk rise@3.000ns - ap_clk rise@0.000ns)
  Data Path Delay:        3.191ns  (logic 2.316ns (72.588%)  route 0.875ns (27.412%))
  Logic Levels:           5  (CARRY8=3 LUT2=1 LUT4=1)
  Clock Path Skew:        -0.077ns (DCD - SCD + CPR)
    Destination Clock Delay (DCD):    0.029ns = ( 3.029 - 3.000 ) 
    Source Clock Delay      (SCD):    0.106ns
    Clock Pessimism Removal (CPR):    0.000ns
  Clock Uncertainty:      0.035ns  ((TSJ^2 + TIJ^2)^1/2 + DJ) / 2 + PE
    Total System Jitter     (TSJ):    0.071ns
    Total Input Jitter      (TIJ):    0.000ns
    Discrete Jitter          (DJ):    0.000ns
    Phase Error              (PE):    0.000ns

    Location             Delay type                Incr(ns)  Path(ns)    Netlist Resource(s)
  -------------------------------------------------------------------    -------------------
                         (clock ap_clk rise edge)     0.000     0.000 r  
                                                      0.000     0.000 r  ap_clk (IN)
                         net (fo=542, unset)          0.106     0.106    control_s_axi_U/int_input_r/ap_clk
    RAMB36_X2Y5          RAMB36E2                                     r  control_s_axi_U/int_input_r/mem_reg/CLKBWRCLK
  -------------------------------------------------------------------    -------------------
    RAMB36_X2Y5          RAMB36E2 (Prop_RAMB36E2_RAMB36_CLKBWRCLK_DOUTBDOUT[0])
                                                      1.382     1.488 r  control_s_axi_U/int_input_r/mem_reg/DOUTBDOUT[0]
                         net (fo=3, routed)           0.297     1.785    control_s_axi_U/int_input_r/int_input_r_q0[0]
    SLICE_X52Y28         LUT4 (Prop_A6LUT_SLICEL_I1_O)
                                                      0.058     1.843 r  control_s_axi_U/int_input_r/tmp_product_i_19__0/O
                         net (fo=1, routed)           0.014     1.857    control_s_axi_U/int_input_r/tmp_product_i_19__0_n_0
    SLICE_X52Y28         CARRY8 (Prop_CARRY8_SLICEL_S[0]_O[5])
                                                      0.331     2.188 r  control_s_axi_U/int_input_r/tmp_product_i_3__0/O[5]
                         net (fo=2, routed)           0.241     2.430    control_s_axi_U/int_input_r/A[5]
    SLICE_X52Y31         LUT2 (Prop_F6LUT_SLICEL_I1_O)
                                                      0.136     2.566 r  control_s_axi_U/int_input_r/trunc_ln15_5_reg_648_reg_i_14/O
                         net (fo=1, routed)           0.015     2.581    control_s_axi_U/int_input_r/trunc_ln15_5_reg_648_reg_i_14_n_0
    SLICE_X52Y31         CARRY8 (Prop_CARRY8_SLICEL_S[5]_CO[7])
                                                      0.232     2.813 r  control_s_axi_U/int_input_r/trunc_ln15_5_reg_648_reg_i_3/CO[7]
                         net (fo=1, routed)           0.030     2.843    control_s_axi_U/int_input_r/trunc_ln15_5_reg_648_reg_i_3_n_0
    SLICE_X52Y32         CARRY8 (Prop_CARRY8_SLICEL_CI_O[5])
                                                      0.177     3.020 r  control_s_axi_U/int_input_r/trunc_ln15_5_reg_648_reg_i_2/O[5]
                         net (fo=4, routed)           0.277     3.297    mul_16s_16s_31_1_1_U7/DSP_ALU_INST_0[13]
    SLICE_X52Y34         FDRE                                         r  mul_16s_16s_31_1_1_U7/trunc_ln15_9_reg_752_reg_i_10_psdsp_2/D
  -------------------------------------------------------------------    -------------------

                         (clock ap_clk rise edge)     3.000     3.000 r  
                                                      0.000     3.000 r  ap_clk (IN)
                         net (fo=542, unset)          0.029     3.029    mul_16s_16s_31_1_1_U7/ap_clk
    SLICE_X52Y34         FDRE                                         r  mul_16s_16s_31_1_1_U7/trunc_ln15_9_reg_752_reg_i_10_psdsp_2/C
                         clock pessimism              0.000     3.029    
                         clock uncertainty           -0.035     2.994    
    SLICE_X52Y34         FDRE (Setup_BFF2_SLICEL_C_D)
                                                      0.046     3.040    mul_16s_16s_31_1_1_U7/trunc_ln15_9_reg_752_reg_i_10_psdsp_2
  -------------------------------------------------------------------
                         required time                          3.040    
                         arrival time                          -3.297    
  -------------------------------------------------------------------
                         slack                                 -0.257    

Slack (VIOLATED) :        -0.255ns  (required time - arrival time)
  Source:                 control_s_axi_U/int_input_r/mem_reg/CLKBWRCLK
                            (rising edge-triggered cell RAMB36E2 clocked by ap_clk  {rise@0.000ns fall@1.500ns period=3.000ns})
  Destination:            mul_16s_16s_31_1_1_U7/trunc_ln15_9_reg_752_reg_i_10_psdsp/D
                            (rising edge-triggered cell FDRE clocked by ap_clk  {rise@0.000ns fall@1.500ns period=3.000ns})
  Path Group:             ap_clk
  Path Type:              Setup (Max at Slow Process Corner)
  Requirement:            3.000ns  (ap_clk rise@3.000ns - ap_clk rise@0.000ns)
  Data Path Delay:        3.189ns  (logic 2.326ns (72.947%)  route 0.863ns (27.053%))
  Logic Levels:           5  (CARRY8=3 LUT2=1 LUT4=1)
  Clock Path Skew:        -0.077ns (DCD - SCD + CPR)
    Destination Clock Delay (DCD):    0.029ns = ( 3.029 - 3.000 ) 
    Source Clock Delay      (SCD):    0.106ns
    Clock Pessimism Removal (CPR):    0.000ns
  Clock Uncertainty:      0.035ns  ((TSJ^2 + TIJ^2)^1/2 + DJ) / 2 + PE
    Total System Jitter     (TSJ):    0.071ns
    Total Input Jitter      (TIJ):    0.000ns
    Discrete Jitter          (DJ):    0.000ns
    Phase Error              (PE):    0.000ns

    Location             Delay type                Incr(ns)  Path(ns)    Netlist Resource(s)
  -------------------------------------------------------------------    -------------------
                         (clock ap_clk rise edge)     0.000     0.000 r  
                                                      0.000     0.000 r  ap_clk (IN)
                         net (fo=542, unset)          0.106     0.106    control_s_axi_U/int_input_r/ap_clk
    RAMB36_X2Y5          RAMB36E2                                     r  control_s_axi_U/int_input_r/mem_reg/CLKBWRCLK
  -------------------------------------------------------------------    -------------------
    RAMB36_X2Y5          RAMB36E2 (Prop_RAMB36E2_RAMB36_CLKBWRCLK_DOUTBDOUT[0])
                                                      1.382     1.488 r  control_s_axi_U/int_input_r/mem_reg/DOUTBDOUT[0]
                         net (fo=3, routed)           0.297     1.785    control_s_axi_U/int_input_r/int_input_r_q0[0]
    SLICE_X52Y28         LUT4 (Prop_A6LUT_SLICEL_I1_O)
                                                      0.058     1.843 r  control_s_axi_U/int_input_r/tmp_product_i_19__0/O
                         net (fo=1, routed)           0.014     1.857    control_s_axi_U/int_input_r/tmp_product_i_19__0_n_0
    SLICE_X52Y28         CARRY8 (Prop_CARRY8_SLICEL_S[0]_O[5])
                                                      0.331     2.188 r  control_s_axi_U/int_input_r/tmp_product_i_3__0/O[5]
                         net (fo=2, routed)           0.241     2.430    control_s_axi_U/int_input_r/A[5]
    SLICE_X52Y31         LUT2 (Prop_F6LUT_SLICEL_I1_O)
                                                      0.136     2.566 r  control_s_axi_U/int_input_r/trunc_ln15_5_reg_648_reg_i_14/O
                         net (fo=1, routed)           0.015     2.581    control_s_axi_U/int_input_r/trunc_ln15_5_reg_648_reg_i_14_n_0
    SLICE_X52Y31         CARRY8 (Prop_CARRY8_SLICEL_S[5]_CO[7])
                                                      0.232     2.813 r  control_s_axi_U/int_input_r/trunc_ln15_5_reg_648_reg_i_3/CO[7]
                         net (fo=1, routed)           0.030     2.843    control_s_axi_U/int_input_r/trunc_ln15_5_reg_648_reg_i_3_n_0
    SLICE_X52Y32         CARRY8 (Prop_CARRY8_SLICEL_CI_O[7])
                                                      0.187     3.030 r  control_s_axi_U/int_input_r/trunc_ln15_5_reg_648_reg_i_2/O[7]
                         net (fo=4, routed)           0.265     3.295    mul_16s_16s_31_1_1_U7/DSP_ALU_INST_0[15]
    SLICE_X52Y31         FDRE                                         r  mul_16s_16s_31_1_1_U7/trunc_ln15_9_reg_752_reg_i_10_psdsp/D
  -------------------------------------------------------------------    -------------------

                         (clock ap_clk rise edge)     3.000     3.000 r  
                                                      0.000     3.000 r  ap_clk (IN)
                         net (fo=542, unset)          0.029     3.029    mul_16s_16s_31_1_1_U7/ap_clk
    SLICE_X52Y31         FDRE                                         r  mul_16s_16s_31_1_1_U7/trunc_ln15_9_reg_752_reg_i_10_psdsp/C
                         clock pessimism              0.000     3.029    
                         clock uncertainty           -0.035     2.994    
    SLICE_X52Y31         FDRE (Setup_CFF2_SLICEL_C_D)
                                                      0.046     3.040    mul_16s_16s_31_1_1_U7/trunc_ln15_9_reg_752_reg_i_10_psdsp
  -------------------------------------------------------------------
                         required time                          3.040    
                         arrival time                          -3.295    
  -------------------------------------------------------------------
                         slack                                 -0.255    

Slack (VIOLATED) :        -0.240ns  (required time - arrival time)
  Source:                 control_s_axi_U/int_input_r/mem_reg/CLKBWRCLK
                            (rising edge-triggered cell RAMB36E2 clocked by ap_clk  {rise@0.000ns fall@1.500ns period=3.000ns})
  Destination:            mul_16s_16s_31_1_1_U7/trunc_ln15_9_reg_752_reg_i_10_psdsp_4/D
                            (rising edge-triggered cell FDRE clocked by ap_clk  {rise@0.000ns fall@1.500ns period=3.000ns})
  Path Group:             ap_clk
  Path Type:              Setup (Max at Slow Process Corner)
  Requirement:            3.000ns  (ap_clk rise@3.000ns - ap_clk rise@0.000ns)
  Data Path Delay:        3.174ns  (logic 2.269ns (71.495%)  route 0.905ns (28.505%))
  Logic Levels:           5  (CARRY8=3 LUT2=1 LUT4=1)
  Clock Path Skew:        -0.077ns (DCD - SCD + CPR)
    Destination Clock Delay (DCD):    0.029ns = ( 3.029 - 3.000 ) 
    Source Clock Delay      (SCD):    0.106ns
    Clock Pessimism Removal (CPR):    0.000ns
  Clock Uncertainty:      0.035ns  ((TSJ^2 + TIJ^2)^1/2 + DJ) / 2 + PE
    Total System Jitter     (TSJ):    0.071ns
    Total Input Jitter      (TIJ):    0.000ns
    Discrete Jitter          (DJ):    0.000ns
    Phase Error              (PE):    0.000ns

    Location             Delay type                Incr(ns)  Path(ns)    Netlist Resource(s)
  -------------------------------------------------------------------    -------------------
                         (clock ap_clk rise edge)     0.000     0.000 r  
                                                      0.000     0.000 r  ap_clk (IN)
                         net (fo=542, unset)          0.106     0.106    control_s_axi_U/int_input_r/ap_clk
    RAMB36_X2Y5          RAMB36E2                                     r  control_s_axi_U/int_input_r/mem_reg/CLKBWRCLK
  -------------------------------------------------------------------    -------------------
    RAMB36_X2Y5          RAMB36E2 (Prop_RAMB36E2_RAMB36_CLKBWRCLK_DOUTBDOUT[0])
                                                      1.382     1.488 r  control_s_axi_U/int_input_r/mem_reg/DOUTBDOUT[0]
                         net (fo=3, routed)           0.297     1.785    control_s_axi_U/int_input_r/int_input_r_q0[0]
    SLICE_X52Y28         LUT4 (Prop_A6LUT_SLICEL_I1_O)
                                                      0.058     1.843 r  control_s_axi_U/int_input_r/tmp_product_i_19__0/O
                         net (fo=1, routed)           0.014     1.857    control_s_axi_U/int_input_r/tmp_product_i_19__0_n_0
    SLICE_X52Y28         CARRY8 (Prop_CARRY8_SLICEL_S[0]_O[5])
                                                      0.331     2.188 r  control_s_axi_U/int_input_r/tmp_product_i_3__0/O[5]
                         net (fo=2, routed)           0.241     2.430    control_s_axi_U/int_input_r/A[5]
    SLICE_X52Y31         LUT2 (Prop_F6LUT_SLICEL_I1_O)
                                                      0.136     2.566 r  control_s_axi_U/int_input_r/trunc_ln15_5_reg_648_reg_i_14/O
                         net (fo=1, routed)           0.015     2.581    control_s_axi_U/int_input_r/trunc_ln15_5_reg_648_reg_i_14_n_0
    SLICE_X52Y31         CARRY8 (Prop_CARRY8_SLICEL_S[5]_CO[7])
                                                      0.232     2.813 r  control_s_axi_U/int_input_r/trunc_ln15_5_reg_648_reg_i_3/CO[7]
                         net (fo=1, routed)           0.030     2.843    control_s_axi_U/int_input_r/trunc_ln15_5_reg_648_reg_i_3_n_0
    SLICE_X52Y32         CARRY8 (Prop_CARRY8_SLICEL_CI_O[3])
                                                      0.130     2.973 r  control_s_axi_U/int_input_r/trunc_ln15_5_reg_648_reg_i_2/O[3]
                         net (fo=4, routed)           0.307     3.280    mul_16s_16s_31_1_1_U7/DSP_ALU_INST_0[11]
    SLICE_X52Y32         FDRE                                         r  mul_16s_16s_31_1_1_U7/trunc_ln15_9_reg_752_reg_i_10_psdsp_4/D
  -------------------------------------------------------------------    -------------------

                         (clock ap_clk rise edge)     3.000     3.000 r  
                                                      0.000     3.000 r  ap_clk (IN)
                         net (fo=542, unset)          0.029     3.029    mul_16s_16s_31_1_1_U7/ap_clk
    SLICE_X52Y32         FDRE                                         r  mul_16s_16s_31_1_1_U7/trunc_ln15_9_reg_752_reg_i_10_psdsp_4/C
                         clock pessimism              0.000     3.029    
                         clock uncertainty           -0.035     2.994    
    SLICE_X52Y32         FDRE (Setup_AFF2_SLICEL_C_D)
                                                      0.046     3.040    mul_16s_16s_31_1_1_U7/trunc_ln15_9_reg_752_reg_i_10_psdsp_4
  -------------------------------------------------------------------
                         required time                          3.040    
                         arrival time                          -3.280    
  -------------------------------------------------------------------
                         slack                                 -0.240    

Slack (VIOLATED) :        -0.239ns  (required time - arrival time)
  Source:                 control_s_axi_U/int_input_r/mem_reg/CLKBWRCLK
                            (rising edge-triggered cell RAMB36E2 clocked by ap_clk  {rise@0.000ns fall@1.500ns period=3.000ns})
  Destination:            a_9_reg_665[15]_i_2_psdsp_1/D
                            (rising edge-triggered cell FDRE clocked by ap_clk  {rise@0.000ns fall@1.500ns period=3.000ns})
  Path Group:             ap_clk
  Path Type:              Setup (Max at Slow Process Corner)
  Requirement:            3.000ns  (ap_clk rise@3.000ns - ap_clk rise@0.000ns)
  Data Path Delay:        3.173ns  (logic 2.312ns (72.873%)  route 0.861ns (27.127%))
  Logic Levels:           5  (CARRY8=3 LUT2=1 LUT4=1)
  Clock Path Skew:        -0.077ns (DCD - SCD + CPR)
    Destination Clock Delay (DCD):    0.029ns = ( 3.029 - 3.000 ) 
    Source Clock Delay      (SCD):    0.106ns
    Clock Pessimism Removal (CPR):    0.000ns
  Clock Uncertainty:      0.035ns  ((TSJ^2 + TIJ^2)^1/2 + DJ) / 2 + PE
    Total System Jitter     (TSJ):    0.071ns
    Total Input Jitter      (TIJ):    0.000ns
    Discrete Jitter          (DJ):    0.000ns
    Phase Error              (PE):    0.000ns

    Location             Delay type                Incr(ns)  Path(ns)    Netlist Resource(s)
  -------------------------------------------------------------------    -------------------
                         (clock ap_clk rise edge)     0.000     0.000 r  
                                                      0.000     0.000 r  ap_clk (IN)
                         net (fo=542, unset)          0.106     0.106    control_s_axi_U/int_input_r/ap_clk
    RAMB36_X2Y5          RAMB36E2                                     r  control_s_axi_U/int_input_r/mem_reg/CLKBWRCLK
  -------------------------------------------------------------------    -------------------
    RAMB36_X2Y5          RAMB36E2 (Prop_RAMB36E2_RAMB36_CLKBWRCLK_DOUTBDOUT[0])
                                                      1.382     1.488 r  control_s_axi_U/int_input_r/mem_reg/DOUTBDOUT[0]
                         net (fo=3, routed)           0.297     1.785    control_s_axi_U/int_input_r/int_input_r_q0[0]
    SLICE_X52Y28         LUT4 (Prop_A6LUT_SLICEL_I1_O)
                                                      0.058     1.843 r  control_s_axi_U/int_input_r/tmp_product_i_19__0/O
                         net (fo=1, routed)           0.014     1.857    control_s_axi_U/int_input_r/tmp_product_i_19__0_n_0
    SLICE_X52Y28         CARRY8 (Prop_CARRY8_SLICEL_S[0]_O[5])
                                                      0.331     2.188 r  control_s_axi_U/int_input_r/tmp_product_i_3__0/O[5]
                         net (fo=2, routed)           0.241     2.430    control_s_axi_U/int_input_r/A[5]
    SLICE_X52Y31         LUT2 (Prop_F6LUT_SLICEL_I1_O)
                                                      0.136     2.566 r  control_s_axi_U/int_input_r/trunc_ln15_5_reg_648_reg_i_14/O
                         net (fo=1, routed)           0.015     2.581    control_s_axi_U/int_input_r/trunc_ln15_5_reg_648_reg_i_14_n_0
    SLICE_X52Y31         CARRY8 (Prop_CARRY8_SLICEL_S[5]_CO[7])
                                                      0.232     2.813 r  control_s_axi_U/int_input_r/trunc_ln15_5_reg_648_reg_i_3/CO[7]
                         net (fo=1, routed)           0.030     2.843    control_s_axi_U/int_input_r/trunc_ln15_5_reg_648_reg_i_3_n_0
    SLICE_X52Y32         CARRY8 (Prop_CARRY8_SLICEL_CI_O[6])
                                                      0.173     3.016 r  control_s_axi_U/int_input_r/trunc_ln15_5_reg_648_reg_i_2/O[6]
                         net (fo=4, routed)           0.263     3.279    grp_fu_260_p2[14]
    SLICE_X52Y33         FDRE                                         r  a_9_reg_665[15]_i_2_psdsp_1/D
  -------------------------------------------------------------------    -------------------

                         (clock ap_clk rise edge)     3.000     3.000 r  
                                                      0.000     3.000 r  ap_clk (IN)
                         net (fo=542, unset)          0.029     3.029    ap_clk
    SLICE_X52Y33         FDRE                                         r  a_9_reg_665[15]_i_2_psdsp_1/C
                         clock pessimism              0.000     3.029    
                         clock uncertainty           -0.035     2.994    
    SLICE_X52Y33         FDRE (Setup_CFF2_SLICEL_C_D)
                                                      0.046     3.040    a_9_reg_665[15]_i_2_psdsp_1
  -------------------------------------------------------------------
                         required time                          3.040    
                         arrival time                          -3.279    
  -------------------------------------------------------------------
                         slack                                 -0.239    

Slack (VIOLATED) :        -0.238ns  (required time - arrival time)
  Source:                 control_s_axi_U/int_input_r/mem_reg/CLKBWRCLK
                            (rising edge-triggered cell RAMB36E2 clocked by ap_clk  {rise@0.000ns fall@1.500ns period=3.000ns})
  Destination:            a_9_reg_665[15]_i_2_psdsp_6/D
                            (rising edge-triggered cell FDRE clocked by ap_clk  {rise@0.000ns fall@1.500ns period=3.000ns})
  Path Group:             ap_clk
  Path Type:              Setup (Max at Slow Process Corner)
  Requirement:            3.000ns  (ap_clk rise@3.000ns - ap_clk rise@0.000ns)
  Data Path Delay:        3.172ns  (logic 2.261ns (71.288%)  route 0.911ns (28.712%))
  Logic Levels:           5  (CARRY8=3 LUT2=1 LUT4=1)
  Clock Path Skew:        -0.077ns (DCD - SCD + CPR)
    Destination Clock Delay (DCD):    0.029ns = ( 3.029 - 3.000 ) 
    Source Clock Delay      (SCD):    0.106ns
    Clock Pessimism Removal (CPR):    0.000ns
  Clock Uncertainty:      0.035ns  ((TSJ^2 + TIJ^2)^1/2 + DJ) / 2 + PE
    Total System Jitter     (TSJ):    0.071ns
    Total Input Jitter      (TIJ):    0.000ns
    Discrete Jitter          (DJ):    0.000ns
    Phase Error              (PE):    0.000ns

    Location             Delay type                Incr(ns)  Path(ns)    Netlist Resource(s)
  -------------------------------------------------------------------    -------------------
                         (clock ap_clk rise edge)     0.000     0.000 r  
                                                      0.000     0.000 r  ap_clk (IN)
                         net (fo=542, unset)          0.106     0.106    control_s_axi_U/int_input_r/ap_clk
    RAMB36_X2Y5          RAMB36E2                                     r  control_s_axi_U/int_input_r/mem_reg/CLKBWRCLK
  -------------------------------------------------------------------    -------------------
    RAMB36_X2Y5          RAMB36E2 (Prop_RAMB36E2_RAMB36_CLKBWRCLK_DOUTBDOUT[0])
                                                      1.382     1.488 r  control_s_axi_U/int_input_r/mem_reg/DOUTBDOUT[0]
                         net (fo=3, routed)           0.297     1.785    control_s_axi_U/int_input_r/int_input_r_q0[0]
    SLICE_X52Y28         LUT4 (Prop_A6LUT_SLICEL_I1_O)
                                                      0.058     1.843 r  control_s_axi_U/int_input_r/tmp_product_i_19__0/O
                         net (fo=1, routed)           0.014     1.857    control_s_axi_U/int_input_r/tmp_product_i_19__0_n_0
    SLICE_X52Y28         CARRY8 (Prop_CARRY8_SLICEL_S[0]_O[5])
                                                      0.331     2.188 r  control_s_axi_U/int_input_r/tmp_product_i_3__0/O[5]
                         net (fo=2, routed)           0.241     2.430    control_s_axi_U/int_input_r/A[5]
    SLICE_X52Y31         LUT2 (Prop_F6LUT_SLICEL_I1_O)
                                                      0.136     2.566 r  control_s_axi_U/int_input_r/trunc_ln15_5_reg_648_reg_i_14/O
                         net (fo=1, routed)           0.015     2.581    control_s_axi_U/int_input_r/trunc_ln15_5_reg_648_reg_i_14_n_0
    SLICE_X52Y31         CARRY8 (Prop_CARRY8_SLICEL_S[5]_CO[7])
                                                      0.232     2.813 r  control_s_axi_U/int_input_r/trunc_ln15_5_reg_648_reg_i_3/CO[7]
                         net (fo=1, routed)           0.030     2.843    control_s_axi_U/int_input_r/trunc_ln15_5_reg_648_reg_i_3_n_0
    SLICE_X52Y32         CARRY8 (Prop_CARRY8_SLICEL_CI_O[1])
                                                      0.122     2.965 r  control_s_axi_U/int_input_r/trunc_ln15_5_reg_648_reg_i_2/O[1]
                         net (fo=4, routed)           0.313     3.278    grp_fu_260_p2[9]
    SLICE_X51Y32         FDRE                                         r  a_9_reg_665[15]_i_2_psdsp_6/D
  -------------------------------------------------------------------    -------------------

                         (clock ap_clk rise edge)     3.000     3.000 r  
                                                      0.000     3.000 r  ap_clk (IN)
                         net (fo=542, unset)          0.029     3.029    ap_clk
    SLICE_X51Y32         FDRE                                         r  a_9_reg_665[15]_i_2_psdsp_6/C
                         clock pessimism              0.000     3.029    
                         clock uncertainty           -0.035     2.994    
    SLICE_X51Y32         FDRE (Setup_BFF2_SLICEL_C_D)
                                                      0.046     3.040    a_9_reg_665[15]_i_2_psdsp_6
  -------------------------------------------------------------------
                         required time                          3.040    
                         arrival time                          -3.278    
  -------------------------------------------------------------------
                         slack                                 -0.238    

Slack (VIOLATED) :        -0.236ns  (required time - arrival time)
  Source:                 control_s_axi_U/int_input_r/mem_reg/CLKBWRCLK
                            (rising edge-triggered cell RAMB36E2 clocked by ap_clk  {rise@0.000ns fall@1.500ns period=3.000ns})
  Destination:            a_9_reg_665[15]_i_2_psdsp_5/D
                            (rising edge-triggered cell FDRE clocked by ap_clk  {rise@0.000ns fall@1.500ns period=3.000ns})
  Path Group:             ap_clk
  Path Type:              Setup (Max at Slow Process Corner)
  Requirement:            3.000ns  (ap_clk rise@3.000ns - ap_clk rise@0.000ns)
  Data Path Delay:        3.168ns  (logic 2.248ns (70.968%)  route 0.920ns (29.032%))
  Logic Levels:           5  (CARRY8=3 LUT2=1 LUT4=1)
  Clock Path Skew:        -0.077ns (DCD - SCD + CPR)
    Destination Clock Delay (DCD):    0.029ns = ( 3.029 - 3.000 ) 
    Source Clock Delay      (SCD):    0.106ns
    Clock Pessimism Removal (CPR):    0.000ns
  Clock Uncertainty:      0.035ns  ((TSJ^2 + TIJ^2)^1/2 + DJ) / 2 + PE
    Total System Jitter     (TSJ):    0.071ns
    Total Input Jitter      (TIJ):    0.000ns
    Discrete Jitter          (DJ):    0.000ns
    Phase Error              (PE):    0.000ns

    Location             Delay type                Incr(ns)  Path(ns)    Netlist Resource(s)
  -------------------------------------------------------------------    -------------------
                         (clock ap_clk rise edge)     0.000     0.000 r  
                                                      0.000     0.000 r  ap_clk (IN)
                         net (fo=542, unset)          0.106     0.106    control_s_axi_U/int_input_r/ap_clk
    RAMB36_X2Y5          RAMB36E2                                     r  control_s_axi_U/int_input_r/mem_reg/CLKBWRCLK
  -------------------------------------------------------------------    -------------------
    RAMB36_X2Y5          RAMB36E2 (Prop_RAMB36E2_RAMB36_CLKBWRCLK_DOUTBDOUT[0])
                                                      1.382     1.488 r  control_s_axi_U/int_input_r/mem_reg/DOUTBDOUT[0]
                         net (fo=3, routed)           0.297     1.785    control_s_axi_U/int_input_r/int_input_r_q0[0]
    SLICE_X52Y28         LUT4 (Prop_A6LUT_SLICEL_I1_O)
                                                      0.058     1.843 r  control_s_axi_U/int_input_r/tmp_product_i_19__0/O
                         net (fo=1, routed)           0.014     1.857    control_s_axi_U/int_input_r/tmp_product_i_19__0_n_0
    SLICE_X52Y28         CARRY8 (Prop_CARRY8_SLICEL_S[0]_O[5])
                                                      0.331     2.188 r  control_s_axi_U/int_input_r/tmp_product_i_3__0/O[5]
                         net (fo=2, routed)           0.241     2.430    control_s_axi_U/int_input_r/A[5]
    SLICE_X52Y31         LUT2 (Prop_F6LUT_SLICEL_I1_O)
                                                      0.136     2.566 r  control_s_axi_U/int_input_r/trunc_ln15_5_reg_648_reg_i_14/O
                         net (fo=1, routed)           0.015     2.581    control_s_axi_U/int_input_r/trunc_ln15_5_reg_648_reg_i_14_n_0
    SLICE_X52Y31         CARRY8 (Prop_CARRY8_SLICEL_S[5]_CO[7])
                                                      0.232     2.813 r  control_s_axi_U/int_input_r/trunc_ln15_5_reg_648_reg_i_3/CO[7]
                         net (fo=1, routed)           0.030     2.843    control_s_axi_U/int_input_r/trunc_ln15_5_reg_648_reg_i_3_n_0
    SLICE_X52Y32         CARRY8 (Prop_CARRY8_SLICEL_CI_O[2])
                                                      0.109     2.952 r  control_s_axi_U/int_input_r/trunc_ln15_5_reg_648_reg_i_2/O[2]
                         net (fo=4, routed)           0.322     3.274    grp_fu_260_p2[10]
    SLICE_X52Y33         FDRE                                         r  a_9_reg_665[15]_i_2_psdsp_5/D
  -------------------------------------------------------------------    -------------------

                         (clock ap_clk rise edge)     3.000     3.000 r  
                                                      0.000     3.000 r  ap_clk (IN)
                         net (fo=542, unset)          0.029     3.029    ap_clk
    SLICE_X52Y33         FDRE                                         r  a_9_reg_665[15]_i_2_psdsp_5/C
                         clock pessimism              0.000     3.029    
                         clock uncertainty           -0.035     2.994    
    SLICE_X52Y33         FDRE (Setup_AFF_SLICEL_C_D)
                                                      0.044     3.038    a_9_reg_665[15]_i_2_psdsp_5
  -------------------------------------------------------------------
                         required time                          3.038    
                         arrival time                          -3.274    
  -------------------------------------------------------------------
                         slack                                 -0.236    

Slack (VIOLATED) :        -0.210ns  (required time - arrival time)
  Source:                 control_s_axi_U/int_input_r/mem_reg/CLKBWRCLK
                            (rising edge-triggered cell RAMB36E2 clocked by ap_clk  {rise@0.000ns fall@1.500ns period=3.000ns})
  Destination:            value_19_reg_698_reg[9]/D
                            (rising edge-triggered cell FDRE clocked by ap_clk  {rise@0.000ns fall@1.500ns period=3.000ns})
  Path Group:             ap_clk
  Path Type:              Setup (Max at Slow Process Corner)
  Requirement:            3.000ns  (ap_clk rise@3.000ns - ap_clk rise@0.000ns)
  Data Path Delay:        3.142ns  (logic 2.261ns (71.969%)  route 0.881ns (28.031%))
  Logic Levels:           5  (CARRY8=3 LUT2=1 LUT4=1)
  Clock Path Skew:        -0.077ns (DCD - SCD + CPR)
    Destination Clock Delay (DCD):    0.029ns = ( 3.029 - 3.000 ) 
    Source Clock Delay      (SCD):    0.106ns
    Clock Pessimism Removal (CPR):    0.000ns
  Clock Uncertainty:      0.035ns  ((TSJ^2 + TIJ^2)^1/2 + DJ) / 2 + PE
    Total System Jitter     (TSJ):    0.071ns
    Total Input Jitter      (TIJ):    0.000ns
    Discrete Jitter          (DJ):    0.000ns
    Phase Error              (PE):    0.000ns

    Location             Delay type                Incr(ns)  Path(ns)    Netlist Resource(s)
  -------------------------------------------------------------------    -------------------
                         (clock ap_clk rise edge)     0.000     0.000 r  
                                                      0.000     0.000 r  ap_clk (IN)
                         net (fo=542, unset)          0.106     0.106    control_s_axi_U/int_input_r/ap_clk
    RAMB36_X2Y5          RAMB36E2                                     r  control_s_axi_U/int_input_r/mem_reg/CLKBWRCLK
  -------------------------------------------------------------------    -------------------
    RAMB36_X2Y5          RAMB36E2 (Prop_RAMB36E2_RAMB36_CLKBWRCLK_DOUTBDOUT[0])
                                                      1.382     1.488 r  control_s_axi_U/int_input_r/mem_reg/DOUTBDOUT[0]
                         net (fo=3, routed)           0.297     1.785    control_s_axi_U/int_input_r/int_input_r_q0[0]
    SLICE_X52Y28         LUT4 (Prop_A6LUT_SLICEL_I1_O)
                                                      0.058     1.843 r  control_s_axi_U/int_input_r/tmp_product_i_19__0/O
                         net (fo=1, routed)           0.014     1.857    control_s_axi_U/int_input_r/tmp_product_i_19__0_n_0
    SLICE_X52Y28         CARRY8 (Prop_CARRY8_SLICEL_S[0]_O[5])
                                                      0.331     2.188 r  control_s_axi_U/int_input_r/tmp_product_i_3__0/O[5]
                         net (fo=2, routed)           0.241     2.430    control_s_axi_U/int_input_r/A[5]
    SLICE_X52Y31         LUT2 (Prop_F6LUT_SLICEL_I1_O)
                                                      0.136     2.566 r  control_s_axi_U/int_input_r/trunc_ln15_5_reg_648_reg_i_14/O
                         net (fo=1, routed)           0.015     2.581    control_s_axi_U/int_input_r/trunc_ln15_5_reg_648_reg_i_14_n_0
    SLICE_X52Y31         CARRY8 (Prop_CARRY8_SLICEL_S[5]_CO[7])
                                                      0.232     2.813 r  control_s_axi_U/int_input_r/trunc_ln15_5_reg_648_reg_i_3/CO[7]
                         net (fo=1, routed)           0.030     2.843    control_s_axi_U/int_input_r/trunc_ln15_5_reg_648_reg_i_3_n_0
    SLICE_X52Y32         CARRY8 (Prop_CARRY8_SLICEL_CI_O[1])
                                                      0.122     2.965 r  control_s_axi_U/int_input_r/trunc_ln15_5_reg_648_reg_i_2/O[1]
                         net (fo=4, routed)           0.283     3.248    grp_fu_260_p2[9]
    SLICE_X52Y33         FDRE                                         r  value_19_reg_698_reg[9]/D
  -------------------------------------------------------------------    -------------------

                         (clock ap_clk rise edge)     3.000     3.000 r  
                                                      0.000     3.000 r  ap_clk (IN)
                         net (fo=542, unset)          0.029     3.029    ap_clk
    SLICE_X52Y33         FDRE                                         r  value_19_reg_698_reg[9]/C
                         clock pessimism              0.000     3.029    
                         clock uncertainty           -0.035     2.994    
    SLICE_X52Y33         FDRE (Setup_HFF_SLICEL_C_D)
                                                      0.044     3.038    value_19_reg_698_reg[9]
  -------------------------------------------------------------------
                         required time                          3.038    
                         arrival time                          -3.248    
  -------------------------------------------------------------------
                         slack                                 -0.210    

Slack (VIOLATED) :        -0.197ns  (required time - arrival time)
  Source:                 control_s_axi_U/int_input_r/mem_reg/CLKBWRCLK
                            (rising edge-triggered cell RAMB36E2 clocked by ap_clk  {rise@0.000ns fall@1.500ns period=3.000ns})
  Destination:            a_9_reg_665[15]_i_2_psdsp_4/D
                            (rising edge-triggered cell FDRE clocked by ap_clk  {rise@0.000ns fall@1.500ns period=3.000ns})
  Path Group:             ap_clk
  Path Type:              Setup (Max at Slow Process Corner)
  Requirement:            3.000ns  (ap_clk rise@3.000ns - ap_clk rise@0.000ns)
  Data Path Delay:        3.131ns  (logic 2.269ns (72.477%)  route 0.862ns (27.523%))
  Logic Levels:           5  (CARRY8=3 LUT2=1 LUT4=1)
  Clock Path Skew:        -0.077ns (DCD - SCD + CPR)
    Destination Clock Delay (DCD):    0.029ns = ( 3.029 - 3.000 ) 
    Source Clock Delay      (SCD):    0.106ns
    Clock Pessimism Removal (CPR):    0.000ns
  Clock Uncertainty:      0.035ns  ((TSJ^2 + TIJ^2)^1/2 + DJ) / 2 + PE
    Total System Jitter     (TSJ):    0.071ns
    Total Input Jitter      (TIJ):    0.000ns
    Discrete Jitter          (DJ):    0.000ns
    Phase Error              (PE):    0.000ns

    Location             Delay type                Incr(ns)  Path(ns)    Netlist Resource(s)
  -------------------------------------------------------------------    -------------------
                         (clock ap_clk rise edge)     0.000     0.000 r  
                                                      0.000     0.000 r  ap_clk (IN)
                         net (fo=542, unset)          0.106     0.106    control_s_axi_U/int_input_r/ap_clk
    RAMB36_X2Y5          RAMB36E2                                     r  control_s_axi_U/int_input_r/mem_reg/CLKBWRCLK
  -------------------------------------------------------------------    -------------------
    RAMB36_X2Y5          RAMB36E2 (Prop_RAMB36E2_RAMB36_CLKBWRCLK_DOUTBDOUT[0])
                                                      1.382     1.488 r  control_s_axi_U/int_input_r/mem_reg/DOUTBDOUT[0]
                         net (fo=3, routed)           0.297     1.785    control_s_axi_U/int_input_r/int_input_r_q0[0]
    SLICE_X52Y28         LUT4 (Prop_A6LUT_SLICEL_I1_O)
                                                      0.058     1.843 r  control_s_axi_U/int_input_r/tmp_product_i_19__0/O
                         net (fo=1, routed)           0.014     1.857    control_s_axi_U/int_input_r/tmp_product_i_19__0_n_0
    SLICE_X52Y28         CARRY8 (Prop_CARRY8_SLICEL_S[0]_O[5])
                                                      0.331     2.188 r  control_s_axi_U/int_input_r/tmp_product_i_3__0/O[5]
                         net (fo=2, routed)           0.241     2.430    control_s_axi_U/int_input_r/A[5]
    SLICE_X52Y31         LUT2 (Prop_F6LUT_SLICEL_I1_O)
                                                      0.136     2.566 r  control_s_axi_U/int_input_r/trunc_ln15_5_reg_648_reg_i_14/O
                         net (fo=1, routed)           0.015     2.581    control_s_axi_U/int_input_r/trunc_ln15_5_reg_648_reg_i_14_n_0
    SLICE_X52Y31         CARRY8 (Prop_CARRY8_SLICEL_S[5]_CO[7])
                                                      0.232     2.813 r  control_s_axi_U/int_input_r/trunc_ln15_5_reg_648_reg_i_3/CO[7]
                         net (fo=1, routed)           0.030     2.843    control_s_axi_U/int_input_r/trunc_ln15_5_reg_648_reg_i_3_n_0
    SLICE_X52Y32         CARRY8 (Prop_CARRY8_SLICEL_CI_O[3])
                                                      0.130     2.973 r  control_s_axi_U/int_input_r/trunc_ln15_5_reg_648_reg_i_2/O[3]
                         net (fo=4, routed)           0.264     3.237    grp_fu_260_p2[11]
    SLICE_X52Y33         FDRE                                         r  a_9_reg_665[15]_i_2_psdsp_4/D
  -------------------------------------------------------------------    -------------------

                         (clock ap_clk rise edge)     3.000     3.000 r  
                                                      0.000     3.000 r  ap_clk (IN)
                         net (fo=542, unset)          0.029     3.029    ap_clk
    SLICE_X52Y33         FDRE                                         r  a_9_reg_665[15]_i_2_psdsp_4/C
                         clock pessimism              0.000     3.029    
                         clock uncertainty           -0.035     2.994    
    SLICE_X52Y33         FDRE (Setup_AFF2_SLICEL_C_D)
                                                      0.046     3.040    a_9_reg_665[15]_i_2_psdsp_4
  -------------------------------------------------------------------
                         required time                          3.040    
                         arrival time                          -3.237    
  -------------------------------------------------------------------
                         slack                                 -0.197    

Slack (VIOLATED) :        -0.196ns  (required time - arrival time)
  Source:                 control_s_axi_U/int_input_r/mem_reg/CLKBWRCLK
                            (rising edge-triggered cell RAMB36E2 clocked by ap_clk  {rise@0.000ns fall@1.500ns period=3.000ns})
  Destination:            value_19_reg_698_reg[12]/D
                            (rising edge-triggered cell FDRE clocked by ap_clk  {rise@0.000ns fall@1.500ns period=3.000ns})
  Path Group:             ap_clk
  Path Type:              Setup (Max at Slow Process Corner)
  Requirement:            3.000ns  (ap_clk rise@3.000ns - ap_clk rise@0.000ns)
  Data Path Delay:        3.130ns  (logic 2.266ns (72.406%)  route 0.864ns (27.594%))
  Logic Levels:           5  (CARRY8=3 LUT2=1 LUT4=1)
  Clock Path Skew:        -0.077ns (DCD - SCD + CPR)
    Destination Clock Delay (DCD):    0.029ns = ( 3.029 - 3.000 ) 
    Source Clock Delay      (SCD):    0.106ns
    Clock Pessimism Removal (CPR):    0.000ns
  Clock Uncertainty:      0.035ns  ((TSJ^2 + TIJ^2)^1/2 + DJ) / 2 + PE
    Total System Jitter     (TSJ):    0.071ns
    Total Input Jitter      (TIJ):    0.000ns
    Discrete Jitter          (DJ):    0.000ns
    Phase Error              (PE):    0.000ns

    Location             Delay type                Incr(ns)  Path(ns)    Netlist Resource(s)
  -------------------------------------------------------------------    -------------------
                         (clock ap_clk rise edge)     0.000     0.000 r  
                                                      0.000     0.000 r  ap_clk (IN)
                         net (fo=542, unset)          0.106     0.106    control_s_axi_U/int_input_r/ap_clk
    RAMB36_X2Y5          RAMB36E2                                     r  control_s_axi_U/int_input_r/mem_reg/CLKBWRCLK
  -------------------------------------------------------------------    -------------------
    RAMB36_X2Y5          RAMB36E2 (Prop_RAMB36E2_RAMB36_CLKBWRCLK_DOUTBDOUT[0])
                                                      1.382     1.488 r  control_s_axi_U/int_input_r/mem_reg/DOUTBDOUT[0]
                         net (fo=3, routed)           0.297     1.785    control_s_axi_U/int_input_r/int_input_r_q0[0]
    SLICE_X52Y28         LUT4 (Prop_A6LUT_SLICEL_I1_O)
                                                      0.058     1.843 r  control_s_axi_U/int_input_r/tmp_product_i_19__0/O
                         net (fo=1, routed)           0.014     1.857    control_s_axi_U/int_input_r/tmp_product_i_19__0_n_0
    SLICE_X52Y28         CARRY8 (Prop_CARRY8_SLICEL_S[0]_O[5])
                                                      0.331     2.188 r  control_s_axi_U/int_input_r/tmp_product_i_3__0/O[5]
                         net (fo=2, routed)           0.241     2.430    control_s_axi_U/int_input_r/A[5]
    SLICE_X52Y31         LUT2 (Prop_F6LUT_SLICEL_I1_O)
                                                      0.136     2.566 r  control_s_axi_U/int_input_r/trunc_ln15_5_reg_648_reg_i_14/O
                         net (fo=1, routed)           0.015     2.581    control_s_axi_U/int_input_r/trunc_ln15_5_reg_648_reg_i_14_n_0
    SLICE_X52Y31         CARRY8 (Prop_CARRY8_SLICEL_S[5]_CO[7])
                                                      0.232     2.813 r  control_s_axi_U/int_input_r/trunc_ln15_5_reg_648_reg_i_3/CO[7]
                         net (fo=1, routed)           0.030     2.843    control_s_axi_U/int_input_r/trunc_ln15_5_reg_648_reg_i_3_n_0
    SLICE_X52Y32         CARRY8 (Prop_CARRY8_SLICEL_CI_O[4])
                                                      0.127     2.970 r  control_s_axi_U/int_input_r/trunc_ln15_5_reg_648_reg_i_2/O[4]
                         net (fo=4, routed)           0.266     3.236    grp_fu_260_p2[12]
    SLICE_X52Y31         FDRE                                         r  value_19_reg_698_reg[12]/D
  -------------------------------------------------------------------    -------------------

                         (clock ap_clk rise edge)     3.000     3.000 r  
                                                      0.000     3.000 r  ap_clk (IN)
                         net (fo=542, unset)          0.029     3.029    ap_clk
    SLICE_X52Y31         FDRE                                         r  value_19_reg_698_reg[12]/C
                         clock pessimism              0.000     3.029    
                         clock uncertainty           -0.035     2.994    
    SLICE_X52Y31         FDRE (Setup_EFF2_SLICEL_C_D)
                                                      0.046     3.040    value_19_reg_698_reg[12]
  -------------------------------------------------------------------
                         required time                          3.040    
                         arrival time                          -3.236    
  -------------------------------------------------------------------
                         slack                                 -0.196    

Slack (VIOLATED) :        -0.195ns  (required time - arrival time)
  Source:                 control_s_axi_U/int_input_r/mem_reg/CLKBWRCLK
                            (rising edge-triggered cell RAMB36E2 clocked by ap_clk  {rise@0.000ns fall@1.500ns period=3.000ns})
  Destination:            mul_16s_16s_31_1_1_U7/trunc_ln15_9_reg_752_reg_i_10_psdsp_3/D
                            (rising edge-triggered cell FDRE clocked by ap_clk  {rise@0.000ns fall@1.500ns period=3.000ns})
  Path Group:             ap_clk
  Path Type:              Setup (Max at Slow Process Corner)
  Requirement:            3.000ns  (ap_clk rise@3.000ns - ap_clk rise@0.000ns)
  Data Path Delay:        3.129ns  (logic 2.266ns (72.429%)  route 0.863ns (27.571%))
  Logic Levels:           5  (CARRY8=3 LUT2=1 LUT4=1)
  Clock Path Skew:        -0.077ns (DCD - SCD + CPR)
    Destination Clock Delay (DCD):    0.029ns = ( 3.029 - 3.000 ) 
    Source Clock Delay      (SCD):    0.106ns
    Clock Pessimism Removal (CPR):    0.000ns
  Clock Uncertainty:      0.035ns  ((TSJ^2 + TIJ^2)^1/2 + DJ) / 2 + PE
    Total System Jitter     (TSJ):    0.071ns
    Total Input Jitter      (TIJ):    0.000ns
    Discrete Jitter          (DJ):    0.000ns
    Phase Error              (PE):    0.000ns

    Location             Delay type                Incr(ns)  Path(ns)    Netlist Resource(s)
  -------------------------------------------------------------------    -------------------
                         (clock ap_clk rise edge)     0.000     0.000 r  
                                                      0.000     0.000 r  ap_clk (IN)
                         net (fo=542, unset)          0.106     0.106    control_s_axi_U/int_input_r/ap_clk
    RAMB36_X2Y5          RAMB36E2                                     r  control_s_axi_U/int_input_r/mem_reg/CLKBWRCLK
  -------------------------------------------------------------------    -------------------
    RAMB36_X2Y5          RAMB36E2 (Prop_RAMB36E2_RAMB36_CLKBWRCLK_DOUTBDOUT[0])
                                                      1.382     1.488 r  control_s_axi_U/int_input_r/mem_reg/DOUTBDOUT[0]
                         net (fo=3, routed)           0.297     1.785    control_s_axi_U/int_input_r/int_input_r_q0[0]
    SLICE_X52Y28         LUT4 (Prop_A6LUT_SLICEL_I1_O)
                                                      0.058     1.843 r  control_s_axi_U/int_input_r/tmp_product_i_19__0/O
                         net (fo=1, routed)           0.014     1.857    control_s_axi_U/int_input_r/tmp_product_i_19__0_n_0
    SLICE_X52Y28         CARRY8 (Prop_CARRY8_SLICEL_S[0]_O[5])
                                                      0.331     2.188 r  control_s_axi_U/int_input_r/tmp_product_i_3__0/O[5]
                         net (fo=2, routed)           0.241     2.430    control_s_axi_U/int_input_r/A[5]
    SLICE_X52Y31         LUT2 (Prop_F6LUT_SLICEL_I1_O)
                                                      0.136     2.566 r  control_s_axi_U/int_input_r/trunc_ln15_5_reg_648_reg_i_14/O
                         net (fo=1, routed)           0.015     2.581    control_s_axi_U/int_input_r/trunc_ln15_5_reg_648_reg_i_14_n_0
    SLICE_X52Y31         CARRY8 (Prop_CARRY8_SLICEL_S[5]_CO[7])
                                                      0.232     2.813 r  control_s_axi_U/int_input_r/trunc_ln15_5_reg_648_reg_i_3/CO[7]
                         net (fo=1, routed)           0.030     2.843    control_s_axi_U/int_input_r/trunc_ln15_5_reg_648_reg_i_3_n_0
    SLICE_X52Y32         CARRY8 (Prop_CARRY8_SLICEL_CI_O[4])
                                                      0.127     2.970 r  control_s_axi_U/int_input_r/trunc_ln15_5_reg_648_reg_i_2/O[4]
                         net (fo=4, routed)           0.265     3.235    mul_16s_16s_31_1_1_U7/DSP_ALU_INST_0[12]
    SLICE_X52Y31         FDRE                                         r  mul_16s_16s_31_1_1_U7/trunc_ln15_9_reg_752_reg_i_10_psdsp_3/D
  -------------------------------------------------------------------    -------------------

                         (clock ap_clk rise edge)     3.000     3.000 r  
                                                      0.000     3.000 r  ap_clk (IN)
                         net (fo=542, unset)          0.029     3.029    mul_16s_16s_31_1_1_U7/ap_clk
    SLICE_X52Y31         FDRE                                         r  mul_16s_16s_31_1_1_U7/trunc_ln15_9_reg_752_reg_i_10_psdsp_3/C
                         clock pessimism              0.000     3.029    
                         clock uncertainty           -0.035     2.994    
    SLICE_X52Y31         FDRE (Setup_FFF2_SLICEL_C_D)
                                                      0.046     3.040    mul_16s_16s_31_1_1_U7/trunc_ln15_9_reg_752_reg_i_10_psdsp_3
  -------------------------------------------------------------------
                         required time                          3.040    
                         arrival time                          -3.235    
  -------------------------------------------------------------------
                         slack                                 -0.195    

Slack (VIOLATED) :        -0.179ns  (required time - arrival time)
  Source:                 control_s_axi_U/int_input_r/mem_reg/CLKBWRCLK
                            (rising edge-triggered cell RAMB36E2 clocked by ap_clk  {rise@0.000ns fall@1.500ns period=3.000ns})
  Destination:            mul_16s_16s_31_1_1_U7/trunc_ln15_9_reg_752_reg_i_10_psdsp_5/D
                            (rising edge-triggered cell FDRE clocked by ap_clk  {rise@0.000ns fall@1.500ns period=3.000ns})
  Path Group:             ap_clk
  Path Type:              Setup (Max at Slow Process Corner)
  Requirement:            3.000ns  (ap_clk rise@3.000ns - ap_clk rise@0.000ns)
  Data Path Delay:        3.113ns  (logic 2.248ns (72.222%)  route 0.865ns (27.778%))
  Logic Levels:           5  (CARRY8=3 LUT2=1 LUT4=1)
  Clock Path Skew:        -0.077ns (DCD - SCD + CPR)
    Destination Clock Delay (DCD):    0.029ns = ( 3.029 - 3.000 ) 
    Source Clock Delay      (SCD):    0.106ns
    Clock Pessimism Removal (CPR):    0.000ns
  Clock Uncertainty:      0.035ns  ((TSJ^2 + TIJ^2)^1/2 + DJ) / 2 + PE
    Total System Jitter     (TSJ):    0.071ns
    Total Input Jitter      (TIJ):    0.000ns
    Discrete Jitter          (DJ):    0.000ns
    Phase Error              (PE):    0.000ns

    Location             Delay type                Incr(ns)  Path(ns)    Netlist Resource(s)
  -------------------------------------------------------------------    -------------------
                         (clock ap_clk rise edge)     0.000     0.000 r  
                                                      0.000     0.000 r  ap_clk (IN)
                         net (fo=542, unset)          0.106     0.106    control_s_axi_U/int_input_r/ap_clk
    RAMB36_X2Y5          RAMB36E2                                     r  control_s_axi_U/int_input_r/mem_reg/CLKBWRCLK
  -------------------------------------------------------------------    -------------------
    RAMB36_X2Y5          RAMB36E2 (Prop_RAMB36E2_RAMB36_CLKBWRCLK_DOUTBDOUT[0])
                                                      1.382     1.488 r  control_s_axi_U/int_input_r/mem_reg/DOUTBDOUT[0]
                         net (fo=3, routed)           0.297     1.785    control_s_axi_U/int_input_r/int_input_r_q0[0]
    SLICE_X52Y28         LUT4 (Prop_A6LUT_SLICEL_I1_O)
                                                      0.058     1.843 r  control_s_axi_U/int_input_r/tmp_product_i_19__0/O
                         net (fo=1, routed)           0.014     1.857    control_s_axi_U/int_input_r/tmp_product_i_19__0_n_0
    SLICE_X52Y28         CARRY8 (Prop_CARRY8_SLICEL_S[0]_O[5])
                                                      0.331     2.188 r  control_s_axi_U/int_input_r/tmp_product_i_3__0/O[5]
                         net (fo=2, routed)           0.241     2.430    control_s_axi_U/int_input_r/A[5]
    SLICE_X52Y31         LUT2 (Prop_F6LUT_SLICEL_I1_O)
                                                      0.136     2.566 r  control_s_axi_U/int_input_r/trunc_ln15_5_reg_648_reg_i_14/O
                         net (fo=1, routed)           0.015     2.581    control_s_axi_U/int_input_r/trunc_ln15_5_reg_648_reg_i_14_n_0
    SLICE_X52Y31         CARRY8 (Prop_CARRY8_SLICEL_S[5]_CO[7])
                                                      0.232     2.813 r  control_s_axi_U/int_input_r/trunc_ln15_5_reg_648_reg_i_3/CO[7]
                         net (fo=1, routed)           0.030     2.843    control_s_axi_U/int_input_r/trunc_ln15_5_reg_648_reg_i_3_n_0
    SLICE_X52Y32         CARRY8 (Prop_CARRY8_SLICEL_CI_O[2])
                                                      0.109     2.952 r  control_s_axi_U/int_input_r/trunc_ln15_5_reg_648_reg_i_2/O[2]
                         net (fo=4, routed)           0.267     3.219    mul_16s_16s_31_1_1_U7/DSP_ALU_INST_0[10]
    SLICE_X52Y33         FDRE                                         r  mul_16s_16s_31_1_1_U7/trunc_ln15_9_reg_752_reg_i_10_psdsp_5/D
  -------------------------------------------------------------------    -------------------

                         (clock ap_clk rise edge)     3.000     3.000 r  
                                                      0.000     3.000 r  ap_clk (IN)
                         net (fo=542, unset)          0.029     3.029    mul_16s_16s_31_1_1_U7/ap_clk
    SLICE_X52Y33         FDRE                                         r  mul_16s_16s_31_1_1_U7/trunc_ln15_9_reg_752_reg_i_10_psdsp_5/C
                         clock pessimism              0.000     3.029    
                         clock uncertainty           -0.035     2.994    
    SLICE_X52Y33         FDRE (Setup_GFF2_SLICEL_C_D)
                                                      0.046     3.040    mul_16s_16s_31_1_1_U7/trunc_ln15_9_reg_752_reg_i_10_psdsp_5
  -------------------------------------------------------------------
                         required time                          3.040    
                         arrival time                          -3.219    
  -------------------------------------------------------------------
                         slack                                 -0.179    

Slack (VIOLATED) :        -0.168ns  (required time - arrival time)
  Source:                 control_s_axi_U/int_input_r/mem_reg/CLKBWRCLK
                            (rising edge-triggered cell RAMB36E2 clocked by ap_clk  {rise@0.000ns fall@1.500ns period=3.000ns})
  Destination:            mul_16s_16s_31_1_1_U7/trunc_ln15_9_reg_752_reg_i_10_psdsp_11/D
                            (rising edge-triggered cell FDRE clocked by ap_clk  {rise@0.000ns fall@1.500ns period=3.000ns})
  Path Group:             ap_clk
  Path Type:              Setup (Max at Slow Process Corner)
  Requirement:            3.000ns  (ap_clk rise@3.000ns - ap_clk rise@0.000ns)
  Data Path Delay:        3.101ns  (logic 1.998ns (64.427%)  route 1.103ns (35.573%))
  Logic Levels:           4  (CARRY8=2 LUT2=1 LUT4=1)
  Clock Path Skew:        -0.077ns (DCD - SCD + CPR)
    Destination Clock Delay (DCD):    0.029ns = ( 3.029 - 3.000 ) 
    Source Clock Delay      (SCD):    0.106ns
    Clock Pessimism Removal (CPR):    0.000ns
  Clock Uncertainty:      0.035ns  ((TSJ^2 + TIJ^2)^1/2 + DJ) / 2 + PE
    Total System Jitter     (TSJ):    0.071ns
    Total Input Jitter      (TIJ):    0.000ns
    Discrete Jitter          (DJ):    0.000ns
    Phase Error              (PE):    0.000ns

    Location             Delay type                Incr(ns)  Path(ns)    Netlist Resource(s)
  -------------------------------------------------------------------    -------------------
                         (clock ap_clk rise edge)     0.000     0.000 r  
                                                      0.000     0.000 r  ap_clk (IN)
                         net (fo=542, unset)          0.106     0.106    control_s_axi_U/int_input_r/ap_clk
    RAMB36_X2Y5          RAMB36E2                                     r  control_s_axi_U/int_input_r/mem_reg/CLKBWRCLK
  -------------------------------------------------------------------    -------------------
    RAMB36_X2Y5          RAMB36E2 (Prop_RAMB36E2_RAMB36_CLKBWRCLK_DOUTBDOUT[0])
                                                      1.382     1.488 r  control_s_axi_U/int_input_r/mem_reg/DOUTBDOUT[0]
                         net (fo=3, routed)           0.297     1.785    control_s_axi_U/int_input_r/int_input_r_q0[0]
    SLICE_X52Y28         LUT4 (Prop_A6LUT_SLICEL_I1_O)
                                                      0.058     1.843 r  control_s_axi_U/int_input_r/tmp_product_i_19__0/O
                         net (fo=1, routed)           0.014     1.857    control_s_axi_U/int_input_r/tmp_product_i_19__0_n_0
    SLICE_X52Y28         CARRY8 (Prop_CARRY8_SLICEL_S[0]_O[0])
                                                      0.077     1.934 r  control_s_axi_U/int_input_r/tmp_product_i_3__0/O[0]
                         net (fo=2, routed)           0.234     2.168    control_s_axi_U/int_input_r/A[0]
    SLICE_X52Y31         LUT2 (Prop_A6LUT_SLICEL_I1_O)
                                                      0.188     2.356 r  control_s_axi_U/int_input_r/trunc_ln15_5_reg_648_reg_i_19/O
                         net (fo=1, routed)           0.014     2.370    control_s_axi_U/int_input_r/trunc_ln15_5_reg_648_reg_i_19_n_0
    SLICE_X52Y31         CARRY8 (Prop_CARRY8_SLICEL_S[0]_O[4])
                                                      0.293     2.663 r  control_s_axi_U/int_input_r/trunc_ln15_5_reg_648_reg_i_3/O[4]
                         net (fo=4, routed)           0.544     3.207    mul_16s_16s_31_1_1_U7/DSP_ALU_INST_0[4]
    SLICE_X52Y31         FDRE                                         r  mul_16s_16s_31_1_1_U7/trunc_ln15_9_reg_752_reg_i_10_psdsp_11/D
  -------------------------------------------------------------------    -------------------

                         (clock ap_clk rise edge)     3.000     3.000 r  
                                                      0.000     3.000 r  ap_clk (IN)
                         net (fo=542, unset)          0.029     3.029    mul_16s_16s_31_1_1_U7/ap_clk
    SLICE_X52Y31         FDRE                                         r  mul_16s_16s_31_1_1_U7/trunc_ln15_9_reg_752_reg_i_10_psdsp_11/C
                         clock pessimism              0.000     3.029    
                         clock uncertainty           -0.035     2.994    
    SLICE_X52Y31         FDRE (Setup_AFF2_SLICEL_C_D)
                                                      0.046     3.040    mul_16s_16s_31_1_1_U7/trunc_ln15_9_reg_752_reg_i_10_psdsp_11
  -------------------------------------------------------------------
                         required time                          3.040    
                         arrival time                          -3.207    
  -------------------------------------------------------------------
                         slack                                 -0.168    

Slack (VIOLATED) :        -0.168ns  (required time - arrival time)
  Source:                 trunc_ln15_1_reg_643_reg[15]_psdsp/C
                            (rising edge-triggered cell FDRE clocked by ap_clk  {rise@0.000ns fall@1.500ns period=3.000ns})
  Destination:            trunc_ln15_1_reg_643_reg[10]/D
                            (rising edge-triggered cell FDRE clocked by ap_clk  {rise@0.000ns fall@1.500ns period=3.000ns})
  Path Group:             ap_clk
  Path Type:              Setup (Max at Slow Process Corner)
  Requirement:            3.000ns  (ap_clk rise@3.000ns - ap_clk rise@0.000ns)
  Data Path Delay:        3.165ns  (logic 2.124ns (67.106%)  route 1.041ns (32.894%))
  Logic Levels:           6  (DSP_A_B_DATA=1 DSP_ALU=1 DSP_M_DATA=1 DSP_MULTIPLIER=1 DSP_OUTPUT=1 DSP_PREADD_DATA=1)
  Clock Path Skew:        -0.012ns (DCD - SCD + CPR)
    Destination Clock Delay (DCD):    0.031ns = ( 3.031 - 3.000 ) 
    Source Clock Delay      (SCD):    0.043ns
    Clock Pessimism Removal (CPR):    0.000ns
  Clock Uncertainty:      0.035ns  ((TSJ^2 + TIJ^2)^1/2 + DJ) / 2 + PE
    Total System Jitter     (TSJ):    0.071ns
    Total Input Jitter      (TIJ):    0.000ns
    Discrete Jitter          (DJ):    0.000ns
    Phase Error              (PE):    0.000ns

    Location             Delay type                Incr(ns)  Path(ns)    Netlist Resource(s)
  -------------------------------------------------------------------    -------------------
                         (clock ap_clk rise edge)     0.000     0.000 r  
                                                      0.000     0.000 r  ap_clk (IN)
                         net (fo=542, unset)          0.043     0.043    ap_clk
    SLICE_X53Y33         FDRE                                         r  trunc_ln15_1_reg_643_reg[15]_psdsp/C
  -------------------------------------------------------------------    -------------------
    SLICE_X53Y33         FDRE (Prop_BFF_SLICEM_C_Q)
                                                      0.112     0.155 f  trunc_ln15_1_reg_643_reg[15]_psdsp/Q
                         net (fo=15, routed)          0.414     0.569    mul_16s_16s_31_1_1_U2/tmp_product/A[21]
    DSP48E2_X12Y12       DSP_A_B_DATA (Prop_DSP_A_B_DATA_DSP48E2_A[21]_A2_DATA[21])
                                                      0.258     0.827 r  mul_16s_16s_31_1_1_U2/tmp_product/DSP_A_B_DATA_INST/A2_DATA[21]
                         net (fo=1, routed)           0.000     0.827    mul_16s_16s_31_1_1_U2/tmp_product/DSP_A_B_DATA.A2_DATA<21>
    DSP48E2_X12Y12       DSP_PREADD_DATA (Prop_DSP_PREADD_DATA_DSP48E2_A2_DATA[21]_A2A1[21])
                                                      0.114     0.941 r  mul_16s_16s_31_1_1_U2/tmp_product/DSP_PREADD_DATA_INST/A2A1[21]
                         net (fo=1, routed)           0.000     0.941    mul_16s_16s_31_1_1_U2/tmp_product/DSP_PREADD_DATA.A2A1<21>
    DSP48E2_X12Y12       DSP_MULTIPLIER (Prop_DSP_MULTIPLIER_DSP48E2_A2A1[21]_U[25])
                                                      0.700     1.641 f  mul_16s_16s_31_1_1_U2/tmp_product/DSP_MULTIPLIER_INST/U[25]
                         net (fo=1, routed)           0.000     1.641    mul_16s_16s_31_1_1_U2/tmp_product/DSP_MULTIPLIER.U<25>
    DSP48E2_X12Y12       DSP_M_DATA (Prop_DSP_M_DATA_DSP48E2_U[25]_U_DATA[25])
                                                      0.067     1.708 r  mul_16s_16s_31_1_1_U2/tmp_product/DSP_M_DATA_INST/U_DATA[25]
                         net (fo=1, routed)           0.000     1.708    mul_16s_16s_31_1_1_U2/tmp_product/DSP_M_DATA.U_DATA<25>
    DSP48E2_X12Y12       DSP_ALU (Prop_DSP_ALU_DSP48E2_U_DATA[25]_ALU_OUT[25])
                                                      0.727     2.435 f  mul_16s_16s_31_1_1_U2/tmp_product/DSP_ALU_INST/ALU_OUT[25]
                         net (fo=1, routed)           0.000     2.435    mul_16s_16s_31_1_1_U2/tmp_product/DSP_ALU.ALU_OUT<25>
    DSP48E2_X12Y12       DSP_OUTPUT (Prop_DSP_OUTPUT_DSP48E2_ALU_OUT[25]_P[25])
                                                      0.146     2.581 r  mul_16s_16s_31_1_1_U2/tmp_product/DSP_OUTPUT_INST/P[25]
                         net (fo=2, routed)           0.627     3.208    p_0_in[10]
    SLICE_X53Y33         FDRE                                         r  trunc_ln15_1_reg_643_reg[10]/D
  -------------------------------------------------------------------    -------------------

                         (clock ap_clk rise edge)     3.000     3.000 r  
                                                      0.000     3.000 r  ap_clk (IN)
                         net (fo=542, unset)          0.031     3.031    ap_clk
    SLICE_X53Y33         FDRE                                         r  trunc_ln15_1_reg_643_reg[10]/C
                         clock pessimism              0.000     3.031    
                         clock uncertainty           -0.035     2.996    
    SLICE_X53Y33         FDRE (Setup_EFF2_SLICEM_C_D)
                                                      0.045     3.041    trunc_ln15_1_reg_643_reg[10]
  -------------------------------------------------------------------
                         required time                          3.041    
                         arrival time                          -3.208    
  -------------------------------------------------------------------
                         slack                                 -0.168    

Slack (VIOLATED) :        -0.159ns  (required time - arrival time)
  Source:                 control_s_axi_U/int_input_r/mem_reg/CLKBWRCLK
                            (rising edge-triggered cell RAMB36E2 clocked by ap_clk  {rise@0.000ns fall@1.500ns period=3.000ns})
  Destination:            value_19_reg_698_reg[8]/D
                            (rising edge-triggered cell FDRE clocked by ap_clk  {rise@0.000ns fall@1.500ns period=3.000ns})
  Path Group:             ap_clk
  Path Type:              Setup (Max at Slow Process Corner)
  Requirement:            3.000ns  (ap_clk rise@3.000ns - ap_clk rise@0.000ns)
  Data Path Delay:        3.093ns  (logic 2.225ns (71.947%)  route 0.868ns (28.053%))
  Logic Levels:           5  (CARRY8=3 LUT2=1 LUT4=1)
  Clock Path Skew:        -0.077ns (DCD - SCD + CPR)
    Destination Clock Delay (DCD):    0.029ns = ( 3.029 - 3.000 ) 
    Source Clock Delay      (SCD):    0.106ns
    Clock Pessimism Removal (CPR):    0.000ns
  Clock Uncertainty:      0.035ns  ((TSJ^2 + TIJ^2)^1/2 + DJ) / 2 + PE
    Total System Jitter     (TSJ):    0.071ns
    Total Input Jitter      (TIJ):    0.000ns
    Discrete Jitter          (DJ):    0.000ns
    Phase Error              (PE):    0.000ns

    Location             Delay type                Incr(ns)  Path(ns)    Netlist Resource(s)
  -------------------------------------------------------------------    -------------------
                         (clock ap_clk rise edge)     0.000     0.000 r  
                                                      0.000     0.000 r  ap_clk (IN)
                         net (fo=542, unset)          0.106     0.106    control_s_axi_U/int_input_r/ap_clk
    RAMB36_X2Y5          RAMB36E2                                     r  control_s_axi_U/int_input_r/mem_reg/CLKBWRCLK
  -------------------------------------------------------------------    -------------------
    RAMB36_X2Y5          RAMB36E2 (Prop_RAMB36E2_RAMB36_CLKBWRCLK_DOUTBDOUT[0])
                                                      1.382     1.488 r  control_s_axi_U/int_input_r/mem_reg/DOUTBDOUT[0]
                         net (fo=3, routed)           0.297     1.785    control_s_axi_U/int_input_r/int_input_r_q0[0]
    SLICE_X52Y28         LUT4 (Prop_A6LUT_SLICEL_I1_O)
                                                      0.058     1.843 r  control_s_axi_U/int_input_r/tmp_product_i_19__0/O
                         net (fo=1, routed)           0.014     1.857    control_s_axi_U/int_input_r/tmp_product_i_19__0_n_0
    SLICE_X52Y28         CARRY8 (Prop_CARRY8_SLICEL_S[0]_O[5])
                                                      0.331     2.188 r  control_s_axi_U/int_input_r/tmp_product_i_3__0/O[5]
                         net (fo=2, routed)           0.241     2.430    control_s_axi_U/int_input_r/A[5]
    SLICE_X52Y31         LUT2 (Prop_F6LUT_SLICEL_I1_O)
                                                      0.136     2.566 r  control_s_axi_U/int_input_r/trunc_ln15_5_reg_648_reg_i_14/O
                         net (fo=1, routed)           0.015     2.581    control_s_axi_U/int_input_r/trunc_ln15_5_reg_648_reg_i_14_n_0
    SLICE_X52Y31         CARRY8 (Prop_CARRY8_SLICEL_S[5]_CO[7])
                                                      0.232     2.813 r  control_s_axi_U/int_input_r/trunc_ln15_5_reg_648_reg_i_3/CO[7]
                         net (fo=1, routed)           0.030     2.843    control_s_axi_U/int_input_r/trunc_ln15_5_reg_648_reg_i_3_n_0
    SLICE_X52Y32         CARRY8 (Prop_CARRY8_SLICEL_CI_O[0])
                                                      0.086     2.929 r  control_s_axi_U/int_input_r/trunc_ln15_5_reg_648_reg_i_2/O[0]
                         net (fo=4, routed)           0.270     3.199    grp_fu_260_p2[8]
    SLICE_X52Y33         FDRE                                         r  value_19_reg_698_reg[8]/D
  -------------------------------------------------------------------    -------------------

                         (clock ap_clk rise edge)     3.000     3.000 r  
                                                      0.000     3.000 r  ap_clk (IN)
                         net (fo=542, unset)          0.029     3.029    ap_clk
    SLICE_X52Y33         FDRE                                         r  value_19_reg_698_reg[8]/C
                         clock pessimism              0.000     3.029    
                         clock uncertainty           -0.035     2.994    
    SLICE_X52Y33         FDRE (Setup_FFF2_SLICEL_C_D)
                                                      0.046     3.040    value_19_reg_698_reg[8]
  -------------------------------------------------------------------
                         required time                          3.040    
                         arrival time                          -3.199    
  -------------------------------------------------------------------
                         slack                                 -0.159    

Slack (VIOLATED) :        -0.153ns  (required time - arrival time)
  Source:                 control_s_axi_U/int_input_r/mem_reg/CLKBWRCLK
                            (rising edge-triggered cell RAMB36E2 clocked by ap_clk  {rise@0.000ns fall@1.500ns period=3.000ns})
  Destination:            mul_16s_16s_31_1_1_U7/trunc_ln15_9_reg_752_reg_i_10_psdsp_7/D
                            (rising edge-triggered cell FDRE clocked by ap_clk  {rise@0.000ns fall@1.500ns period=3.000ns})
  Path Group:             ap_clk
  Path Type:              Setup (Max at Slow Process Corner)
  Requirement:            3.000ns  (ap_clk rise@3.000ns - ap_clk rise@0.000ns)
  Data Path Delay:        3.087ns  (logic 2.225ns (72.087%)  route 0.862ns (27.913%))
  Logic Levels:           5  (CARRY8=3 LUT2=1 LUT4=1)
  Clock Path Skew:        -0.077ns (DCD - SCD + CPR)
    Destination Clock Delay (DCD):    0.029ns = ( 3.029 - 3.000 ) 
    Source Clock Delay      (SCD):    0.106ns
    Clock Pessimism Removal (CPR):    0.000ns
  Clock Uncertainty:      0.035ns  ((TSJ^2 + TIJ^2)^1/2 + DJ) / 2 + PE
    Total System Jitter     (TSJ):    0.071ns
    Total Input Jitter      (TIJ):    0.000ns
    Discrete Jitter          (DJ):    0.000ns
    Phase Error              (PE):    0.000ns

    Location             Delay type                Incr(ns)  Path(ns)    Netlist Resource(s)
  -------------------------------------------------------------------    -------------------
                         (clock ap_clk rise edge)     0.000     0.000 r  
                                                      0.000     0.000 r  ap_clk (IN)
                         net (fo=542, unset)          0.106     0.106    control_s_axi_U/int_input_r/ap_clk
    RAMB36_X2Y5          RAMB36E2                                     r  control_s_axi_U/int_input_r/mem_reg/CLKBWRCLK
  -------------------------------------------------------------------    -------------------
    RAMB36_X2Y5          RAMB36E2 (Prop_RAMB36E2_RAMB36_CLKBWRCLK_DOUTBDOUT[0])
                                                      1.382     1.488 r  control_s_axi_U/int_input_r/mem_reg/DOUTBDOUT[0]
                         net (fo=3, routed)           0.297     1.785    control_s_axi_U/int_input_r/int_input_r_q0[0]
    SLICE_X52Y28         LUT4 (Prop_A6LUT_SLICEL_I1_O)
                                                      0.058     1.843 r  control_s_axi_U/int_input_r/tmp_product_i_19__0/O
                         net (fo=1, routed)           0.014     1.857    control_s_axi_U/int_input_r/tmp_product_i_19__0_n_0
    SLICE_X52Y28         CARRY8 (Prop_CARRY8_SLICEL_S[0]_O[5])
                                                      0.331     2.188 r  control_s_axi_U/int_input_r/tmp_product_i_3__0/O[5]
                         net (fo=2, routed)           0.241     2.430    control_s_axi_U/int_input_r/A[5]
    SLICE_X52Y31         LUT2 (Prop_F6LUT_SLICEL_I1_O)
                                                      0.136     2.566 r  control_s_axi_U/int_input_r/trunc_ln15_5_reg_648_reg_i_14/O
                         net (fo=1, routed)           0.015     2.581    control_s_axi_U/int_input_r/trunc_ln15_5_reg_648_reg_i_14_n_0
    SLICE_X52Y31         CARRY8 (Prop_CARRY8_SLICEL_S[5]_CO[7])
                                                      0.232     2.813 r  control_s_axi_U/int_input_r/trunc_ln15_5_reg_648_reg_i_3/CO[7]
                         net (fo=1, routed)           0.030     2.843    control_s_axi_U/int_input_r/trunc_ln15_5_reg_648_reg_i_3_n_0
    SLICE_X52Y32         CARRY8 (Prop_CARRY8_SLICEL_CI_O[0])
                                                      0.086     2.929 r  control_s_axi_U/int_input_r/trunc_ln15_5_reg_648_reg_i_2/O[0]
                         net (fo=4, routed)           0.264     3.193    mul_16s_16s_31_1_1_U7/DSP_ALU_INST_0[8]
    SLICE_X52Y31         FDRE                                         r  mul_16s_16s_31_1_1_U7/trunc_ln15_9_reg_752_reg_i_10_psdsp_7/D
  -------------------------------------------------------------------    -------------------

                         (clock ap_clk rise edge)     3.000     3.000 r  
                                                      0.000     3.000 r  ap_clk (IN)
                         net (fo=542, unset)          0.029     3.029    mul_16s_16s_31_1_1_U7/ap_clk
    SLICE_X52Y31         FDRE                                         r  mul_16s_16s_31_1_1_U7/trunc_ln15_9_reg_752_reg_i_10_psdsp_7/C
                         clock pessimism              0.000     3.029    
                         clock uncertainty           -0.035     2.994    
    SLICE_X52Y31         FDRE (Setup_DFF2_SLICEL_C_D)
                                                      0.046     3.040    mul_16s_16s_31_1_1_U7/trunc_ln15_9_reg_752_reg_i_10_psdsp_7
  -------------------------------------------------------------------
                         required time                          3.040    
                         arrival time                          -3.193    
  -------------------------------------------------------------------
                         slack                                 -0.153    





Pulse Width Checks
--------------------------------------------------------------------------------------
Clock Name:         ap_clk
Waveform(ns):       { 0.000 1.500 }
Period(ns):         3.000
Sources:            { ap_clk }

Check Type        Corner  Lib Pin             Reference Pin  Required(ns)  Actual(ns)  Slack(ns)  Location        Pin
Min Period        n/a     RAMB36E2/CLKARDCLK  n/a            1.960         3.000       1.040      RAMB36_X2Y5     control_s_axi_U/int_input_r/mem_reg/CLKARDCLK
Min Period        n/a     RAMB18E2/CLKARDCLK  n/a            1.960         3.000       1.040      RAMB18_X2Y14    control_s_axi_U/int_output_r/mem_reg/CLKARDCLK
Min Period        n/a     RAMB18E2/CLKBWRCLK  n/a            1.960         3.000       1.040      RAMB18_X2Y14    control_s_axi_U/int_output_r/mem_reg/CLKBWRCLK
Min Period        n/a     RAMB36E2/CLKBWRCLK  n/a            1.709         3.000       1.291      RAMB36_X2Y5     control_s_axi_U/int_input_r/mem_reg/CLKBWRCLK
Min Period        n/a     DSP_OUTPUT/CLK      n/a            0.850         3.000       2.150      DSP48E2_X12Y17  mul_16s_16s_31_1_1_U9/tmp_product/DSP_OUTPUT_INST/CLK
Min Period        n/a     DSP_OUTPUT/CLK      n/a            0.850         3.000       2.150      DSP48E2_X12Y15  trunc_ln15_10_reg_742_reg/DSP_OUTPUT_INST/CLK
Min Period        n/a     DSP_OUTPUT/CLK      n/a            0.850         3.000       2.150      DSP48E2_X12Y10  trunc_ln15_2_reg_676_reg/DSP_OUTPUT_INST/CLK
Min Period        n/a     DSP_OUTPUT/CLK      n/a            0.850         3.000       2.150      DSP48E2_X12Y19  trunc_ln15_4_reg_681_reg/DSP_OUTPUT_INST/CLK
Min Period        n/a     DSP_OUTPUT/CLK      n/a            0.850         3.000       2.150      DSP48E2_X12Y11  trunc_ln15_5_reg_648_reg/DSP_OUTPUT_INST/CLK
Min Period        n/a     DSP_OUTPUT/CLK      n/a            0.850         3.000       2.150      DSP48E2_X12Y18  trunc_ln15_8_reg_799_reg/DSP_OUTPUT_INST/CLK
Min Period        n/a     DSP_OUTPUT/CLK      n/a            0.850         3.000       2.150      DSP48E2_X12Y14  trunc_ln15_9_reg_752_reg/DSP_OUTPUT_INST/CLK
Min Period        n/a     DSP_OUTPUT/CLK      n/a            0.850         3.000       2.150      DSP48E2_X12Y16  trunc_ln15_s_reg_784_reg/DSP_OUTPUT_INST/CLK
Min Period        n/a     DSP_OUTPUT/CLK      n/a            0.850         3.000       2.150      DSP48E2_X12Y9   trunc_ln_reg_615_reg/DSP_OUTPUT_INST/CLK
Min Period        n/a     DSP_A_B_DATA/CLK    n/a            0.700         3.000       2.300      DSP48E2_X12Y12  mul_16s_16s_31_1_1_U2/tmp_product/DSP_A_B_DATA_INST/CLK
Min Period        n/a     DSP_A_B_DATA/CLK    n/a            0.700         3.000       2.300      DSP48E2_X12Y13  mul_16s_16s_31_1_1_U7/tmp_product/DSP_A_B_DATA_INST/CLK
Min Period        n/a     DSP_A_B_DATA/CLK    n/a            0.700         3.000       2.300      DSP48E2_X12Y17  mul_16s_16s_31_1_1_U9/tmp_product/DSP_A_B_DATA_INST/CLK
Min Period        n/a     DSP_A_B_DATA/CLK    n/a            0.700         3.000       2.300      DSP48E2_X12Y15  trunc_ln15_10_reg_742_reg/DSP_A_B_DATA_INST/CLK
Min Period        n/a     DSP_A_B_DATA/CLK    n/a            0.700         3.000       2.300      DSP48E2_X12Y10  trunc_ln15_2_reg_676_reg/DSP_A_B_DATA_INST/CLK
Min Period        n/a     DSP_A_B_DATA/CLK    n/a            0.700         3.000       2.300      DSP48E2_X12Y19  trunc_ln15_4_reg_681_reg/DSP_A_B_DATA_INST/CLK
Min Period        n/a     DSP_A_B_DATA/CLK    n/a            0.700         3.000       2.300      DSP48E2_X12Y11  trunc_ln15_5_reg_648_reg/DSP_A_B_DATA_INST/CLK
Low Pulse Width   Slow    RAMB36E2/CLKARDCLK  n/a            0.577         1.500       0.923      RAMB36_X2Y5     control_s_axi_U/int_input_r/mem_reg/CLKARDCLK
Low Pulse Width   Fast    RAMB36E2/CLKARDCLK  n/a            0.577         1.500       0.923      RAMB36_X2Y5     control_s_axi_U/int_input_r/mem_reg/CLKARDCLK
Low Pulse Width   Slow    RAMB36E2/CLKBWRCLK  n/a            0.577         1.500       0.923      RAMB36_X2Y5     control_s_axi_U/int_input_r/mem_reg/CLKBWRCLK
Low Pulse Width   Fast    RAMB36E2/CLKBWRCLK  n/a            0.577         1.500       0.923      RAMB36_X2Y5     control_s_axi_U/int_input_r/mem_reg/CLKBWRCLK
Low Pulse Width   Slow    RAMB18E2/CLKARDCLK  n/a            0.577         1.500       0.923      RAMB18_X2Y14    control_s_axi_U/int_output_r/mem_reg/CLKARDCLK
Low Pulse Width   Fast    RAMB18E2/CLKARDCLK  n/a            0.577         1.500       0.923      RAMB18_X2Y14    control_s_axi_U/int_output_r/mem_reg/CLKARDCLK
Low Pulse Width   Slow    RAMB18E2/CLKBWRCLK  n/a            0.577         1.500       0.923      RAMB18_X2Y14    control_s_axi_U/int_output_r/mem_reg/CLKBWRCLK
Low Pulse Width   Fast    RAMB18E2/CLKBWRCLK  n/a            0.577         1.500       0.923      RAMB18_X2Y14    control_s_axi_U/int_output_r/mem_reg/CLKBWRCLK
Low Pulse Width   Slow    FDRE/C              n/a            0.275         1.500       1.225      SLICE_X52Y27    a_4_reg_625[15]_i_2_psdsp/C
Low Pulse Width   Fast    FDRE/C              n/a            0.275         1.500       1.225      SLICE_X52Y27    a_4_reg_625[15]_i_2_psdsp/C
Low Pulse Width   Slow    FDRE/C              n/a            0.275         1.500       1.225      SLICE_X52Y27    a_4_reg_625[15]_i_2_psdsp_1/C
Low Pulse Width   Fast    FDRE/C              n/a            0.275         1.500       1.225      SLICE_X52Y27    a_4_reg_625[15]_i_2_psdsp_1/C
Low Pulse Width   Slow    FDRE/C              n/a            0.275         1.500       1.225      SLICE_X52Y26    a_4_reg_625[15]_i_2_psdsp_10/C
Low Pulse Width   Fast    FDRE/C              n/a            0.275         1.500       1.225      SLICE_X52Y26    a_4_reg_625[15]_i_2_psdsp_10/C
Low Pulse Width   Slow    FDRE/C              n/a            0.275         1.500       1.225      SLICE_X53Y26    a_4_reg_625[15]_i_2_psdsp_11/C
Low Pulse Width   Fast    FDRE/C              n/a            0.275         1.500       1.225      SLICE_X53Y26    a_4_reg_625[15]_i_2_psdsp_11/C
Low Pulse Width   Slow    FDRE/C              n/a            0.275         1.500       1.225      SLICE_X52Y25    a_4_reg_625[15]_i_2_psdsp_12/C
Low Pulse Width   Fast    FDRE/C              n/a            0.275         1.500       1.225      SLICE_X52Y25    a_4_reg_625[15]_i_2_psdsp_12/C
Low Pulse Width   Slow    FDRE/C              n/a            0.275         1.500       1.225      SLICE_X53Y26    a_4_reg_625[15]_i_2_psdsp_13/C
Low Pulse Width   Fast    FDRE/C              n/a            0.275         1.500       1.225      SLICE_X53Y26    a_4_reg_625[15]_i_2_psdsp_13/C
High Pulse Width  Slow    RAMB36E2/CLKARDCLK  n/a            0.577         1.500       0.923      RAMB36_X2Y5     control_s_axi_U/int_input_r/mem_reg/CLKARDCLK
High Pulse Width  Fast    RAMB36E2/CLKARDCLK  n/a            0.577         1.500       0.923      RAMB36_X2Y5     control_s_axi_U/int_input_r/mem_reg/CLKARDCLK
High Pulse Width  Slow    RAMB36E2/CLKBWRCLK  n/a            0.577         1.500       0.923      RAMB36_X2Y5     control_s_axi_U/int_input_r/mem_reg/CLKBWRCLK
High Pulse Width  Fast    RAMB36E2/CLKBWRCLK  n/a            0.577         1.500       0.923      RAMB36_X2Y5     control_s_axi_U/int_input_r/mem_reg/CLKBWRCLK
High Pulse Width  Slow    RAMB18E2/CLKARDCLK  n/a            0.577         1.500       0.923      RAMB18_X2Y14    control_s_axi_U/int_output_r/mem_reg/CLKARDCLK
High Pulse Width  Fast    RAMB18E2/CLKARDCLK  n/a            0.577         1.500       0.923      RAMB18_X2Y14    control_s_axi_U/int_output_r/mem_reg/CLKARDCLK
High Pulse Width  Slow    RAMB18E2/CLKBWRCLK  n/a            0.577         1.500       0.923      RAMB18_X2Y14    control_s_axi_U/int_output_r/mem_reg/CLKBWRCLK
High Pulse Width  Fast    RAMB18E2/CLKBWRCLK  n/a            0.577         1.500       0.923      RAMB18_X2Y14    control_s_axi_U/int_output_r/mem_reg/CLKBWRCLK
High Pulse Width  Slow    FDRE/C              n/a            0.275         1.500       1.225      SLICE_X52Y27    a_4_reg_625[15]_i_2_psdsp/C
High Pulse Width  Fast    FDRE/C              n/a            0.275         1.500       1.225      SLICE_X52Y27    a_4_reg_625[15]_i_2_psdsp/C
High Pulse Width  Slow    FDRE/C              n/a            0.275         1.500       1.225      SLICE_X52Y27    a_4_reg_625[15]_i_2_psdsp_1/C
High Pulse Width  Fast    FDRE/C              n/a            0.275         1.500       1.225      SLICE_X52Y27    a_4_reg_625[15]_i_2_psdsp_1/C
High Pulse Width  Slow    FDRE/C              n/a            0.275         1.500       1.225      SLICE_X52Y26    a_4_reg_625[15]_i_2_psdsp_10/C
High Pulse Width  Fast    FDRE/C              n/a            0.275         1.500       1.225      SLICE_X52Y26    a_4_reg_625[15]_i_2_psdsp_10/C
High Pulse Width  Slow    FDRE/C              n/a            0.275         1.500       1.225      SLICE_X53Y26    a_4_reg_625[15]_i_2_psdsp_11/C
High Pulse Width  Fast    FDRE/C              n/a            0.275         1.500       1.225      SLICE_X53Y26    a_4_reg_625[15]_i_2_psdsp_11/C
High Pulse Width  Slow    FDRE/C              n/a            0.275         1.500       1.225      SLICE_X52Y25    a_4_reg_625[15]_i_2_psdsp_12/C
High Pulse Width  Fast    FDRE/C              n/a            0.275         1.500       1.225      SLICE_X52Y25    a_4_reg_625[15]_i_2_psdsp_12/C
High Pulse Width  Slow    FDRE/C              n/a            0.275         1.500       1.225      SLICE_X53Y26    a_4_reg_625[15]_i_2_psdsp_13/C
High Pulse Width  Fast    FDRE/C              n/a            0.275         1.500       1.225      SLICE_X53Y26    a_4_reg_625[15]_i_2_psdsp_13/C



