Copyright 1986-2022 Xilinx, Inc. All Rights Reserved. Copyright 2022-2024 Advanced Micro Devices, Inc. All Rights Reserved.
----------------------------------------------------------------------------------------------------------------------------------------------------------------------------------------------------------------------------------------------
| Tool Version      : Vivado v.2024.1 (lin64) Build 5076996 Wed May 22 18:36:09 MDT 2024
| Date              : Thu Aug  6 00:44:13 2026
| Host              : linux running 64-bit Ubuntu 22.04.5 LTS
| Command           : report_timing_summary -delay_type max -max_paths 20 -file ${PROJECT_ROOT}/ProyectoFinal/HLS/reports/baseline_forward/post_route/timing_post_route.rpt
| Design            : wht_multiplier_forward
| Device            : xck26-sfvc784
| Speed File        : -2LV  PRODUCTION 1.30 05-15-2022
| Design State      : Routed
| Temperature Grade : C
----------------------------------------------------------------------------------------------------------------------------------------------------------------------------------------------------------------------------------------------

Timing Summary Report

------------------------------------------------------------------------------------------------
| Timer Settings
| --------------
------------------------------------------------------------------------------------------------

  Enable Multi Corner Analysis               :  Yes
  Enable Pessimism Removal                   :  Yes
  Pessimism Removal Resolution               :  Nearest Common Node
  Enable Input Delay Default Clock           :  No
  Enable Preset / Clear Arcs                 :  No
  Disable Flight Delays                      :  No
  Ignore I/O Paths                           :  No
  Timing Early Launch at Borrowing Latches   :  No
  Borrow Time for Max Delay Exceptions       :  Yes
  Merge Timing Exceptions                    :  Yes
  Inter-SLR Compensation                     :  Conservative

  Corner  Analyze    Analyze    
  Name    Max Paths  Min Paths  
  ------  ---------  ---------  
  Slow    Yes        Yes        
  Fast    Yes        Yes        


------------------------------------------------------------------------------------------------
| Report Methodology
| ------------------
------------------------------------------------------------------------------------------------

No report available as report_methodology has not been run prior. Run report_methodology on the current design for the summary of methodology violations.



check_timing report

Table of Contents
-----------------
1. checking no_clock (0)
2. checking constant_clock (0)
3. checking pulse_width_clock (0)
4. checking unconstrained_internal_endpoints (0)
5. checking no_input_delay (52)
6. checking no_output_delay (38)
7. checking multiple_clock (0)
8. checking generated_clocks (0)
9. checking loops (0)
10. checking partial_input_delay (0)
11. checking partial_output_delay (0)
12. checking latch_loops (0)

1. checking no_clock (0)
------------------------
 There are 0 register/latch pins with no clock.


2. checking constant_clock (0)
------------------------------
 There are 0 register/latch pins with constant_clock.


3. checking pulse_width_clock (0)
---------------------------------
 There are 0 register/latch pins which need pulse_width check


4. checking unconstrained_internal_endpoints (0)
------------------------------------------------
 There are 0 pins that are not constrained for maximum delay.

 There are 0 pins that are not constrained for maximum delay due to constant clock.


5. checking no_input_delay (52)
-------------------------------
 There are 52 input ports with no input delay specified. (HIGH)

 There are 0 input ports with no input delay but user has a false path constraint.


6. checking no_output_delay (38)
--------------------------------
 There are 38 ports with no output delay specified. (HIGH)

 There are 0 ports with no output delay but user has a false path constraint

 There are 0 ports with no output delay but with a timing clock defined on it or propagating through it


7. checking multiple_clock (0)
------------------------------
 There are 0 register/latch pins with multiple clocks.


8. checking generated_clocks (0)
--------------------------------
 There are 0 generated clocks that are not connected to a clock source.


9. checking loops (0)
---------------------
 There are 0 combinational loops in the design.


10. checking partial_input_delay (0)
------------------------------------
 There are 0 input ports with partial input delay specified.


11. checking partial_output_delay (0)
-------------------------------------
 There are 0 ports with partial output delay specified.


12. checking latch_loops (0)
----------------------------
 There are 0 combinational latch loops in the design through latch input



------------------------------------------------------------------------------------------------
| Design Timing Summary
| ---------------------
------------------------------------------------------------------------------------------------

    WNS(ns)      TNS(ns)  TNS Failing Endpoints  TNS Total Endpoints     WPWS(ns)     TPWS(ns)  TPWS Failing Endpoints  TPWS Total Endpoints  
    -------      -------  ---------------------  -------------------     --------     --------  ----------------------  --------------------  
      5.513        0.000                      0                 1870        4.423        0.000                       0                   401  


All user specified timing constraints are met.


------------------------------------------------------------------------------------------------
| Clock Summary
| -------------
------------------------------------------------------------------------------------------------

Clock   Waveform(ns)       Period(ns)      Frequency(MHz)
-----   ------------       ----------      --------------
ap_clk  {0.000 5.000}      10.000          100.000         


------------------------------------------------------------------------------------------------
| Intra Clock Table
| -----------------
------------------------------------------------------------------------------------------------

Clock             WNS(ns)      TNS(ns)  TNS Failing Endpoints  TNS Total Endpoints     WPWS(ns)     TPWS(ns)  TPWS Failing Endpoints  TPWS Total Endpoints  
-----             -------      -------  ---------------------  -------------------     --------     --------  ----------------------  --------------------  
ap_clk              5.513        0.000                      0                 1870        4.423        0.000                       0                   401  


------------------------------------------------------------------------------------------------
| Inter Clock Table
| -----------------
------------------------------------------------------------------------------------------------

From Clock    To Clock          WNS(ns)      TNS(ns)  TNS Failing Endpoints  TNS Total Endpoints  
----------    --------          -------      -------  ---------------------  -------------------  


------------------------------------------------------------------------------------------------
| Other Path Groups Table
| -----------------------
------------------------------------------------------------------------------------------------

Path Group    From Clock    To Clock          WNS(ns)      TNS(ns)  TNS Failing Endpoints  TNS Total Endpoints  
----------    ----------    --------          -------      -------  ---------------------  -------------------  


------------------------------------------------------------------------------------------------
| Timing Details
| --------------
------------------------------------------------------------------------------------------------


---------------------------------------------------------------------------------------------------
From Clock:  ap_clk
  To Clock:  ap_clk

Setup :            0  Failing Endpoints,  Worst Slack        5.513ns,  Total Violation        0.000ns
Hold  :           NA  Failing Endpoints,  Worst Slack           NA  ,  Total Violation           NA
PW    :            0  Failing Endpoints,  Worst Slack        4.423ns,  Total Violation        0.000ns
---------------------------------------------------------------------------------------------------


Max Delay Paths
--------------------------------------------------------------------------------------
Slack (MET) :             5.513ns  (required time - arrival time)
  Source:                 control_s_axi_U/int_input_r/mem_reg/CLKBWRCLK
                            (rising edge-triggered cell RAMB36E2 clocked by ap_clk  {rise@0.000ns fall@5.000ns period=10.000ns})
  Destination:            trunc_ln15_5_reg_648_reg/DSP_A_B_DATA_INST/A[29]
                            (rising edge-triggered cell DSP_A_B_DATA clocked by ap_clk  {rise@0.000ns fall@5.000ns period=10.000ns})
  Path Group:             ap_clk
  Path Type:              Setup (Max at Slow Process Corner)
  Requirement:            10.000ns  (ap_clk rise@10.000ns - ap_clk rise@0.000ns)
  Data Path Delay:        3.879ns  (logic 2.514ns (64.811%)  route 1.365ns (35.189%))
  Logic Levels:           5  (CARRY8=3 LUT2=1 LUT4=1)
  Clock Path Skew:        -0.051ns (DCD - SCD + CPR)
    Destination Clock Delay (DCD):    0.055ns = ( 10.055 - 10.000 ) 
    Source Clock Delay      (SCD):    0.106ns
    Clock Pessimism Removal (CPR):    0.000ns
  Clock Uncertainty:      0.035ns  ((TSJ^2 + TIJ^2)^1/2 + DJ) / 2 + PE
    Total System Jitter     (TSJ):    0.071ns
    Total Input Jitter      (TIJ):    0.000ns
    Discrete Jitter          (DJ):    0.000ns
    Phase Error              (PE):    0.000ns

    Location             Delay type                Incr(ns)  Path(ns)    Netlist Resource(s)
  -------------------------------------------------------------------    -------------------
                         (clock ap_clk rise edge)     0.000     0.000 r  
                                                      0.000     0.000 r  ap_clk (IN)
                         net (fo=446, unset)          0.106     0.106    control_s_axi_U/int_input_r/ap_clk
    RAMB36_X0Y1          RAMB36E2                                     r  control_s_axi_U/int_input_r/mem_reg/CLKBWRCLK
  -------------------------------------------------------------------    -------------------
    RAMB36_X0Y1          RAMB36E2 (Prop_RAMB36E2_RAMB36_CLKBWRCLK_DOUTBDOUT[0])
                                                      1.382     1.488 r  control_s_axi_U/int_input_r/mem_reg/DOUTBDOUT[0]
                         net (fo=3, routed)           0.484     1.972    control_s_axi_U/int_input_r/int_input_r_q0[0]
    SLICE_X27Y8          LUT4 (Prop_A6LUT_SLICEL_I1_O)
                                                      0.152     2.124 r  control_s_axi_U/int_input_r/tmp_product_i_19__0/O
                         net (fo=1, routed)           0.014     2.138    control_s_axi_U/int_input_r/tmp_product_i_19__0_n_0
    SLICE_X27Y8          CARRY8 (Prop_CARRY8_SLICEL_S[0]_O[5])
                                                      0.331     2.469 r  control_s_axi_U/int_input_r/tmp_product_i_3__0/O[5]
                         net (fo=2, routed)           0.304     2.772    control_s_axi_U/int_input_r/A[5]
    SLICE_X28Y10         LUT2 (Prop_F6LUT_SLICEM_I1_O)
                                                      0.224     2.996 r  control_s_axi_U/int_input_r/trunc_ln15_5_reg_648_reg_i_14/O
                         net (fo=1, routed)           0.029     3.025    control_s_axi_U/int_input_r/trunc_ln15_5_reg_648_reg_i_14_n_0
    SLICE_X28Y10         CARRY8 (Prop_CARRY8_SLICEM_S[5]_CO[7])
                                                      0.238     3.263 r  control_s_axi_U/int_input_r/trunc_ln15_5_reg_648_reg_i_3/CO[7]
                         net (fo=1, routed)           0.030     3.293    control_s_axi_U/int_input_r/trunc_ln15_5_reg_648_reg_i_3_n_0
    SLICE_X28Y11         CARRY8 (Prop_CARRY8_SLICEM_CI_O[7])
                                                      0.187     3.480 r  control_s_axi_U/int_input_r/trunc_ln15_5_reg_648_reg_i_2/O[7]
                         net (fo=32, routed)          0.505     3.985    trunc_ln15_5_reg_648_reg/A[29]
    DSP48E2_X7Y3         DSP_A_B_DATA                                 r  trunc_ln15_5_reg_648_reg/DSP_A_B_DATA_INST/A[29]
  -------------------------------------------------------------------    -------------------

                         (clock ap_clk rise edge)    10.000    10.000 r  
                                                      0.000    10.000 r  ap_clk (IN)
                         net (fo=446, unset)          0.055    10.055    trunc_ln15_5_reg_648_reg/CLK
    DSP48E2_X7Y3         DSP_A_B_DATA                                 r  trunc_ln15_5_reg_648_reg/DSP_A_B_DATA_INST/CLK
                         clock pessimism              0.000    10.055    
                         clock uncertainty           -0.035    10.020    
    DSP48E2_X7Y3         DSP_A_B_DATA (Setup_DSP_A_B_DATA_DSP48E2_CLK_A[29])
                                                     -0.522     9.498    trunc_ln15_5_reg_648_reg/DSP_A_B_DATA_INST
  -------------------------------------------------------------------
                         required time                          9.498    
                         arrival time                          -3.985    
  -------------------------------------------------------------------
                         slack                                  5.513    

Slack (MET) :             5.541ns  (required time - arrival time)
  Source:                 control_s_axi_U/int_input_r/mem_reg/CLKBWRCLK
                            (rising edge-triggered cell RAMB36E2 clocked by ap_clk  {rise@0.000ns fall@5.000ns period=10.000ns})
  Destination:            trunc_ln15_5_reg_648_reg/DSP_A_B_DATA_INST/A[28]
                            (rising edge-triggered cell DSP_A_B_DATA clocked by ap_clk  {rise@0.000ns fall@5.000ns period=10.000ns})
  Path Group:             ap_clk
  Path Type:              Setup (Max at Slow Process Corner)
  Requirement:            10.000ns  (ap_clk rise@10.000ns - ap_clk rise@0.000ns)
  Data Path Delay:        3.816ns  (logic 2.514ns (65.885%)  route 1.302ns (34.115%))
  Logic Levels:           5  (CARRY8=3 LUT2=1 LUT4=1)
  Clock Path Skew:        -0.051ns (DCD - SCD + CPR)
    Destination Clock Delay (DCD):    0.055ns = ( 10.055 - 10.000 ) 
    Source Clock Delay      (SCD):    0.106ns
    Clock Pessimism Removal (CPR):    0.000ns
  Clock Uncertainty:      0.035ns  ((TSJ^2 + TIJ^2)^1/2 + DJ) / 2 + PE
    Total System Jitter     (TSJ):    0.071ns
    Total Input Jitter      (TIJ):    0.000ns
    Discrete Jitter          (DJ):    0.000ns
    Phase Error              (PE):    0.000ns

    Location             Delay type                Incr(ns)  Path(ns)    Netlist Resource(s)
  -------------------------------------------------------------------    -------------------
                         (clock ap_clk rise edge)     0.000     0.000 r  
                                                      0.000     0.000 r  ap_clk (IN)
                         net (fo=446, unset)          0.106     0.106    control_s_axi_U/int_input_r/ap_clk
    RAMB36_X0Y1          RAMB36E2                                     r  control_s_axi_U/int_input_r/mem_reg/CLKBWRCLK
  -------------------------------------------------------------------    -------------------
    RAMB36_X0Y1          RAMB36E2 (Prop_RAMB36E2_RAMB36_CLKBWRCLK_DOUTBDOUT[0])
                                                      1.382     1.488 r  control_s_axi_U/int_input_r/mem_reg/DOUTBDOUT[0]
                         net (fo=3, routed)           0.484     1.972    control_s_axi_U/int_input_r/int_input_r_q0[0]
    SLICE_X27Y8          LUT4 (Prop_A6LUT_SLICEL_I1_O)
                                                      0.152     2.124 r  control_s_axi_U/int_input_r/tmp_product_i_19__0/O
                         net (fo=1, routed)           0.014     2.138    control_s_axi_U/int_input_r/tmp_product_i_19__0_n_0
    SLICE_X27Y8          CARRY8 (Prop_CARRY8_SLICEL_S[0]_O[5])
                                                      0.331     2.469 r  control_s_axi_U/int_input_r/tmp_product_i_3__0/O[5]
                         net (fo=2, routed)           0.304     2.772    control_s_axi_U/int_input_r/A[5]
    SLICE_X28Y10         LUT2 (Prop_F6LUT_SLICEM_I1_O)
                                                      0.224     2.996 r  control_s_axi_U/int_input_r/trunc_ln15_5_reg_648_reg_i_14/O
                         net (fo=1, routed)           0.029     3.025    control_s_axi_U/int_input_r/trunc_ln15_5_reg_648_reg_i_14_n_0
    SLICE_X28Y10         CARRY8 (Prop_CARRY8_SLICEM_S[5]_CO[7])
                                                      0.238     3.263 r  control_s_axi_U/int_input_r/trunc_ln15_5_reg_648_reg_i_3/CO[7]
                         net (fo=1, routed)           0.030     3.293    control_s_axi_U/int_input_r/trunc_ln15_5_reg_648_reg_i_3_n_0
    SLICE_X28Y11         CARRY8 (Prop_CARRY8_SLICEM_CI_O[7])
                                                      0.187     3.480 r  control_s_axi_U/int_input_r/trunc_ln15_5_reg_648_reg_i_2/O[7]
                         net (fo=32, routed)          0.441     3.922    trunc_ln15_5_reg_648_reg/A[28]
    DSP48E2_X7Y3         DSP_A_B_DATA                                 r  trunc_ln15_5_reg_648_reg/DSP_A_B_DATA_INST/A[28]
  -------------------------------------------------------------------    -------------------

                         (clock ap_clk rise edge)    10.000    10.000 r  
                                                      0.000    10.000 r  ap_clk (IN)
                         net (fo=446, unset)          0.055    10.055    trunc_ln15_5_reg_648_reg/CLK
    DSP48E2_X7Y3         DSP_A_B_DATA                                 r  trunc_ln15_5_reg_648_reg/DSP_A_B_DATA_INST/CLK
                         clock pessimism              0.000    10.055    
                         clock uncertainty           -0.035    10.020    
    DSP48E2_X7Y3         DSP_A_B_DATA (Setup_DSP_A_B_DATA_DSP48E2_CLK_A[28])
                                                     -0.557     9.463    trunc_ln15_5_reg_648_reg/DSP_A_B_DATA_INST
  -------------------------------------------------------------------
                         required time                          9.463    
                         arrival time                          -3.922    
  -------------------------------------------------------------------
                         slack                                  5.541    

Slack (MET) :             5.541ns  (required time - arrival time)
  Source:                 control_s_axi_U/int_input_r/mem_reg/CLKBWRCLK
                            (rising edge-triggered cell RAMB36E2 clocked by ap_clk  {rise@0.000ns fall@5.000ns period=10.000ns})
  Destination:            mul_16s_16s_31_1_1_U7/tmp_product/DSP_A_B_DATA_INST/A[14]
                            (rising edge-triggered cell DSP_A_B_DATA clocked by ap_clk  {rise@0.000ns fall@5.000ns period=10.000ns})
  Path Group:             ap_clk
  Path Type:              Setup (Max at Slow Process Corner)
  Requirement:            10.000ns  (ap_clk rise@10.000ns - ap_clk rise@0.000ns)
  Data Path Delay:        3.863ns  (logic 2.500ns (64.722%)  route 1.363ns (35.278%))
  Logic Levels:           5  (CARRY8=3 LUT2=1 LUT4=1)
  Clock Path Skew:        -0.051ns (DCD - SCD + CPR)
    Destination Clock Delay (DCD):    0.055ns = ( 10.055 - 10.000 ) 
    Source Clock Delay      (SCD):    0.106ns
    Clock Pessimism Removal (CPR):    0.000ns
  Clock Uncertainty:      0.035ns  ((TSJ^2 + TIJ^2)^1/2 + DJ) / 2 + PE
    Total System Jitter     (TSJ):    0.071ns
    Total Input Jitter      (TIJ):    0.000ns
    Discrete Jitter          (DJ):    0.000ns
    Phase Error              (PE):    0.000ns

    Location             Delay type                Incr(ns)  Path(ns)    Netlist Resource(s)
  -------------------------------------------------------------------    -------------------
                         (clock ap_clk rise edge)     0.000     0.000 r  
                                                      0.000     0.000 r  ap_clk (IN)
                         net (fo=446, unset)          0.106     0.106    control_s_axi_U/int_input_r/ap_clk
    RAMB36_X0Y1          RAMB36E2                                     r  control_s_axi_U/int_input_r/mem_reg/CLKBWRCLK
  -------------------------------------------------------------------    -------------------
    RAMB36_X0Y1          RAMB36E2 (Prop_RAMB36E2_RAMB36_CLKBWRCLK_DOUTBDOUT[0])
                                                      1.382     1.488 r  control_s_axi_U/int_input_r/mem_reg/DOUTBDOUT[0]
                         net (fo=3, routed)           0.484     1.972    control_s_axi_U/int_input_r/int_input_r_q0[0]
    SLICE_X27Y8          LUT4 (Prop_A6LUT_SLICEL_I1_O)
                                                      0.152     2.124 r  control_s_axi_U/int_input_r/tmp_product_i_19__0/O
                         net (fo=1, routed)           0.014     2.138    control_s_axi_U/int_input_r/tmp_product_i_19__0_n_0
    SLICE_X27Y8          CARRY8 (Prop_CARRY8_SLICEL_S[0]_O[5])
                                                      0.331     2.469 r  control_s_axi_U/int_input_r/tmp_product_i_3__0/O[5]
                         net (fo=2, routed)           0.304     2.772    control_s_axi_U/int_input_r/A[5]
    SLICE_X28Y10         LUT2 (Prop_F6LUT_SLICEM_I1_O)
                                                      0.224     2.996 r  control_s_axi_U/int_input_r/trunc_ln15_5_reg_648_reg_i_14/O
                         net (fo=1, routed)           0.029     3.025    control_s_axi_U/int_input_r/trunc_ln15_5_reg_648_reg_i_14_n_0
    SLICE_X28Y10         CARRY8 (Prop_CARRY8_SLICEM_S[5]_CO[7])
                                                      0.238     3.263 r  control_s_axi_U/int_input_r/trunc_ln15_5_reg_648_reg_i_3/CO[7]
                         net (fo=1, routed)           0.030     3.293    control_s_axi_U/int_input_r/trunc_ln15_5_reg_648_reg_i_3_n_0
    SLICE_X28Y11         CARRY8 (Prop_CARRY8_SLICEM_CI_O[6])
                                                      0.173     3.466 r  control_s_axi_U/int_input_r/trunc_ln15_5_reg_648_reg_i_2/O[6]
                         net (fo=4, routed)           0.502     3.969    mul_16s_16s_31_1_1_U7/tmp_product/A[14]
    DSP48E2_X7Y2         DSP_A_B_DATA                                 r  mul_16s_16s_31_1_1_U7/tmp_product/DSP_A_B_DATA_INST/A[14]
  -------------------------------------------------------------------    -------------------

                         (clock ap_clk rise edge)    10.000    10.000 r  
                                                      0.000    10.000 r  ap_clk (IN)
                         net (fo=446, unset)          0.055    10.055    mul_16s_16s_31_1_1_U7/tmp_product/CLK
    DSP48E2_X7Y2         DSP_A_B_DATA                                 r  mul_16s_16s_31_1_1_U7/tmp_product/DSP_A_B_DATA_INST/CLK
                         clock pessimism              0.000    10.055    
                         clock uncertainty           -0.035    10.020    
    DSP48E2_X7Y2         DSP_A_B_DATA (Setup_DSP_A_B_DATA_DSP48E2_CLK_A[14])
                                                     -0.510     9.510    mul_16s_16s_31_1_1_U7/tmp_product/DSP_A_B_DATA_INST
  -------------------------------------------------------------------
                         required time                          9.510    
                         arrival time                          -3.969    
  -------------------------------------------------------------------
                         slack                                  5.541    

Slack (MET) :             5.549ns  (required time - arrival time)
  Source:                 control_s_axi_U/int_input_r/mem_reg/CLKBWRCLK
                            (rising edge-triggered cell RAMB36E2 clocked by ap_clk  {rise@0.000ns fall@5.000ns period=10.000ns})
  Destination:            mul_16s_16s_31_1_1_U7/tmp_product/DSP_A_B_DATA_INST/A[21]
                            (rising edge-triggered cell DSP_A_B_DATA clocked by ap_clk  {rise@0.000ns fall@5.000ns period=10.000ns})
  Path Group:             ap_clk
  Path Type:              Setup (Max at Slow Process Corner)
  Requirement:            10.000ns  (ap_clk rise@10.000ns - ap_clk rise@0.000ns)
  Data Path Delay:        3.857ns  (logic 2.514ns (65.181%)  route 1.343ns (34.819%))
  Logic Levels:           5  (CARRY8=3 LUT2=1 LUT4=1)
  Clock Path Skew:        -0.051ns (DCD - SCD + CPR)
    Destination Clock Delay (DCD):    0.055ns = ( 10.055 - 10.000 ) 
    Source Clock Delay      (SCD):    0.106ns
    Clock Pessimism Removal (CPR):    0.000ns
  Clock Uncertainty:      0.035ns  ((TSJ^2 + TIJ^2)^1/2 + DJ) / 2 + PE
    Total System Jitter     (TSJ):    0.071ns
    Total Input Jitter      (TIJ):    0.000ns
    Discrete Jitter          (DJ):    0.000ns
    Phase Error              (PE):    0.000ns

    Location             Delay type                Incr(ns)  Path(ns)    Netlist Resource(s)
  -------------------------------------------------------------------    -------------------
                         (clock ap_clk rise edge)     0.000     0.000 r  
                                                      0.000     0.000 r  ap_clk (IN)
                         net (fo=446, unset)          0.106     0.106    control_s_axi_U/int_input_r/ap_clk
    RAMB36_X0Y1          RAMB36E2                                     r  control_s_axi_U/int_input_r/mem_reg/CLKBWRCLK
  -------------------------------------------------------------------    -------------------
    RAMB36_X0Y1          RAMB36E2 (Prop_RAMB36E2_RAMB36_CLKBWRCLK_DOUTBDOUT[0])
                                                      1.382     1.488 r  control_s_axi_U/int_input_r/mem_reg/DOUTBDOUT[0]
                         net (fo=3, routed)           0.484     1.972    control_s_axi_U/int_input_r/int_input_r_q0[0]
    SLICE_X27Y8          LUT4 (Prop_A6LUT_SLICEL_I1_O)
                                                      0.152     2.124 r  control_s_axi_U/int_input_r/tmp_product_i_19__0/O
                         net (fo=1, routed)           0.014     2.138    control_s_axi_U/int_input_r/tmp_product_i_19__0_n_0
    SLICE_X27Y8          CARRY8 (Prop_CARRY8_SLICEL_S[0]_O[5])
                                                      0.331     2.469 r  control_s_axi_U/int_input_r/tmp_product_i_3__0/O[5]
                         net (fo=2, routed)           0.304     2.772    control_s_axi_U/int_input_r/A[5]
    SLICE_X28Y10         LUT2 (Prop_F6LUT_SLICEM_I1_O)
                                                      0.224     2.996 r  control_s_axi_U/int_input_r/trunc_ln15_5_reg_648_reg_i_14/O
                         net (fo=1, routed)           0.029     3.025    control_s_axi_U/int_input_r/trunc_ln15_5_reg_648_reg_i_14_n_0
    SLICE_X28Y10         CARRY8 (Prop_CARRY8_SLICEM_S[5]_CO[7])
                                                      0.238     3.263 r  control_s_axi_U/int_input_r/trunc_ln15_5_reg_648_reg_i_3/CO[7]
                         net (fo=1, routed)           0.030     3.293    control_s_axi_U/int_input_r/trunc_ln15_5_reg_648_reg_i_3_n_0
    SLICE_X28Y11         CARRY8 (Prop_CARRY8_SLICEM_CI_O[7])
                                                      0.187     3.480 r  control_s_axi_U/int_input_r/trunc_ln15_5_reg_648_reg_i_2/O[7]
                         net (fo=32, routed)          0.482     3.963    mul_16s_16s_31_1_1_U7/tmp_product/A[21]
    DSP48E2_X7Y2         DSP_A_B_DATA                                 r  mul_16s_16s_31_1_1_U7/tmp_product/DSP_A_B_DATA_INST/A[21]
  -------------------------------------------------------------------    -------------------

                         (clock ap_clk rise edge)    10.000    10.000 r  
                                                      0.000    10.000 r  ap_clk (IN)
                         net (fo=446, unset)          0.055    10.055    mul_16s_16s_31_1_1_U7/tmp_product/CLK
    DSP48E2_X7Y2         DSP_A_B_DATA                                 r  mul_16s_16s_31_1_1_U7/tmp_product/DSP_A_B_DATA_INST/CLK
                         clock pessimism              0.000    10.055    
                         clock uncertainty           -0.035    10.020    
    DSP48E2_X7Y2         DSP_A_B_DATA (Setup_DSP_A_B_DATA_DSP48E2_CLK_A[21])
                                                     -0.508     9.512    mul_16s_16s_31_1_1_U7/tmp_product/DSP_A_B_DATA_INST
  -------------------------------------------------------------------
                         required time                          9.512    
                         arrival time                          -3.963    
  -------------------------------------------------------------------
                         slack                                  5.549    

Slack (MET) :             5.555ns  (required time - arrival time)
  Source:                 control_s_axi_U/int_input_r/mem_reg/CLKBWRCLK
                            (rising edge-triggered cell RAMB36E2 clocked by ap_clk  {rise@0.000ns fall@5.000ns period=10.000ns})
  Destination:            mul_16s_16s_31_1_1_U7/tmp_product/DSP_A_B_DATA_INST/A[13]
                            (rising edge-triggered cell DSP_A_B_DATA clocked by ap_clk  {rise@0.000ns fall@5.000ns period=10.000ns})
  Path Group:             ap_clk
  Path Type:              Setup (Max at Slow Process Corner)
  Requirement:            10.000ns  (ap_clk rise@10.000ns - ap_clk rise@0.000ns)
  Data Path Delay:        3.833ns  (logic 2.504ns (65.332%)  route 1.329ns (34.668%))
  Logic Levels:           5  (CARRY8=3 LUT2=1 LUT4=1)
  Clock Path Skew:        -0.051ns (DCD - SCD + CPR)
    Destination Clock Delay (DCD):    0.055ns = ( 10.055 - 10.000 ) 
    Source Clock Delay      (SCD):    0.106ns
    Clock Pessimism Removal (CPR):    0.000ns
  Clock Uncertainty:      0.035ns  ((TSJ^2 + TIJ^2)^1/2 + DJ) / 2 + PE
    Total System Jitter     (TSJ):    0.071ns
    Total Input Jitter      (TIJ):    0.000ns
    Discrete Jitter          (DJ):    0.000ns
    Phase Error              (PE):    0.000ns

    Location             Delay type                Incr(ns)  Path(ns)    Netlist Resource(s)
  -------------------------------------------------------------------    -------------------
                         (clock ap_clk rise edge)     0.000     0.000 r  
                                                      0.000     0.000 r  ap_clk (IN)
                         net (fo=446, unset)          0.106     0.106    control_s_axi_U/int_input_r/ap_clk
    RAMB36_X0Y1          RAMB36E2                                     r  control_s_axi_U/int_input_r/mem_reg/CLKBWRCLK
  -------------------------------------------------------------------    -------------------
    RAMB36_X0Y1          RAMB36E2 (Prop_RAMB36E2_RAMB36_CLKBWRCLK_DOUTBDOUT[0])
                                                      1.382     1.488 r  control_s_axi_U/int_input_r/mem_reg/DOUTBDOUT[0]
                         net (fo=3, routed)           0.484     1.972    control_s_axi_U/int_input_r/int_input_r_q0[0]
    SLICE_X27Y8          LUT4 (Prop_A6LUT_SLICEL_I1_O)
                                                      0.152     2.124 r  control_s_axi_U/int_input_r/tmp_product_i_19__0/O
                         net (fo=1, routed)           0.014     2.138    control_s_axi_U/int_input_r/tmp_product_i_19__0_n_0
    SLICE_X27Y8          CARRY8 (Prop_CARRY8_SLICEL_S[0]_O[5])
                                                      0.331     2.469 r  control_s_axi_U/int_input_r/tmp_product_i_3__0/O[5]
                         net (fo=2, routed)           0.304     2.772    control_s_axi_U/int_input_r/A[5]
    SLICE_X28Y10         LUT2 (Prop_F6LUT_SLICEM_I1_O)
                                                      0.224     2.996 r  control_s_axi_U/int_input_r/trunc_ln15_5_reg_648_reg_i_14/O
                         net (fo=1, routed)           0.029     3.025    control_s_axi_U/int_input_r/trunc_ln15_5_reg_648_reg_i_14_n_0
    SLICE_X28Y10         CARRY8 (Prop_CARRY8_SLICEM_S[5]_CO[7])
                                                      0.238     3.263 r  control_s_axi_U/int_input_r/trunc_ln15_5_reg_648_reg_i_3/CO[7]
                         net (fo=1, routed)           0.030     3.293    control_s_axi_U/int_input_r/trunc_ln15_5_reg_648_reg_i_3_n_0
    SLICE_X28Y11         CARRY8 (Prop_CARRY8_SLICEM_CI_O[5])
                                                      0.177     3.470 r  control_s_axi_U/int_input_r/trunc_ln15_5_reg_648_reg_i_2/O[5]
                         net (fo=4, routed)           0.468     3.939    mul_16s_16s_31_1_1_U7/tmp_product/A[13]
    DSP48E2_X7Y2         DSP_A_B_DATA                                 r  mul_16s_16s_31_1_1_U7/tmp_product/DSP_A_B_DATA_INST/A[13]
  -------------------------------------------------------------------    -------------------

                         (clock ap_clk rise edge)    10.000    10.000 r  
                                                      0.000    10.000 r  ap_clk (IN)
                         net (fo=446, unset)          0.055    10.055    mul_16s_16s_31_1_1_U7/tmp_product/CLK
    DSP48E2_X7Y2         DSP_A_B_DATA                                 r  mul_16s_16s_31_1_1_U7/tmp_product/DSP_A_B_DATA_INST/CLK
                         clock pessimism              0.000    10.055    
                         clock uncertainty           -0.035    10.020    
    DSP48E2_X7Y2         DSP_A_B_DATA (Setup_DSP_A_B_DATA_DSP48E2_CLK_A[13])
                                                     -0.526     9.494    mul_16s_16s_31_1_1_U7/tmp_product/DSP_A_B_DATA_INST
  -------------------------------------------------------------------
                         required time                          9.494    
                         arrival time                          -3.939    
  -------------------------------------------------------------------
                         slack                                  5.555    

Slack (MET) :             5.562ns  (required time - arrival time)
  Source:                 control_s_axi_U/int_input_r/mem_reg/CLKBWRCLK
                            (rising edge-triggered cell RAMB36E2 clocked by ap_clk  {rise@0.000ns fall@5.000ns period=10.000ns})
  Destination:            mul_16s_16s_31_1_1_U7/tmp_product/DSP_A_B_DATA_INST/A[23]
                            (rising edge-triggered cell DSP_A_B_DATA clocked by ap_clk  {rise@0.000ns fall@5.000ns period=10.000ns})
  Path Group:             ap_clk
  Path Type:              Setup (Max at Slow Process Corner)
  Requirement:            10.000ns  (ap_clk rise@10.000ns - ap_clk rise@0.000ns)
  Data Path Delay:        3.811ns  (logic 2.514ns (65.973%)  route 1.297ns (34.027%))
  Logic Levels:           5  (CARRY8=3 LUT2=1 LUT4=1)
  Clock Path Skew:        -0.051ns (DCD - SCD + CPR)
    Destination Clock Delay (DCD):    0.055ns = ( 10.055 - 10.000 ) 
    Source Clock Delay      (SCD):    0.106ns
    Clock Pessimism Removal (CPR):    0.000ns
  Clock Uncertainty:      0.035ns  ((TSJ^2 + TIJ^2)^1/2 + DJ) / 2 + PE
    Total System Jitter     (TSJ):    0.071ns
    Total Input Jitter      (TIJ):    0.000ns
    Discrete Jitter          (DJ):    0.000ns
    Phase Error              (PE):    0.000ns

    Location             Delay type                Incr(ns)  Path(ns)    Netlist Resource(s)
  -------------------------------------------------------------------    -------------------
                         (clock ap_clk rise edge)     0.000     0.000 r  
                                                      0.000     0.000 r  ap_clk (IN)
                         net (fo=446, unset)          0.106     0.106    control_s_axi_U/int_input_r/ap_clk
    RAMB36_X0Y1          RAMB36E2                                     r  control_s_axi_U/int_input_r/mem_reg/CLKBWRCLK
  -------------------------------------------------------------------    -------------------
    RAMB36_X0Y1          RAMB36E2 (Prop_RAMB36E2_RAMB36_CLKBWRCLK_DOUTBDOUT[0])
                                                      1.382     1.488 r  control_s_axi_U/int_input_r/mem_reg/DOUTBDOUT[0]
                         net (fo=3, routed)           0.484     1.972    control_s_axi_U/int_input_r/int_input_r_q0[0]
    SLICE_X27Y8          LUT4 (Prop_A6LUT_SLICEL_I1_O)
                                                      0.152     2.124 r  control_s_axi_U/int_input_r/tmp_product_i_19__0/O
                         net (fo=1, routed)           0.014     2.138    control_s_axi_U/int_input_r/tmp_product_i_19__0_n_0
    SLICE_X27Y8          CARRY8 (Prop_CARRY8_SLICEL_S[0]_O[5])
                                                      0.331     2.469 r  control_s_axi_U/int_input_r/tmp_product_i_3__0/O[5]
                         net (fo=2, routed)           0.304     2.772    control_s_axi_U/int_input_r/A[5]
    SLICE_X28Y10         LUT2 (Prop_F6LUT_SLICEM_I1_O)
                                                      0.224     2.996 r  control_s_axi_U/int_input_r/trunc_ln15_5_reg_648_reg_i_14/O
                         net (fo=1, routed)           0.029     3.025    control_s_axi_U/int_input_r/trunc_ln15_5_reg_648_reg_i_14_n_0
    SLICE_X28Y10         CARRY8 (Prop_CARRY8_SLICEM_S[5]_CO[7])
                                                      0.238     3.263 r  control_s_axi_U/int_input_r/trunc_ln15_5_reg_648_reg_i_3/CO[7]
                         net (fo=1, routed)           0.030     3.293    control_s_axi_U/int_input_r/trunc_ln15_5_reg_648_reg_i_3_n_0
    SLICE_X28Y11         CARRY8 (Prop_CARRY8_SLICEM_CI_O[7])
                                                      0.187     3.480 r  control_s_axi_U/int_input_r/trunc_ln15_5_reg_648_reg_i_2/O[7]
                         net (fo=32, routed)          0.436     3.917    mul_16s_16s_31_1_1_U7/tmp_product/A[23]
    DSP48E2_X7Y2         DSP_A_B_DATA                                 r  mul_16s_16s_31_1_1_U7/tmp_product/DSP_A_B_DATA_INST/A[23]
  -------------------------------------------------------------------    -------------------

                         (clock ap_clk rise edge)    10.000    10.000 r  
                                                      0.000    10.000 r  ap_clk (IN)
                         net (fo=446, unset)          0.055    10.055    mul_16s_16s_31_1_1_U7/tmp_product/CLK
    DSP48E2_X7Y2         DSP_A_B_DATA                                 r  mul_16s_16s_31_1_1_U7/tmp_product/DSP_A_B_DATA_INST/CLK
                         clock pessimism              0.000    10.055    
                         clock uncertainty           -0.035    10.020    
    DSP48E2_X7Y2         DSP_A_B_DATA (Setup_DSP_A_B_DATA_DSP48E2_CLK_A[23])
                                                     -0.541     9.479    mul_16s_16s_31_1_1_U7/tmp_product/DSP_A_B_DATA_INST
  -------------------------------------------------------------------
                         required time                          9.479    
                         arrival time                          -3.917    
  -------------------------------------------------------------------
                         slack                                  5.562    

Slack (MET) :             5.566ns  (required time - arrival time)
  Source:                 control_s_axi_U/int_input_r/mem_reg/CLKBWRCLK
                            (rising edge-triggered cell RAMB36E2 clocked by ap_clk  {rise@0.000ns fall@5.000ns period=10.000ns})
  Destination:            mul_16s_16s_31_1_1_U7/tmp_product/DSP_A_B_DATA_INST/A[6]
                            (rising edge-triggered cell DSP_A_B_DATA clocked by ap_clk  {rise@0.000ns fall@5.000ns period=10.000ns})
  Path Group:             ap_clk
  Path Type:              Setup (Max at Slow Process Corner)
  Requirement:            10.000ns  (ap_clk rise@10.000ns - ap_clk rise@0.000ns)
  Data Path Delay:        3.822ns  (logic 2.291ns (59.937%)  route 1.531ns (40.063%))
  Logic Levels:           4  (CARRY8=2 LUT2=1 LUT4=1)
  Clock Path Skew:        -0.051ns (DCD - SCD + CPR)
    Destination Clock Delay (DCD):    0.055ns = ( 10.055 - 10.000 ) 
    Source Clock Delay      (SCD):    0.106ns
    Clock Pessimism Removal (CPR):    0.000ns
  Clock Uncertainty:      0.035ns  ((TSJ^2 + TIJ^2)^1/2 + DJ) / 2 + PE
    Total System Jitter     (TSJ):    0.071ns
    Total Input Jitter      (TIJ):    0.000ns
    Discrete Jitter          (DJ):    0.000ns
    Phase Error              (PE):    0.000ns

    Location             Delay type                Incr(ns)  Path(ns)    Netlist Resource(s)
  -------------------------------------------------------------------    -------------------
                         (clock ap_clk rise edge)     0.000     0.000 r  
                                                      0.000     0.000 r  ap_clk (IN)
                         net (fo=446, unset)          0.106     0.106    control_s_axi_U/int_input_r/ap_clk
    RAMB36_X0Y1          RAMB36E2                                     r  control_s_axi_U/int_input_r/mem_reg/CLKBWRCLK
  -------------------------------------------------------------------    -------------------
    RAMB36_X0Y1          RAMB36E2 (Prop_RAMB36E2_RAMB36_CLKBWRCLK_DOUTBDOUT[0])
                                                      1.382     1.488 r  control_s_axi_U/int_input_r/mem_reg/DOUTBDOUT[0]
                         net (fo=3, routed)           0.484     1.972    control_s_axi_U/int_input_r/int_input_r_q0[0]
    SLICE_X27Y8          LUT4 (Prop_A6LUT_SLICEL_I1_O)
                                                      0.152     2.124 r  control_s_axi_U/int_input_r/tmp_product_i_19__0/O
                         net (fo=1, routed)           0.014     2.138    control_s_axi_U/int_input_r/tmp_product_i_19__0_n_0
    SLICE_X27Y8          CARRY8 (Prop_CARRY8_SLICEL_S[0]_O[5])
                                                      0.331     2.469 r  control_s_axi_U/int_input_r/tmp_product_i_3__0/O[5]
                         net (fo=2, routed)           0.304     2.772    control_s_axi_U/int_input_r/A[5]
    SLICE_X28Y10         LUT2 (Prop_F6LUT_SLICEM_I1_O)
                                                      0.224     2.996 r  control_s_axi_U/int_input_r/trunc_ln15_5_reg_648_reg_i_14/O
                         net (fo=1, routed)           0.029     3.025    control_s_axi_U/int_input_r/trunc_ln15_5_reg_648_reg_i_14_n_0
    SLICE_X28Y10         CARRY8 (Prop_CARRY8_SLICEM_S[5]_O[6])
                                                      0.202     3.227 r  control_s_axi_U/int_input_r/trunc_ln15_5_reg_648_reg_i_3/O[6]
                         net (fo=4, routed)           0.701     3.928    mul_16s_16s_31_1_1_U7/tmp_product/A[6]
    DSP48E2_X7Y2         DSP_A_B_DATA                                 r  mul_16s_16s_31_1_1_U7/tmp_product/DSP_A_B_DATA_INST/A[6]
  -------------------------------------------------------------------    -------------------

                         (clock ap_clk rise edge)    10.000    10.000 r  
                                                      0.000    10.000 r  ap_clk (IN)
                         net (fo=446, unset)          0.055    10.055    mul_16s_16s_31_1_1_U7/tmp_product/CLK
    DSP48E2_X7Y2         DSP_A_B_DATA                                 r  mul_16s_16s_31_1_1_U7/tmp_product/DSP_A_B_DATA_INST/CLK
                         clock pessimism              0.000    10.055    
                         clock uncertainty           -0.035    10.020    
    DSP48E2_X7Y2         DSP_A_B_DATA (Setup_DSP_A_B_DATA_DSP48E2_CLK_A[6])
                                                     -0.525     9.495    mul_16s_16s_31_1_1_U7/tmp_product/DSP_A_B_DATA_INST
  -------------------------------------------------------------------
                         required time                          9.495    
                         arrival time                          -3.928    
  -------------------------------------------------------------------
                         slack                                  5.566    

Slack (MET) :             5.568ns  (required time - arrival time)
  Source:                 control_s_axi_U/int_input_r/mem_reg/CLKBWRCLK
                            (rising edge-triggered cell RAMB36E2 clocked by ap_clk  {rise@0.000ns fall@5.000ns period=10.000ns})
  Destination:            trunc_ln15_5_reg_648_reg/DSP_A_B_DATA_INST/A[14]
                            (rising edge-triggered cell DSP_A_B_DATA clocked by ap_clk  {rise@0.000ns fall@5.000ns period=10.000ns})
  Path Group:             ap_clk
  Path Type:              Setup (Max at Slow Process Corner)
  Requirement:            10.000ns  (ap_clk rise@10.000ns - ap_clk rise@0.000ns)
  Data Path Delay:        3.836ns  (logic 2.500ns (65.178%)  route 1.336ns (34.822%))
  Logic Levels:           5  (CARRY8=3 LUT2=1 LUT4=1)
  Clock Path Skew:        -0.051ns (DCD - SCD + CPR)
    Destination Clock Delay (DCD):    0.055ns = ( 10.055 - 10.000 ) 
    Source Clock Delay      (SCD):    0.106ns
    Clock Pessimism Removal (CPR):    0.000ns
  Clock Uncertainty:      0.035ns  ((TSJ^2 + TIJ^2)^1/2 + DJ) / 2 + PE
    Total System Jitter     (TSJ):    0.071ns
    Total Input Jitter      (TIJ):    0.000ns
    Discrete Jitter          (DJ):    0.000ns
    Phase Error              (PE):    0.000ns

    Location             Delay type                Incr(ns)  Path(ns)    Netlist Resource(s)
  -------------------------------------------------------------------    -------------------
                         (clock ap_clk rise edge)     0.000     0.000 r  
                                                      0.000     0.000 r  ap_clk (IN)
                         net (fo=446, unset)          0.106     0.106    control_s_axi_U/int_input_r/ap_clk
    RAMB36_X0Y1          RAMB36E2                                     r  control_s_axi_U/int_input_r/mem_reg/CLKBWRCLK
  -------------------------------------------------------------------    -------------------
    RAMB36_X0Y1          RAMB36E2 (Prop_RAMB36E2_RAMB36_CLKBWRCLK_DOUTBDOUT[0])
                                                      1.382     1.488 r  control_s_axi_U/int_input_r/mem_reg/DOUTBDOUT[0]
                         net (fo=3, routed)           0.484     1.972    control_s_axi_U/int_input_r/int_input_r_q0[0]
    SLICE_X27Y8          LUT4 (Prop_A6LUT_SLICEL_I1_O)
                                                      0.152     2.124 r  control_s_axi_U/int_input_r/tmp_product_i_19__0/O
                         net (fo=1, routed)           0.014     2.138    control_s_axi_U/int_input_r/tmp_product_i_19__0_n_0
    SLICE_X27Y8          CARRY8 (Prop_CARRY8_SLICEL_S[0]_O[5])
                                                      0.331     2.469 r  control_s_axi_U/int_input_r/tmp_product_i_3__0/O[5]
                         net (fo=2, routed)           0.304     2.772    control_s_axi_U/int_input_r/A[5]
    SLICE_X28Y10         LUT2 (Prop_F6LUT_SLICEM_I1_O)
                                                      0.224     2.996 r  control_s_axi_U/int_input_r/trunc_ln15_5_reg_648_reg_i_14/O
                         net (fo=1, routed)           0.029     3.025    control_s_axi_U/int_input_r/trunc_ln15_5_reg_648_reg_i_14_n_0
    SLICE_X28Y10         CARRY8 (Prop_CARRY8_SLICEM_S[5]_CO[7])
                                                      0.238     3.263 r  control_s_axi_U/int_input_r/trunc_ln15_5_reg_648_reg_i_3/CO[7]
                         net (fo=1, routed)           0.030     3.293    control_s_axi_U/int_input_r/trunc_ln15_5_reg_648_reg_i_3_n_0
    SLICE_X28Y11         CARRY8 (Prop_CARRY8_SLICEM_CI_O[6])
                                                      0.173     3.466 r  control_s_axi_U/int_input_r/trunc_ln15_5_reg_648_reg_i_2/O[6]
                         net (fo=4, routed)           0.475     3.942    trunc_ln15_5_reg_648_reg/A[14]
    DSP48E2_X7Y3         DSP_A_B_DATA                                 r  trunc_ln15_5_reg_648_reg/DSP_A_B_DATA_INST/A[14]
  -------------------------------------------------------------------    -------------------

                         (clock ap_clk rise edge)    10.000    10.000 r  
                                                      0.000    10.000 r  ap_clk (IN)
                         net (fo=446, unset)          0.055    10.055    trunc_ln15_5_reg_648_reg/CLK
    DSP48E2_X7Y3         DSP_A_B_DATA                                 r  trunc_ln15_5_reg_648_reg/DSP_A_B_DATA_INST/CLK
                         clock pessimism              0.000    10.055    
                         clock uncertainty           -0.035    10.020    
    DSP48E2_X7Y3         DSP_A_B_DATA (Setup_DSP_A_B_DATA_DSP48E2_CLK_A[14])
                                                     -0.510     9.510    trunc_ln15_5_reg_648_reg/DSP_A_B_DATA_INST
  -------------------------------------------------------------------
                         required time                          9.510    
                         arrival time                          -3.942    
  -------------------------------------------------------------------
                         slack                                  5.568    

Slack (MET) :             5.573ns  (required time - arrival time)
  Source:                 control_s_axi_U/int_input_r/mem_reg/CLKBWRCLK
                            (rising edge-triggered cell RAMB36E2 clocked by ap_clk  {rise@0.000ns fall@5.000ns period=10.000ns})
  Destination:            mul_16s_16s_31_1_1_U7/tmp_product/DSP_A_B_DATA_INST/A[25]
                            (rising edge-triggered cell DSP_A_B_DATA clocked by ap_clk  {rise@0.000ns fall@5.000ns period=10.000ns})
  Path Group:             ap_clk
  Path Type:              Setup (Max at Slow Process Corner)
  Requirement:            10.000ns  (ap_clk rise@10.000ns - ap_clk rise@0.000ns)
  Data Path Delay:        3.801ns  (logic 2.514ns (66.147%)  route 1.287ns (33.853%))
  Logic Levels:           5  (CARRY8=3 LUT2=1 LUT4=1)
  Clock Path Skew:        -0.051ns (DCD - SCD + CPR)
    Destination Clock Delay (DCD):    0.055ns = ( 10.055 - 10.000 ) 
    Source Clock Delay      (SCD):    0.106ns
    Clock Pessimism Removal (CPR):    0.000ns
  Clock Uncertainty:      0.035ns  ((TSJ^2 + TIJ^2)^1/2 + DJ) / 2 + PE
    Total System Jitter     (TSJ):    0.071ns
    Total Input Jitter      (TIJ):    0.000ns
    Discrete Jitter          (DJ):    0.000ns
    Phase Error              (PE):    0.000ns

    Location             Delay type                Incr(ns)  Path(ns)    Netlist Resource(s)
  -------------------------------------------------------------------    -------------------
                         (clock ap_clk rise edge)     0.000     0.000 r  
                                                      0.000     0.000 r  ap_clk (IN)
                         net (fo=446, unset)          0.106     0.106    control_s_axi_U/int_input_r/ap_clk
    RAMB36_X0Y1          RAMB36E2                                     r  control_s_axi_U/int_input_r/mem_reg/CLKBWRCLK
  -------------------------------------------------------------------    -------------------
    RAMB36_X0Y1          RAMB36E2 (Prop_RAMB36E2_RAMB36_CLKBWRCLK_DOUTBDOUT[0])
                                                      1.382     1.488 r  control_s_axi_U/int_input_r/mem_reg/DOUTBDOUT[0]
                         net (fo=3, routed)           0.484     1.972    control_s_axi_U/int_input_r/int_input_r_q0[0]
    SLICE_X27Y8          LUT4 (Prop_A6LUT_SLICEL_I1_O)
                                                      0.152     2.124 r  control_s_axi_U/int_input_r/tmp_product_i_19__0/O
                         net (fo=1, routed)           0.014     2.138    control_s_axi_U/int_input_r/tmp_product_i_19__0_n_0
    SLICE_X27Y8          CARRY8 (Prop_CARRY8_SLICEL_S[0]_O[5])
                                                      0.331     2.469 r  control_s_axi_U/int_input_r/tmp_product_i_3__0/O[5]
                         net (fo=2, routed)           0.304     2.772    control_s_axi_U/int_input_r/A[5]
    SLICE_X28Y10         LUT2 (Prop_F6LUT_SLICEM_I1_O)
                                                      0.224     2.996 r  control_s_axi_U/int_input_r/trunc_ln15_5_reg_648_reg_i_14/O
                         net (fo=1, routed)           0.029     3.025    control_s_axi_U/int_input_r/trunc_ln15_5_reg_648_reg_i_14_n_0
    SLICE_X28Y10         CARRY8 (Prop_CARRY8_SLICEM_S[5]_CO[7])
                                                      0.238     3.263 r  control_s_axi_U/int_input_r/trunc_ln15_5_reg_648_reg_i_3/CO[7]
                         net (fo=1, routed)           0.030     3.293    control_s_axi_U/int_input_r/trunc_ln15_5_reg_648_reg_i_3_n_0
    SLICE_X28Y11         CARRY8 (Prop_CARRY8_SLICEM_CI_O[7])
                                                      0.187     3.480 r  control_s_axi_U/int_input_r/trunc_ln15_5_reg_648_reg_i_2/O[7]
                         net (fo=32, routed)          0.426     3.907    mul_16s_16s_31_1_1_U7/tmp_product/A[25]
    DSP48E2_X7Y2         DSP_A_B_DATA                                 r  mul_16s_16s_31_1_1_U7/tmp_product/DSP_A_B_DATA_INST/A[25]
  -------------------------------------------------------------------    -------------------

                         (clock ap_clk rise edge)    10.000    10.000 r  
                                                      0.000    10.000 r  ap_clk (IN)
                         net (fo=446, unset)          0.055    10.055    mul_16s_16s_31_1_1_U7/tmp_product/CLK
    DSP48E2_X7Y2         DSP_A_B_DATA                                 r  mul_16s_16s_31_1_1_U7/tmp_product/DSP_A_B_DATA_INST/CLK
                         clock pessimism              0.000    10.055    
                         clock uncertainty           -0.035    10.020    
    DSP48E2_X7Y2         DSP_A_B_DATA (Setup_DSP_A_B_DATA_DSP48E2_CLK_A[25])
                                                     -0.540     9.480    mul_16s_16s_31_1_1_U7/tmp_product/DSP_A_B_DATA_INST
  -------------------------------------------------------------------
                         required time                          9.480    
                         arrival time                          -3.907    
  -------------------------------------------------------------------
                         slack                                  5.573    

Slack (MET) :             5.585ns  (required time - arrival time)
  Source:                 control_s_axi_U/int_input_r/mem_reg/CLKBWRCLK
                            (rising edge-triggered cell RAMB36E2 clocked by ap_clk  {rise@0.000ns fall@5.000ns period=10.000ns})
  Destination:            trunc_ln15_5_reg_648_reg/DSP_A_B_DATA_INST/A[27]
                            (rising edge-triggered cell DSP_A_B_DATA clocked by ap_clk  {rise@0.000ns fall@5.000ns period=10.000ns})
  Path Group:             ap_clk
  Path Type:              Setup (Max at Slow Process Corner)
  Requirement:            10.000ns  (ap_clk rise@10.000ns - ap_clk rise@0.000ns)
  Data Path Delay:        3.795ns  (logic 2.514ns (66.250%)  route 1.281ns (33.750%))
  Logic Levels:           5  (CARRY8=3 LUT2=1 LUT4=1)
  Clock Path Skew:        -0.051ns (DCD - SCD + CPR)
    Destination Clock Delay (DCD):    0.055ns = ( 10.055 - 10.000 ) 
    Source Clock Delay      (SCD):    0.106ns
    Clock Pessimism Removal (CPR):    0.000ns
  Clock Uncertainty:      0.035ns  ((TSJ^2 + TIJ^2)^1/2 + DJ) / 2 + PE
    Total System Jitter     (TSJ):    0.071ns
    Total Input Jitter      (TIJ):    0.000ns
    Discrete Jitter          (DJ):    0.000ns
    Phase Error              (PE):    0.000ns

    Location             Delay type                Incr(ns)  Path(ns)    Netlist Resource(s)
  -------------------------------------------------------------------    -------------------
                         (clock ap_clk rise edge)     0.000     0.000 r  
                                                      0.000     0.000 r  ap_clk (IN)
                         net (fo=446, unset)          0.106     0.106    control_s_axi_U/int_input_r/ap_clk
    RAMB36_X0Y1          RAMB36E2                                     r  control_s_axi_U/int_input_r/mem_reg/CLKBWRCLK
  -------------------------------------------------------------------    -------------------
    RAMB36_X0Y1          RAMB36E2 (Prop_RAMB36E2_RAMB36_CLKBWRCLK_DOUTBDOUT[0])
                                                      1.382     1.488 r  control_s_axi_U/int_input_r/mem_reg/DOUTBDOUT[0]
                         net (fo=3, routed)           0.484     1.972    control_s_axi_U/int_input_r/int_input_r_q0[0]
    SLICE_X27Y8          LUT4 (Prop_A6LUT_SLICEL_I1_O)
                                                      0.152     2.124 r  control_s_axi_U/int_input_r/tmp_product_i_19__0/O
                         net (fo=1, routed)           0.014     2.138    control_s_axi_U/int_input_r/tmp_product_i_19__0_n_0
    SLICE_X27Y8          CARRY8 (Prop_CARRY8_SLICEL_S[0]_O[5])
                                                      0.331     2.469 r  control_s_axi_U/int_input_r/tmp_product_i_3__0/O[5]
                         net (fo=2, routed)           0.304     2.772    control_s_axi_U/int_input_r/A[5]
    SLICE_X28Y10         LUT2 (Prop_F6LUT_SLICEM_I1_O)
                                                      0.224     2.996 r  control_s_axi_U/int_input_r/trunc_ln15_5_reg_648_reg_i_14/O
                         net (fo=1, routed)           0.029     3.025    control_s_axi_U/int_input_r/trunc_ln15_5_reg_648_reg_i_14_n_0
    SLICE_X28Y10         CARRY8 (Prop_CARRY8_SLICEM_S[5]_CO[7])
                                                      0.238     3.263 r  control_s_axi_U/int_input_r/trunc_ln15_5_reg_648_reg_i_3/CO[7]
                         net (fo=1, routed)           0.030     3.293    control_s_axi_U/int_input_r/trunc_ln15_5_reg_648_reg_i_3_n_0
    SLICE_X28Y11         CARRY8 (Prop_CARRY8_SLICEM_CI_O[7])
                                                      0.187     3.480 r  control_s_axi_U/int_input_r/trunc_ln15_5_reg_648_reg_i_2/O[7]
                         net (fo=32, routed)          0.420     3.901    trunc_ln15_5_reg_648_reg/A[27]
    DSP48E2_X7Y3         DSP_A_B_DATA                                 r  trunc_ln15_5_reg_648_reg/DSP_A_B_DATA_INST/A[27]
  -------------------------------------------------------------------    -------------------

                         (clock ap_clk rise edge)    10.000    10.000 r  
                                                      0.000    10.000 r  ap_clk (IN)
                         net (fo=446, unset)          0.055    10.055    trunc_ln15_5_reg_648_reg/CLK
    DSP48E2_X7Y3         DSP_A_B_DATA                                 r  trunc_ln15_5_reg_648_reg/DSP_A_B_DATA_INST/CLK
                         clock pessimism              0.000    10.055    
                         clock uncertainty           -0.035    10.020    
    DSP48E2_X7Y3         DSP_A_B_DATA (Setup_DSP_A_B_DATA_DSP48E2_CLK_A[27])
                                                     -0.534     9.486    trunc_ln15_5_reg_648_reg/DSP_A_B_DATA_INST
  -------------------------------------------------------------------
                         required time                          9.486    
                         arrival time                          -3.901    
  -------------------------------------------------------------------
                         slack                                  5.585    

Slack (MET) :             5.586ns  (required time - arrival time)
  Source:                 control_s_axi_U/int_input_r/mem_reg/CLKBWRCLK
                            (rising edge-triggered cell RAMB36E2 clocked by ap_clk  {rise@0.000ns fall@5.000ns period=10.000ns})
  Destination:            mul_16s_16s_31_1_1_U7/tmp_product/DSP_A_B_DATA_INST/A[29]
                            (rising edge-triggered cell DSP_A_B_DATA clocked by ap_clk  {rise@0.000ns fall@5.000ns period=10.000ns})
  Path Group:             ap_clk
  Path Type:              Setup (Max at Slow Process Corner)
  Requirement:            10.000ns  (ap_clk rise@10.000ns - ap_clk rise@0.000ns)
  Data Path Delay:        3.806ns  (logic 2.514ns (66.060%)  route 1.292ns (33.940%))
  Logic Levels:           5  (CARRY8=3 LUT2=1 LUT4=1)
  Clock Path Skew:        -0.051ns (DCD - SCD + CPR)
    Destination Clock Delay (DCD):    0.055ns = ( 10.055 - 10.000 ) 
    Source Clock Delay      (SCD):    0.106ns
    Clock Pessimism Removal (CPR):    0.000ns
  Clock Uncertainty:      0.035ns  ((TSJ^2 + TIJ^2)^1/2 + DJ) / 2 + PE
    Total System Jitter     (TSJ):    0.071ns
    Total Input Jitter      (TIJ):    0.000ns
    Discrete Jitter          (DJ):    0.000ns
    Phase Error              (PE):    0.000ns

    Location             Delay type                Incr(ns)  Path(ns)    Netlist Resource(s)
  -------------------------------------------------------------------    -------------------
                         (clock ap_clk rise edge)     0.000     0.000 r  
                                                      0.000     0.000 r  ap_clk (IN)
                         net (fo=446, unset)          0.106     0.106    control_s_axi_U/int_input_r/ap_clk
    RAMB36_X0Y1          RAMB36E2                                     r  control_s_axi_U/int_input_r/mem_reg/CLKBWRCLK
  -------------------------------------------------------------------    -------------------
    RAMB36_X0Y1          RAMB36E2 (Prop_RAMB36E2_RAMB36_CLKBWRCLK_DOUTBDOUT[0])
                                                      1.382     1.488 r  control_s_axi_U/int_input_r/mem_reg/DOUTBDOUT[0]
                         net (fo=3, routed)           0.484     1.972    control_s_axi_U/int_input_r/int_input_r_q0[0]
    SLICE_X27Y8          LUT4 (Prop_A6LUT_SLICEL_I1_O)
                                                      0.152     2.124 r  control_s_axi_U/int_input_r/tmp_product_i_19__0/O
                         net (fo=1, routed)           0.014     2.138    control_s_axi_U/int_input_r/tmp_product_i_19__0_n_0
    SLICE_X27Y8          CARRY8 (Prop_CARRY8_SLICEL_S[0]_O[5])
                                                      0.331     2.469 r  control_s_axi_U/int_input_r/tmp_product_i_3__0/O[5]
                         net (fo=2, routed)           0.304     2.772    control_s_axi_U/int_input_r/A[5]
    SLICE_X28Y10         LUT2 (Prop_F6LUT_SLICEM_I1_O)
                                                      0.224     2.996 r  control_s_axi_U/int_input_r/trunc_ln15_5_reg_648_reg_i_14/O
                         net (fo=1, routed)           0.029     3.025    control_s_axi_U/int_input_r/trunc_ln15_5_reg_648_reg_i_14_n_0
    SLICE_X28Y10         CARRY8 (Prop_CARRY8_SLICEM_S[5]_CO[7])
                                                      0.238     3.263 r  control_s_axi_U/int_input_r/trunc_ln15_5_reg_648_reg_i_3/CO[7]
                         net (fo=1, routed)           0.030     3.293    control_s_axi_U/int_input_r/trunc_ln15_5_reg_648_reg_i_3_n_0
    SLICE_X28Y11         CARRY8 (Prop_CARRY8_SLICEM_CI_O[7])
                                                      0.187     3.480 r  control_s_axi_U/int_input_r/trunc_ln15_5_reg_648_reg_i_2/O[7]
                         net (fo=32, routed)          0.431     3.912    mul_16s_16s_31_1_1_U7/tmp_product/A[29]
    DSP48E2_X7Y2         DSP_A_B_DATA                                 r  mul_16s_16s_31_1_1_U7/tmp_product/DSP_A_B_DATA_INST/A[29]
  -------------------------------------------------------------------    -------------------

                         (clock ap_clk rise edge)    10.000    10.000 r  
                                                      0.000    10.000 r  ap_clk (IN)
                         net (fo=446, unset)          0.055    10.055    mul_16s_16s_31_1_1_U7/tmp_product/CLK
    DSP48E2_X7Y2         DSP_A_B_DATA                                 r  mul_16s_16s_31_1_1_U7/tmp_product/DSP_A_B_DATA_INST/CLK
                         clock pessimism              0.000    10.055    
                         clock uncertainty           -0.035    10.020    
    DSP48E2_X7Y2         DSP_A_B_DATA (Setup_DSP_A_B_DATA_DSP48E2_CLK_A[29])
                                                     -0.522     9.498    mul_16s_16s_31_1_1_U7/tmp_product/DSP_A_B_DATA_INST
  -------------------------------------------------------------------
                         required time                          9.498    
                         arrival time                          -3.912    
  -------------------------------------------------------------------
                         slack                                  5.586    

Slack (MET) :             5.592ns  (required time - arrival time)
  Source:                 control_s_axi_U/int_input_r/mem_reg/CLKBWRCLK
                            (rising edge-triggered cell RAMB36E2 clocked by ap_clk  {rise@0.000ns fall@5.000ns period=10.000ns})
  Destination:            mul_16s_16s_31_1_1_U7/tmp_product/DSP_A_B_DATA_INST/A[24]
                            (rising edge-triggered cell DSP_A_B_DATA clocked by ap_clk  {rise@0.000ns fall@5.000ns period=10.000ns})
  Path Group:             ap_clk
  Path Type:              Setup (Max at Slow Process Corner)
  Requirement:            10.000ns  (ap_clk rise@10.000ns - ap_clk rise@0.000ns)
  Data Path Delay:        3.791ns  (logic 2.514ns (66.321%)  route 1.277ns (33.679%))
  Logic Levels:           5  (CARRY8=3 LUT2=1 LUT4=1)
  Clock Path Skew:        -0.051ns (DCD - SCD + CPR)
    Destination Clock Delay (DCD):    0.055ns = ( 10.055 - 10.000 ) 
    Source Clock Delay      (SCD):    0.106ns
    Clock Pessimism Removal (CPR):    0.000ns
  Clock Uncertainty:      0.035ns  ((TSJ^2 + TIJ^2)^1/2 + DJ) / 2 + PE
    Total System Jitter     (TSJ):    0.071ns
    Total Input Jitter      (TIJ):    0.000ns
    Discrete Jitter          (DJ):    0.000ns
    Phase Error              (PE):    0.000ns

    Location             Delay type                Incr(ns)  Path(ns)    Netlist Resource(s)
  -------------------------------------------------------------------    -------------------
                         (clock ap_clk rise edge)     0.000     0.000 r  
                                                      0.000     0.000 r  ap_clk (IN)
                         net (fo=446, unset)          0.106     0.106    control_s_axi_U/int_input_r/ap_clk
    RAMB36_X0Y1          RAMB36E2                                     r  control_s_axi_U/int_input_r/mem_reg/CLKBWRCLK
  -------------------------------------------------------------------    -------------------
    RAMB36_X0Y1          RAMB36E2 (Prop_RAMB36E2_RAMB36_CLKBWRCLK_DOUTBDOUT[0])
                                                      1.382     1.488 r  control_s_axi_U/int_input_r/mem_reg/DOUTBDOUT[0]
                         net (fo=3, routed)           0.484     1.972    control_s_axi_U/int_input_r/int_input_r_q0[0]
    SLICE_X27Y8          LUT4 (Prop_A6LUT_SLICEL_I1_O)
                                                      0.152     2.124 r  control_s_axi_U/int_input_r/tmp_product_i_19__0/O
                         net (fo=1, routed)           0.014     2.138    control_s_axi_U/int_input_r/tmp_product_i_19__0_n_0
    SLICE_X27Y8          CARRY8 (Prop_CARRY8_SLICEL_S[0]_O[5])
                                                      0.331     2.469 r  control_s_axi_U/int_input_r/tmp_product_i_3__0/O[5]
                         net (fo=2, routed)           0.304     2.772    control_s_axi_U/int_input_r/A[5]
    SLICE_X28Y10         LUT2 (Prop_F6LUT_SLICEM_I1_O)
                                                      0.224     2.996 r  control_s_axi_U/int_input_r/trunc_ln15_5_reg_648_reg_i_14/O
                         net (fo=1, routed)           0.029     3.025    control_s_axi_U/int_input_r/trunc_ln15_5_reg_648_reg_i_14_n_0
    SLICE_X28Y10         CARRY8 (Prop_CARRY8_SLICEM_S[5]_CO[7])
                                                      0.238     3.263 r  control_s_axi_U/int_input_r/trunc_ln15_5_reg_648_reg_i_3/CO[7]
                         net (fo=1, routed)           0.030     3.293    control_s_axi_U/int_input_r/trunc_ln15_5_reg_648_reg_i_3_n_0
    SLICE_X28Y11         CARRY8 (Prop_CARRY8_SLICEM_CI_O[7])
                                                      0.187     3.480 r  control_s_axi_U/int_input_r/trunc_ln15_5_reg_648_reg_i_2/O[7]
                         net (fo=32, routed)          0.416     3.897    mul_16s_16s_31_1_1_U7/tmp_product/A[24]
    DSP48E2_X7Y2         DSP_A_B_DATA                                 r  mul_16s_16s_31_1_1_U7/tmp_product/DSP_A_B_DATA_INST/A[24]
  -------------------------------------------------------------------    -------------------

                         (clock ap_clk rise edge)    10.000    10.000 r  
                                                      0.000    10.000 r  ap_clk (IN)
                         net (fo=446, unset)          0.055    10.055    mul_16s_16s_31_1_1_U7/tmp_product/CLK
    DSP48E2_X7Y2         DSP_A_B_DATA                                 r  mul_16s_16s_31_1_1_U7/tmp_product/DSP_A_B_DATA_INST/CLK
                         clock pessimism              0.000    10.055    
                         clock uncertainty           -0.035    10.020    
    DSP48E2_X7Y2         DSP_A_B_DATA (Setup_DSP_A_B_DATA_DSP48E2_CLK_A[24])
                                                     -0.531     9.489    mul_16s_16s_31_1_1_U7/tmp_product/DSP_A_B_DATA_INST
  -------------------------------------------------------------------
                         required time                          9.489    
                         arrival time                          -3.897    
  -------------------------------------------------------------------
                         slack                                  5.592    

Slack (MET) :             5.616ns  (required time - arrival time)
  Source:                 control_s_axi_U/int_input_r/mem_reg/CLKBWRCLK
                            (rising edge-triggered cell RAMB36E2 clocked by ap_clk  {rise@0.000ns fall@5.000ns period=10.000ns})
  Destination:            trunc_ln15_5_reg_648_reg/DSP_A_B_DATA_INST/A[12]
                            (rising edge-triggered cell DSP_A_B_DATA clocked by ap_clk  {rise@0.000ns fall@5.000ns period=10.000ns})
  Path Group:             ap_clk
  Path Type:              Setup (Max at Slow Process Corner)
  Requirement:            10.000ns  (ap_clk rise@10.000ns - ap_clk rise@0.000ns)
  Data Path Delay:        3.798ns  (logic 2.462ns (64.824%)  route 1.336ns (35.176%))
  Logic Levels:           5  (CARRY8=3 LUT2=1 LUT4=1)
  Clock Path Skew:        -0.051ns (DCD - SCD + CPR)
    Destination Clock Delay (DCD):    0.055ns = ( 10.055 - 10.000 ) 
    Source Clock Delay      (SCD):    0.106ns
    Clock Pessimism Removal (CPR):    0.000ns
  Clock Uncertainty:      0.035ns  ((TSJ^2 + TIJ^2)^1/2 + DJ) / 2 + PE
    Total System Jitter     (TSJ):    0.071ns
    Total Input Jitter      (TIJ):    0.000ns
    Discrete Jitter          (DJ):    0.000ns
    Phase Error              (PE):    0.000ns

    Location             Delay type                Incr(ns)  Path(ns)    Netlist Resource(s)
  -------------------------------------------------------------------    -------------------
                         (clock ap_clk rise edge)     0.000     0.000 r  
                                                      0.000     0.000 r  ap_clk (IN)
                         net (fo=446, unset)          0.106     0.106    control_s_axi_U/int_input_r/ap_clk
    RAMB36_X0Y1          RAMB36E2                                     r  control_s_axi_U/int_input_r/mem_reg/CLKBWRCLK
  -------------------------------------------------------------------    -------------------
    RAMB36_X0Y1          RAMB36E2 (Prop_RAMB36E2_RAMB36_CLKBWRCLK_DOUTBDOUT[0])
                                                      1.382     1.488 r  control_s_axi_U/int_input_r/mem_reg/DOUTBDOUT[0]
                         net (fo=3, routed)           0.484     1.972    control_s_axi_U/int_input_r/int_input_r_q0[0]
    SLICE_X27Y8          LUT4 (Prop_A6LUT_SLICEL_I1_O)
                                                      0.152     2.124 r  control_s_axi_U/int_input_r/tmp_product_i_19__0/O
                         net (fo=1, routed)           0.014     2.138    control_s_axi_U/int_input_r/tmp_product_i_19__0_n_0
    SLICE_X27Y8          CARRY8 (Prop_CARRY8_SLICEL_S[0]_O[5])
                                                      0.331     2.469 r  control_s_axi_U/int_input_r/tmp_product_i_3__0/O[5]
                         net (fo=2, routed)           0.304     2.772    control_s_axi_U/int_input_r/A[5]
    SLICE_X28Y10         LUT2 (Prop_F6LUT_SLICEM_I1_O)
                                                      0.224     2.996 r  control_s_axi_U/int_input_r/trunc_ln15_5_reg_648_reg_i_14/O
                         net (fo=1, routed)           0.029     3.025    control_s_axi_U/int_input_r/trunc_ln15_5_reg_648_reg_i_14_n_0
    SLICE_X28Y10         CARRY8 (Prop_CARRY8_SLICEM_S[5]_CO[7])
                                                      0.238     3.263 r  control_s_axi_U/int_input_r/trunc_ln15_5_reg_648_reg_i_3/CO[7]
                         net (fo=1, routed)           0.030     3.293    control_s_axi_U/int_input_r/trunc_ln15_5_reg_648_reg_i_3_n_0
    SLICE_X28Y11         CARRY8 (Prop_CARRY8_SLICEM_CI_O[4])
                                                      0.135     3.428 r  control_s_axi_U/int_input_r/trunc_ln15_5_reg_648_reg_i_2/O[4]
                         net (fo=4, routed)           0.476     3.904    trunc_ln15_5_reg_648_reg/A[12]
    DSP48E2_X7Y3         DSP_A_B_DATA                                 r  trunc_ln15_5_reg_648_reg/DSP_A_B_DATA_INST/A[12]
  -------------------------------------------------------------------    -------------------

                         (clock ap_clk rise edge)    10.000    10.000 r  
                                                      0.000    10.000 r  ap_clk (IN)
                         net (fo=446, unset)          0.055    10.055    trunc_ln15_5_reg_648_reg/CLK
    DSP48E2_X7Y3         DSP_A_B_DATA                                 r  trunc_ln15_5_reg_648_reg/DSP_A_B_DATA_INST/CLK
                         clock pessimism              0.000    10.055    
                         clock uncertainty           -0.035    10.020    
    DSP48E2_X7Y3         DSP_A_B_DATA (Setup_DSP_A_B_DATA_DSP48E2_CLK_A[12])
                                                     -0.500     9.520    trunc_ln15_5_reg_648_reg/DSP_A_B_DATA_INST
  -------------------------------------------------------------------
                         required time                          9.520    
                         arrival time                          -3.904    
  -------------------------------------------------------------------
                         slack                                  5.616    

Slack (MET) :             5.625ns  (required time - arrival time)
  Source:                 control_s_axi_U/int_input_r/mem_reg/CLKBWRCLK
                            (rising edge-triggered cell RAMB36E2 clocked by ap_clk  {rise@0.000ns fall@5.000ns period=10.000ns})
  Destination:            trunc_ln15_5_reg_648_reg/DSP_A_B_DATA_INST/A[19]
                            (rising edge-triggered cell DSP_A_B_DATA clocked by ap_clk  {rise@0.000ns fall@5.000ns period=10.000ns})
  Path Group:             ap_clk
  Path Type:              Setup (Max at Slow Process Corner)
  Requirement:            10.000ns  (ap_clk rise@10.000ns - ap_clk rise@0.000ns)
  Data Path Delay:        3.792ns  (logic 2.514ns (66.304%)  route 1.278ns (33.696%))
  Logic Levels:           5  (CARRY8=3 LUT2=1 LUT4=1)
  Clock Path Skew:        -0.051ns (DCD - SCD + CPR)
    Destination Clock Delay (DCD):    0.055ns = ( 10.055 - 10.000 ) 
    Source Clock Delay      (SCD):    0.106ns
    Clock Pessimism Removal (CPR):    0.000ns
  Clock Uncertainty:      0.035ns  ((TSJ^2 + TIJ^2)^1/2 + DJ) / 2 + PE
    Total System Jitter     (TSJ):    0.071ns
    Total Input Jitter      (TIJ):    0.000ns
    Discrete Jitter          (DJ):    0.000ns
    Phase Error              (PE):    0.000ns

    Location             Delay type                Incr(ns)  Path(ns)    Netlist Resource(s)
  -------------------------------------------------------------------    -------------------
                         (clock ap_clk rise edge)     0.000     0.000 r  
                                                      0.000     0.000 r  ap_clk (IN)
                         net (fo=446, unset)          0.106     0.106    control_s_axi_U/int_input_r/ap_clk
    RAMB36_X0Y1          RAMB36E2                                     r  control_s_axi_U/int_input_r/mem_reg/CLKBWRCLK
  -------------------------------------------------------------------    -------------------
    RAMB36_X0Y1          RAMB36E2 (Prop_RAMB36E2_RAMB36_CLKBWRCLK_DOUTBDOUT[0])
                                                      1.382     1.488 r  control_s_axi_U/int_input_r/mem_reg/DOUTBDOUT[0]
                         net (fo=3, routed)           0.484     1.972    control_s_axi_U/int_input_r/int_input_r_q0[0]
    SLICE_X27Y8          LUT4 (Prop_A6LUT_SLICEL_I1_O)
                                                      0.152     2.124 r  control_s_axi_U/int_input_r/tmp_product_i_19__0/O
                         net (fo=1, routed)           0.014     2.138    control_s_axi_U/int_input_r/tmp_product_i_19__0_n_0
    SLICE_X27Y8          CARRY8 (Prop_CARRY8_SLICEL_S[0]_O[5])
                                                      0.331     2.469 r  control_s_axi_U/int_input_r/tmp_product_i_3__0/O[5]
                         net (fo=2, routed)           0.304     2.772    control_s_axi_U/int_input_r/A[5]
    SLICE_X28Y10         LUT2 (Prop_F6LUT_SLICEM_I1_O)
                                                      0.224     2.996 r  control_s_axi_U/int_input_r/trunc_ln15_5_reg_648_reg_i_14/O
                         net (fo=1, routed)           0.029     3.025    control_s_axi_U/int_input_r/trunc_ln15_5_reg_648_reg_i_14_n_0
    SLICE_X28Y10         CARRY8 (Prop_CARRY8_SLICEM_S[5]_CO[7])
                                                      0.238     3.263 r  control_s_axi_U/int_input_r/trunc_ln15_5_reg_648_reg_i_3/CO[7]
                         net (fo=1, routed)           0.030     3.293    control_s_axi_U/int_input_r/trunc_ln15_5_reg_648_reg_i_3_n_0
    SLICE_X28Y11         CARRY8 (Prop_CARRY8_SLICEM_CI_O[7])
                                                      0.187     3.480 r  control_s_axi_U/int_input_r/trunc_ln15_5_reg_648_reg_i_2/O[7]
                         net (fo=32, routed)          0.417     3.898    trunc_ln15_5_reg_648_reg/A[19]
    DSP48E2_X7Y3         DSP_A_B_DATA                                 r  trunc_ln15_5_reg_648_reg/DSP_A_B_DATA_INST/A[19]
  -------------------------------------------------------------------    -------------------

                         (clock ap_clk rise edge)    10.000    10.000 r  
                                                      0.000    10.000 r  ap_clk (IN)
                         net (fo=446, unset)          0.055    10.055    trunc_ln15_5_reg_648_reg/CLK
    DSP48E2_X7Y3         DSP_A_B_DATA                                 r  trunc_ln15_5_reg_648_reg/DSP_A_B_DATA_INST/CLK
                         clock pessimism              0.000    10.055    
                         clock uncertainty           -0.035    10.020    
    DSP48E2_X7Y3         DSP_A_B_DATA (Setup_DSP_A_B_DATA_DSP48E2_CLK_A[19])
                                                     -0.497     9.523    trunc_ln15_5_reg_648_reg/DSP_A_B_DATA_INST
  -------------------------------------------------------------------
                         required time                          9.523    
                         arrival time                          -3.898    
  -------------------------------------------------------------------
                         slack                                  5.625    

Slack (MET) :             5.625ns  (required time - arrival time)
  Source:                 control_s_axi_U/int_input_r/mem_reg/CLKBWRCLK
                            (rising edge-triggered cell RAMB36E2 clocked by ap_clk  {rise@0.000ns fall@5.000ns period=10.000ns})
  Destination:            trunc_ln15_5_reg_648_reg/DSP_A_B_DATA_INST/A[6]
                            (rising edge-triggered cell DSP_A_B_DATA clocked by ap_clk  {rise@0.000ns fall@5.000ns period=10.000ns})
  Path Group:             ap_clk
  Path Type:              Setup (Max at Slow Process Corner)
  Requirement:            10.000ns  (ap_clk rise@10.000ns - ap_clk rise@0.000ns)
  Data Path Delay:        3.763ns  (logic 2.291ns (60.877%)  route 1.472ns (39.123%))
  Logic Levels:           4  (CARRY8=2 LUT2=1 LUT4=1)
  Clock Path Skew:        -0.051ns (DCD - SCD + CPR)
    Destination Clock Delay (DCD):    0.055ns = ( 10.055 - 10.000 ) 
    Source Clock Delay      (SCD):    0.106ns
    Clock Pessimism Removal (CPR):    0.000ns
  Clock Uncertainty:      0.035ns  ((TSJ^2 + TIJ^2)^1/2 + DJ) / 2 + PE
    Total System Jitter     (TSJ):    0.071ns
    Total Input Jitter      (TIJ):    0.000ns
    Discrete Jitter          (DJ):    0.000ns
    Phase Error              (PE):    0.000ns

    Location             Delay type                Incr(ns)  Path(ns)    Netlist Resource(s)
  -------------------------------------------------------------------    -------------------
                         (clock ap_clk rise edge)     0.000     0.000 r  
                                                      0.000     0.000 r  ap_clk (IN)
                         net (fo=446, unset)          0.106     0.106    control_s_axi_U/int_input_r/ap_clk
    RAMB36_X0Y1          RAMB36E2                                     r  control_s_axi_U/int_input_r/mem_reg/CLKBWRCLK
  -------------------------------------------------------------------    -------------------
    RAMB36_X0Y1          RAMB36E2 (Prop_RAMB36E2_RAMB36_CLKBWRCLK_DOUTBDOUT[0])
                                                      1.382     1.488 r  control_s_axi_U/int_input_r/mem_reg/DOUTBDOUT[0]
                         net (fo=3, routed)           0.484     1.972    control_s_axi_U/int_input_r/int_input_r_q0[0]
    SLICE_X27Y8          LUT4 (Prop_A6LUT_SLICEL_I1_O)
                                                      0.152     2.124 r  control_s_axi_U/int_input_r/tmp_product_i_19__0/O
                         net (fo=1, routed)           0.014     2.138    control_s_axi_U/int_input_r/tmp_product_i_19__0_n_0
    SLICE_X27Y8          CARRY8 (Prop_CARRY8_SLICEL_S[0]_O[5])
                                                      0.331     2.469 r  control_s_axi_U/int_input_r/tmp_product_i_3__0/O[5]
                         net (fo=2, routed)           0.304     2.772    control_s_axi_U/int_input_r/A[5]
    SLICE_X28Y10         LUT2 (Prop_F6LUT_SLICEM_I1_O)
                                                      0.224     2.996 r  control_s_axi_U/int_input_r/trunc_ln15_5_reg_648_reg_i_14/O
                         net (fo=1, routed)           0.029     3.025    control_s_axi_U/int_input_r/trunc_ln15_5_reg_648_reg_i_14_n_0
    SLICE_X28Y10         CARRY8 (Prop_CARRY8_SLICEM_S[5]_O[6])
                                                      0.202     3.227 r  control_s_axi_U/int_input_r/trunc_ln15_5_reg_648_reg_i_3/O[6]
                         net (fo=4, routed)           0.642     3.869    trunc_ln15_5_reg_648_reg/A[6]
    DSP48E2_X7Y3         DSP_A_B_DATA                                 r  trunc_ln15_5_reg_648_reg/DSP_A_B_DATA_INST/A[6]
  -------------------------------------------------------------------    -------------------

                         (clock ap_clk rise edge)    10.000    10.000 r  
                                                      0.000    10.000 r  ap_clk (IN)
                         net (fo=446, unset)          0.055    10.055    trunc_ln15_5_reg_648_reg/CLK
    DSP48E2_X7Y3         DSP_A_B_DATA                                 r  trunc_ln15_5_reg_648_reg/DSP_A_B_DATA_INST/CLK
                         clock pessimism              0.000    10.055    
                         clock uncertainty           -0.035    10.020    
    DSP48E2_X7Y3         DSP_A_B_DATA (Setup_DSP_A_B_DATA_DSP48E2_CLK_A[6])
                                                     -0.525     9.495    trunc_ln15_5_reg_648_reg/DSP_A_B_DATA_INST
  -------------------------------------------------------------------
                         required time                          9.495    
                         arrival time                          -3.869    
  -------------------------------------------------------------------
                         slack                                  5.625    

Slack (MET) :             5.626ns  (required time - arrival time)
  Source:                 control_s_axi_U/int_input_r/mem_reg/CLKBWRCLK
                            (rising edge-triggered cell RAMB36E2 clocked by ap_clk  {rise@0.000ns fall@5.000ns period=10.000ns})
  Destination:            mul_16s_16s_31_1_1_U7/tmp_product/DSP_A_B_DATA_INST/A[28]
                            (rising edge-triggered cell DSP_A_B_DATA clocked by ap_clk  {rise@0.000ns fall@5.000ns period=10.000ns})
  Path Group:             ap_clk
  Path Type:              Setup (Max at Slow Process Corner)
  Requirement:            10.000ns  (ap_clk rise@10.000ns - ap_clk rise@0.000ns)
  Data Path Delay:        3.731ns  (logic 2.514ns (67.387%)  route 1.217ns (32.613%))
  Logic Levels:           5  (CARRY8=3 LUT2=1 LUT4=1)
  Clock Path Skew:        -0.051ns (DCD - SCD + CPR)
    Destination Clock Delay (DCD):    0.055ns = ( 10.055 - 10.000 ) 
    Source Clock Delay      (SCD):    0.106ns
    Clock Pessimism Removal (CPR):    0.000ns
  Clock Uncertainty:      0.035ns  ((TSJ^2 + TIJ^2)^1/2 + DJ) / 2 + PE
    Total System Jitter     (TSJ):    0.071ns
    Total Input Jitter      (TIJ):    0.000ns
    Discrete Jitter          (DJ):    0.000ns
    Phase Error              (PE):    0.000ns

    Location             Delay type                Incr(ns)  Path(ns)    Netlist Resource(s)
  -------------------------------------------------------------------    -------------------
                         (clock ap_clk rise edge)     0.000     0.000 r  
                                                      0.000     0.000 r  ap_clk (IN)
                         net (fo=446, unset)          0.106     0.106    control_s_axi_U/int_input_r/ap_clk
    RAMB36_X0Y1          RAMB36E2                                     r  control_s_axi_U/int_input_r/mem_reg/CLKBWRCLK
  -------------------------------------------------------------------    -------------------
    RAMB36_X0Y1          RAMB36E2 (Prop_RAMB36E2_RAMB36_CLKBWRCLK_DOUTBDOUT[0])
                                                      1.382     1.488 r  control_s_axi_U/int_input_r/mem_reg/DOUTBDOUT[0]
                         net (fo=3, routed)           0.484     1.972    control_s_axi_U/int_input_r/int_input_r_q0[0]
    SLICE_X27Y8          LUT4 (Prop_A6LUT_SLICEL_I1_O)
                                                      0.152     2.124 r  control_s_axi_U/int_input_r/tmp_product_i_19__0/O
                         net (fo=1, routed)           0.014     2.138    control_s_axi_U/int_input_r/tmp_product_i_19__0_n_0
    SLICE_X27Y8          CARRY8 (Prop_CARRY8_SLICEL_S[0]_O[5])
                                                      0.331     2.469 r  control_s_axi_U/int_input_r/tmp_product_i_3__0/O[5]
                         net (fo=2, routed)           0.304     2.772    control_s_axi_U/int_input_r/A[5]
    SLICE_X28Y10         LUT2 (Prop_F6LUT_SLICEM_I1_O)
                                                      0.224     2.996 r  control_s_axi_U/int_input_r/trunc_ln15_5_reg_648_reg_i_14/O
                         net (fo=1, routed)           0.029     3.025    control_s_axi_U/int_input_r/trunc_ln15_5_reg_648_reg_i_14_n_0
    SLICE_X28Y10         CARRY8 (Prop_CARRY8_SLICEM_S[5]_CO[7])
                                                      0.238     3.263 r  control_s_axi_U/int_input_r/trunc_ln15_5_reg_648_reg_i_3/CO[7]
                         net (fo=1, routed)           0.030     3.293    control_s_axi_U/int_input_r/trunc_ln15_5_reg_648_reg_i_3_n_0
    SLICE_X28Y11         CARRY8 (Prop_CARRY8_SLICEM_CI_O[7])
                                                      0.187     3.480 r  control_s_axi_U/int_input_r/trunc_ln15_5_reg_648_reg_i_2/O[7]
                         net (fo=32, routed)          0.356     3.837    mul_16s_16s_31_1_1_U7/tmp_product/A[28]
    DSP48E2_X7Y2         DSP_A_B_DATA                                 r  mul_16s_16s_31_1_1_U7/tmp_product/DSP_A_B_DATA_INST/A[28]
  -------------------------------------------------------------------    -------------------

                         (clock ap_clk rise edge)    10.000    10.000 r  
                                                      0.000    10.000 r  ap_clk (IN)
                         net (fo=446, unset)          0.055    10.055    mul_16s_16s_31_1_1_U7/tmp_product/CLK
    DSP48E2_X7Y2         DSP_A_B_DATA                                 r  mul_16s_16s_31_1_1_U7/tmp_product/DSP_A_B_DATA_INST/CLK
                         clock pessimism              0.000    10.055    
                         clock uncertainty           -0.035    10.020    
    DSP48E2_X7Y2         DSP_A_B_DATA (Setup_DSP_A_B_DATA_DSP48E2_CLK_A[28])
                                                     -0.557     9.463    mul_16s_16s_31_1_1_U7/tmp_product/DSP_A_B_DATA_INST
  -------------------------------------------------------------------
                         required time                          9.463    
                         arrival time                          -3.837    
  -------------------------------------------------------------------
                         slack                                  5.626    

Slack (MET) :             5.627ns  (required time - arrival time)
  Source:                 control_s_axi_U/int_input_r/mem_reg/CLKBWRCLK
                            (rising edge-triggered cell RAMB36E2 clocked by ap_clk  {rise@0.000ns fall@5.000ns period=10.000ns})
  Destination:            mul_16s_16s_31_1_1_U7/tmp_product/DSP_A_B_DATA_INST/A[15]
                            (rising edge-triggered cell DSP_A_B_DATA clocked by ap_clk  {rise@0.000ns fall@5.000ns period=10.000ns})
  Path Group:             ap_clk
  Path Type:              Setup (Max at Slow Process Corner)
  Requirement:            10.000ns  (ap_clk rise@10.000ns - ap_clk rise@0.000ns)
  Data Path Delay:        3.761ns  (logic 2.514ns (66.845%)  route 1.247ns (33.155%))
  Logic Levels:           5  (CARRY8=3 LUT2=1 LUT4=1)
  Clock Path Skew:        -0.051ns (DCD - SCD + CPR)
    Destination Clock Delay (DCD):    0.055ns = ( 10.055 - 10.000 ) 
    Source Clock Delay      (SCD):    0.106ns
    Clock Pessimism Removal (CPR):    0.000ns
  Clock Uncertainty:      0.035ns  ((TSJ^2 + TIJ^2)^1/2 + DJ) / 2 + PE
    Total System Jitter     (TSJ):    0.071ns
    Total Input Jitter      (TIJ):    0.000ns
    Discrete Jitter          (DJ):    0.000ns
    Phase Error              (PE):    0.000ns

    Location             Delay type                Incr(ns)  Path(ns)    Netlist Resource(s)
  -------------------------------------------------------------------    -------------------
                         (clock ap_clk rise edge)     0.000     0.000 r  
                                                      0.000     0.000 r  ap_clk (IN)
                         net (fo=446, unset)          0.106     0.106    control_s_axi_U/int_input_r/ap_clk
    RAMB36_X0Y1          RAMB36E2                                     r  control_s_axi_U/int_input_r/mem_reg/CLKBWRCLK
  -------------------------------------------------------------------    -------------------
    RAMB36_X0Y1          RAMB36E2 (Prop_RAMB36E2_RAMB36_CLKBWRCLK_DOUTBDOUT[0])
                                                      1.382     1.488 r  control_s_axi_U/int_input_r/mem_reg/DOUTBDOUT[0]
                         net (fo=3, routed)           0.484     1.972    control_s_axi_U/int_input_r/int_input_r_q0[0]
    SLICE_X27Y8          LUT4 (Prop_A6LUT_SLICEL_I1_O)
                                                      0.152     2.124 r  control_s_axi_U/int_input_r/tmp_product_i_19__0/O
                         net (fo=1, routed)           0.014     2.138    control_s_axi_U/int_input_r/tmp_product_i_19__0_n_0
    SLICE_X27Y8          CARRY8 (Prop_CARRY8_SLICEL_S[0]_O[5])
                                                      0.331     2.469 r  control_s_axi_U/int_input_r/tmp_product_i_3__0/O[5]
                         net (fo=2, routed)           0.304     2.772    control_s_axi_U/int_input_r/A[5]
    SLICE_X28Y10         LUT2 (Prop_F6LUT_SLICEM_I1_O)
                                                      0.224     2.996 r  control_s_axi_U/int_input_r/trunc_ln15_5_reg_648_reg_i_14/O
                         net (fo=1, routed)           0.029     3.025    control_s_axi_U/int_input_r/trunc_ln15_5_reg_648_reg_i_14_n_0
    SLICE_X28Y10         CARRY8 (Prop_CARRY8_SLICEM_S[5]_CO[7])
                                                      0.238     3.263 r  control_s_axi_U/int_input_r/trunc_ln15_5_reg_648_reg_i_3/CO[7]
                         net (fo=1, routed)           0.030     3.293    control_s_axi_U/int_input_r/trunc_ln15_5_reg_648_reg_i_3_n_0
    SLICE_X28Y11         CARRY8 (Prop_CARRY8_SLICEM_CI_O[7])
                                                      0.187     3.480 r  control_s_axi_U/int_input_r/trunc_ln15_5_reg_648_reg_i_2/O[7]
                         net (fo=32, routed)          0.387     3.867    mul_16s_16s_31_1_1_U7/tmp_product/A[15]
    DSP48E2_X7Y2         DSP_A_B_DATA                                 r  mul_16s_16s_31_1_1_U7/tmp_product/DSP_A_B_DATA_INST/A[15]
  -------------------------------------------------------------------    -------------------

                         (clock ap_clk rise edge)    10.000    10.000 r  
                                                      0.000    10.000 r  ap_clk (IN)
                         net (fo=446, unset)          0.055    10.055    mul_16s_16s_31_1_1_U7/tmp_product/CLK
    DSP48E2_X7Y2         DSP_A_B_DATA                                 r  mul_16s_16s_31_1_1_U7/tmp_product/DSP_A_B_DATA_INST/CLK
                         clock pessimism              0.000    10.055    
                         clock uncertainty           -0.035    10.020    
    DSP48E2_X7Y2         DSP_A_B_DATA (Setup_DSP_A_B_DATA_DSP48E2_CLK_A[15])
                                                     -0.526     9.494    mul_16s_16s_31_1_1_U7/tmp_product/DSP_A_B_DATA_INST
  -------------------------------------------------------------------
                         required time                          9.494    
                         arrival time                          -3.867    
  -------------------------------------------------------------------
                         slack                                  5.627    

Slack (MET) :             5.632ns  (required time - arrival time)
  Source:                 control_s_axi_U/int_input_r/mem_reg/CLKBWRCLK
                            (rising edge-triggered cell RAMB36E2 clocked by ap_clk  {rise@0.000ns fall@5.000ns period=10.000ns})
  Destination:            trunc_ln15_5_reg_648_reg/DSP_A_B_DATA_INST/A[9]
                            (rising edge-triggered cell DSP_A_B_DATA clocked by ap_clk  {rise@0.000ns fall@5.000ns period=10.000ns})
  Path Group:             ap_clk
  Path Type:              Setup (Max at Slow Process Corner)
  Requirement:            10.000ns  (ap_clk rise@10.000ns - ap_clk rise@0.000ns)
  Data Path Delay:        3.752ns  (logic 2.449ns (65.277%)  route 1.303ns (34.723%))
  Logic Levels:           5  (CARRY8=3 LUT2=1 LUT4=1)
  Clock Path Skew:        -0.051ns (DCD - SCD + CPR)
    Destination Clock Delay (DCD):    0.055ns = ( 10.055 - 10.000 ) 
    Source Clock Delay      (SCD):    0.106ns
    Clock Pessimism Removal (CPR):    0.000ns
  Clock Uncertainty:      0.035ns  ((TSJ^2 + TIJ^2)^1/2 + DJ) / 2 + PE
    Total System Jitter     (TSJ):    0.071ns
    Total Input Jitter      (TIJ):    0.000ns
    Discrete Jitter          (DJ):    0.000ns
    Phase Error              (PE):    0.000ns

    Location             Delay type                Incr(ns)  Path(ns)    Netlist Resource(s)
  -------------------------------------------------------------------    -------------------
                         (clock ap_clk rise edge)     0.000     0.000 r  
                                                      0.000     0.000 r  ap_clk (IN)
                         net (fo=446, unset)          0.106     0.106    control_s_axi_U/int_input_r/ap_clk
    RAMB36_X0Y1          RAMB36E2                                     r  control_s_axi_U/int_input_r/mem_reg/CLKBWRCLK
  -------------------------------------------------------------------    -------------------
    RAMB36_X0Y1          RAMB36E2 (Prop_RAMB36E2_RAMB36_CLKBWRCLK_DOUTBDOUT[0])
                                                      1.382     1.488 r  control_s_axi_U/int_input_r/mem_reg/DOUTBDOUT[0]
                         net (fo=3, routed)           0.484     1.972    control_s_axi_U/int_input_r/int_input_r_q0[0]
    SLICE_X27Y8          LUT4 (Prop_A6LUT_SLICEL_I1_O)
                                                      0.152     2.124 r  control_s_axi_U/int_input_r/tmp_product_i_19__0/O
                         net (fo=1, routed)           0.014     2.138    control_s_axi_U/int_input_r/tmp_product_i_19__0_n_0
    SLICE_X27Y8          CARRY8 (Prop_CARRY8_SLICEL_S[0]_O[5])
                                                      0.331     2.469 r  control_s_axi_U/int_input_r/tmp_product_i_3__0/O[5]
                         net (fo=2, routed)           0.304     2.772    control_s_axi_U/int_input_r/A[5]
    SLICE_X28Y10         LUT2 (Prop_F6LUT_SLICEM_I1_O)
                                                      0.224     2.996 r  control_s_axi_U/int_input_r/trunc_ln15_5_reg_648_reg_i_14/O
                         net (fo=1, routed)           0.029     3.025    control_s_axi_U/int_input_r/trunc_ln15_5_reg_648_reg_i_14_n_0
    SLICE_X28Y10         CARRY8 (Prop_CARRY8_SLICEM_S[5]_CO[7])
                                                      0.238     3.263 r  control_s_axi_U/int_input_r/trunc_ln15_5_reg_648_reg_i_3/CO[7]
                         net (fo=1, routed)           0.030     3.293    control_s_axi_U/int_input_r/trunc_ln15_5_reg_648_reg_i_3_n_0
    SLICE_X28Y11         CARRY8 (Prop_CARRY8_SLICEM_CI_O[1])
                                                      0.122     3.415 r  control_s_axi_U/int_input_r/trunc_ln15_5_reg_648_reg_i_2/O[1]
                         net (fo=4, routed)           0.442     3.858    trunc_ln15_5_reg_648_reg/A[9]
    DSP48E2_X7Y3         DSP_A_B_DATA                                 r  trunc_ln15_5_reg_648_reg/DSP_A_B_DATA_INST/A[9]
  -------------------------------------------------------------------    -------------------

                         (clock ap_clk rise edge)    10.000    10.000 r  
                                                      0.000    10.000 r  ap_clk (IN)
                         net (fo=446, unset)          0.055    10.055    trunc_ln15_5_reg_648_reg/CLK
    DSP48E2_X7Y3         DSP_A_B_DATA                                 r  trunc_ln15_5_reg_648_reg/DSP_A_B_DATA_INST/CLK
                         clock pessimism              0.000    10.055    
                         clock uncertainty           -0.035    10.020    
    DSP48E2_X7Y3         DSP_A_B_DATA (Setup_DSP_A_B_DATA_DSP48E2_CLK_A[9])
                                                     -0.530     9.490    trunc_ln15_5_reg_648_reg/DSP_A_B_DATA_INST
  -------------------------------------------------------------------
                         required time                          9.490    
                         arrival time                          -3.858    
  -------------------------------------------------------------------
                         slack                                  5.632    

Slack (MET) :             5.637ns  (required time - arrival time)
  Source:                 control_s_axi_U/int_input_r/mem_reg/CLKBWRCLK
                            (rising edge-triggered cell RAMB36E2 clocked by ap_clk  {rise@0.000ns fall@5.000ns period=10.000ns})
  Destination:            mul_16s_16s_31_1_1_U7/tmp_product/DSP_A_B_DATA_INST/A[26]
                            (rising edge-triggered cell DSP_A_B_DATA clocked by ap_clk  {rise@0.000ns fall@5.000ns period=10.000ns})
  Path Group:             ap_clk
  Path Type:              Setup (Max at Slow Process Corner)
  Requirement:            10.000ns  (ap_clk rise@10.000ns - ap_clk rise@0.000ns)
  Data Path Delay:        3.738ns  (logic 2.514ns (67.246%)  route 1.224ns (32.754%))
  Logic Levels:           5  (CARRY8=3 LUT2=1 LUT4=1)
  Clock Path Skew:        -0.051ns (DCD - SCD + CPR)
    Destination Clock Delay (DCD):    0.055ns = ( 10.055 - 10.000 ) 
    Source Clock Delay      (SCD):    0.106ns
    Clock Pessimism Removal (CPR):    0.000ns
  Clock Uncertainty:      0.035ns  ((TSJ^2 + TIJ^2)^1/2 + DJ) / 2 + PE
    Total System Jitter     (TSJ):    0.071ns
    Total Input Jitter      (TIJ):    0.000ns
    Discrete Jitter          (DJ):    0.000ns
    Phase Error              (PE):    0.000ns

    Location             Delay type                Incr(ns)  Path(ns)    Netlist Resource(s)
  -------------------------------------------------------------------    -------------------
                         (clock ap_clk rise edge)     0.000     0.000 r  
                                                      0.000     0.000 r  ap_clk (IN)
                         net (fo=446, unset)          0.106     0.106    control_s_axi_U/int_input_r/ap_clk
    RAMB36_X0Y1          RAMB36E2                                     r  control_s_axi_U/int_input_r/mem_reg/CLKBWRCLK
  -------------------------------------------------------------------    -------------------
    RAMB36_X0Y1          RAMB36E2 (Prop_RAMB36E2_RAMB36_CLKBWRCLK_DOUTBDOUT[0])
                                                      1.382     1.488 r  control_s_axi_U/int_input_r/mem_reg/DOUTBDOUT[0]
                         net (fo=3, routed)           0.484     1.972    control_s_axi_U/int_input_r/int_input_r_q0[0]
    SLICE_X27Y8          LUT4 (Prop_A6LUT_SLICEL_I1_O)
                                                      0.152     2.124 r  control_s_axi_U/int_input_r/tmp_product_i_19__0/O
                         net (fo=1, routed)           0.014     2.138    control_s_axi_U/int_input_r/tmp_product_i_19__0_n_0
    SLICE_X27Y8          CARRY8 (Prop_CARRY8_SLICEL_S[0]_O[5])
                                                      0.331     2.469 r  control_s_axi_U/int_input_r/tmp_product_i_3__0/O[5]
                         net (fo=2, routed)           0.304     2.772    control_s_axi_U/int_input_r/A[5]
    SLICE_X28Y10         LUT2 (Prop_F6LUT_SLICEM_I1_O)
                                                      0.224     2.996 r  control_s_axi_U/int_input_r/trunc_ln15_5_reg_648_reg_i_14/O
                         net (fo=1, routed)           0.029     3.025    control_s_axi_U/int_input_r/trunc_ln15_5_reg_648_reg_i_14_n_0
    SLICE_X28Y10         CARRY8 (Prop_CARRY8_SLICEM_S[5]_CO[7])
                                                      0.238     3.263 r  control_s_axi_U/int_input_r/trunc_ln15_5_reg_648_reg_i_3/CO[7]
                         net (fo=1, routed)           0.030     3.293    control_s_axi_U/int_input_r/trunc_ln15_5_reg_648_reg_i_3_n_0
    SLICE_X28Y11         CARRY8 (Prop_CARRY8_SLICEM_CI_O[7])
                                                      0.187     3.480 r  control_s_axi_U/int_input_r/trunc_ln15_5_reg_648_reg_i_2/O[7]
                         net (fo=32, routed)          0.364     3.844    mul_16s_16s_31_1_1_U7/tmp_product/A[26]
    DSP48E2_X7Y2         DSP_A_B_DATA                                 r  mul_16s_16s_31_1_1_U7/tmp_product/DSP_A_B_DATA_INST/A[26]
  -------------------------------------------------------------------    -------------------

                         (clock ap_clk rise edge)    10.000    10.000 r  
                                                      0.000    10.000 r  ap_clk (IN)
                         net (fo=446, unset)          0.055    10.055    mul_16s_16s_31_1_1_U7/tmp_product/CLK
    DSP48E2_X7Y2         DSP_A_B_DATA                                 r  mul_16s_16s_31_1_1_U7/tmp_product/DSP_A_B_DATA_INST/CLK
                         clock pessimism              0.000    10.055    
                         clock uncertainty           -0.035    10.020    
    DSP48E2_X7Y2         DSP_A_B_DATA (Setup_DSP_A_B_DATA_DSP48E2_CLK_A[26])
                                                     -0.538     9.482    mul_16s_16s_31_1_1_U7/tmp_product/DSP_A_B_DATA_INST
  -------------------------------------------------------------------
                         required time                          9.482    
                         arrival time                          -3.844    
  -------------------------------------------------------------------
                         slack                                  5.637    

Slack (MET) :             5.641ns  (required time - arrival time)
  Source:                 control_s_axi_U/int_input_r/mem_reg/CLKBWRCLK
                            (rising edge-triggered cell RAMB36E2 clocked by ap_clk  {rise@0.000ns fall@5.000ns period=10.000ns})
  Destination:            mul_16s_16s_31_1_1_U7/tmp_product/DSP_A_B_DATA_INST/A[22]
                            (rising edge-triggered cell DSP_A_B_DATA clocked by ap_clk  {rise@0.000ns fall@5.000ns period=10.000ns})
  Path Group:             ap_clk
  Path Type:              Setup (Max at Slow Process Corner)
  Requirement:            10.000ns  (ap_clk rise@10.000ns - ap_clk rise@0.000ns)
  Data Path Delay:        3.787ns  (logic 2.514ns (66.389%)  route 1.273ns (33.611%))
  Logic Levels:           5  (CARRY8=3 LUT2=1 LUT4=1)
  Clock Path Skew:        -0.051ns (DCD - SCD + CPR)
    Destination Clock Delay (DCD):    0.055ns = ( 10.055 - 10.000 ) 
    Source Clock Delay      (SCD):    0.106ns
    Clock Pessimism Removal (CPR):    0.000ns
  Clock Uncertainty:      0.035ns  ((TSJ^2 + TIJ^2)^1/2 + DJ) / 2 + PE
    Total System Jitter     (TSJ):    0.071ns
    Total Input Jitter      (TIJ):    0.000ns
    Discrete Jitter          (DJ):    0.000ns
    Phase Error              (PE):    0.000ns

    Location             Delay type                Incr(ns)  Path(ns)    Netlist Resource(s)
  -------------------------------------------------------------------    -------------------
                         (clock ap_clk rise edge)     0.000     0.000 r  
                                                      0.000     0.000 r  ap_clk (IN)
                         net (fo=446, unset)          0.106     0.106    control_s_axi_U/int_input_r/ap_clk
    RAMB36_X0Y1          RAMB36E2                                     r  control_s_axi_U/int_input_r/mem_reg/CLKBWRCLK
  -------------------------------------------------------------------    -------------------
    RAMB36_X0Y1          RAMB36E2 (Prop_RAMB36E2_RAMB36_CLKBWRCLK_DOUTBDOUT[0])
                                                      1.382     1.488 r  control_s_axi_U/int_input_r/mem_reg/DOUTBDOUT[0]
                         net (fo=3, routed)           0.484     1.972    control_s_axi_U/int_input_r/int_input_r_q0[0]
    SLICE_X27Y8          LUT4 (Prop_A6LUT_SLICEL_I1_O)
                                                      0.152     2.124 r  control_s_axi_U/int_input_r/tmp_product_i_19__0/O
                         net (fo=1, routed)           0.014     2.138    control_s_axi_U/int_input_r/tmp_product_i_19__0_n_0
    SLICE_X27Y8          CARRY8 (Prop_CARRY8_SLICEL_S[0]_O[5])
                                                      0.331     2.469 r  control_s_axi_U/int_input_r/tmp_product_i_3__0/O[5]
                         net (fo=2, routed)           0.304     2.772    control_s_axi_U/int_input_r/A[5]
    SLICE_X28Y10         LUT2 (Prop_F6LUT_SLICEM_I1_O)
                                                      0.224     2.996 r  control_s_axi_U/int_input_r/trunc_ln15_5_reg_648_reg_i_14/O
                         net (fo=1, routed)           0.029     3.025    control_s_axi_U/int_input_r/trunc_ln15_5_reg_648_reg_i_14_n_0
    SLICE_X28Y10         CARRY8 (Prop_CARRY8_SLICEM_S[5]_CO[7])
                                                      0.238     3.263 r  control_s_axi_U/int_input_r/trunc_ln15_5_reg_648_reg_i_3/CO[7]
                         net (fo=1, routed)           0.030     3.293    control_s_axi_U/int_input_r/trunc_ln15_5_reg_648_reg_i_3_n_0
    SLICE_X28Y11         CARRY8 (Prop_CARRY8_SLICEM_CI_O[7])
                                                      0.187     3.480 r  control_s_axi_U/int_input_r/trunc_ln15_5_reg_648_reg_i_2/O[7]
                         net (fo=32, routed)          0.412     3.893    mul_16s_16s_31_1_1_U7/tmp_product/A[22]
    DSP48E2_X7Y2         DSP_A_B_DATA                                 r  mul_16s_16s_31_1_1_U7/tmp_product/DSP_A_B_DATA_INST/A[22]
  -------------------------------------------------------------------    -------------------

                         (clock ap_clk rise edge)    10.000    10.000 r  
                                                      0.000    10.000 r  ap_clk (IN)
                         net (fo=446, unset)          0.055    10.055    mul_16s_16s_31_1_1_U7/tmp_product/CLK
    DSP48E2_X7Y2         DSP_A_B_DATA                                 r  mul_16s_16s_31_1_1_U7/tmp_product/DSP_A_B_DATA_INST/CLK
                         clock pessimism              0.000    10.055    
                         clock uncertainty           -0.035    10.020    
    DSP48E2_X7Y2         DSP_A_B_DATA (Setup_DSP_A_B_DATA_DSP48E2_CLK_A[22])
                                                     -0.486     9.534    mul_16s_16s_31_1_1_U7/tmp_product/DSP_A_B_DATA_INST
  -------------------------------------------------------------------
                         required time                          9.534    
                         arrival time                          -3.893    
  -------------------------------------------------------------------
                         slack                                  5.641    





Pulse Width Checks
--------------------------------------------------------------------------------------
Clock Name:         ap_clk
Waveform(ns):       { 0.000 5.000 }
Period(ns):         10.000
Sources:            { ap_clk }

Check Type        Corner  Lib Pin             Reference Pin  Required(ns)  Actual(ns)  Slack(ns)  Location      Pin
Min Period        n/a     RAMB36E2/CLKARDCLK  n/a            1.960         10.000      8.040      RAMB36_X0Y1   control_s_axi_U/int_input_r/mem_reg/CLKARDCLK
Min Period        n/a     RAMB18E2/CLKARDCLK  n/a            1.960         10.000      8.040      RAMB18_X0Y4   control_s_axi_U/int_output_r/mem_reg/CLKARDCLK
Min Period        n/a     RAMB18E2/CLKBWRCLK  n/a            1.960         10.000      8.040      RAMB18_X0Y4   control_s_axi_U/int_output_r/mem_reg/CLKBWRCLK
Min Period        n/a     RAMB36E2/CLKBWRCLK  n/a            1.709         10.000      8.291      RAMB36_X0Y1   control_s_axi_U/int_input_r/mem_reg/CLKBWRCLK
Min Period        n/a     DSP_OUTPUT/CLK      n/a            0.850         10.000      9.150      DSP48E2_X7Y2  mul_16s_16s_31_1_1_U7/tmp_product/DSP_OUTPUT_INST/CLK
Min Period        n/a     DSP_OUTPUT/CLK      n/a            0.850         10.000      9.150      DSP48E2_X7Y7  mul_16s_16s_31_1_1_U9/tmp_product/DSP_OUTPUT_INST/CLK
Min Period        n/a     DSP_OUTPUT/CLK      n/a            0.850         10.000      9.150      DSP48E2_X6Y4  trunc_ln15_10_reg_742_reg/DSP_OUTPUT_INST/CLK
Min Period        n/a     DSP_OUTPUT/CLK      n/a            0.850         10.000      9.150      DSP48E2_X7Y4  trunc_ln15_2_reg_676_reg/DSP_OUTPUT_INST/CLK
Min Period        n/a     DSP_OUTPUT/CLK      n/a            0.850         10.000      9.150      DSP48E2_X7Y6  trunc_ln15_4_reg_681_reg/DSP_OUTPUT_INST/CLK
Min Period        n/a     DSP_OUTPUT/CLK      n/a            0.850         10.000      9.150      DSP48E2_X7Y3  trunc_ln15_5_reg_648_reg/DSP_OUTPUT_INST/CLK
Min Period        n/a     DSP_OUTPUT/CLK      n/a            0.850         10.000      9.150      DSP48E2_X7Y8  trunc_ln15_8_reg_799_reg/DSP_OUTPUT_INST/CLK
Min Period        n/a     DSP_OUTPUT/CLK      n/a            0.850         10.000      9.150      DSP48E2_X8Y5  trunc_ln15_9_reg_752_reg/DSP_OUTPUT_INST/CLK
Min Period        n/a     DSP_OUTPUT/CLK      n/a            0.850         10.000      9.150      DSP48E2_X6Y5  trunc_ln15_s_reg_784_reg/DSP_OUTPUT_INST/CLK
Min Period        n/a     DSP_OUTPUT/CLK      n/a            0.850         10.000      9.150      DSP48E2_X7Y5  trunc_ln_reg_615_reg/DSP_OUTPUT_INST/CLK
Min Period        n/a     DSP_A_B_DATA/CLK    n/a            0.700         10.000      9.300      DSP48E2_X8Y4  mul_16s_16s_31_1_1_U2/tmp_product/DSP_A_B_DATA_INST/CLK
Min Period        n/a     DSP_A_B_DATA/CLK    n/a            0.700         10.000      9.300      DSP48E2_X7Y2  mul_16s_16s_31_1_1_U7/tmp_product/DSP_A_B_DATA_INST/CLK
Min Period        n/a     DSP_A_B_DATA/CLK    n/a            0.700         10.000      9.300      DSP48E2_X7Y7  mul_16s_16s_31_1_1_U9/tmp_product/DSP_A_B_DATA_INST/CLK
Min Period        n/a     DSP_A_B_DATA/CLK    n/a            0.700         10.000      9.300      DSP48E2_X6Y4  trunc_ln15_10_reg_742_reg/DSP_A_B_DATA_INST/CLK
Min Period        n/a     DSP_A_B_DATA/CLK    n/a            0.700         10.000      9.300      DSP48E2_X7Y4  trunc_ln15_2_reg_676_reg/DSP_A_B_DATA_INST/CLK
Min Period        n/a     DSP_A_B_DATA/CLK    n/a            0.700         10.000      9.300      DSP48E2_X7Y6  trunc_ln15_4_reg_681_reg/DSP_A_B_DATA_INST/CLK
Low Pulse Width   Slow    RAMB36E2/CLKARDCLK  n/a            0.577         5.000       4.423      RAMB36_X0Y1   control_s_axi_U/int_input_r/mem_reg/CLKARDCLK
Low Pulse Width   Fast    RAMB36E2/CLKARDCLK  n/a            0.577         5.000       4.423      RAMB36_X0Y1   control_s_axi_U/int_input_r/mem_reg/CLKARDCLK
Low Pulse Width   Slow    RAMB36E2/CLKBWRCLK  n/a            0.577         5.000       4.423      RAMB36_X0Y1   control_s_axi_U/int_input_r/mem_reg/CLKBWRCLK
Low Pulse Width   Fast    RAMB36E2/CLKBWRCLK  n/a            0.577         5.000       4.423      RAMB36_X0Y1   control_s_axi_U/int_input_r/mem_reg/CLKBWRCLK
Low Pulse Width   Slow    RAMB18E2/CLKARDCLK  n/a            0.577         5.000       4.423      RAMB18_X0Y4   control_s_axi_U/int_output_r/mem_reg/CLKARDCLK
Low Pulse Width   Fast    RAMB18E2/CLKARDCLK  n/a            0.577         5.000       4.423      RAMB18_X0Y4   control_s_axi_U/int_output_r/mem_reg/CLKARDCLK
Low Pulse Width   Slow    RAMB18E2/CLKBWRCLK  n/a            0.577         5.000       4.423      RAMB18_X0Y4   control_s_axi_U/int_output_r/mem_reg/CLKBWRCLK
Low Pulse Width   Fast    RAMB18E2/CLKBWRCLK  n/a            0.577         5.000       4.423      RAMB18_X0Y4   control_s_axi_U/int_output_r/mem_reg/CLKBWRCLK
Low Pulse Width   Slow    FDRE/C              n/a            0.275         5.000       4.725      SLICE_X29Y12  a_4_reg_625_reg[0]/C
Low Pulse Width   Fast    FDRE/C              n/a            0.275         5.000       4.725      SLICE_X29Y12  a_4_reg_625_reg[0]/C
Low Pulse Width   Slow    FDRE/C              n/a            0.275         5.000       4.725      SLICE_X29Y13  a_4_reg_625_reg[10]/C
Low Pulse Width   Fast    FDRE/C              n/a            0.275         5.000       4.725      SLICE_X29Y13  a_4_reg_625_reg[10]/C
Low Pulse Width   Slow    FDRE/C              n/a            0.275         5.000       4.725      SLICE_X29Y13  a_4_reg_625_reg[11]/C
Low Pulse Width   Fast    FDRE/C              n/a            0.275         5.000       4.725      SLICE_X29Y13  a_4_reg_625_reg[11]/C
Low Pulse Width   Slow    FDRE/C              n/a            0.275         5.000       4.725      SLICE_X29Y13  a_4_reg_625_reg[12]/C
Low Pulse Width   Fast    FDRE/C              n/a            0.275         5.000       4.725      SLICE_X29Y13  a_4_reg_625_reg[12]/C
Low Pulse Width   Slow    FDRE/C              n/a            0.275         5.000       4.725      SLICE_X29Y13  a_4_reg_625_reg[13]/C
Low Pulse Width   Fast    FDRE/C              n/a            0.275         5.000       4.725      SLICE_X29Y13  a_4_reg_625_reg[13]/C
Low Pulse Width   Slow    FDRE/C              n/a            0.275         5.000       4.725      SLICE_X29Y13  a_4_reg_625_reg[14]/C
Low Pulse Width   Fast    FDRE/C              n/a            0.275         5.000       4.725      SLICE_X29Y13  a_4_reg_625_reg[14]/C
High Pulse Width  Slow    RAMB36E2/CLKARDCLK  n/a            0.577         5.000       4.423      RAMB36_X0Y1   control_s_axi_U/int_input_r/mem_reg/CLKARDCLK
High Pulse Width  Fast    RAMB36E2/CLKARDCLK  n/a            0.577         5.000       4.423      RAMB36_X0Y1   control_s_axi_U/int_input_r/mem_reg/CLKARDCLK
High Pulse Width  Slow    RAMB36E2/CLKBWRCLK  n/a            0.577         5.000       4.423      RAMB36_X0Y1   control_s_axi_U/int_input_r/mem_reg/CLKBWRCLK
High Pulse Width  Fast    RAMB36E2/CLKBWRCLK  n/a            0.577         5.000       4.423      RAMB36_X0Y1   control_s_axi_U/int_input_r/mem_reg/CLKBWRCLK
High Pulse Width  Slow    RAMB18E2/CLKARDCLK  n/a            0.577         5.000       4.423      RAMB18_X0Y4   control_s_axi_U/int_output_r/mem_reg/CLKARDCLK
High Pulse Width  Fast    RAMB18E2/CLKARDCLK  n/a            0.577         5.000       4.423      RAMB18_X0Y4   control_s_axi_U/int_output_r/mem_reg/CLKARDCLK
High Pulse Width  Slow    RAMB18E2/CLKBWRCLK  n/a            0.577         5.000       4.423      RAMB18_X0Y4   control_s_axi_U/int_output_r/mem_reg/CLKBWRCLK
High Pulse Width  Fast    RAMB18E2/CLKBWRCLK  n/a            0.577         5.000       4.423      RAMB18_X0Y4   control_s_axi_U/int_output_r/mem_reg/CLKBWRCLK
High Pulse Width  Slow    FDRE/C              n/a            0.275         5.000       4.725      SLICE_X29Y12  a_4_reg_625_reg[0]/C
High Pulse Width  Fast    FDRE/C              n/a            0.275         5.000       4.725      SLICE_X29Y12  a_4_reg_625_reg[0]/C
High Pulse Width  Slow    FDRE/C              n/a            0.275         5.000       4.725      SLICE_X29Y13  a_4_reg_625_reg[10]/C
High Pulse Width  Fast    FDRE/C              n/a            0.275         5.000       4.725      SLICE_X29Y13  a_4_reg_625_reg[10]/C
High Pulse Width  Slow    FDRE/C              n/a            0.275         5.000       4.725      SLICE_X29Y13  a_4_reg_625_reg[11]/C
High Pulse Width  Fast    FDRE/C              n/a            0.275         5.000       4.725      SLICE_X29Y13  a_4_reg_625_reg[11]/C
High Pulse Width  Slow    FDRE/C              n/a            0.275         5.000       4.725      SLICE_X29Y13  a_4_reg_625_reg[12]/C
High Pulse Width  Fast    FDRE/C              n/a            0.275         5.000       4.725      SLICE_X29Y13  a_4_reg_625_reg[12]/C
High Pulse Width  Slow    FDRE/C              n/a            0.275         5.000       4.725      SLICE_X29Y13  a_4_reg_625_reg[13]/C
High Pulse Width  Fast    FDRE/C              n/a            0.275         5.000       4.725      SLICE_X29Y13  a_4_reg_625_reg[13]/C
High Pulse Width  Slow    FDRE/C              n/a            0.275         5.000       4.725      SLICE_X29Y13  a_4_reg_625_reg[14]/C
High Pulse Width  Fast    FDRE/C              n/a            0.275         5.000       4.725      SLICE_X29Y13  a_4_reg_625_reg[14]/C



