Copyright 1986-2022 Xilinx, Inc. All Rights Reserved. Copyright 2022-2024 Advanced Micro Devices, Inc. All Rights Reserved.
------------------------------------------------------------------------------------------------------------------------------------------------------------------------------------------------------------------------------------------------------
| Tool Version      : Vivado v.2024.1 (lin64) Build 5076996 Wed May 22 18:36:09 MDT 2024
| Date              : Thu Aug  6 01:20:54 2026
| Host              : linux running 64-bit Ubuntu 22.04.5 LTS
| Command           : report_timing_summary -delay_type max -max_paths 20 -file ${PROJECT_ROOT}/ProyectoFinal/HLS/reports/isolated_forward/timing_sweep/4p5ns/timing_post_route.rpt
| Design            : wht_lossless_forward_isolated
| Device            : xck26-sfvc784
| Speed File        : -2LV  PRODUCTION 1.30 05-15-2022
| Design State      : Routed
| Temperature Grade : C
------------------------------------------------------------------------------------------------------------------------------------------------------------------------------------------------------------------------------------------------------

Timing Summary Report

------------------------------------------------------------------------------------------------
| Timer Settings
| --------------
------------------------------------------------------------------------------------------------

  Enable Multi Corner Analysis               :  Yes
  Enable Pessimism Removal                   :  Yes
  Pessimism Removal Resolution               :  Nearest Common Node
  Enable Input Delay Default Clock           :  No
  Enable Preset / Clear Arcs                 :  No
  Disable Flight Delays                      :  No
  Ignore I/O Paths                           :  No
  Timing Early Launch at Borrowing Latches   :  No
  Borrow Time for Max Delay Exceptions       :  Yes
  Merge Timing Exceptions                    :  Yes
  Inter-SLR Compensation                     :  Conservative

  Corner  Analyze    Analyze    
  Name    Max Paths  Min Paths  
  ------  ---------  ---------  
  Slow    Yes        Yes        
  Fast    Yes        Yes        


------------------------------------------------------------------------------------------------
| Report Methodology
| ------------------
------------------------------------------------------------------------------------------------

No report available as report_methodology has not been run prior. Run report_methodology on the current design for the summary of methodology violations.



check_timing report

Table of Contents
-----------------
1. checking no_clock (0)
2. checking constant_clock (0)
3. checking pulse_width_clock (0)
4. checking unconstrained_internal_endpoints (0)
5. checking no_input_delay (52)
6. checking no_output_delay (38)
7. checking multiple_clock (0)
8. checking generated_clocks (0)
9. checking loops (0)
10. checking partial_input_delay (0)
11. checking partial_output_delay (0)
12. checking latch_loops (0)

1. checking no_clock (0)
------------------------
 There are 0 register/latch pins with no clock.


2. checking constant_clock (0)
------------------------------
 There are 0 register/latch pins with constant_clock.


3. checking pulse_width_clock (0)
---------------------------------
 There are 0 register/latch pins which need pulse_width check


4. checking unconstrained_internal_endpoints (0)
------------------------------------------------
 There are 0 pins that are not constrained for maximum delay.

 There are 0 pins that are not constrained for maximum delay due to constant clock.


5. checking no_input_delay (52)
-------------------------------
 There are 52 input ports with no input delay specified. (HIGH)

 There are 0 input ports with no input delay but user has a false path constraint.


6. checking no_output_delay (38)
--------------------------------
 There are 38 ports with no output delay specified. (HIGH)

 There are 0 ports with no output delay but user has a false path constraint

 There are 0 ports with no output delay but with a timing clock defined on it or propagating through it


7. checking multiple_clock (0)
------------------------------
 There are 0 register/latch pins with multiple clocks.


8. checking generated_clocks (0)
--------------------------------
 There are 0 generated clocks that are not connected to a clock source.


9. checking loops (0)
---------------------
 There are 0 combinational loops in the design.


10. checking partial_input_delay (0)
------------------------------------
 There are 0 input ports with partial input delay specified.


11. checking partial_output_delay (0)
-------------------------------------
 There are 0 ports with partial output delay specified.


12. checking latch_loops (0)
----------------------------
 There are 0 combinational latch loops in the design through latch input



------------------------------------------------------------------------------------------------
| Design Timing Summary
| ---------------------
------------------------------------------------------------------------------------------------

    WNS(ns)      TNS(ns)  TNS Failing Endpoints  TNS Total Endpoints     WPWS(ns)     TPWS(ns)  TPWS Failing Endpoints  TPWS Total Endpoints  
    -------      -------  ---------------------  -------------------     --------     --------  ----------------------  --------------------  
      0.327        0.000                      0                  898        1.673        0.000                       0                   428  


All user specified timing constraints are met.


------------------------------------------------------------------------------------------------
| Clock Summary
| -------------
------------------------------------------------------------------------------------------------

Clock   Waveform(ns)         Period(ns)      Frequency(MHz)
-----   ------------         ----------      --------------
ap_clk  {0.000 2.250}        4.500           222.222         


------------------------------------------------------------------------------------------------
| Intra Clock Table
| -----------------
------------------------------------------------------------------------------------------------

Clock             WNS(ns)      TNS(ns)  TNS Failing Endpoints  TNS Total Endpoints     WPWS(ns)     TPWS(ns)  TPWS Failing Endpoints  TPWS Total Endpoints  
-----             -------      -------  ---------------------  -------------------     --------     --------  ----------------------  --------------------  
ap_clk              0.327        0.000                      0                  898        1.673        0.000                       0                   428  


------------------------------------------------------------------------------------------------
| Inter Clock Table
| -----------------
------------------------------------------------------------------------------------------------

From Clock    To Clock          WNS(ns)      TNS(ns)  TNS Failing Endpoints  TNS Total Endpoints  
----------    --------          -------      -------  ---------------------  -------------------  


------------------------------------------------------------------------------------------------
| Other Path Groups Table
| -----------------------
------------------------------------------------------------------------------------------------

Path Group    From Clock    To Clock          WNS(ns)      TNS(ns)  TNS Failing Endpoints  TNS Total Endpoints  
----------    ----------    --------          -------      -------  ---------------------  -------------------  


------------------------------------------------------------------------------------------------
| Timing Details
| --------------
------------------------------------------------------------------------------------------------


---------------------------------------------------------------------------------------------------
From Clock:  ap_clk
  To Clock:  ap_clk

Setup :            0  Failing Endpoints,  Worst Slack        0.327ns,  Total Violation        0.000ns
Hold  :           NA  Failing Endpoints,  Worst Slack           NA  ,  Total Violation           NA
PW    :            0  Failing Endpoints,  Worst Slack        1.673ns,  Total Violation        0.000ns
---------------------------------------------------------------------------------------------------


Max Delay Paths
--------------------------------------------------------------------------------------
Slack (MET) :             0.327ns  (required time - arrival time)
  Source:                 reg_214_reg[2]/C
                            (rising edge-triggered cell FDRE clocked by ap_clk  {rise@0.000ns fall@2.250ns period=4.500ns})
  Destination:            control_s_axi_U/int_block_out/mem_reg/DINADIN[15]
                            (rising edge-triggered cell RAMB18E2 clocked by ap_clk  {rise@0.000ns fall@2.250ns period=4.500ns})
  Path Group:             ap_clk
  Path Type:              Setup (Max at Slow Process Corner)
  Requirement:            4.500ns  (ap_clk rise@4.500ns - ap_clk rise@0.000ns)
  Data Path Delay:        3.545ns  (logic 1.384ns (39.041%)  route 2.161ns (60.959%))
  Logic Levels:           9  (CARRY8=4 LUT2=1 LUT3=2 LUT6=2)
  Clock Path Skew:        0.007ns (DCD - SCD + CPR)
    Destination Clock Delay (DCD):    0.049ns = ( 4.549 - 4.500 ) 
    Source Clock Delay      (SCD):    0.042ns
    Clock Pessimism Removal (CPR):    0.000ns
  Clock Uncertainty:      0.035ns  ((TSJ^2 + TIJ^2)^1/2 + DJ) / 2 + PE
    Total System Jitter     (TSJ):    0.071ns
    Total Input Jitter      (TIJ):    0.000ns
    Discrete Jitter          (DJ):    0.000ns
    Phase Error              (PE):    0.000ns

    Location             Delay type                Incr(ns)  Path(ns)    Netlist Resource(s)
  -------------------------------------------------------------------    -------------------
                         (clock ap_clk rise edge)     0.000     0.000 r  
                                                      0.000     0.000 r  ap_clk (IN)
                         net (fo=427, unset)          0.042     0.042    ap_clk
    SLICE_X30Y74         FDRE                                         r  reg_214_reg[2]/C
  -------------------------------------------------------------------    -------------------
    SLICE_X30Y74         FDRE (Prop_GFF2_SLICEL_C_Q)
                                                      0.116     0.158 r  reg_214_reg[2]/Q
                         net (fo=7, routed)           0.310     0.468    control_s_axi_U/int_block_out/reg_238_reg[15][2]
    SLICE_X31Y71         LUT2 (Prop_C6LUT_SLICEM_I0_O)
                                                      0.056     0.524 r  control_s_axi_U/int_block_out/reg_238[7]_i_7/O
                         net (fo=1, routed)           0.029     0.553    control_s_axi_U/int_block_out/reg_238[7]_i_7_n_0
    SLICE_X31Y71         CARRY8 (Prop_CARRY8_SLICEM_S[2]_O[5])
                                                      0.294     0.847 r  control_s_axi_U/int_block_out/reg_238_reg[7]_i_1/O[5]
                         net (fo=5, routed)           0.280     1.127    control_s_axi_U/int_block_out/O[5]
    SLICE_X30Y73         LUT3 (Prop_C6LUT_SLICEL_I2_O)
                                                      0.150     1.277 r  control_s_axi_U/int_block_out/b_6_reg_611[7]_i_4/O
                         net (fo=1, routed)           0.276     1.553    control_s_axi_U/int_block_out/b_6_reg_611[7]_i_4_n_0
    SLICE_X30Y71         CARRY8 (Prop_CARRY8_SLICEL_DI[5]_CO[7])
                                                      0.108     1.661 r  control_s_axi_U/int_block_out/b_6_reg_611_reg[7]_i_1/CO[7]
                         net (fo=1, routed)           0.030     1.691    control_s_axi_U/int_block_out/b_6_reg_611_reg[7]_i_1_n_0
    SLICE_X30Y72         CARRY8 (Prop_CARRY8_SLICEL_CI_O[7])
                                                      0.179     1.870 r  control_s_axi_U/int_block_out/b_6_reg_611_reg[15]_i_2/O[7]
                         net (fo=4, routed)           0.212     2.082    control_s_axi_U/int_block_out/reg_214_reg[14]_0[7]
    SLICE_X30Y74         LUT3 (Prop_D5LUT_SLICEL_I2_O)
                                                      0.152     2.234 r  control_s_axi_U/int_block_out/trunc_ln11_8_reg_626[14]_i_2/O
                         net (fo=1, routed)           0.479     2.713    control_s_axi_U/int_block_out/trunc_ln11_8_reg_626[14]_i_2_n_0
    SLICE_X30Y70         CARRY8 (Prop_CARRY8_SLICEL_DI[6]_O[7])
                                                      0.135     2.848 r  control_s_axi_U/int_block_out/trunc_ln11_8_reg_626_reg[14]_i_1/O[7]
                         net (fo=2, routed)           0.199     3.047    control_s_axi_U/int_block_out/a_6_reg_581_reg[14][14]
    SLICE_X30Y67         LUT6 (Prop_H6LUT_SLICEL_I0_O)
                                                      0.058     3.105 r  control_s_axi_U/int_block_out/mem_reg_i_31/O
                         net (fo=1, routed)           0.045     3.150    control_s_axi_U/int_block_out/mem_reg_i_31_n_0
    SLICE_X30Y67         LUT6 (Prop_F6LUT_SLICEL_I4_O)
                                                      0.136     3.286 r  control_s_axi_U/int_block_out/mem_reg_i_5/O
                         net (fo=1, routed)           0.301     3.587    control_s_axi_U/int_block_out/mem_reg_i_5_n_0
    RAMB18_X0Y28         RAMB18E2                                     r  control_s_axi_U/int_block_out/mem_reg/DINADIN[15]
  -------------------------------------------------------------------    -------------------

                         (clock ap_clk rise edge)     4.500     4.500 r  
                                                      0.000     4.500 r  ap_clk (IN)
                         net (fo=427, unset)          0.049     4.549    control_s_axi_U/int_block_out/ap_clk
    RAMB18_X0Y28         RAMB18E2                                     r  control_s_axi_U/int_block_out/mem_reg/CLKBWRCLK
                         clock pessimism              0.000     4.549    
                         clock uncertainty           -0.035     4.514    
    RAMB18_X0Y28         RAMB18E2 (Setup_RAMB18E2_L_RAMB180_CLKBWRCLK_DINADIN[15])
                                                     -0.600     3.914    control_s_axi_U/int_block_out/mem_reg
  -------------------------------------------------------------------
                         required time                          3.914    
                         arrival time                          -3.587    
  -------------------------------------------------------------------
                         slack                                  0.327    

Slack (MET) :             0.497ns  (required time - arrival time)
  Source:                 reg_214_reg[2]/C
                            (rising edge-triggered cell FDRE clocked by ap_clk  {rise@0.000ns fall@2.250ns period=4.500ns})
  Destination:            control_s_axi_U/int_block_out/mem_reg/DINBDIN[7]
                            (rising edge-triggered cell RAMB18E2 clocked by ap_clk  {rise@0.000ns fall@2.250ns period=4.500ns})
  Path Group:             ap_clk
  Path Type:              Setup (Max at Slow Process Corner)
  Requirement:            4.500ns  (ap_clk rise@4.500ns - ap_clk rise@0.000ns)
  Data Path Delay:        3.537ns  (logic 1.351ns (38.198%)  route 2.186ns (61.802%))
  Logic Levels:           8  (CARRY8=3 LUT2=1 LUT3=2 LUT6=2)
  Clock Path Skew:        0.007ns (DCD - SCD + CPR)
    Destination Clock Delay (DCD):    0.049ns = ( 4.549 - 4.500 ) 
    Source Clock Delay      (SCD):    0.042ns
    Clock Pessimism Removal (CPR):    0.000ns
  Clock Uncertainty:      0.035ns  ((TSJ^2 + TIJ^2)^1/2 + DJ) / 2 + PE
    Total System Jitter     (TSJ):    0.071ns
    Total Input Jitter      (TIJ):    0.000ns
    Discrete Jitter          (DJ):    0.000ns
    Phase Error              (PE):    0.000ns

    Location             Delay type                Incr(ns)  Path(ns)    Netlist Resource(s)
  -------------------------------------------------------------------    -------------------
                         (clock ap_clk rise edge)     0.000     0.000 r  
                                                      0.000     0.000 r  ap_clk (IN)
                         net (fo=427, unset)          0.042     0.042    ap_clk
    SLICE_X30Y74         FDRE                                         r  reg_214_reg[2]/C
  -------------------------------------------------------------------    -------------------
    SLICE_X30Y74         FDRE (Prop_GFF2_SLICEL_C_Q)
                                                      0.116     0.158 r  reg_214_reg[2]/Q
                         net (fo=7, routed)           0.310     0.468    control_s_axi_U/int_block_out/reg_238_reg[15][2]
    SLICE_X31Y71         LUT2 (Prop_C6LUT_SLICEM_I0_O)
                                                      0.056     0.524 r  control_s_axi_U/int_block_out/reg_238[7]_i_7/O
                         net (fo=1, routed)           0.029     0.553    control_s_axi_U/int_block_out/reg_238[7]_i_7_n_0
    SLICE_X31Y71         CARRY8 (Prop_CARRY8_SLICEM_S[2]_O[5])
                                                      0.294     0.847 r  control_s_axi_U/int_block_out/reg_238_reg[7]_i_1/O[5]
                         net (fo=5, routed)           0.280     1.127    control_s_axi_U/int_block_out/O[5]
    SLICE_X30Y73         LUT3 (Prop_C6LUT_SLICEL_I2_O)
                                                      0.150     1.277 r  control_s_axi_U/int_block_out/b_6_reg_611[7]_i_4/O
                         net (fo=1, routed)           0.276     1.553    control_s_axi_U/int_block_out/b_6_reg_611[7]_i_4_n_0
    SLICE_X30Y71         CARRY8 (Prop_CARRY8_SLICEL_DI[5]_O[6])
                                                      0.146     1.699 r  control_s_axi_U/int_block_out/b_6_reg_611_reg[7]_i_1/O[6]
                         net (fo=4, routed)           0.162     1.861    control_s_axi_U/int_block_out/reg_214_reg[6][6]
    SLICE_X29Y71         LUT3 (Prop_D5LUT_SLICEM_I2_O)
                                                      0.220     2.081 r  control_s_axi_U/int_block_out/trunc_ln11_8_reg_626[6]_i_3/O
                         net (fo=1, routed)           0.354     2.435    control_s_axi_U/int_block_out/trunc_ln11_8_reg_626[6]_i_3_n_0
    SLICE_X30Y69         CARRY8 (Prop_CARRY8_SLICEL_DI[6]_O[7])
                                                      0.135     2.570 r  control_s_axi_U/int_block_out/trunc_ln11_8_reg_626_reg[6]_i_1/O[7]
                         net (fo=2, routed)           0.285     2.855    control_s_axi_U/int_block_out/a_6_reg_581_reg[14][6]
    SLICE_X32Y65         LUT6 (Prop_D6LUT_SLICEM_I0_O)
                                                      0.080     2.935 r  control_s_axi_U/int_block_out/mem_reg_i_47/O
                         net (fo=1, routed)           0.054     2.989    control_s_axi_U/int_block_out/mem_reg_i_47_n_0
    SLICE_X32Y65         LUT6 (Prop_H6LUT_SLICEM_I4_O)
                                                      0.154     3.143 r  control_s_axi_U/int_block_out/mem_reg_i_13__0/O
                         net (fo=2, routed)           0.436     3.579    control_s_axi_U/int_block_out/mem_reg_i_13__0_n_0
    RAMB18_X0Y28         RAMB18E2                                     r  control_s_axi_U/int_block_out/mem_reg/DINBDIN[7]
  -------------------------------------------------------------------    -------------------

                         (clock ap_clk rise edge)     4.500     4.500 r  
                                                      0.000     4.500 r  ap_clk (IN)
                         net (fo=427, unset)          0.049     4.549    control_s_axi_U/int_block_out/ap_clk
    RAMB18_X0Y28         RAMB18E2                                     r  control_s_axi_U/int_block_out/mem_reg/CLKBWRCLK
                         clock pessimism              0.000     4.549    
                         clock uncertainty           -0.035     4.514    
    RAMB18_X0Y28         RAMB18E2 (Setup_RAMB18E2_L_RAMB180_CLKBWRCLK_DINBDIN[7])
                                                     -0.438     4.076    control_s_axi_U/int_block_out/mem_reg
  -------------------------------------------------------------------
                         required time                          4.076    
                         arrival time                          -3.579    
  -------------------------------------------------------------------
                         slack                                  0.497    

Slack (MET) :             0.498ns  (required time - arrival time)
  Source:                 reg_214_reg[2]/C
                            (rising edge-triggered cell FDRE clocked by ap_clk  {rise@0.000ns fall@2.250ns period=4.500ns})
  Destination:            control_s_axi_U/int_block_out/mem_reg/DINADIN[14]
                            (rising edge-triggered cell RAMB18E2 clocked by ap_clk  {rise@0.000ns fall@2.250ns period=4.500ns})
  Path Group:             ap_clk
  Path Type:              Setup (Max at Slow Process Corner)
  Requirement:            4.500ns  (ap_clk rise@4.500ns - ap_clk rise@0.000ns)
  Data Path Delay:        3.570ns  (logic 1.459ns (40.869%)  route 2.111ns (59.131%))
  Logic Levels:           9  (CARRY8=4 LUT2=1 LUT3=2 LUT6=2)
  Clock Path Skew:        0.007ns (DCD - SCD + CPR)
    Destination Clock Delay (DCD):    0.049ns = ( 4.549 - 4.500 ) 
    Source Clock Delay      (SCD):    0.042ns
    Clock Pessimism Removal (CPR):    0.000ns
  Clock Uncertainty:      0.035ns  ((TSJ^2 + TIJ^2)^1/2 + DJ) / 2 + PE
    Total System Jitter     (TSJ):    0.071ns
    Total Input Jitter      (TIJ):    0.000ns
    Discrete Jitter          (DJ):    0.000ns
    Phase Error              (PE):    0.000ns

    Location             Delay type                Incr(ns)  Path(ns)    Netlist Resource(s)
  -------------------------------------------------------------------    -------------------
                         (clock ap_clk rise edge)     0.000     0.000 r  
                                                      0.000     0.000 r  ap_clk (IN)
                         net (fo=427, unset)          0.042     0.042    ap_clk
    SLICE_X30Y74         FDRE                                         r  reg_214_reg[2]/C
  -------------------------------------------------------------------    -------------------
    SLICE_X30Y74         FDRE (Prop_GFF2_SLICEL_C_Q)
                                                      0.116     0.158 r  reg_214_reg[2]/Q
                         net (fo=7, routed)           0.310     0.468    control_s_axi_U/int_block_out/reg_238_reg[15][2]
    SLICE_X31Y71         LUT2 (Prop_C6LUT_SLICEM_I0_O)
                                                      0.056     0.524 r  control_s_axi_U/int_block_out/reg_238[7]_i_7/O
                         net (fo=1, routed)           0.029     0.553    control_s_axi_U/int_block_out/reg_238[7]_i_7_n_0
    SLICE_X31Y71         CARRY8 (Prop_CARRY8_SLICEM_S[2]_O[5])
                                                      0.294     0.847 r  control_s_axi_U/int_block_out/reg_238_reg[7]_i_1/O[5]
                         net (fo=5, routed)           0.280     1.127    control_s_axi_U/int_block_out/O[5]
    SLICE_X30Y73         LUT3 (Prop_C6LUT_SLICEL_I2_O)
                                                      0.150     1.277 r  control_s_axi_U/int_block_out/b_6_reg_611[7]_i_4/O
                         net (fo=1, routed)           0.276     1.553    control_s_axi_U/int_block_out/b_6_reg_611[7]_i_4_n_0
    SLICE_X30Y71         CARRY8 (Prop_CARRY8_SLICEL_DI[5]_CO[7])
                                                      0.108     1.661 r  control_s_axi_U/int_block_out/b_6_reg_611_reg[7]_i_1/CO[7]
                         net (fo=1, routed)           0.030     1.691    control_s_axi_U/int_block_out/b_6_reg_611_reg[7]_i_1_n_0
    SLICE_X30Y72         CARRY8 (Prop_CARRY8_SLICEL_CI_O[0])
                                                      0.086     1.777 r  control_s_axi_U/int_block_out/b_6_reg_611_reg[15]_i_2/O[0]
                         net (fo=4, routed)           0.261     2.038    control_s_axi_U/int_block_out/reg_214_reg[14]_0[0]
    SLICE_X29Y71         LUT3 (Prop_H5LUT_SLICEM_I2_O)
                                                      0.189     2.227 r  control_s_axi_U/int_block_out/trunc_ln11_8_reg_626[14]_i_8/O
                         net (fo=1, routed)           0.270     2.497    control_s_axi_U/int_block_out/trunc_ln11_8_reg_626[14]_i_8_n_0
    SLICE_X30Y70         CARRY8 (Prop_CARRY8_SLICEL_DI[0]_O[6])
                                                      0.322     2.819 r  control_s_axi_U/int_block_out/trunc_ln11_8_reg_626_reg[14]_i_1/O[6]
                         net (fo=2, routed)           0.212     3.031    control_s_axi_U/int_block_out/a_6_reg_581_reg[14][13]
    SLICE_X29Y66         LUT6 (Prop_C6LUT_SLICEM_I0_O)
                                                      0.056     3.087 r  control_s_axi_U/int_block_out/mem_reg_i_33/O
                         net (fo=1, routed)           0.167     3.254    control_s_axi_U/int_block_out/mem_reg_i_33_n_0
    SLICE_X29Y66         LUT6 (Prop_G6LUT_SLICEM_I4_O)
                                                      0.082     3.336 r  control_s_axi_U/int_block_out/mem_reg_i_6/O
                         net (fo=1, routed)           0.276     3.612    control_s_axi_U/int_block_out/mem_reg_i_6_n_0
    RAMB18_X0Y28         RAMB18E2                                     r  control_s_axi_U/int_block_out/mem_reg/DINADIN[14]
  -------------------------------------------------------------------    -------------------

                         (clock ap_clk rise edge)     4.500     4.500 r  
                                                      0.000     4.500 r  ap_clk (IN)
                         net (fo=427, unset)          0.049     4.549    control_s_axi_U/int_block_out/ap_clk
    RAMB18_X0Y28         RAMB18E2                                     r  control_s_axi_U/int_block_out/mem_reg/CLKBWRCLK
                         clock pessimism              0.000     4.549    
                         clock uncertainty           -0.035     4.514    
    RAMB18_X0Y28         RAMB18E2 (Setup_RAMB18E2_L_RAMB180_CLKBWRCLK_DINADIN[14])
                                                     -0.404     4.110    control_s_axi_U/int_block_out/mem_reg
  -------------------------------------------------------------------
                         required time                          4.110    
                         arrival time                          -3.612    
  -------------------------------------------------------------------
                         slack                                  0.498    

Slack (MET) :             0.524ns  (required time - arrival time)
  Source:                 reg_214_reg[2]/C
                            (rising edge-triggered cell FDRE clocked by ap_clk  {rise@0.000ns fall@2.250ns period=4.500ns})
  Destination:            control_s_axi_U/int_block_out/mem_reg/DINADIN[10]
                            (rising edge-triggered cell RAMB18E2 clocked by ap_clk  {rise@0.000ns fall@2.250ns period=4.500ns})
  Path Group:             ap_clk
  Path Type:              Setup (Max at Slow Process Corner)
  Requirement:            4.500ns  (ap_clk rise@4.500ns - ap_clk rise@0.000ns)
  Data Path Delay:        3.545ns  (logic 1.329ns (37.490%)  route 2.216ns (62.510%))
  Logic Levels:           9  (CARRY8=4 LUT2=1 LUT3=2 LUT6=2)
  Clock Path Skew:        0.007ns (DCD - SCD + CPR)
    Destination Clock Delay (DCD):    0.049ns = ( 4.549 - 4.500 ) 
    Source Clock Delay      (SCD):    0.042ns
    Clock Pessimism Removal (CPR):    0.000ns
  Clock Uncertainty:      0.035ns  ((TSJ^2 + TIJ^2)^1/2 + DJ) / 2 + PE
    Total System Jitter     (TSJ):    0.071ns
    Total Input Jitter      (TIJ):    0.000ns
    Discrete Jitter          (DJ):    0.000ns
    Phase Error              (PE):    0.000ns

    Location             Delay type                Incr(ns)  Path(ns)    Netlist Resource(s)
  -------------------------------------------------------------------    -------------------
                         (clock ap_clk rise edge)     0.000     0.000 r  
                                                      0.000     0.000 r  ap_clk (IN)
                         net (fo=427, unset)          0.042     0.042    ap_clk
    SLICE_X30Y74         FDRE                                         r  reg_214_reg[2]/C
  -------------------------------------------------------------------    -------------------
    SLICE_X30Y74         FDRE (Prop_GFF2_SLICEL_C_Q)
                                                      0.116     0.158 r  reg_214_reg[2]/Q
                         net (fo=7, routed)           0.310     0.468    control_s_axi_U/int_block_out/reg_238_reg[15][2]
    SLICE_X31Y71         LUT2 (Prop_C6LUT_SLICEM_I0_O)
                                                      0.056     0.524 r  control_s_axi_U/int_block_out/reg_238[7]_i_7/O
                         net (fo=1, routed)           0.029     0.553    control_s_axi_U/int_block_out/reg_238[7]_i_7_n_0
    SLICE_X31Y71         CARRY8 (Prop_CARRY8_SLICEM_S[2]_O[5])
                                                      0.294     0.847 r  control_s_axi_U/int_block_out/reg_238_reg[7]_i_1/O[5]
                         net (fo=5, routed)           0.280     1.127    control_s_axi_U/int_block_out/O[5]
    SLICE_X30Y73         LUT3 (Prop_C6LUT_SLICEL_I2_O)
                                                      0.150     1.277 r  control_s_axi_U/int_block_out/b_6_reg_611[7]_i_4/O
                         net (fo=1, routed)           0.276     1.553    control_s_axi_U/int_block_out/b_6_reg_611[7]_i_4_n_0
    SLICE_X30Y71         CARRY8 (Prop_CARRY8_SLICEL_DI[5]_CO[7])
                                                      0.108     1.661 r  control_s_axi_U/int_block_out/b_6_reg_611_reg[7]_i_1/CO[7]
                         net (fo=1, routed)           0.030     1.691    control_s_axi_U/int_block_out/b_6_reg_611_reg[7]_i_1_n_0
    SLICE_X30Y72         CARRY8 (Prop_CARRY8_SLICEL_CI_O[0])
                                                      0.086     1.777 r  control_s_axi_U/int_block_out/b_6_reg_611_reg[15]_i_2/O[0]
                         net (fo=4, routed)           0.261     2.038    control_s_axi_U/int_block_out/reg_214_reg[14]_0[0]
    SLICE_X29Y71         LUT3 (Prop_H5LUT_SLICEM_I2_O)
                                                      0.189     2.227 r  control_s_axi_U/int_block_out/trunc_ln11_8_reg_626[14]_i_8/O
                         net (fo=1, routed)           0.270     2.497    control_s_axi_U/int_block_out/trunc_ln11_8_reg_626[14]_i_8_n_0
    SLICE_X30Y70         CARRY8 (Prop_CARRY8_SLICEL_DI[0]_O[2])
                                                      0.164     2.661 r  control_s_axi_U/int_block_out/trunc_ln11_8_reg_626_reg[14]_i_1/O[2]
                         net (fo=2, routed)           0.289     2.950    control_s_axi_U/int_block_out/a_6_reg_581_reg[14][9]
    SLICE_X31Y64         LUT6 (Prop_G6LUT_SLICEM_I0_O)
                                                      0.082     3.032 r  control_s_axi_U/int_block_out/mem_reg_i_41/O
                         net (fo=1, routed)           0.059     3.091    control_s_axi_U/int_block_out/mem_reg_i_41_n_0
    SLICE_X31Y64         LUT6 (Prop_H6LUT_SLICEM_I4_O)
                                                      0.084     3.175 r  control_s_axi_U/int_block_out/mem_reg_i_10__0/O
                         net (fo=1, routed)           0.412     3.587    control_s_axi_U/int_block_out/mem_reg_i_10__0_n_0
    RAMB18_X0Y28         RAMB18E2                                     r  control_s_axi_U/int_block_out/mem_reg/DINADIN[10]
  -------------------------------------------------------------------    -------------------

                         (clock ap_clk rise edge)     4.500     4.500 r  
                                                      0.000     4.500 r  ap_clk (IN)
                         net (fo=427, unset)          0.049     4.549    control_s_axi_U/int_block_out/ap_clk
    RAMB18_X0Y28         RAMB18E2                                     r  control_s_axi_U/int_block_out/mem_reg/CLKBWRCLK
                         clock pessimism              0.000     4.549    
                         clock uncertainty           -0.035     4.514    
    RAMB18_X0Y28         RAMB18E2 (Setup_RAMB18E2_L_RAMB180_CLKBWRCLK_DINADIN[10])
                                                     -0.403     4.111    control_s_axi_U/int_block_out/mem_reg
  -------------------------------------------------------------------
                         required time                          4.111    
                         arrival time                          -3.587    
  -------------------------------------------------------------------
                         slack                                  0.524    

Slack (MET) :             0.552ns  (required time - arrival time)
  Source:                 reg_214_reg[2]/C
                            (rising edge-triggered cell FDRE clocked by ap_clk  {rise@0.000ns fall@2.250ns period=4.500ns})
  Destination:            control_s_axi_U/int_block_out/mem_reg/DINADIN[9]
                            (rising edge-triggered cell RAMB18E2 clocked by ap_clk  {rise@0.000ns fall@2.250ns period=4.500ns})
  Path Group:             ap_clk
  Path Type:              Setup (Max at Slow Process Corner)
  Requirement:            4.500ns  (ap_clk rise@4.500ns - ap_clk rise@0.000ns)
  Data Path Delay:        3.506ns  (logic 1.346ns (38.392%)  route 2.160ns (61.608%))
  Logic Levels:           9  (CARRY8=4 LUT2=1 LUT3=2 LUT6=2)
  Clock Path Skew:        0.007ns (DCD - SCD + CPR)
    Destination Clock Delay (DCD):    0.049ns = ( 4.549 - 4.500 ) 
    Source Clock Delay      (SCD):    0.042ns
    Clock Pessimism Removal (CPR):    0.000ns
  Clock Uncertainty:      0.035ns  ((TSJ^2 + TIJ^2)^1/2 + DJ) / 2 + PE
    Total System Jitter     (TSJ):    0.071ns
    Total Input Jitter      (TIJ):    0.000ns
    Discrete Jitter          (DJ):    0.000ns
    Phase Error              (PE):    0.000ns

    Location             Delay type                Incr(ns)  Path(ns)    Netlist Resource(s)
  -------------------------------------------------------------------    -------------------
                         (clock ap_clk rise edge)     0.000     0.000 r  
                                                      0.000     0.000 r  ap_clk (IN)
                         net (fo=427, unset)          0.042     0.042    ap_clk
    SLICE_X30Y74         FDRE                                         r  reg_214_reg[2]/C
  -------------------------------------------------------------------    -------------------
    SLICE_X30Y74         FDRE (Prop_GFF2_SLICEL_C_Q)
                                                      0.116     0.158 r  reg_214_reg[2]/Q
                         net (fo=7, routed)           0.310     0.468    control_s_axi_U/int_block_out/reg_238_reg[15][2]
    SLICE_X31Y71         LUT2 (Prop_C6LUT_SLICEM_I0_O)
                                                      0.056     0.524 r  control_s_axi_U/int_block_out/reg_238[7]_i_7/O
                         net (fo=1, routed)           0.029     0.553    control_s_axi_U/int_block_out/reg_238[7]_i_7_n_0
    SLICE_X31Y71         CARRY8 (Prop_CARRY8_SLICEM_S[2]_O[5])
                                                      0.294     0.847 r  control_s_axi_U/int_block_out/reg_238_reg[7]_i_1/O[5]
                         net (fo=5, routed)           0.280     1.127    control_s_axi_U/int_block_out/O[5]
    SLICE_X30Y73         LUT3 (Prop_C6LUT_SLICEL_I2_O)
                                                      0.150     1.277 r  control_s_axi_U/int_block_out/b_6_reg_611[7]_i_4/O
                         net (fo=1, routed)           0.276     1.553    control_s_axi_U/int_block_out/b_6_reg_611[7]_i_4_n_0
    SLICE_X30Y71         CARRY8 (Prop_CARRY8_SLICEL_DI[5]_O[6])
                                                      0.146     1.699 r  control_s_axi_U/int_block_out/b_6_reg_611_reg[7]_i_1/O[6]
                         net (fo=4, routed)           0.162     1.861    control_s_axi_U/int_block_out/reg_214_reg[6][6]
    SLICE_X29Y71         LUT3 (Prop_D5LUT_SLICEM_I2_O)
                                                      0.220     2.081 r  control_s_axi_U/int_block_out/trunc_ln11_8_reg_626[6]_i_3/O
                         net (fo=1, routed)           0.354     2.435    control_s_axi_U/int_block_out/trunc_ln11_8_reg_626[6]_i_3_n_0
    SLICE_X30Y69         CARRY8 (Prop_CARRY8_SLICEL_DI[6]_CO[7])
                                                      0.084     2.519 r  control_s_axi_U/int_block_out/trunc_ln11_8_reg_626_reg[6]_i_1/CO[7]
                         net (fo=1, routed)           0.030     2.549    control_s_axi_U/int_block_out/trunc_ln11_8_reg_626_reg[6]_i_1_n_0
    SLICE_X30Y70         CARRY8 (Prop_CARRY8_SLICEL_CI_O[1])
                                                      0.114     2.663 r  control_s_axi_U/int_block_out/trunc_ln11_8_reg_626_reg[14]_i_1/O[1]
                         net (fo=2, routed)           0.274     2.937    control_s_axi_U/int_block_out/a_6_reg_581_reg[14][8]
    SLICE_X32Y69         LUT6 (Prop_G6LUT_SLICEM_I0_O)
                                                      0.082     3.019 r  control_s_axi_U/int_block_out/mem_reg_i_43/O
                         net (fo=1, routed)           0.104     3.123    control_s_axi_U/int_block_out/mem_reg_i_43_n_0
    SLICE_X32Y69         LUT6 (Prop_H6LUT_SLICEM_I4_O)
                                                      0.084     3.207 r  control_s_axi_U/int_block_out/mem_reg_i_11__0/O
                         net (fo=1, routed)           0.341     3.548    control_s_axi_U/int_block_out/mem_reg_i_11__0_n_0
    RAMB18_X0Y28         RAMB18E2                                     r  control_s_axi_U/int_block_out/mem_reg/DINADIN[9]
  -------------------------------------------------------------------    -------------------

                         (clock ap_clk rise edge)     4.500     4.500 r  
                                                      0.000     4.500 r  ap_clk (IN)
                         net (fo=427, unset)          0.049     4.549    control_s_axi_U/int_block_out/ap_clk
    RAMB18_X0Y28         RAMB18E2                                     r  control_s_axi_U/int_block_out/mem_reg/CLKBWRCLK
                         clock pessimism              0.000     4.549    
                         clock uncertainty           -0.035     4.514    
    RAMB18_X0Y28         RAMB18E2 (Setup_RAMB18E2_L_RAMB180_CLKBWRCLK_DINADIN[9])
                                                     -0.414     4.100    control_s_axi_U/int_block_out/mem_reg
  -------------------------------------------------------------------
                         required time                          4.100    
                         arrival time                          -3.548    
  -------------------------------------------------------------------
                         slack                                  0.552    

Slack (MET) :             0.570ns  (required time - arrival time)
  Source:                 reg_214_reg[2]/C
                            (rising edge-triggered cell FDRE clocked by ap_clk  {rise@0.000ns fall@2.250ns period=4.500ns})
  Destination:            control_s_axi_U/int_block_out/mem_reg/DINADIN[7]
                            (rising edge-triggered cell RAMB18E2 clocked by ap_clk  {rise@0.000ns fall@2.250ns period=4.500ns})
  Path Group:             ap_clk
  Path Type:              Setup (Max at Slow Process Corner)
  Requirement:            4.500ns  (ap_clk rise@4.500ns - ap_clk rise@0.000ns)
  Data Path Delay:        3.495ns  (logic 1.351ns (38.657%)  route 2.144ns (61.343%))
  Logic Levels:           8  (CARRY8=3 LUT2=1 LUT3=2 LUT6=2)
  Clock Path Skew:        0.007ns (DCD - SCD + CPR)
    Destination Clock Delay (DCD):    0.049ns = ( 4.549 - 4.500 ) 
    Source Clock Delay      (SCD):    0.042ns
    Clock Pessimism Removal (CPR):    0.000ns
  Clock Uncertainty:      0.035ns  ((TSJ^2 + TIJ^2)^1/2 + DJ) / 2 + PE
    Total System Jitter     (TSJ):    0.071ns
    Total Input Jitter      (TIJ):    0.000ns
    Discrete Jitter          (DJ):    0.000ns
    Phase Error              (PE):    0.000ns

    Location             Delay type                Incr(ns)  Path(ns)    Netlist Resource(s)
  -------------------------------------------------------------------    -------------------
                         (clock ap_clk rise edge)     0.000     0.000 r  
                                                      0.000     0.000 r  ap_clk (IN)
                         net (fo=427, unset)          0.042     0.042    ap_clk
    SLICE_X30Y74         FDRE                                         r  reg_214_reg[2]/C
  -------------------------------------------------------------------    -------------------
    SLICE_X30Y74         FDRE (Prop_GFF2_SLICEL_C_Q)
                                                      0.116     0.158 r  reg_214_reg[2]/Q
                         net (fo=7, routed)           0.310     0.468    control_s_axi_U/int_block_out/reg_238_reg[15][2]
    SLICE_X31Y71         LUT2 (Prop_C6LUT_SLICEM_I0_O)
                                                      0.056     0.524 r  control_s_axi_U/int_block_out/reg_238[7]_i_7/O
                         net (fo=1, routed)           0.029     0.553    control_s_axi_U/int_block_out/reg_238[7]_i_7_n_0
    SLICE_X31Y71         CARRY8 (Prop_CARRY8_SLICEM_S[2]_O[5])
                                                      0.294     0.847 r  control_s_axi_U/int_block_out/reg_238_reg[7]_i_1/O[5]
                         net (fo=5, routed)           0.280     1.127    control_s_axi_U/int_block_out/O[5]
    SLICE_X30Y73         LUT3 (Prop_C6LUT_SLICEL_I2_O)
                                                      0.150     1.277 r  control_s_axi_U/int_block_out/b_6_reg_611[7]_i_4/O
                         net (fo=1, routed)           0.276     1.553    control_s_axi_U/int_block_out/b_6_reg_611[7]_i_4_n_0
    SLICE_X30Y71         CARRY8 (Prop_CARRY8_SLICEL_DI[5]_O[6])
                                                      0.146     1.699 r  control_s_axi_U/int_block_out/b_6_reg_611_reg[7]_i_1/O[6]
                         net (fo=4, routed)           0.162     1.861    control_s_axi_U/int_block_out/reg_214_reg[6][6]
    SLICE_X29Y71         LUT3 (Prop_D5LUT_SLICEM_I2_O)
                                                      0.220     2.081 r  control_s_axi_U/int_block_out/trunc_ln11_8_reg_626[6]_i_3/O
                         net (fo=1, routed)           0.354     2.435    control_s_axi_U/int_block_out/trunc_ln11_8_reg_626[6]_i_3_n_0
    SLICE_X30Y69         CARRY8 (Prop_CARRY8_SLICEL_DI[6]_O[7])
                                                      0.135     2.570 r  control_s_axi_U/int_block_out/trunc_ln11_8_reg_626_reg[6]_i_1/O[7]
                         net (fo=2, routed)           0.285     2.855    control_s_axi_U/int_block_out/a_6_reg_581_reg[14][6]
    SLICE_X32Y65         LUT6 (Prop_D6LUT_SLICEM_I0_O)
                                                      0.080     2.935 r  control_s_axi_U/int_block_out/mem_reg_i_47/O
                         net (fo=1, routed)           0.054     2.989    control_s_axi_U/int_block_out/mem_reg_i_47_n_0
    SLICE_X32Y65         LUT6 (Prop_H6LUT_SLICEM_I4_O)
                                                      0.154     3.143 r  control_s_axi_U/int_block_out/mem_reg_i_13__0/O
                         net (fo=2, routed)           0.394     3.537    control_s_axi_U/int_block_out/mem_reg_i_13__0_n_0
    RAMB18_X0Y28         RAMB18E2                                     r  control_s_axi_U/int_block_out/mem_reg/DINADIN[7]
  -------------------------------------------------------------------    -------------------

                         (clock ap_clk rise edge)     4.500     4.500 r  
                                                      0.000     4.500 r  ap_clk (IN)
                         net (fo=427, unset)          0.049     4.549    control_s_axi_U/int_block_out/ap_clk
    RAMB18_X0Y28         RAMB18E2                                     r  control_s_axi_U/int_block_out/mem_reg/CLKBWRCLK
                         clock pessimism              0.000     4.549    
                         clock uncertainty           -0.035     4.514    
    RAMB18_X0Y28         RAMB18E2 (Setup_RAMB18E2_L_RAMB180_CLKBWRCLK_DINADIN[7])
                                                     -0.407     4.107    control_s_axi_U/int_block_out/mem_reg
  -------------------------------------------------------------------
                         required time                          4.107    
                         arrival time                          -3.537    
  -------------------------------------------------------------------
                         slack                                  0.570    

Slack (MET) :             0.614ns  (required time - arrival time)
  Source:                 reg_214_reg[2]/C
                            (rising edge-triggered cell FDRE clocked by ap_clk  {rise@0.000ns fall@2.250ns period=4.500ns})
  Destination:            control_s_axi_U/int_block_out/mem_reg/DINADIN[12]
                            (rising edge-triggered cell RAMB18E2 clocked by ap_clk  {rise@0.000ns fall@2.250ns period=4.500ns})
  Path Group:             ap_clk
  Path Type:              Setup (Max at Slow Process Corner)
  Requirement:            4.500ns  (ap_clk rise@4.500ns - ap_clk rise@0.000ns)
  Data Path Delay:        3.414ns  (logic 1.410ns (41.301%)  route 2.004ns (58.699%))
  Logic Levels:           9  (CARRY8=4 LUT2=1 LUT3=2 LUT6=2)
  Clock Path Skew:        0.007ns (DCD - SCD + CPR)
    Destination Clock Delay (DCD):    0.049ns = ( 4.549 - 4.500 ) 
    Source Clock Delay      (SCD):    0.042ns
    Clock Pessimism Removal (CPR):    0.000ns
  Clock Uncertainty:      0.035ns  ((TSJ^2 + TIJ^2)^1/2 + DJ) / 2 + PE
    Total System Jitter     (TSJ):    0.071ns
    Total Input Jitter      (TIJ):    0.000ns
    Discrete Jitter          (DJ):    0.000ns
    Phase Error              (PE):    0.000ns

    Location             Delay type                Incr(ns)  Path(ns)    Netlist Resource(s)
  -------------------------------------------------------------------    -------------------
                         (clock ap_clk rise edge)     0.000     0.000 r  
                                                      0.000     0.000 r  ap_clk (IN)
                         net (fo=427, unset)          0.042     0.042    ap_clk
    SLICE_X30Y74         FDRE                                         r  reg_214_reg[2]/C
  -------------------------------------------------------------------    -------------------
    SLICE_X30Y74         FDRE (Prop_GFF2_SLICEL_C_Q)
                                                      0.116     0.158 r  reg_214_reg[2]/Q
                         net (fo=7, routed)           0.310     0.468    control_s_axi_U/int_block_out/reg_238_reg[15][2]
    SLICE_X31Y71         LUT2 (Prop_C6LUT_SLICEM_I0_O)
                                                      0.056     0.524 r  control_s_axi_U/int_block_out/reg_238[7]_i_7/O
                         net (fo=1, routed)           0.029     0.553    control_s_axi_U/int_block_out/reg_238[7]_i_7_n_0
    SLICE_X31Y71         CARRY8 (Prop_CARRY8_SLICEM_S[2]_O[5])
                                                      0.294     0.847 r  control_s_axi_U/int_block_out/reg_238_reg[7]_i_1/O[5]
                         net (fo=5, routed)           0.280     1.127    control_s_axi_U/int_block_out/O[5]
    SLICE_X30Y73         LUT3 (Prop_C6LUT_SLICEL_I2_O)
                                                      0.150     1.277 r  control_s_axi_U/int_block_out/b_6_reg_611[7]_i_4/O
                         net (fo=1, routed)           0.276     1.553    control_s_axi_U/int_block_out/b_6_reg_611[7]_i_4_n_0
    SLICE_X30Y71         CARRY8 (Prop_CARRY8_SLICEL_DI[5]_CO[7])
                                                      0.108     1.661 r  control_s_axi_U/int_block_out/b_6_reg_611_reg[7]_i_1/CO[7]
                         net (fo=1, routed)           0.030     1.691    control_s_axi_U/int_block_out/b_6_reg_611_reg[7]_i_1_n_0
    SLICE_X30Y72         CARRY8 (Prop_CARRY8_SLICEL_CI_O[0])
                                                      0.086     1.777 r  control_s_axi_U/int_block_out/b_6_reg_611_reg[15]_i_2/O[0]
                         net (fo=4, routed)           0.261     2.038    control_s_axi_U/int_block_out/reg_214_reg[14]_0[0]
    SLICE_X29Y71         LUT3 (Prop_H5LUT_SLICEM_I2_O)
                                                      0.189     2.227 r  control_s_axi_U/int_block_out/trunc_ln11_8_reg_626[14]_i_8/O
                         net (fo=1, routed)           0.270     2.497    control_s_axi_U/int_block_out/trunc_ln11_8_reg_626[14]_i_8_n_0
    SLICE_X30Y70         CARRY8 (Prop_CARRY8_SLICEL_DI[0]_O[4])
                                                      0.297     2.794 r  control_s_axi_U/int_block_out/trunc_ln11_8_reg_626_reg[14]_i_1/O[4]
                         net (fo=2, routed)           0.144     2.938    control_s_axi_U/int_block_out/a_6_reg_581_reg[14][11]
    SLICE_X30Y68         LUT6 (Prop_H6LUT_SLICEL_I0_O)
                                                      0.058     2.996 r  control_s_axi_U/int_block_out/mem_reg_i_37/O
                         net (fo=1, routed)           0.096     3.092    control_s_axi_U/int_block_out/mem_reg_i_37_n_0
    SLICE_X30Y68         LUT6 (Prop_F6LUT_SLICEL_I4_O)
                                                      0.056     3.148 r  control_s_axi_U/int_block_out/mem_reg_i_8__0/O
                         net (fo=1, routed)           0.308     3.456    control_s_axi_U/int_block_out/mem_reg_i_8__0_n_0
    RAMB18_X0Y28         RAMB18E2                                     r  control_s_axi_U/int_block_out/mem_reg/DINADIN[12]
  -------------------------------------------------------------------    -------------------

                         (clock ap_clk rise edge)     4.500     4.500 r  
                                                      0.000     4.500 r  ap_clk (IN)
                         net (fo=427, unset)          0.049     4.549    control_s_axi_U/int_block_out/ap_clk
    RAMB18_X0Y28         RAMB18E2                                     r  control_s_axi_U/int_block_out/mem_reg/CLKBWRCLK
                         clock pessimism              0.000     4.549    
                         clock uncertainty           -0.035     4.514    
    RAMB18_X0Y28         RAMB18E2 (Setup_RAMB18E2_L_RAMB180_CLKBWRCLK_DINADIN[12])
                                                     -0.444     4.070    control_s_axi_U/int_block_out/mem_reg
  -------------------------------------------------------------------
                         required time                          4.070    
                         arrival time                          -3.456    
  -------------------------------------------------------------------
                         slack                                  0.614    

Slack (MET) :             0.638ns  (required time - arrival time)
  Source:                 reg_214_reg[2]/C
                            (rising edge-triggered cell FDRE clocked by ap_clk  {rise@0.000ns fall@2.250ns period=4.500ns})
  Destination:            control_s_axi_U/int_block_out/mem_reg/DINADIN[11]
                            (rising edge-triggered cell RAMB18E2 clocked by ap_clk  {rise@0.000ns fall@2.250ns period=4.500ns})
  Path Group:             ap_clk
  Path Type:              Setup (Max at Slow Process Corner)
  Requirement:            4.500ns  (ap_clk rise@4.500ns - ap_clk rise@0.000ns)
  Data Path Delay:        3.367ns  (logic 1.289ns (38.284%)  route 2.078ns (61.716%))
  Logic Levels:           9  (CARRY8=4 LUT2=1 LUT3=2 LUT6=2)
  Clock Path Skew:        0.007ns (DCD - SCD + CPR)
    Destination Clock Delay (DCD):    0.049ns = ( 4.549 - 4.500 ) 
    Source Clock Delay      (SCD):    0.042ns
    Clock Pessimism Removal (CPR):    0.000ns
  Clock Uncertainty:      0.035ns  ((TSJ^2 + TIJ^2)^1/2 + DJ) / 2 + PE
    Total System Jitter     (TSJ):    0.071ns
    Total Input Jitter      (TIJ):    0.000ns
    Discrete Jitter          (DJ):    0.000ns
    Phase Error              (PE):    0.000ns

    Location             Delay type                Incr(ns)  Path(ns)    Netlist Resource(s)
  -------------------------------------------------------------------    -------------------
                         (clock ap_clk rise edge)     0.000     0.000 r  
                                                      0.000     0.000 r  ap_clk (IN)
                         net (fo=427, unset)          0.042     0.042    ap_clk
    SLICE_X30Y74         FDRE                                         r  reg_214_reg[2]/C
  -------------------------------------------------------------------    -------------------
    SLICE_X30Y74         FDRE (Prop_GFF2_SLICEL_C_Q)
                                                      0.116     0.158 r  reg_214_reg[2]/Q
                         net (fo=7, routed)           0.310     0.468    control_s_axi_U/int_block_out/reg_238_reg[15][2]
    SLICE_X31Y71         LUT2 (Prop_C6LUT_SLICEM_I0_O)
                                                      0.056     0.524 r  control_s_axi_U/int_block_out/reg_238[7]_i_7/O
                         net (fo=1, routed)           0.029     0.553    control_s_axi_U/int_block_out/reg_238[7]_i_7_n_0
    SLICE_X31Y71         CARRY8 (Prop_CARRY8_SLICEM_S[2]_O[5])
                                                      0.294     0.847 r  control_s_axi_U/int_block_out/reg_238_reg[7]_i_1/O[5]
                         net (fo=5, routed)           0.280     1.127    control_s_axi_U/int_block_out/O[5]
    SLICE_X30Y73         LUT3 (Prop_C6LUT_SLICEL_I2_O)
                                                      0.150     1.277 r  control_s_axi_U/int_block_out/b_6_reg_611[7]_i_4/O
                         net (fo=1, routed)           0.276     1.553    control_s_axi_U/int_block_out/b_6_reg_611[7]_i_4_n_0
    SLICE_X30Y71         CARRY8 (Prop_CARRY8_SLICEL_DI[5]_CO[7])
                                                      0.108     1.661 r  control_s_axi_U/int_block_out/b_6_reg_611_reg[7]_i_1/CO[7]
                         net (fo=1, routed)           0.030     1.691    control_s_axi_U/int_block_out/b_6_reg_611_reg[7]_i_1_n_0
    SLICE_X30Y72         CARRY8 (Prop_CARRY8_SLICEL_CI_O[0])
                                                      0.086     1.777 r  control_s_axi_U/int_block_out/b_6_reg_611_reg[15]_i_2/O[0]
                         net (fo=4, routed)           0.261     2.038    control_s_axi_U/int_block_out/reg_214_reg[14]_0[0]
    SLICE_X29Y71         LUT3 (Prop_H5LUT_SLICEM_I2_O)
                                                      0.189     2.227 r  control_s_axi_U/int_block_out/trunc_ln11_8_reg_626[14]_i_8/O
                         net (fo=1, routed)           0.270     2.497    control_s_axi_U/int_block_out/trunc_ln11_8_reg_626[14]_i_8_n_0
    SLICE_X30Y70         CARRY8 (Prop_CARRY8_SLICEL_DI[0]_O[3])
                                                      0.177     2.674 r  control_s_axi_U/int_block_out/trunc_ln11_8_reg_626_reg[14]_i_1/O[3]
                         net (fo=2, routed)           0.197     2.871    control_s_axi_U/int_block_out/a_6_reg_581_reg[14][10]
    SLICE_X30Y67         LUT6 (Prop_C6LUT_SLICEL_I0_O)
                                                      0.056     2.927 r  control_s_axi_U/int_block_out/mem_reg_i_39/O
                         net (fo=1, routed)           0.103     3.030    control_s_axi_U/int_block_out/mem_reg_i_39_n_0
    SLICE_X30Y67         LUT6 (Prop_E6LUT_SLICEL_I4_O)
                                                      0.057     3.087 r  control_s_axi_U/int_block_out/mem_reg_i_9__0/O
                         net (fo=1, routed)           0.322     3.409    control_s_axi_U/int_block_out/mem_reg_i_9__0_n_0
    RAMB18_X0Y28         RAMB18E2                                     r  control_s_axi_U/int_block_out/mem_reg/DINADIN[11]
  -------------------------------------------------------------------    -------------------

                         (clock ap_clk rise edge)     4.500     4.500 r  
                                                      0.000     4.500 r  ap_clk (IN)
                         net (fo=427, unset)          0.049     4.549    control_s_axi_U/int_block_out/ap_clk
    RAMB18_X0Y28         RAMB18E2                                     r  control_s_axi_U/int_block_out/mem_reg/CLKBWRCLK
                         clock pessimism              0.000     4.549    
                         clock uncertainty           -0.035     4.514    
    RAMB18_X0Y28         RAMB18E2 (Setup_RAMB18E2_L_RAMB180_CLKBWRCLK_DINADIN[11])
                                                     -0.467     4.047    control_s_axi_U/int_block_out/mem_reg
  -------------------------------------------------------------------
                         required time                          4.047    
                         arrival time                          -3.409    
  -------------------------------------------------------------------
                         slack                                  0.638    

Slack (MET) :             0.650ns  (required time - arrival time)
  Source:                 reg_214_reg[2]/C
                            (rising edge-triggered cell FDRE clocked by ap_clk  {rise@0.000ns fall@2.250ns period=4.500ns})
  Destination:            control_s_axi_U/int_block_out/mem_reg/DINADIN[13]
                            (rising edge-triggered cell RAMB18E2 clocked by ap_clk  {rise@0.000ns fall@2.250ns period=4.500ns})
  Path Group:             ap_clk
  Path Type:              Setup (Max at Slow Process Corner)
  Requirement:            4.500ns  (ap_clk rise@4.500ns - ap_clk rise@0.000ns)
  Data Path Delay:        3.409ns  (logic 1.433ns (42.036%)  route 1.976ns (57.964%))
  Logic Levels:           9  (CARRY8=4 LUT2=1 LUT3=2 LUT6=2)
  Clock Path Skew:        0.007ns (DCD - SCD + CPR)
    Destination Clock Delay (DCD):    0.049ns = ( 4.549 - 4.500 ) 
    Source Clock Delay      (SCD):    0.042ns
    Clock Pessimism Removal (CPR):    0.000ns
  Clock Uncertainty:      0.035ns  ((TSJ^2 + TIJ^2)^1/2 + DJ) / 2 + PE
    Total System Jitter     (TSJ):    0.071ns
    Total Input Jitter      (TIJ):    0.000ns
    Discrete Jitter          (DJ):    0.000ns
    Phase Error              (PE):    0.000ns

    Location             Delay type                Incr(ns)  Path(ns)    Netlist Resource(s)
  -------------------------------------------------------------------    -------------------
                         (clock ap_clk rise edge)     0.000     0.000 r  
                                                      0.000     0.000 r  ap_clk (IN)
                         net (fo=427, unset)          0.042     0.042    ap_clk
    SLICE_X30Y74         FDRE                                         r  reg_214_reg[2]/C
  -------------------------------------------------------------------    -------------------
    SLICE_X30Y74         FDRE (Prop_GFF2_SLICEL_C_Q)
                                                      0.116     0.158 r  reg_214_reg[2]/Q
                         net (fo=7, routed)           0.310     0.468    control_s_axi_U/int_block_out/reg_238_reg[15][2]
    SLICE_X31Y71         LUT2 (Prop_C6LUT_SLICEM_I0_O)
                                                      0.056     0.524 r  control_s_axi_U/int_block_out/reg_238[7]_i_7/O
                         net (fo=1, routed)           0.029     0.553    control_s_axi_U/int_block_out/reg_238[7]_i_7_n_0
    SLICE_X31Y71         CARRY8 (Prop_CARRY8_SLICEM_S[2]_O[5])
                                                      0.294     0.847 r  control_s_axi_U/int_block_out/reg_238_reg[7]_i_1/O[5]
                         net (fo=5, routed)           0.280     1.127    control_s_axi_U/int_block_out/O[5]
    SLICE_X30Y73         LUT3 (Prop_C6LUT_SLICEL_I2_O)
                                                      0.150     1.277 r  control_s_axi_U/int_block_out/b_6_reg_611[7]_i_4/O
                         net (fo=1, routed)           0.276     1.553    control_s_axi_U/int_block_out/b_6_reg_611[7]_i_4_n_0
    SLICE_X30Y71         CARRY8 (Prop_CARRY8_SLICEL_DI[5]_CO[7])
                                                      0.108     1.661 r  control_s_axi_U/int_block_out/b_6_reg_611_reg[7]_i_1/CO[7]
                         net (fo=1, routed)           0.030     1.691    control_s_axi_U/int_block_out/b_6_reg_611_reg[7]_i_1_n_0
    SLICE_X30Y72         CARRY8 (Prop_CARRY8_SLICEL_CI_O[0])
                                                      0.086     1.777 r  control_s_axi_U/int_block_out/b_6_reg_611_reg[15]_i_2/O[0]
                         net (fo=4, routed)           0.261     2.038    control_s_axi_U/int_block_out/reg_214_reg[14]_0[0]
    SLICE_X29Y71         LUT3 (Prop_H5LUT_SLICEM_I2_O)
                                                      0.189     2.227 r  control_s_axi_U/int_block_out/trunc_ln11_8_reg_626[14]_i_8/O
                         net (fo=1, routed)           0.270     2.497    control_s_axi_U/int_block_out/trunc_ln11_8_reg_626[14]_i_8_n_0
    SLICE_X30Y70         CARRY8 (Prop_CARRY8_SLICEL_DI[0]_O[5])
                                                      0.321     2.818 r  control_s_axi_U/int_block_out/trunc_ln11_8_reg_626_reg[14]_i_1/O[5]
                         net (fo=2, routed)           0.290     3.108    control_s_axi_U/int_block_out/a_6_reg_581_reg[14][12]
    SLICE_X28Y71         LUT6 (Prop_G6LUT_SLICEM_I0_O)
                                                      0.057     3.165 r  control_s_axi_U/int_block_out/mem_reg_i_35/O
                         net (fo=1, routed)           0.102     3.267    control_s_axi_U/int_block_out/mem_reg_i_35_n_0
    SLICE_X28Y71         LUT6 (Prop_F6LUT_SLICEM_I4_O)
                                                      0.056     3.323 r  control_s_axi_U/int_block_out/mem_reg_i_7__0/O
                         net (fo=1, routed)           0.128     3.451    control_s_axi_U/int_block_out/mem_reg_i_7__0_n_0
    RAMB18_X0Y28         RAMB18E2                                     r  control_s_axi_U/int_block_out/mem_reg/DINADIN[13]
  -------------------------------------------------------------------    -------------------

                         (clock ap_clk rise edge)     4.500     4.500 r  
                                                      0.000     4.500 r  ap_clk (IN)
                         net (fo=427, unset)          0.049     4.549    control_s_axi_U/int_block_out/ap_clk
    RAMB18_X0Y28         RAMB18E2                                     r  control_s_axi_U/int_block_out/mem_reg/CLKBWRCLK
                         clock pessimism              0.000     4.549    
                         clock uncertainty           -0.035     4.514    
    RAMB18_X0Y28         RAMB18E2 (Setup_RAMB18E2_L_RAMB180_CLKBWRCLK_DINADIN[13])
                                                     -0.413     4.101    control_s_axi_U/int_block_out/mem_reg
  -------------------------------------------------------------------
                         required time                          4.101    
                         arrival time                          -3.451    
  -------------------------------------------------------------------
                         slack                                  0.650    

Slack (MET) :             0.667ns  (required time - arrival time)
  Source:                 reg_218_reg[1]/C
                            (rising edge-triggered cell FDRE clocked by ap_clk  {rise@0.000ns fall@2.250ns period=4.500ns})
  Destination:            control_s_axi_U/int_block_out/mem_reg/DINADIN[4]
                            (rising edge-triggered cell RAMB18E2 clocked by ap_clk  {rise@0.000ns fall@2.250ns period=4.500ns})
  Path Group:             ap_clk
  Path Type:              Setup (Max at Slow Process Corner)
  Requirement:            4.500ns  (ap_clk rise@4.500ns - ap_clk rise@0.000ns)
  Data Path Delay:        3.362ns  (logic 1.535ns (45.658%)  route 1.827ns (54.342%))
  Logic Levels:           8  (CARRY8=3 LUT2=1 LUT3=2 LUT6=2)
  Clock Path Skew:        0.006ns (DCD - SCD + CPR)
    Destination Clock Delay (DCD):    0.049ns = ( 4.549 - 4.500 ) 
    Source Clock Delay      (SCD):    0.043ns
    Clock Pessimism Removal (CPR):    0.000ns
  Clock Uncertainty:      0.035ns  ((TSJ^2 + TIJ^2)^1/2 + DJ) / 2 + PE
    Total System Jitter     (TSJ):    0.071ns
    Total Input Jitter      (TIJ):    0.000ns
    Discrete Jitter          (DJ):    0.000ns
    Phase Error              (PE):    0.000ns

    Location             Delay type                Incr(ns)  Path(ns)    Netlist Resource(s)
  -------------------------------------------------------------------    -------------------
                         (clock ap_clk rise edge)     0.000     0.000 r  
                                                      0.000     0.000 r  ap_clk (IN)
                         net (fo=427, unset)          0.043     0.043    ap_clk
    SLICE_X32Y70         FDRE                                         r  reg_218_reg[1]/C
  -------------------------------------------------------------------    -------------------
    SLICE_X32Y70         FDRE (Prop_AFF2_SLICEM_C_Q)
                                                      0.118     0.161 r  reg_218_reg[1]/Q
                         net (fo=1, routed)           0.173     0.334    control_s_axi_U/int_block_out/reg_238_reg[15]_0[1]
    SLICE_X31Y71         LUT2 (Prop_B6LUT_SLICEM_I1_O)
                                                      0.137     0.471 r  control_s_axi_U/int_block_out/reg_238[7]_i_8/O
                         net (fo=1, routed)           0.022     0.493    control_s_axi_U/int_block_out/reg_238[7]_i_8_n_0
    SLICE_X31Y71         CARRY8 (Prop_CARRY8_SLICEM_S[1]_O[2])
                                                      0.187     0.680 r  control_s_axi_U/int_block_out/reg_238_reg[7]_i_1/O[2]
                         net (fo=5, routed)           0.201     0.881    control_s_axi_U/int_block_out/O[2]
    SLICE_X29Y71         LUT3 (Prop_B6LUT_SLICEM_I2_O)
                                                      0.225     1.106 r  control_s_axi_U/int_block_out/b_6_reg_611[7]_i_7/O
                         net (fo=1, routed)           0.186     1.292    control_s_axi_U/int_block_out/b_6_reg_611[7]_i_7_n_0
    SLICE_X30Y71         CARRY8 (Prop_CARRY8_SLICEL_DI[2]_O[3])
                                                      0.134     1.426 r  control_s_axi_U/int_block_out/b_6_reg_611_reg[7]_i_1/O[3]
                         net (fo=4, routed)           0.314     1.740    control_s_axi_U/int_block_out/reg_214_reg[6][3]
    SLICE_X30Y73         LUT3 (Prop_H5LUT_SLICEL_I2_O)
                                                      0.220     1.960 r  control_s_axi_U/int_block_out/trunc_ln11_8_reg_626[6]_i_6/O
                         net (fo=1, routed)           0.213     2.173    control_s_axi_U/int_block_out/trunc_ln11_8_reg_626[6]_i_6_n_0
    SLICE_X30Y69         CARRY8 (Prop_CARRY8_SLICEL_DI[3]_O[4])
                                                      0.227     2.400 r  control_s_axi_U/int_block_out/trunc_ln11_8_reg_626_reg[6]_i_1/O[4]
                         net (fo=2, routed)           0.220     2.620    control_s_axi_U/int_block_out/a_6_reg_581_reg[14][3]
    SLICE_X31Y66         LUT6 (Prop_C6LUT_SLICEM_I0_O)
                                                      0.149     2.769 r  control_s_axi_U/int_block_out/mem_reg_i_53/O
                         net (fo=1, routed)           0.103     2.872    control_s_axi_U/int_block_out/mem_reg_i_53_n_0
    SLICE_X31Y66         LUT6 (Prop_H6LUT_SLICEM_I4_O)
                                                      0.138     3.010 r  control_s_axi_U/int_block_out/mem_reg_i_16__0/O
                         net (fo=2, routed)           0.395     3.405    control_s_axi_U/int_block_out/mem_reg_i_16__0_n_0
    RAMB18_X0Y28         RAMB18E2                                     r  control_s_axi_U/int_block_out/mem_reg/DINADIN[4]
  -------------------------------------------------------------------    -------------------

                         (clock ap_clk rise edge)     4.500     4.500 r  
                                                      0.000     4.500 r  ap_clk (IN)
                         net (fo=427, unset)          0.049     4.549    control_s_axi_U/int_block_out/ap_clk
    RAMB18_X0Y28         RAMB18E2                                     r  control_s_axi_U/int_block_out/mem_reg/CLKBWRCLK
                         clock pessimism              0.000     4.549    
                         clock uncertainty           -0.035     4.514    
    RAMB18_X0Y28         RAMB18E2 (Setup_RAMB18E2_L_RAMB180_CLKBWRCLK_DINADIN[4])
                                                     -0.442     4.072    control_s_axi_U/int_block_out/mem_reg
  -------------------------------------------------------------------
                         required time                          4.072    
                         arrival time                          -3.405    
  -------------------------------------------------------------------
                         slack                                  0.667    

Slack (MET) :             0.680ns  (required time - arrival time)
  Source:                 reg_218_reg[1]/C
                            (rising edge-triggered cell FDRE clocked by ap_clk  {rise@0.000ns fall@2.250ns period=4.500ns})
  Destination:            control_s_axi_U/int_block_out/mem_reg/DINBDIN[6]
                            (rising edge-triggered cell RAMB18E2 clocked by ap_clk  {rise@0.000ns fall@2.250ns period=4.500ns})
  Path Group:             ap_clk
  Path Type:              Setup (Max at Slow Process Corner)
  Requirement:            4.500ns  (ap_clk rise@4.500ns - ap_clk rise@0.000ns)
  Data Path Delay:        3.379ns  (logic 1.433ns (42.405%)  route 1.946ns (57.595%))
  Logic Levels:           8  (CARRY8=3 LUT2=1 LUT3=2 LUT6=2)
  Clock Path Skew:        0.006ns (DCD - SCD + CPR)
    Destination Clock Delay (DCD):    0.049ns = ( 4.549 - 4.500 ) 
    Source Clock Delay      (SCD):    0.043ns
    Clock Pessimism Removal (CPR):    0.000ns
  Clock Uncertainty:      0.035ns  ((TSJ^2 + TIJ^2)^1/2 + DJ) / 2 + PE
    Total System Jitter     (TSJ):    0.071ns
    Total Input Jitter      (TIJ):    0.000ns
    Discrete Jitter          (DJ):    0.000ns
    Phase Error              (PE):    0.000ns

    Location             Delay type                Incr(ns)  Path(ns)    Netlist Resource(s)
  -------------------------------------------------------------------    -------------------
                         (clock ap_clk rise edge)     0.000     0.000 r  
                                                      0.000     0.000 r  ap_clk (IN)
                         net (fo=427, unset)          0.043     0.043    ap_clk
    SLICE_X32Y70         FDRE                                         r  reg_218_reg[1]/C
  -------------------------------------------------------------------    -------------------
    SLICE_X32Y70         FDRE (Prop_AFF2_SLICEM_C_Q)
                                                      0.118     0.161 r  reg_218_reg[1]/Q
                         net (fo=1, routed)           0.173     0.334    control_s_axi_U/int_block_out/reg_238_reg[15]_0[1]
    SLICE_X31Y71         LUT2 (Prop_B6LUT_SLICEM_I1_O)
                                                      0.137     0.471 r  control_s_axi_U/int_block_out/reg_238[7]_i_8/O
                         net (fo=1, routed)           0.022     0.493    control_s_axi_U/int_block_out/reg_238[7]_i_8_n_0
    SLICE_X31Y71         CARRY8 (Prop_CARRY8_SLICEM_S[1]_O[2])
                                                      0.187     0.680 r  control_s_axi_U/int_block_out/reg_238_reg[7]_i_1/O[2]
                         net (fo=5, routed)           0.201     0.881    control_s_axi_U/int_block_out/O[2]
    SLICE_X29Y71         LUT3 (Prop_B6LUT_SLICEM_I2_O)
                                                      0.225     1.106 r  control_s_axi_U/int_block_out/b_6_reg_611[7]_i_7/O
                         net (fo=1, routed)           0.186     1.292    control_s_axi_U/int_block_out/b_6_reg_611[7]_i_7_n_0
    SLICE_X30Y71         CARRY8 (Prop_CARRY8_SLICEL_DI[2]_O[5])
                                                      0.285     1.577 r  control_s_axi_U/int_block_out/b_6_reg_611_reg[7]_i_1/O[5]
                         net (fo=4, routed)           0.227     1.804    control_s_axi_U/int_block_out/reg_214_reg[6][5]
    SLICE_X30Y73         LUT3 (Prop_C5LUT_SLICEL_I2_O)
                                                      0.219     2.023 r  control_s_axi_U/int_block_out/trunc_ln11_8_reg_626[6]_i_4/O
                         net (fo=1, routed)           0.387     2.410    control_s_axi_U/int_block_out/trunc_ln11_8_reg_626[6]_i_4_n_0
    SLICE_X30Y69         CARRY8 (Prop_CARRY8_SLICEL_DI[5]_O[6])
                                                      0.146     2.556 r  control_s_axi_U/int_block_out/trunc_ln11_8_reg_626_reg[6]_i_1/O[6]
                         net (fo=2, routed)           0.267     2.823    control_s_axi_U/int_block_out/a_6_reg_581_reg[14][5]
    SLICE_X29Y65         LUT6 (Prop_F6LUT_SLICEM_I0_O)
                                                      0.056     2.879 r  control_s_axi_U/int_block_out/mem_reg_i_49/O
                         net (fo=1, routed)           0.098     2.977    control_s_axi_U/int_block_out/mem_reg_i_49_n_0
    SLICE_X29Y66         LUT6 (Prop_H6LUT_SLICEM_I4_O)
                                                      0.060     3.037 r  control_s_axi_U/int_block_out/mem_reg_i_14__0/O
                         net (fo=2, routed)           0.386     3.422    control_s_axi_U/int_block_out/mem_reg_i_14__0_n_0
    RAMB18_X0Y28         RAMB18E2                                     r  control_s_axi_U/int_block_out/mem_reg/DINBDIN[6]
  -------------------------------------------------------------------    -------------------

                         (clock ap_clk rise edge)     4.500     4.500 r  
                                                      0.000     4.500 r  ap_clk (IN)
                         net (fo=427, unset)          0.049     4.549    control_s_axi_U/int_block_out/ap_clk
    RAMB18_X0Y28         RAMB18E2                                     r  control_s_axi_U/int_block_out/mem_reg/CLKBWRCLK
                         clock pessimism              0.000     4.549    
                         clock uncertainty           -0.035     4.514    
    RAMB18_X0Y28         RAMB18E2 (Setup_RAMB18E2_L_RAMB180_CLKBWRCLK_DINBDIN[6])
                                                     -0.411     4.103    control_s_axi_U/int_block_out/mem_reg
  -------------------------------------------------------------------
                         required time                          4.103    
                         arrival time                          -3.422    
  -------------------------------------------------------------------
                         slack                                  0.680    

Slack (MET) :             0.737ns  (required time - arrival time)
  Source:                 reg_218_reg[1]/C
                            (rising edge-triggered cell FDRE clocked by ap_clk  {rise@0.000ns fall@2.250ns period=4.500ns})
  Destination:            control_s_axi_U/int_block_out/mem_reg/DINBDIN[4]
                            (rising edge-triggered cell RAMB18E2 clocked by ap_clk  {rise@0.000ns fall@2.250ns period=4.500ns})
  Path Group:             ap_clk
  Path Type:              Setup (Max at Slow Process Corner)
  Requirement:            4.500ns  (ap_clk rise@4.500ns - ap_clk rise@0.000ns)
  Data Path Delay:        3.353ns  (logic 1.535ns (45.781%)  route 1.818ns (54.219%))
  Logic Levels:           8  (CARRY8=3 LUT2=1 LUT3=2 LUT6=2)
  Clock Path Skew:        0.006ns (DCD - SCD + CPR)
    Destination Clock Delay (DCD):    0.049ns = ( 4.549 - 4.500 ) 
    Source Clock Delay      (SCD):    0.043ns
    Clock Pessimism Removal (CPR):    0.000ns
  Clock Uncertainty:      0.035ns  ((TSJ^2 + TIJ^2)^1/2 + DJ) / 2 + PE
    Total System Jitter     (TSJ):    0.071ns
    Total Input Jitter      (TIJ):    0.000ns
    Discrete Jitter          (DJ):    0.000ns
    Phase Error              (PE):    0.000ns

    Location             Delay type                Incr(ns)  Path(ns)    Netlist Resource(s)
  -------------------------------------------------------------------    -------------------
                         (clock ap_clk rise edge)     0.000     0.000 r  
                                                      0.000     0.000 r  ap_clk (IN)
                         net (fo=427, unset)          0.043     0.043    ap_clk
    SLICE_X32Y70         FDRE                                         r  reg_218_reg[1]/C
  -------------------------------------------------------------------    -------------------
    SLICE_X32Y70         FDRE (Prop_AFF2_SLICEM_C_Q)
                                                      0.118     0.161 r  reg_218_reg[1]/Q
                         net (fo=1, routed)           0.173     0.334    control_s_axi_U/int_block_out/reg_238_reg[15]_0[1]
    SLICE_X31Y71         LUT2 (Prop_B6LUT_SLICEM_I1_O)
                                                      0.137     0.471 r  control_s_axi_U/int_block_out/reg_238[7]_i_8/O
                         net (fo=1, routed)           0.022     0.493    control_s_axi_U/int_block_out/reg_238[7]_i_8_n_0
    SLICE_X31Y71         CARRY8 (Prop_CARRY8_SLICEM_S[1]_O[2])
                                                      0.187     0.680 r  control_s_axi_U/int_block_out/reg_238_reg[7]_i_1/O[2]
                         net (fo=5, routed)           0.201     0.881    control_s_axi_U/int_block_out/O[2]
    SLICE_X29Y71         LUT3 (Prop_B6LUT_SLICEM_I2_O)
                                                      0.225     1.106 r  control_s_axi_U/int_block_out/b_6_reg_611[7]_i_7/O
                         net (fo=1, routed)           0.186     1.292    control_s_axi_U/int_block_out/b_6_reg_611[7]_i_7_n_0
    SLICE_X30Y71         CARRY8 (Prop_CARRY8_SLICEL_DI[2]_O[3])
                                                      0.134     1.426 r  control_s_axi_U/int_block_out/b_6_reg_611_reg[7]_i_1/O[3]
                         net (fo=4, routed)           0.314     1.740    control_s_axi_U/int_block_out/reg_214_reg[6][3]
    SLICE_X30Y73         LUT3 (Prop_H5LUT_SLICEL_I2_O)
                                                      0.220     1.960 r  control_s_axi_U/int_block_out/trunc_ln11_8_reg_626[6]_i_6/O
                         net (fo=1, routed)           0.213     2.173    control_s_axi_U/int_block_out/trunc_ln11_8_reg_626[6]_i_6_n_0
    SLICE_X30Y69         CARRY8 (Prop_CARRY8_SLICEL_DI[3]_O[4])
                                                      0.227     2.400 r  control_s_axi_U/int_block_out/trunc_ln11_8_reg_626_reg[6]_i_1/O[4]
                         net (fo=2, routed)           0.220     2.620    control_s_axi_U/int_block_out/a_6_reg_581_reg[14][3]
    SLICE_X31Y66         LUT6 (Prop_C6LUT_SLICEM_I0_O)
                                                      0.149     2.769 r  control_s_axi_U/int_block_out/mem_reg_i_53/O
                         net (fo=1, routed)           0.103     2.872    control_s_axi_U/int_block_out/mem_reg_i_53_n_0
    SLICE_X31Y66         LUT6 (Prop_H6LUT_SLICEM_I4_O)
                                                      0.138     3.010 r  control_s_axi_U/int_block_out/mem_reg_i_16__0/O
                         net (fo=2, routed)           0.386     3.396    control_s_axi_U/int_block_out/mem_reg_i_16__0_n_0
    RAMB18_X0Y28         RAMB18E2                                     r  control_s_axi_U/int_block_out/mem_reg/DINBDIN[4]
  -------------------------------------------------------------------    -------------------

                         (clock ap_clk rise edge)     4.500     4.500 r  
                                                      0.000     4.500 r  ap_clk (IN)
                         net (fo=427, unset)          0.049     4.549    control_s_axi_U/int_block_out/ap_clk
    RAMB18_X0Y28         RAMB18E2                                     r  control_s_axi_U/int_block_out/mem_reg/CLKBWRCLK
                         clock pessimism              0.000     4.549    
                         clock uncertainty           -0.035     4.514    
    RAMB18_X0Y28         RAMB18E2 (Setup_RAMB18E2_L_RAMB180_CLKBWRCLK_DINBDIN[4])
                                                     -0.381     4.133    control_s_axi_U/int_block_out/mem_reg
  -------------------------------------------------------------------
                         required time                          4.133    
                         arrival time                          -3.396    
  -------------------------------------------------------------------
                         slack                                  0.737    

Slack (MET) :             0.737ns  (required time - arrival time)
  Source:                 reg_218_reg[1]/C
                            (rising edge-triggered cell FDRE clocked by ap_clk  {rise@0.000ns fall@2.250ns period=4.500ns})
  Destination:            control_s_axi_U/int_block_out/mem_reg/DINADIN[5]
                            (rising edge-triggered cell RAMB18E2 clocked by ap_clk  {rise@0.000ns fall@2.250ns period=4.500ns})
  Path Group:             ap_clk
  Path Type:              Setup (Max at Slow Process Corner)
  Requirement:            4.500ns  (ap_clk rise@4.500ns - ap_clk rise@0.000ns)
  Data Path Delay:        3.317ns  (logic 1.455ns (43.861%)  route 1.862ns (56.139%))
  Logic Levels:           8  (CARRY8=3 LUT2=1 LUT3=2 LUT6=2)
  Clock Path Skew:        0.006ns (DCD - SCD + CPR)
    Destination Clock Delay (DCD):    0.049ns = ( 4.549 - 4.500 ) 
    Source Clock Delay      (SCD):    0.043ns
    Clock Pessimism Removal (CPR):    0.000ns
  Clock Uncertainty:      0.035ns  ((TSJ^2 + TIJ^2)^1/2 + DJ) / 2 + PE
    Total System Jitter     (TSJ):    0.071ns
    Total Input Jitter      (TIJ):    0.000ns
    Discrete Jitter          (DJ):    0.000ns
    Phase Error              (PE):    0.000ns

    Location             Delay type                Incr(ns)  Path(ns)    Netlist Resource(s)
  -------------------------------------------------------------------    -------------------
                         (clock ap_clk rise edge)     0.000     0.000 r  
                                                      0.000     0.000 r  ap_clk (IN)
                         net (fo=427, unset)          0.043     0.043    ap_clk
    SLICE_X32Y70         FDRE                                         r  reg_218_reg[1]/C
  -------------------------------------------------------------------    -------------------
    SLICE_X32Y70         FDRE (Prop_AFF2_SLICEM_C_Q)
                                                      0.118     0.161 r  reg_218_reg[1]/Q
                         net (fo=1, routed)           0.173     0.334    control_s_axi_U/int_block_out/reg_238_reg[15]_0[1]
    SLICE_X31Y71         LUT2 (Prop_B6LUT_SLICEM_I1_O)
                                                      0.137     0.471 r  control_s_axi_U/int_block_out/reg_238[7]_i_8/O
                         net (fo=1, routed)           0.022     0.493    control_s_axi_U/int_block_out/reg_238[7]_i_8_n_0
    SLICE_X31Y71         CARRY8 (Prop_CARRY8_SLICEM_S[1]_O[2])
                                                      0.187     0.680 r  control_s_axi_U/int_block_out/reg_238_reg[7]_i_1/O[2]
                         net (fo=5, routed)           0.201     0.881    control_s_axi_U/int_block_out/O[2]
    SLICE_X29Y71         LUT3 (Prop_B6LUT_SLICEM_I2_O)
                                                      0.225     1.106 r  control_s_axi_U/int_block_out/b_6_reg_611[7]_i_7/O
                         net (fo=1, routed)           0.186     1.292    control_s_axi_U/int_block_out/b_6_reg_611[7]_i_7_n_0
    SLICE_X30Y71         CARRY8 (Prop_CARRY8_SLICEL_DI[2]_O[3])
                                                      0.134     1.426 r  control_s_axi_U/int_block_out/b_6_reg_611_reg[7]_i_1/O[3]
                         net (fo=4, routed)           0.314     1.740    control_s_axi_U/int_block_out/reg_214_reg[6][3]
    SLICE_X30Y73         LUT3 (Prop_H5LUT_SLICEL_I2_O)
                                                      0.220     1.960 r  control_s_axi_U/int_block_out/trunc_ln11_8_reg_626[6]_i_6/O
                         net (fo=1, routed)           0.213     2.173    control_s_axi_U/int_block_out/trunc_ln11_8_reg_626[6]_i_6_n_0
    SLICE_X30Y69         CARRY8 (Prop_CARRY8_SLICEL_DI[3]_O[5])
                                                      0.268     2.441 r  control_s_axi_U/int_block_out/trunc_ln11_8_reg_626_reg[6]_i_1/O[5]
                         net (fo=2, routed)           0.288     2.729    control_s_axi_U/int_block_out/a_6_reg_581_reg[14][4]
    SLICE_X31Y65         LUT6 (Prop_G6LUT_SLICEM_I0_O)
                                                      0.082     2.811 r  control_s_axi_U/int_block_out/mem_reg_i_51/O
                         net (fo=1, routed)           0.059     2.870    control_s_axi_U/int_block_out/mem_reg_i_51_n_0
    SLICE_X31Y65         LUT6 (Prop_H6LUT_SLICEM_I4_O)
                                                      0.084     2.954 r  control_s_axi_U/int_block_out/mem_reg_i_15__0/O
                         net (fo=2, routed)           0.406     3.360    control_s_axi_U/int_block_out/mem_reg_i_15__0_n_0
    RAMB18_X0Y28         RAMB18E2                                     r  control_s_axi_U/int_block_out/mem_reg/DINADIN[5]
  -------------------------------------------------------------------    -------------------

                         (clock ap_clk rise edge)     4.500     4.500 r  
                                                      0.000     4.500 r  ap_clk (IN)
                         net (fo=427, unset)          0.049     4.549    control_s_axi_U/int_block_out/ap_clk
    RAMB18_X0Y28         RAMB18E2                                     r  control_s_axi_U/int_block_out/mem_reg/CLKBWRCLK
                         clock pessimism              0.000     4.549    
                         clock uncertainty           -0.035     4.514    
    RAMB18_X0Y28         RAMB18E2 (Setup_RAMB18E2_L_RAMB180_CLKBWRCLK_DINADIN[5])
                                                     -0.416     4.098    control_s_axi_U/int_block_out/mem_reg
  -------------------------------------------------------------------
                         required time                          4.098    
                         arrival time                          -3.360    
  -------------------------------------------------------------------
                         slack                                  0.737    

Slack (MET) :             0.749ns  (required time - arrival time)
  Source:                 reg_214_reg[2]/C
                            (rising edge-triggered cell FDRE clocked by ap_clk  {rise@0.000ns fall@2.250ns period=4.500ns})
  Destination:            control_s_axi_U/int_block_out/mem_reg/DINADIN[8]
                            (rising edge-triggered cell RAMB18E2 clocked by ap_clk  {rise@0.000ns fall@2.250ns period=4.500ns})
  Path Group:             ap_clk
  Path Type:              Setup (Max at Slow Process Corner)
  Requirement:            4.500ns  (ap_clk rise@4.500ns - ap_clk rise@0.000ns)
  Data Path Delay:        3.284ns  (logic 1.266ns (38.551%)  route 2.018ns (61.449%))
  Logic Levels:           9  (CARRY8=4 LUT2=1 LUT3=2 LUT6=2)
  Clock Path Skew:        0.007ns (DCD - SCD + CPR)
    Destination Clock Delay (DCD):    0.049ns = ( 4.549 - 4.500 ) 
    Source Clock Delay      (SCD):    0.042ns
    Clock Pessimism Removal (CPR):    0.000ns
  Clock Uncertainty:      0.035ns  ((TSJ^2 + TIJ^2)^1/2 + DJ) / 2 + PE
    Total System Jitter     (TSJ):    0.071ns
    Total Input Jitter      (TIJ):    0.000ns
    Discrete Jitter          (DJ):    0.000ns
    Phase Error              (PE):    0.000ns

    Location             Delay type                Incr(ns)  Path(ns)    Netlist Resource(s)
  -------------------------------------------------------------------    -------------------
                         (clock ap_clk rise edge)     0.000     0.000 r  
                                                      0.000     0.000 r  ap_clk (IN)
                         net (fo=427, unset)          0.042     0.042    ap_clk
    SLICE_X30Y74         FDRE                                         r  reg_214_reg[2]/C
  -------------------------------------------------------------------    -------------------
    SLICE_X30Y74         FDRE (Prop_GFF2_SLICEL_C_Q)
                                                      0.116     0.158 r  reg_214_reg[2]/Q
                         net (fo=7, routed)           0.310     0.468    control_s_axi_U/int_block_out/reg_238_reg[15][2]
    SLICE_X31Y71         LUT2 (Prop_C6LUT_SLICEM_I0_O)
                                                      0.056     0.524 r  control_s_axi_U/int_block_out/reg_238[7]_i_7/O
                         net (fo=1, routed)           0.029     0.553    control_s_axi_U/int_block_out/reg_238[7]_i_7_n_0
    SLICE_X31Y71         CARRY8 (Prop_CARRY8_SLICEM_S[2]_O[5])
                                                      0.294     0.847 r  control_s_axi_U/int_block_out/reg_238_reg[7]_i_1/O[5]
                         net (fo=5, routed)           0.280     1.127    control_s_axi_U/int_block_out/O[5]
    SLICE_X30Y73         LUT3 (Prop_C6LUT_SLICEL_I2_O)
                                                      0.150     1.277 r  control_s_axi_U/int_block_out/b_6_reg_611[7]_i_4/O
                         net (fo=1, routed)           0.276     1.553    control_s_axi_U/int_block_out/b_6_reg_611[7]_i_4_n_0
    SLICE_X30Y71         CARRY8 (Prop_CARRY8_SLICEL_DI[5]_O[6])
                                                      0.146     1.699 r  control_s_axi_U/int_block_out/b_6_reg_611_reg[7]_i_1/O[6]
                         net (fo=4, routed)           0.162     1.861    control_s_axi_U/int_block_out/reg_214_reg[6][6]
    SLICE_X29Y71         LUT3 (Prop_D5LUT_SLICEM_I2_O)
                                                      0.220     2.081 r  control_s_axi_U/int_block_out/trunc_ln11_8_reg_626[6]_i_3/O
                         net (fo=1, routed)           0.354     2.435    control_s_axi_U/int_block_out/trunc_ln11_8_reg_626[6]_i_3_n_0
    SLICE_X30Y69         CARRY8 (Prop_CARRY8_SLICEL_DI[6]_CO[7])
                                                      0.084     2.519 r  control_s_axi_U/int_block_out/trunc_ln11_8_reg_626_reg[6]_i_1/CO[7]
                         net (fo=1, routed)           0.030     2.549    control_s_axi_U/int_block_out/trunc_ln11_8_reg_626_reg[6]_i_1_n_0
    SLICE_X30Y70         CARRY8 (Prop_CARRY8_SLICEL_CI_O[0])
                                                      0.086     2.635 r  control_s_axi_U/int_block_out/trunc_ln11_8_reg_626_reg[14]_i_1/O[0]
                         net (fo=2, routed)           0.211     2.846    control_s_axi_U/int_block_out/a_6_reg_581_reg[14][7]
    SLICE_X30Y66         LUT6 (Prop_F6LUT_SLICEL_I0_O)
                                                      0.056     2.902 r  control_s_axi_U/int_block_out/mem_reg_i_45/O
                         net (fo=1, routed)           0.047     2.949    control_s_axi_U/int_block_out/mem_reg_i_45_n_0
    SLICE_X30Y66         LUT6 (Prop_H6LUT_SLICEL_I4_O)
                                                      0.058     3.007 r  control_s_axi_U/int_block_out/mem_reg_i_12__0/O
                         net (fo=1, routed)           0.319     3.326    control_s_axi_U/int_block_out/mem_reg_i_12__0_n_0
    RAMB18_X0Y28         RAMB18E2                                     r  control_s_axi_U/int_block_out/mem_reg/DINADIN[8]
  -------------------------------------------------------------------    -------------------

                         (clock ap_clk rise edge)     4.500     4.500 r  
                                                      0.000     4.500 r  ap_clk (IN)
                         net (fo=427, unset)          0.049     4.549    control_s_axi_U/int_block_out/ap_clk
    RAMB18_X0Y28         RAMB18E2                                     r  control_s_axi_U/int_block_out/mem_reg/CLKBWRCLK
                         clock pessimism              0.000     4.549    
                         clock uncertainty           -0.035     4.514    
    RAMB18_X0Y28         RAMB18E2 (Setup_RAMB18E2_L_RAMB180_CLKBWRCLK_DINADIN[8])
                                                     -0.439     4.075    control_s_axi_U/int_block_out/mem_reg
  -------------------------------------------------------------------
                         required time                          4.075    
                         arrival time                          -3.326    
  -------------------------------------------------------------------
                         slack                                  0.749    

Slack (MET) :             0.766ns  (required time - arrival time)
  Source:                 reg_218_reg[1]/C
                            (rising edge-triggered cell FDRE clocked by ap_clk  {rise@0.000ns fall@2.250ns period=4.500ns})
  Destination:            control_s_axi_U/int_block_out/mem_reg/DINBDIN[5]
                            (rising edge-triggered cell RAMB18E2 clocked by ap_clk  {rise@0.000ns fall@2.250ns period=4.500ns})
  Path Group:             ap_clk
  Path Type:              Setup (Max at Slow Process Corner)
  Requirement:            4.500ns  (ap_clk rise@4.500ns - ap_clk rise@0.000ns)
  Data Path Delay:        3.325ns  (logic 1.455ns (43.756%)  route 1.870ns (56.244%))
  Logic Levels:           8  (CARRY8=3 LUT2=1 LUT3=2 LUT6=2)
  Clock Path Skew:        0.006ns (DCD - SCD + CPR)
    Destination Clock Delay (DCD):    0.049ns = ( 4.549 - 4.500 ) 
    Source Clock Delay      (SCD):    0.043ns
    Clock Pessimism Removal (CPR):    0.000ns
  Clock Uncertainty:      0.035ns  ((TSJ^2 + TIJ^2)^1/2 + DJ) / 2 + PE
    Total System Jitter     (TSJ):    0.071ns
    Total Input Jitter      (TIJ):    0.000ns
    Discrete Jitter          (DJ):    0.000ns
    Phase Error              (PE):    0.000ns

    Location             Delay type                Incr(ns)  Path(ns)    Netlist Resource(s)
  -------------------------------------------------------------------    -------------------
                         (clock ap_clk rise edge)     0.000     0.000 r  
                                                      0.000     0.000 r  ap_clk (IN)
                         net (fo=427, unset)          0.043     0.043    ap_clk
    SLICE_X32Y70         FDRE                                         r  reg_218_reg[1]/C
  -------------------------------------------------------------------    -------------------
    SLICE_X32Y70         FDRE (Prop_AFF2_SLICEM_C_Q)
                                                      0.118     0.161 r  reg_218_reg[1]/Q
                         net (fo=1, routed)           0.173     0.334    control_s_axi_U/int_block_out/reg_238_reg[15]_0[1]
    SLICE_X31Y71         LUT2 (Prop_B6LUT_SLICEM_I1_O)
                                                      0.137     0.471 r  control_s_axi_U/int_block_out/reg_238[7]_i_8/O
                         net (fo=1, routed)           0.022     0.493    control_s_axi_U/int_block_out/reg_238[7]_i_8_n_0
    SLICE_X31Y71         CARRY8 (Prop_CARRY8_SLICEM_S[1]_O[2])
                                                      0.187     0.680 r  control_s_axi_U/int_block_out/reg_238_reg[7]_i_1/O[2]
                         net (fo=5, routed)           0.201     0.881    control_s_axi_U/int_block_out/O[2]
    SLICE_X29Y71         LUT3 (Prop_B6LUT_SLICEM_I2_O)
                                                      0.225     1.106 r  control_s_axi_U/int_block_out/b_6_reg_611[7]_i_7/O
                         net (fo=1, routed)           0.186     1.292    control_s_axi_U/int_block_out/b_6_reg_611[7]_i_7_n_0
    SLICE_X30Y71         CARRY8 (Prop_CARRY8_SLICEL_DI[2]_O[3])
                                                      0.134     1.426 r  control_s_axi_U/int_block_out/b_6_reg_611_reg[7]_i_1/O[3]
                         net (fo=4, routed)           0.314     1.740    control_s_axi_U/int_block_out/reg_214_reg[6][3]
    SLICE_X30Y73         LUT3 (Prop_H5LUT_SLICEL_I2_O)
                                                      0.220     1.960 r  control_s_axi_U/int_block_out/trunc_ln11_8_reg_626[6]_i_6/O
                         net (fo=1, routed)           0.213     2.173    control_s_axi_U/int_block_out/trunc_ln11_8_reg_626[6]_i_6_n_0
    SLICE_X30Y69         CARRY8 (Prop_CARRY8_SLICEL_DI[3]_O[5])
                                                      0.268     2.441 r  control_s_axi_U/int_block_out/trunc_ln11_8_reg_626_reg[6]_i_1/O[5]
                         net (fo=2, routed)           0.288     2.729    control_s_axi_U/int_block_out/a_6_reg_581_reg[14][4]
    SLICE_X31Y65         LUT6 (Prop_G6LUT_SLICEM_I0_O)
                                                      0.082     2.811 r  control_s_axi_U/int_block_out/mem_reg_i_51/O
                         net (fo=1, routed)           0.059     2.870    control_s_axi_U/int_block_out/mem_reg_i_51_n_0
    SLICE_X31Y65         LUT6 (Prop_H6LUT_SLICEM_I4_O)
                                                      0.084     2.954 r  control_s_axi_U/int_block_out/mem_reg_i_15__0/O
                         net (fo=2, routed)           0.414     3.368    control_s_axi_U/int_block_out/mem_reg_i_15__0_n_0
    RAMB18_X0Y28         RAMB18E2                                     r  control_s_axi_U/int_block_out/mem_reg/DINBDIN[5]
  -------------------------------------------------------------------    -------------------

                         (clock ap_clk rise edge)     4.500     4.500 r  
                                                      0.000     4.500 r  ap_clk (IN)
                         net (fo=427, unset)          0.049     4.549    control_s_axi_U/int_block_out/ap_clk
    RAMB18_X0Y28         RAMB18E2                                     r  control_s_axi_U/int_block_out/mem_reg/CLKBWRCLK
                         clock pessimism              0.000     4.549    
                         clock uncertainty           -0.035     4.514    
    RAMB18_X0Y28         RAMB18E2 (Setup_RAMB18E2_L_RAMB180_CLKBWRCLK_DINBDIN[5])
                                                     -0.379     4.135    control_s_axi_U/int_block_out/mem_reg
  -------------------------------------------------------------------
                         required time                          4.135    
                         arrival time                          -3.368    
  -------------------------------------------------------------------
                         slack                                  0.766    

Slack (MET) :             0.777ns  (required time - arrival time)
  Source:                 reg_218_reg[1]/C
                            (rising edge-triggered cell FDRE clocked by ap_clk  {rise@0.000ns fall@2.250ns period=4.500ns})
  Destination:            control_s_axi_U/int_block_out/mem_reg/DINADIN[6]
                            (rising edge-triggered cell RAMB18E2 clocked by ap_clk  {rise@0.000ns fall@2.250ns period=4.500ns})
  Path Group:             ap_clk
  Path Type:              Setup (Max at Slow Process Corner)
  Requirement:            4.500ns  (ap_clk rise@4.500ns - ap_clk rise@0.000ns)
  Data Path Delay:        3.296ns  (logic 1.433ns (43.473%)  route 1.863ns (56.527%))
  Logic Levels:           8  (CARRY8=3 LUT2=1 LUT3=2 LUT6=2)
  Clock Path Skew:        0.006ns (DCD - SCD + CPR)
    Destination Clock Delay (DCD):    0.049ns = ( 4.549 - 4.500 ) 
    Source Clock Delay      (SCD):    0.043ns
    Clock Pessimism Removal (CPR):    0.000ns
  Clock Uncertainty:      0.035ns  ((TSJ^2 + TIJ^2)^1/2 + DJ) / 2 + PE
    Total System Jitter     (TSJ):    0.071ns
    Total Input Jitter      (TIJ):    0.000ns
    Discrete Jitter          (DJ):    0.000ns
    Phase Error              (PE):    0.000ns

    Location             Delay type                Incr(ns)  Path(ns)    Netlist Resource(s)
  -------------------------------------------------------------------    -------------------
                         (clock ap_clk rise edge)     0.000     0.000 r  
                                                      0.000     0.000 r  ap_clk (IN)
                         net (fo=427, unset)          0.043     0.043    ap_clk
    SLICE_X32Y70         FDRE                                         r  reg_218_reg[1]/C
  -------------------------------------------------------------------    -------------------
    SLICE_X32Y70         FDRE (Prop_AFF2_SLICEM_C_Q)
                                                      0.118     0.161 r  reg_218_reg[1]/Q
                         net (fo=1, routed)           0.173     0.334    control_s_axi_U/int_block_out/reg_238_reg[15]_0[1]
    SLICE_X31Y71         LUT2 (Prop_B6LUT_SLICEM_I1_O)
                                                      0.137     0.471 r  control_s_axi_U/int_block_out/reg_238[7]_i_8/O
                         net (fo=1, routed)           0.022     0.493    control_s_axi_U/int_block_out/reg_238[7]_i_8_n_0
    SLICE_X31Y71         CARRY8 (Prop_CARRY8_SLICEM_S[1]_O[2])
                                                      0.187     0.680 r  control_s_axi_U/int_block_out/reg_238_reg[7]_i_1/O[2]
                         net (fo=5, routed)           0.201     0.881    control_s_axi_U/int_block_out/O[2]
    SLICE_X29Y71         LUT3 (Prop_B6LUT_SLICEM_I2_O)
                                                      0.225     1.106 r  control_s_axi_U/int_block_out/b_6_reg_611[7]_i_7/O
                         net (fo=1, routed)           0.186     1.292    control_s_axi_U/int_block_out/b_6_reg_611[7]_i_7_n_0
    SLICE_X30Y71         CARRY8 (Prop_CARRY8_SLICEL_DI[2]_O[5])
                                                      0.285     1.577 r  control_s_axi_U/int_block_out/b_6_reg_611_reg[7]_i_1/O[5]
                         net (fo=4, routed)           0.227     1.804    control_s_axi_U/int_block_out/reg_214_reg[6][5]
    SLICE_X30Y73         LUT3 (Prop_C5LUT_SLICEL_I2_O)
                                                      0.219     2.023 r  control_s_axi_U/int_block_out/trunc_ln11_8_reg_626[6]_i_4/O
                         net (fo=1, routed)           0.387     2.410    control_s_axi_U/int_block_out/trunc_ln11_8_reg_626[6]_i_4_n_0
    SLICE_X30Y69         CARRY8 (Prop_CARRY8_SLICEL_DI[5]_O[6])
                                                      0.146     2.556 r  control_s_axi_U/int_block_out/trunc_ln11_8_reg_626_reg[6]_i_1/O[6]
                         net (fo=2, routed)           0.267     2.823    control_s_axi_U/int_block_out/a_6_reg_581_reg[14][5]
    SLICE_X29Y65         LUT6 (Prop_F6LUT_SLICEM_I0_O)
                                                      0.056     2.879 r  control_s_axi_U/int_block_out/mem_reg_i_49/O
                         net (fo=1, routed)           0.098     2.977    control_s_axi_U/int_block_out/mem_reg_i_49_n_0
    SLICE_X29Y66         LUT6 (Prop_H6LUT_SLICEM_I4_O)
                                                      0.060     3.037 r  control_s_axi_U/int_block_out/mem_reg_i_14__0/O
                         net (fo=2, routed)           0.303     3.339    control_s_axi_U/int_block_out/mem_reg_i_14__0_n_0
    RAMB18_X0Y28         RAMB18E2                                     r  control_s_axi_U/int_block_out/mem_reg/DINADIN[6]
  -------------------------------------------------------------------    -------------------

                         (clock ap_clk rise edge)     4.500     4.500 r  
                                                      0.000     4.500 r  ap_clk (IN)
                         net (fo=427, unset)          0.049     4.549    control_s_axi_U/int_block_out/ap_clk
    RAMB18_X0Y28         RAMB18E2                                     r  control_s_axi_U/int_block_out/mem_reg/CLKBWRCLK
                         clock pessimism              0.000     4.549    
                         clock uncertainty           -0.035     4.514    
    RAMB18_X0Y28         RAMB18E2 (Setup_RAMB18E2_L_RAMB180_CLKBWRCLK_DINADIN[6])
                                                     -0.397     4.117    control_s_axi_U/int_block_out/mem_reg
  -------------------------------------------------------------------
                         required time                          4.117    
                         arrival time                          -3.339    
  -------------------------------------------------------------------
                         slack                                  0.777    

Slack (MET) :             0.970ns  (required time - arrival time)
  Source:                 reg_238_reg[0]/C
                            (rising edge-triggered cell FDRE clocked by ap_clk  {rise@0.000ns fall@2.250ns period=4.500ns})
  Destination:            control_s_axi_U/int_block_out/mem_reg/DINBDIN[15]
                            (rising edge-triggered cell RAMB18E2 clocked by ap_clk  {rise@0.000ns fall@2.250ns period=4.500ns})
  Path Group:             ap_clk
  Path Type:              Setup (Max at Slow Process Corner)
  Requirement:            4.500ns  (ap_clk rise@4.500ns - ap_clk rise@0.000ns)
  Data Path Delay:        2.900ns  (logic 1.243ns (42.858%)  route 1.657ns (57.142%))
  Logic Levels:           7  (CARRY8=3 LUT2=1 LUT3=1 LUT5=1 LUT6=1)
  Clock Path Skew:        0.006ns (DCD - SCD + CPR)
    Destination Clock Delay (DCD):    0.049ns = ( 4.549 - 4.500 ) 
    Source Clock Delay      (SCD):    0.043ns
    Clock Pessimism Removal (CPR):    0.000ns
  Clock Uncertainty:      0.035ns  ((TSJ^2 + TIJ^2)^1/2 + DJ) / 2 + PE
    Total System Jitter     (TSJ):    0.071ns
    Total Input Jitter      (TIJ):    0.000ns
    Discrete Jitter          (DJ):    0.000ns
    Phase Error              (PE):    0.000ns

    Location             Delay type                Incr(ns)  Path(ns)    Netlist Resource(s)
  -------------------------------------------------------------------    -------------------
                         (clock ap_clk rise edge)     0.000     0.000 r  
                                                      0.000     0.000 r  ap_clk (IN)
                         net (fo=427, unset)          0.043     0.043    ap_clk
    SLICE_X31Y71         FDRE                                         r  reg_238_reg[0]/C
  -------------------------------------------------------------------    -------------------
    SLICE_X31Y71         FDRE (Prop_AFF_SLICEM_C_Q)
                                                      0.113     0.156 r  reg_238_reg[0]/Q
                         net (fo=5, routed)           0.328     0.484    control_s_axi_U/int_block_out/b_7_reg_631_reg[15]_0[0]
    SLICE_X34Y67         LUT2 (Prop_A6LUT_SLICEM_I1_O)
                                                      0.138     0.622 r  control_s_axi_U/int_block_out/b_7_reg_631[7]_i_9/O
                         net (fo=1, routed)           0.017     0.639    control_s_axi_U/int_block_out/b_7_reg_631[7]_i_9_n_0
    SLICE_X34Y67         CARRY8 (Prop_CARRY8_SLICEM_S[0]_CO[7])
                                                      0.281     0.920 r  control_s_axi_U/int_block_out/b_7_reg_631_reg[7]_i_1/CO[7]
                         net (fo=1, routed)           0.030     0.950    control_s_axi_U/int_block_out/b_7_reg_631_reg[7]_i_1_n_0
    SLICE_X34Y68         CARRY8 (Prop_CARRY8_SLICEM_CI_O[0])
                                                      0.086     1.036 r  control_s_axi_U/int_block_out/b_7_reg_631_reg[15]_i_1/O[0]
                         net (fo=4, routed)           0.277     1.313    control_s_axi_U/int_block_out/a_7_reg_575_reg[14]_0[0]
    SLICE_X33Y65         LUT3 (Prop_B6LUT_SLICEL_I2_O)
                                                      0.083     1.396 r  control_s_axi_U/int_block_out/mem_reg_i_92/O
                         net (fo=1, routed)           0.250     1.646    control_s_axi_U/int_block_out/mem_reg_i_92_n_0
    SLICE_X34Y66         CARRY8 (Prop_CARRY8_SLICEM_DI[0]_O[7])
                                                      0.323     1.969 r  control_s_axi_U/int_block_out/mem_reg_i_77/O[7]
                         net (fo=4, routed)           0.306     2.275    control_s_axi_U/int_block_out/a_7_reg_575_reg[14][14]
    SLICE_X30Y67         LUT5 (Prop_B6LUT_SLICEL_I2_O)
                                                      0.138     2.413 r  control_s_axi_U/int_block_out/mem_reg_i_65/O
                         net (fo=1, routed)           0.103     2.516    control_s_axi_U/int_block_out/mem_reg_i_65_n_0
    SLICE_X30Y67         LUT6 (Prop_D6LUT_SLICEL_I5_O)
                                                      0.081     2.597 r  control_s_axi_U/int_block_out/mem_reg_i_21/O
                         net (fo=1, routed)           0.346     2.943    control_s_axi_U/int_block_out/p_1_in[31]
    RAMB18_X0Y28         RAMB18E2                                     r  control_s_axi_U/int_block_out/mem_reg/DINBDIN[15]
  -------------------------------------------------------------------    -------------------

                         (clock ap_clk rise edge)     4.500     4.500 r  
                                                      0.000     4.500 r  ap_clk (IN)
                         net (fo=427, unset)          0.049     4.549    control_s_axi_U/int_block_out/ap_clk
    RAMB18_X0Y28         RAMB18E2                                     r  control_s_axi_U/int_block_out/mem_reg/CLKBWRCLK
                         clock pessimism              0.000     4.549    
                         clock uncertainty           -0.035     4.514    
    RAMB18_X0Y28         RAMB18E2 (Setup_RAMB18E2_L_RAMB180_CLKBWRCLK_DINBDIN[15])
                                                     -0.600     3.914    control_s_axi_U/int_block_out/mem_reg
  -------------------------------------------------------------------
                         required time                          3.914    
                         arrival time                          -2.943    
  -------------------------------------------------------------------
                         slack                                  0.970    

Slack (MET) :             0.995ns  (required time - arrival time)
  Source:                 reg_238_reg[0]/C
                            (rising edge-triggered cell FDRE clocked by ap_clk  {rise@0.000ns fall@2.250ns period=4.500ns})
  Destination:            control_s_axi_U/int_block_out/mem_reg/DINBDIN[13]
                            (rising edge-triggered cell RAMB18E2 clocked by ap_clk  {rise@0.000ns fall@2.250ns period=4.500ns})
  Path Group:             ap_clk
  Path Type:              Setup (Max at Slow Process Corner)
  Requirement:            4.500ns  (ap_clk rise@4.500ns - ap_clk rise@0.000ns)
  Data Path Delay:        3.095ns  (logic 1.343ns (43.398%)  route 1.752ns (56.602%))
  Logic Levels:           7  (CARRY8=3 LUT2=1 LUT3=1 LUT5=1 LUT6=1)
  Clock Path Skew:        0.006ns (DCD - SCD + CPR)
    Destination Clock Delay (DCD):    0.049ns = ( 4.549 - 4.500 ) 
    Source Clock Delay      (SCD):    0.043ns
    Clock Pessimism Removal (CPR):    0.000ns
  Clock Uncertainty:      0.035ns  ((TSJ^2 + TIJ^2)^1/2 + DJ) / 2 + PE
    Total System Jitter     (TSJ):    0.071ns
    Total Input Jitter      (TIJ):    0.000ns
    Discrete Jitter          (DJ):    0.000ns
    Phase Error              (PE):    0.000ns

    Location             Delay type                Incr(ns)  Path(ns)    Netlist Resource(s)
  -------------------------------------------------------------------    -------------------
                         (clock ap_clk rise edge)     0.000     0.000 r  
                                                      0.000     0.000 r  ap_clk (IN)
                         net (fo=427, unset)          0.043     0.043    ap_clk
    SLICE_X31Y71         FDRE                                         r  reg_238_reg[0]/C
  -------------------------------------------------------------------    -------------------
    SLICE_X31Y71         FDRE (Prop_AFF_SLICEM_C_Q)
                                                      0.113     0.156 r  reg_238_reg[0]/Q
                         net (fo=5, routed)           0.328     0.484    control_s_axi_U/int_block_out/b_7_reg_631_reg[15]_0[0]
    SLICE_X34Y67         LUT2 (Prop_A6LUT_SLICEM_I1_O)
                                                      0.138     0.622 r  control_s_axi_U/int_block_out/b_7_reg_631[7]_i_9/O
                         net (fo=1, routed)           0.017     0.639    control_s_axi_U/int_block_out/b_7_reg_631[7]_i_9_n_0
    SLICE_X34Y67         CARRY8 (Prop_CARRY8_SLICEM_S[0]_CO[7])
                                                      0.281     0.920 r  control_s_axi_U/int_block_out/b_7_reg_631_reg[7]_i_1/CO[7]
                         net (fo=1, routed)           0.030     0.950    control_s_axi_U/int_block_out/b_7_reg_631_reg[7]_i_1_n_0
    SLICE_X34Y68         CARRY8 (Prop_CARRY8_SLICEM_CI_O[0])
                                                      0.086     1.036 r  control_s_axi_U/int_block_out/b_7_reg_631_reg[15]_i_1/O[0]
                         net (fo=4, routed)           0.277     1.313    control_s_axi_U/int_block_out/a_7_reg_575_reg[14]_0[0]
    SLICE_X33Y65         LUT3 (Prop_B6LUT_SLICEL_I2_O)
                                                      0.083     1.396 r  control_s_axi_U/int_block_out/mem_reg_i_92/O
                         net (fo=1, routed)           0.250     1.646    control_s_axi_U/int_block_out/mem_reg_i_92_n_0
    SLICE_X34Y66         CARRY8 (Prop_CARRY8_SLICEM_DI[0]_O[5])
                                                      0.317     1.963 r  control_s_axi_U/int_block_out/mem_reg_i_77/O[5]
                         net (fo=3, routed)           0.572     2.535    control_s_axi_U/int_block_out/a_7_reg_575_reg[14][12]
    SLICE_X28Y71         LUT5 (Prop_E6LUT_SLICEM_I2_O)
                                                      0.187     2.722 r  control_s_axi_U/int_block_out/mem_reg_i_67/O
                         net (fo=1, routed)           0.103     2.825    control_s_axi_U/int_block_out/mem_reg_i_67_n_0
    SLICE_X28Y71         LUT6 (Prop_H6LUT_SLICEM_I5_O)
                                                      0.138     2.963 r  control_s_axi_U/int_block_out/mem_reg_i_23/O
                         net (fo=1, routed)           0.175     3.138    control_s_axi_U/int_block_out/p_1_in[29]
    RAMB18_X0Y28         RAMB18E2                                     r  control_s_axi_U/int_block_out/mem_reg/DINBDIN[13]
  -------------------------------------------------------------------    -------------------

                         (clock ap_clk rise edge)     4.500     4.500 r  
                                                      0.000     4.500 r  ap_clk (IN)
                         net (fo=427, unset)          0.049     4.549    control_s_axi_U/int_block_out/ap_clk
    RAMB18_X0Y28         RAMB18E2                                     r  control_s_axi_U/int_block_out/mem_reg/CLKBWRCLK
                         clock pessimism              0.000     4.549    
                         clock uncertainty           -0.035     4.514    
    RAMB18_X0Y28         RAMB18E2 (Setup_RAMB18E2_L_RAMB180_CLKBWRCLK_DINBDIN[13])
                                                     -0.381     4.133    control_s_axi_U/int_block_out/mem_reg
  -------------------------------------------------------------------
                         required time                          4.133    
                         arrival time                          -3.138    
  -------------------------------------------------------------------
                         slack                                  0.995    

Slack (MET) :             1.023ns  (required time - arrival time)
  Source:                 reg_218_reg[1]/C
                            (rising edge-triggered cell FDRE clocked by ap_clk  {rise@0.000ns fall@2.250ns period=4.500ns})
  Destination:            control_s_axi_U/int_block_out/mem_reg/DINADIN[3]
                            (rising edge-triggered cell RAMB18E2 clocked by ap_clk  {rise@0.000ns fall@2.250ns period=4.500ns})
  Path Group:             ap_clk
  Path Type:              Setup (Max at Slow Process Corner)
  Requirement:            4.500ns  (ap_clk rise@4.500ns - ap_clk rise@0.000ns)
  Data Path Delay:        3.042ns  (logic 1.123ns (36.922%)  route 1.919ns (63.078%))
  Logic Levels:           8  (CARRY8=3 LUT2=1 LUT3=1 LUT5=1 LUT6=2)
  Clock Path Skew:        0.006ns (DCD - SCD + CPR)
    Destination Clock Delay (DCD):    0.049ns = ( 4.549 - 4.500 ) 
    Source Clock Delay      (SCD):    0.043ns
    Clock Pessimism Removal (CPR):    0.000ns
  Clock Uncertainty:      0.035ns  ((TSJ^2 + TIJ^2)^1/2 + DJ) / 2 + PE
    Total System Jitter     (TSJ):    0.071ns
    Total Input Jitter      (TIJ):    0.000ns
    Discrete Jitter          (DJ):    0.000ns
    Phase Error              (PE):    0.000ns

    Location             Delay type                Incr(ns)  Path(ns)    Netlist Resource(s)
  -------------------------------------------------------------------    -------------------
                         (clock ap_clk rise edge)     0.000     0.000 r  
                                                      0.000     0.000 r  ap_clk (IN)
                         net (fo=427, unset)          0.043     0.043    ap_clk
    SLICE_X32Y70         FDRE                                         r  reg_218_reg[1]/C
  -------------------------------------------------------------------    -------------------
    SLICE_X32Y70         FDRE (Prop_AFF2_SLICEM_C_Q)
                                                      0.118     0.161 r  reg_218_reg[1]/Q
                         net (fo=1, routed)           0.173     0.334    control_s_axi_U/int_block_out/reg_238_reg[15]_0[1]
    SLICE_X31Y71         LUT2 (Prop_B6LUT_SLICEM_I1_O)
                                                      0.137     0.471 r  control_s_axi_U/int_block_out/reg_238[7]_i_8/O
                         net (fo=1, routed)           0.022     0.493    control_s_axi_U/int_block_out/reg_238[7]_i_8_n_0
    SLICE_X31Y71         CARRY8 (Prop_CARRY8_SLICEM_S[1]_O[2])
                                                      0.187     0.680 r  control_s_axi_U/int_block_out/reg_238_reg[7]_i_1/O[2]
                         net (fo=5, routed)           0.264     0.944    control_s_axi_U/int_block_out/O[2]
    SLICE_X30Y71         LUT5 (Prop_B6LUT_SLICEL_I2_O)
                                                      0.083     1.027 r  control_s_axi_U/int_block_out/b_6_reg_611[7]_i_15/O
                         net (fo=1, routed)           0.013     1.040    control_s_axi_U/int_block_out/b_6_reg_611[7]_i_15_n_0
    SLICE_X30Y71         CARRY8 (Prop_CARRY8_SLICEL_S[1]_O[2])
                                                      0.183     1.223 r  control_s_axi_U/int_block_out/b_6_reg_611_reg[7]_i_1/O[2]
                         net (fo=4, routed)           0.258     1.481    control_s_axi_U/int_block_out/reg_214_reg[6][2]
    SLICE_X29Y71         LUT3 (Prop_B5LUT_SLICEM_I2_O)
                                                      0.141     1.622 r  control_s_axi_U/int_block_out/trunc_ln11_8_reg_626[6]_i_7/O
                         net (fo=1, routed)           0.387     2.009    control_s_axi_U/int_block_out/trunc_ln11_8_reg_626[6]_i_7_n_0
    SLICE_X30Y69         CARRY8 (Prop_CARRY8_SLICEL_DI[2]_O[3])
                                                      0.134     2.143 r  control_s_axi_U/int_block_out/trunc_ln11_8_reg_626_reg[6]_i_1/O[3]
                         net (fo=2, routed)           0.319     2.462    control_s_axi_U/int_block_out/a_6_reg_581_reg[14][2]
    SLICE_X32Y65         LUT6 (Prop_F6LUT_SLICEM_I0_O)
                                                      0.080     2.542 r  control_s_axi_U/int_block_out/mem_reg_i_55/O
                         net (fo=1, routed)           0.098     2.640    control_s_axi_U/int_block_out/mem_reg_i_55_n_0
    SLICE_X32Y66         LUT6 (Prop_H6LUT_SLICEM_I4_O)
                                                      0.060     2.700 r  control_s_axi_U/int_block_out/mem_reg_i_17__0/O
                         net (fo=2, routed)           0.384     3.085    control_s_axi_U/int_block_out/mem_reg_i_17__0_n_0
    RAMB18_X0Y28         RAMB18E2                                     r  control_s_axi_U/int_block_out/mem_reg/DINADIN[3]
  -------------------------------------------------------------------    -------------------

                         (clock ap_clk rise edge)     4.500     4.500 r  
                                                      0.000     4.500 r  ap_clk (IN)
                         net (fo=427, unset)          0.049     4.549    control_s_axi_U/int_block_out/ap_clk
    RAMB18_X0Y28         RAMB18E2                                     r  control_s_axi_U/int_block_out/mem_reg/CLKBWRCLK
                         clock pessimism              0.000     4.549    
                         clock uncertainty           -0.035     4.514    
    RAMB18_X0Y28         RAMB18E2 (Setup_RAMB18E2_L_RAMB180_CLKBWRCLK_DINADIN[3])
                                                     -0.406     4.108    control_s_axi_U/int_block_out/mem_reg
  -------------------------------------------------------------------
                         required time                          4.108    
                         arrival time                          -3.085    
  -------------------------------------------------------------------
                         slack                                  1.023    

Slack (MET) :             1.030ns  (required time - arrival time)
  Source:                 reg_218_reg[1]/C
                            (rising edge-triggered cell FDRE clocked by ap_clk  {rise@0.000ns fall@2.250ns period=4.500ns})
  Destination:            control_s_axi_U/int_block_out/mem_reg/DINBDIN[3]
                            (rising edge-triggered cell RAMB18E2 clocked by ap_clk  {rise@0.000ns fall@2.250ns period=4.500ns})
  Path Group:             ap_clk
  Path Type:              Setup (Max at Slow Process Corner)
  Requirement:            4.500ns  (ap_clk rise@4.500ns - ap_clk rise@0.000ns)
  Data Path Delay:        3.031ns  (logic 1.123ns (37.056%)  route 1.908ns (62.944%))
  Logic Levels:           8  (CARRY8=3 LUT2=1 LUT3=1 LUT5=1 LUT6=2)
  Clock Path Skew:        0.006ns (DCD - SCD + CPR)
    Destination Clock Delay (DCD):    0.049ns = ( 4.549 - 4.500 ) 
    Source Clock Delay      (SCD):    0.043ns
    Clock Pessimism Removal (CPR):    0.000ns
  Clock Uncertainty:      0.035ns  ((TSJ^2 + TIJ^2)^1/2 + DJ) / 2 + PE
    Total System Jitter     (TSJ):    0.071ns
    Total Input Jitter      (TIJ):    0.000ns
    Discrete Jitter          (DJ):    0.000ns
    Phase Error              (PE):    0.000ns

    Location             Delay type                Incr(ns)  Path(ns)    Netlist Resource(s)
  -------------------------------------------------------------------    -------------------
                         (clock ap_clk rise edge)     0.000     0.000 r  
                                                      0.000     0.000 r  ap_clk (IN)
                         net (fo=427, unset)          0.043     0.043    ap_clk
    SLICE_X32Y70         FDRE                                         r  reg_218_reg[1]/C
  -------------------------------------------------------------------    -------------------
    SLICE_X32Y70         FDRE (Prop_AFF2_SLICEM_C_Q)
                                                      0.118     0.161 r  reg_218_reg[1]/Q
                         net (fo=1, routed)           0.173     0.334    control_s_axi_U/int_block_out/reg_238_reg[15]_0[1]
    SLICE_X31Y71         LUT2 (Prop_B6LUT_SLICEM_I1_O)
                                                      0.137     0.471 r  control_s_axi_U/int_block_out/reg_238[7]_i_8/O
                         net (fo=1, routed)           0.022     0.493    control_s_axi_U/int_block_out/reg_238[7]_i_8_n_0
    SLICE_X31Y71         CARRY8 (Prop_CARRY8_SLICEM_S[1]_O[2])
                                                      0.187     0.680 r  control_s_axi_U/int_block_out/reg_238_reg[7]_i_1/O[2]
                         net (fo=5, routed)           0.264     0.944    control_s_axi_U/int_block_out/O[2]
    SLICE_X30Y71         LUT5 (Prop_B6LUT_SLICEL_I2_O)
                                                      0.083     1.027 r  control_s_axi_U/int_block_out/b_6_reg_611[7]_i_15/O
                         net (fo=1, routed)           0.013     1.040    control_s_axi_U/int_block_out/b_6_reg_611[7]_i_15_n_0
    SLICE_X30Y71         CARRY8 (Prop_CARRY8_SLICEL_S[1]_O[2])
                                                      0.183     1.223 r  control_s_axi_U/int_block_out/b_6_reg_611_reg[7]_i_1/O[2]
                         net (fo=4, routed)           0.258     1.481    control_s_axi_U/int_block_out/reg_214_reg[6][2]
    SLICE_X29Y71         LUT3 (Prop_B5LUT_SLICEM_I2_O)
                                                      0.141     1.622 r  control_s_axi_U/int_block_out/trunc_ln11_8_reg_626[6]_i_7/O
                         net (fo=1, routed)           0.387     2.009    control_s_axi_U/int_block_out/trunc_ln11_8_reg_626[6]_i_7_n_0
    SLICE_X30Y69         CARRY8 (Prop_CARRY8_SLICEL_DI[2]_O[3])
                                                      0.134     2.143 r  control_s_axi_U/int_block_out/trunc_ln11_8_reg_626_reg[6]_i_1/O[3]
                         net (fo=2, routed)           0.319     2.462    control_s_axi_U/int_block_out/a_6_reg_581_reg[14][2]
    SLICE_X32Y65         LUT6 (Prop_F6LUT_SLICEM_I0_O)
                                                      0.080     2.542 r  control_s_axi_U/int_block_out/mem_reg_i_55/O
                         net (fo=1, routed)           0.098     2.640    control_s_axi_U/int_block_out/mem_reg_i_55_n_0
    SLICE_X32Y66         LUT6 (Prop_H6LUT_SLICEM_I4_O)
                                                      0.060     2.700 r  control_s_axi_U/int_block_out/mem_reg_i_17__0/O
                         net (fo=2, routed)           0.373     3.074    control_s_axi_U/int_block_out/mem_reg_i_17__0_n_0
    RAMB18_X0Y28         RAMB18E2                                     r  control_s_axi_U/int_block_out/mem_reg/DINBDIN[3]
  -------------------------------------------------------------------    -------------------

                         (clock ap_clk rise edge)     4.500     4.500 r  
                                                      0.000     4.500 r  ap_clk (IN)
                         net (fo=427, unset)          0.049     4.549    control_s_axi_U/int_block_out/ap_clk
    RAMB18_X0Y28         RAMB18E2                                     r  control_s_axi_U/int_block_out/mem_reg/CLKBWRCLK
                         clock pessimism              0.000     4.549    
                         clock uncertainty           -0.035     4.514    
    RAMB18_X0Y28         RAMB18E2 (Setup_RAMB18E2_L_RAMB180_CLKBWRCLK_DINBDIN[3])
                                                     -0.410     4.104    control_s_axi_U/int_block_out/mem_reg
  -------------------------------------------------------------------
                         required time                          4.104    
                         arrival time                          -3.074    
  -------------------------------------------------------------------
                         slack                                  1.030    





Pulse Width Checks
--------------------------------------------------------------------------------------
Clock Name:         ap_clk
Waveform(ns):       { 0.000 2.250 }
Period(ns):         4.500
Sources:            { ap_clk }

Check Type        Corner  Lib Pin             Reference Pin  Required(ns)  Actual(ns)  Slack(ns)  Location      Pin
Min Period        n/a     RAMB36E2/CLKARDCLK  n/a            1.960         4.500       2.540      RAMB36_X0Y13  control_s_axi_U/int_block_in/mem_reg/CLKARDCLK
Min Period        n/a     RAMB18E2/CLKARDCLK  n/a            1.960         4.500       2.540      RAMB18_X0Y28  control_s_axi_U/int_block_out/mem_reg/CLKARDCLK
Min Period        n/a     RAMB18E2/CLKBWRCLK  n/a            1.960         4.500       2.540      RAMB18_X0Y28  control_s_axi_U/int_block_out/mem_reg/CLKBWRCLK
Min Period        n/a     RAMB36E2/CLKBWRCLK  n/a            1.709         4.500       2.791      RAMB36_X0Y13  control_s_axi_U/int_block_in/mem_reg/CLKBWRCLK
Min Period        n/a     FDRE/C              n/a            0.550         4.500       3.950      SLICE_X32Y70  a_10_reg_587_reg[0]/C
Min Period        n/a     FDRE/C              n/a            0.550         4.500       3.950      SLICE_X29Y74  a_10_reg_587_reg[10]/C
Min Period        n/a     FDRE/C              n/a            0.550         4.500       3.950      SLICE_X29Y74  a_10_reg_587_reg[11]/C
Min Period        n/a     FDRE/C              n/a            0.550         4.500       3.950      SLICE_X29Y74  a_10_reg_587_reg[12]/C
Min Period        n/a     FDRE/C              n/a            0.550         4.500       3.950      SLICE_X29Y74  a_10_reg_587_reg[13]/C
Min Period        n/a     FDRE/C              n/a            0.550         4.500       3.950      SLICE_X29Y74  a_10_reg_587_reg[14]/C
Min Period        n/a     FDRE/C              n/a            0.550         4.500       3.950      SLICE_X29Y74  a_10_reg_587_reg[15]/C
Min Period        n/a     FDRE/C              n/a            0.550         4.500       3.950      SLICE_X32Y70  a_10_reg_587_reg[1]/C
Min Period        n/a     FDRE/C              n/a            0.550         4.500       3.950      SLICE_X28Y72  a_10_reg_587_reg[2]/C
Min Period        n/a     FDRE/C              n/a            0.550         4.500       3.950      SLICE_X28Y72  a_10_reg_587_reg[3]/C
Min Period        n/a     FDRE/C              n/a            0.550         4.500       3.950      SLICE_X32Y70  a_10_reg_587_reg[4]/C
Min Period        n/a     FDRE/C              n/a            0.550         4.500       3.950      SLICE_X28Y72  a_10_reg_587_reg[5]/C
Min Period        n/a     FDRE/C              n/a            0.550         4.500       3.950      SLICE_X28Y72  a_10_reg_587_reg[6]/C
Min Period        n/a     FDRE/C              n/a            0.550         4.500       3.950      SLICE_X28Y72  a_10_reg_587_reg[7]/C
Min Period        n/a     FDRE/C              n/a            0.550         4.500       3.950      SLICE_X29Y74  a_10_reg_587_reg[8]/C
Min Period        n/a     FDRE/C              n/a            0.550         4.500       3.950      SLICE_X32Y70  a_10_reg_587_reg[9]/C
Low Pulse Width   Slow    RAMB36E2/CLKARDCLK  n/a            0.577         2.250       1.673      RAMB36_X0Y13  control_s_axi_U/int_block_in/mem_reg/CLKARDCLK
Low Pulse Width   Fast    RAMB36E2/CLKARDCLK  n/a            0.577         2.250       1.673      RAMB36_X0Y13  control_s_axi_U/int_block_in/mem_reg/CLKARDCLK
Low Pulse Width   Slow    RAMB36E2/CLKBWRCLK  n/a            0.577         2.250       1.673      RAMB36_X0Y13  control_s_axi_U/int_block_in/mem_reg/CLKBWRCLK
Low Pulse Width   Fast    RAMB36E2/CLKBWRCLK  n/a            0.577         2.250       1.673      RAMB36_X0Y13  control_s_axi_U/int_block_in/mem_reg/CLKBWRCLK
Low Pulse Width   Slow    RAMB18E2/CLKARDCLK  n/a            0.577         2.250       1.673      RAMB18_X0Y28  control_s_axi_U/int_block_out/mem_reg/CLKARDCLK
Low Pulse Width   Fast    RAMB18E2/CLKARDCLK  n/a            0.577         2.250       1.673      RAMB18_X0Y28  control_s_axi_U/int_block_out/mem_reg/CLKARDCLK
Low Pulse Width   Slow    RAMB18E2/CLKBWRCLK  n/a            0.577         2.250       1.673      RAMB18_X0Y28  control_s_axi_U/int_block_out/mem_reg/CLKBWRCLK
Low Pulse Width   Fast    RAMB18E2/CLKBWRCLK  n/a            0.577         2.250       1.673      RAMB18_X0Y28  control_s_axi_U/int_block_out/mem_reg/CLKBWRCLK
Low Pulse Width   Slow    FDRE/C              n/a            0.275         2.250       1.975      SLICE_X32Y70  a_10_reg_587_reg[0]/C
Low Pulse Width   Fast    FDRE/C              n/a            0.275         2.250       1.975      SLICE_X32Y70  a_10_reg_587_reg[0]/C
Low Pulse Width   Slow    FDRE/C              n/a            0.275         2.250       1.975      SLICE_X29Y74  a_10_reg_587_reg[10]/C
Low Pulse Width   Fast    FDRE/C              n/a            0.275         2.250       1.975      SLICE_X29Y74  a_10_reg_587_reg[10]/C
Low Pulse Width   Slow    FDRE/C              n/a            0.275         2.250       1.975      SLICE_X29Y74  a_10_reg_587_reg[11]/C
Low Pulse Width   Fast    FDRE/C              n/a            0.275         2.250       1.975      SLICE_X29Y74  a_10_reg_587_reg[11]/C
Low Pulse Width   Slow    FDRE/C              n/a            0.275         2.250       1.975      SLICE_X29Y74  a_10_reg_587_reg[12]/C
Low Pulse Width   Fast    FDRE/C              n/a            0.275         2.250       1.975      SLICE_X29Y74  a_10_reg_587_reg[12]/C
Low Pulse Width   Slow    FDRE/C              n/a            0.275         2.250       1.975      SLICE_X29Y74  a_10_reg_587_reg[13]/C
Low Pulse Width   Fast    FDRE/C              n/a            0.275         2.250       1.975      SLICE_X29Y74  a_10_reg_587_reg[13]/C
Low Pulse Width   Slow    FDRE/C              n/a            0.275         2.250       1.975      SLICE_X29Y74  a_10_reg_587_reg[14]/C
Low Pulse Width   Fast    FDRE/C              n/a            0.275         2.250       1.975      SLICE_X29Y74  a_10_reg_587_reg[14]/C
High Pulse Width  Slow    RAMB36E2/CLKARDCLK  n/a            0.577         2.250       1.673      RAMB36_X0Y13  control_s_axi_U/int_block_in/mem_reg/CLKARDCLK
High Pulse Width  Fast    RAMB36E2/CLKARDCLK  n/a            0.577         2.250       1.673      RAMB36_X0Y13  control_s_axi_U/int_block_in/mem_reg/CLKARDCLK
High Pulse Width  Slow    RAMB36E2/CLKBWRCLK  n/a            0.577         2.250       1.673      RAMB36_X0Y13  control_s_axi_U/int_block_in/mem_reg/CLKBWRCLK
High Pulse Width  Fast    RAMB36E2/CLKBWRCLK  n/a            0.577         2.250       1.673      RAMB36_X0Y13  control_s_axi_U/int_block_in/mem_reg/CLKBWRCLK
High Pulse Width  Slow    RAMB18E2/CLKARDCLK  n/a            0.577         2.250       1.673      RAMB18_X0Y28  control_s_axi_U/int_block_out/mem_reg/CLKARDCLK
High Pulse Width  Fast    RAMB18E2/CLKARDCLK  n/a            0.577         2.250       1.673      RAMB18_X0Y28  control_s_axi_U/int_block_out/mem_reg/CLKARDCLK
High Pulse Width  Slow    RAMB18E2/CLKBWRCLK  n/a            0.577         2.250       1.673      RAMB18_X0Y28  control_s_axi_U/int_block_out/mem_reg/CLKBWRCLK
High Pulse Width  Fast    RAMB18E2/CLKBWRCLK  n/a            0.577         2.250       1.673      RAMB18_X0Y28  control_s_axi_U/int_block_out/mem_reg/CLKBWRCLK
High Pulse Width  Slow    FDRE/C              n/a            0.275         2.250       1.975      SLICE_X32Y70  a_10_reg_587_reg[0]/C
High Pulse Width  Fast    FDRE/C              n/a            0.275         2.250       1.975      SLICE_X32Y70  a_10_reg_587_reg[0]/C
High Pulse Width  Slow    FDRE/C              n/a            0.275         2.250       1.975      SLICE_X29Y74  a_10_reg_587_reg[10]/C
High Pulse Width  Fast    FDRE/C              n/a            0.275         2.250       1.975      SLICE_X29Y74  a_10_reg_587_reg[10]/C
High Pulse Width  Slow    FDRE/C              n/a            0.275         2.250       1.975      SLICE_X29Y74  a_10_reg_587_reg[11]/C
High Pulse Width  Fast    FDRE/C              n/a            0.275         2.250       1.975      SLICE_X29Y74  a_10_reg_587_reg[11]/C
High Pulse Width  Slow    FDRE/C              n/a            0.275         2.250       1.975      SLICE_X29Y74  a_10_reg_587_reg[12]/C
High Pulse Width  Fast    FDRE/C              n/a            0.275         2.250       1.975      SLICE_X29Y74  a_10_reg_587_reg[12]/C
High Pulse Width  Slow    FDRE/C              n/a            0.275         2.250       1.975      SLICE_X29Y74  a_10_reg_587_reg[13]/C
High Pulse Width  Fast    FDRE/C              n/a            0.275         2.250       1.975      SLICE_X29Y74  a_10_reg_587_reg[13]/C
High Pulse Width  Slow    FDRE/C              n/a            0.275         2.250       1.975      SLICE_X29Y74  a_10_reg_587_reg[14]/C
High Pulse Width  Fast    FDRE/C              n/a            0.275         2.250       1.975      SLICE_X29Y74  a_10_reg_587_reg[14]/C



