Copyright 1986-2022 Xilinx, Inc. All Rights Reserved. Copyright 2022-2024 Advanced Micro Devices, Inc. All Rights Reserved.
---------------------------------------------------------------------------------------------------------------------------------------------------------------------------------------------------------
| Tool Version : Vivado v.2024.1 (lin64) Build 5076996 Wed May 22 18:36:09 MDT 2024
| Date         : Thu Aug  6 02:54:40 2026
| Host         : linux running 64-bit Ubuntu 22.04.5 LTS
| Command      : report_methodology -file ${PROJECT_ROOT}/ProyectoFinal/HLS/reports/main_forward/post_route/methodology_post_route.rpt
| Design       : wht_lossless_core
| Device       : xck26-sfvc784-2LV-c
| Speed File   : -2LV
| Design State : Fully Routed
---------------------------------------------------------------------------------------------------------------------------------------------------------------------------------------------------------

Report Methodology

Table of Contents
-----------------
1. REPORT SUMMARY
2. REPORT DETAILS

1. REPORT SUMMARY
-----------------
            Netlist: wht_lossless_core
          Floorplan: design_1
      Design limits: <entire design considered>
             Max violations: <unlimited>
             Violations found: 520
+-----------+----------+-------------------------------+------------+
| Rule      | Severity | Description                   | Violations |
+-----------+----------+-------------------------------+------------+
| TIMING-18 | Warning  | Missing input or output delay | 520        |
+-----------+----------+-------------------------------+------------+

2. REPORT DETAILS
-----------------
TIMING-18#1 Warning
Missing input or output delay  
An input delay is missing on ap_rst_n relative to the rising and/or falling clock edge(s) of ap_clk.
Related violations: <none>

TIMING-18#2 Warning
Missing input or output delay  
An input delay is missing on m_axi_gmem_ARREADY relative to the rising and/or falling clock edge(s) of ap_clk.
Related violations: <none>

TIMING-18#3 Warning
Missing input or output delay  
An input delay is missing on m_axi_gmem_AWREADY relative to the rising and/or falling clock edge(s) of ap_clk.
Related violations: <none>

TIMING-18#4 Warning
Missing input or output delay  
An input delay is missing on m_axi_gmem_BVALID relative to the rising and/or falling clock edge(s) of ap_clk.
Related violations: <none>

TIMING-18#5 Warning
Missing input or output delay  
An input delay is missing on m_axi_gmem_RDATA[0] relative to the rising and/or falling clock edge(s) of ap_clk.
Related violations: <none>

TIMING-18#6 Warning
Missing input or output delay  
An input delay is missing on m_axi_gmem_RDATA[100] relative to the rising and/or falling clock edge(s) of ap_clk.
Related violations: <none>

TIMING-18#7 Warning
Missing input or output delay  
An input delay is missing on m_axi_gmem_RDATA[101] relative to the rising and/or falling clock edge(s) of ap_clk.
Related violations: <none>

TIMING-18#8 Warning
Missing input or output delay  
An input delay is missing on m_axi_gmem_RDATA[102] relative to the rising and/or falling clock edge(s) of ap_clk.
Related violations: <none>

TIMING-18#9 Warning
Missing input or output delay  
An input delay is missing on m_axi_gmem_RDATA[103] relative to the rising and/or falling clock edge(s) of ap_clk.
Related violations: <none>

TIMING-18#10 Warning
Missing input or output delay  
An input delay is missing on m_axi_gmem_RDATA[104] relative to the rising and/or falling clock edge(s) of ap_clk.
Related violations: <none>

TIMING-18#11 Warning
Missing input or output delay  
An input delay is missing on m_axi_gmem_RDATA[105] relative to the rising and/or falling clock edge(s) of ap_clk.
Related violations: <none>

TIMING-18#12 Warning
Missing input or output delay  
An input delay is missing on m_axi_gmem_RDATA[106] relative to the rising and/or falling clock edge(s) of ap_clk.
Related violations: <none>

TIMING-18#13 Warning
Missing input or output delay  
An input delay is missing on m_axi_gmem_RDATA[107] relative to the rising and/or falling clock edge(s) of ap_clk.
Related violations: <none>

TIMING-18#14 Warning
Missing input or output delay  
An input delay is missing on m_axi_gmem_RDATA[108] relative to the rising and/or falling clock edge(s) of ap_clk.
Related violations: <none>

TIMING-18#15 Warning
Missing input or output delay  
An input delay is missing on m_axi_gmem_RDATA[109] relative to the rising and/or falling clock edge(s) of ap_clk.
Related violations: <none>

TIMING-18#16 Warning
Missing input or output delay  
An input delay is missing on m_axi_gmem_RDATA[10] relative to the rising and/or falling clock edge(s) of ap_clk.
Related violations: <none>

TIMING-18#17 Warning
Missing input or output delay  
An input delay is missing on m_axi_gmem_RDATA[110] relative to the rising and/or falling clock edge(s) of ap_clk.
Related violations: <none>

TIMING-18#18 Warning
Missing input or output delay  
An input delay is missing on m_axi_gmem_RDATA[111] relative to the rising and/or falling clock edge(s) of ap_clk.
Related violations: <none>

TIMING-18#19 Warning
Missing input or output delay  
An input delay is missing on m_axi_gmem_RDATA[112] relative to the rising and/or falling clock edge(s) of ap_clk.
Related violations: <none>

TIMING-18#20 Warning
Missing input or output delay  
An input delay is missing on m_axi_gmem_RDATA[113] relative to the rising and/or falling clock edge(s) of ap_clk.
Related violations: <none>

TIMING-18#21 Warning
Missing input or output delay  
An input delay is missing on m_axi_gmem_RDATA[114] relative to the rising and/or falling clock edge(s) of ap_clk.
Related violations: <none>

TIMING-18#22 Warning
Missing input or output delay  
An input delay is missing on m_axi_gmem_RDATA[115] relative to the rising and/or falling clock edge(s) of ap_clk.
Related violations: <none>

TIMING-18#23 Warning
Missing input or output delay  
An input delay is missing on m_axi_gmem_RDATA[116] relative to the rising and/or falling clock edge(s) of ap_clk.
Related violations: <none>

TIMING-18#24 Warning
Missing input or output delay  
An input delay is missing on m_axi_gmem_RDATA[117] relative to the rising and/or falling clock edge(s) of ap_clk.
Related violations: <none>

TIMING-18#25 Warning
Missing input or output delay  
An input delay is missing on m_axi_gmem_RDATA[118] relative to the rising and/or falling clock edge(s) of ap_clk.
Related violations: <none>

TIMING-18#26 Warning
Missing input or output delay  
An input delay is missing on m_axi_gmem_RDATA[119] relative to the rising and/or falling clock edge(s) of ap_clk.
Related violations: <none>

TIMING-18#27 Warning
Missing input or output delay  
An input delay is missing on m_axi_gmem_RDATA[11] relative to the rising and/or falling clock edge(s) of ap_clk.
Related violations: <none>

TIMING-18#28 Warning
Missing input or output delay  
An input delay is missing on m_axi_gmem_RDATA[120] relative to the rising and/or falling clock edge(s) of ap_clk.
Related violations: <none>

TIMING-18#29 Warning
Missing input or output delay  
An input delay is missing on m_axi_gmem_RDATA[121] relative to the rising and/or falling clock edge(s) of ap_clk.
Related violations: <none>

TIMING-18#30 Warning
Missing input or output delay  
An input delay is missing on m_axi_gmem_RDATA[122] relative to the rising and/or falling clock edge(s) of ap_clk.
Related violations: <none>

TIMING-18#31 Warning
Missing input or output delay  
An input delay is missing on m_axi_gmem_RDATA[123] relative to the rising and/or falling clock edge(s) of ap_clk.
Related violations: <none>

TIMING-18#32 Warning
Missing input or output delay  
An input delay is missing on m_axi_gmem_RDATA[124] relative to the rising and/or falling clock edge(s) of ap_clk.
Related violations: <none>

TIMING-18#33 Warning
Missing input or output delay  
An input delay is missing on m_axi_gmem_RDATA[125] relative to the rising and/or falling clock edge(s) of ap_clk.
Related violations: <none>

TIMING-18#34 Warning
Missing input or output delay  
An input delay is missing on m_axi_gmem_RDATA[126] relative to the rising and/or falling clock edge(s) of ap_clk.
Related violations: <none>

TIMING-18#35 Warning
Missing input or output delay  
An input delay is missing on m_axi_gmem_RDATA[127] relative to the rising and/or falling clock edge(s) of ap_clk.
Related violations: <none>

TIMING-18#36 Warning
Missing input or output delay  
An input delay is missing on m_axi_gmem_RDATA[12] relative to the rising and/or falling clock edge(s) of ap_clk.
Related violations: <none>

TIMING-18#37 Warning
Missing input or output delay  
An input delay is missing on m_axi_gmem_RDATA[13] relative to the rising and/or falling clock edge(s) of ap_clk.
Related violations: <none>

TIMING-18#38 Warning
Missing input or output delay  
An input delay is missing on m_axi_gmem_RDATA[14] relative to the rising and/or falling clock edge(s) of ap_clk.
Related violations: <none>

TIMING-18#39 Warning
Missing input or output delay  
An input delay is missing on m_axi_gmem_RDATA[15] relative to the rising and/or falling clock edge(s) of ap_clk.
Related violations: <none>

TIMING-18#40 Warning
Missing input or output delay  
An input delay is missing on m_axi_gmem_RDATA[16] relative to the rising and/or falling clock edge(s) of ap_clk.
Related violations: <none>

TIMING-18#41 Warning
Missing input or output delay  
An input delay is missing on m_axi_gmem_RDATA[17] relative to the rising and/or falling clock edge(s) of ap_clk.
Related violations: <none>

TIMING-18#42 Warning
Missing input or output delay  
An input delay is missing on m_axi_gmem_RDATA[18] relative to the rising and/or falling clock edge(s) of ap_clk.
Related violations: <none>

TIMING-18#43 Warning
Missing input or output delay  
An input delay is missing on m_axi_gmem_RDATA[19] relative to the rising and/or falling clock edge(s) of ap_clk.
Related violations: <none>

TIMING-18#44 Warning
Missing input or output delay  
An input delay is missing on m_axi_gmem_RDATA[1] relative to the rising and/or falling clock edge(s) of ap_clk.
Related violations: <none>

TIMING-18#45 Warning
Missing input or output delay  
An input delay is missing on m_axi_gmem_RDATA[20] relative to the rising and/or falling clock edge(s) of ap_clk.
Related violations: <none>

TIMING-18#46 Warning
Missing input or output delay  
An input delay is missing on m_axi_gmem_RDATA[21] relative to the rising and/or falling clock edge(s) of ap_clk.
Related violations: <none>

TIMING-18#47 Warning
Missing input or output delay  
An input delay is missing on m_axi_gmem_RDATA[22] relative to the rising and/or falling clock edge(s) of ap_clk.
Related violations: <none>

TIMING-18#48 Warning
Missing input or output delay  
An input delay is missing on m_axi_gmem_RDATA[23] relative to the rising and/or falling clock edge(s) of ap_clk.
Related violations: <none>

TIMING-18#49 Warning
Missing input or output delay  
An input delay is missing on m_axi_gmem_RDATA[24] relative to the rising and/or falling clock edge(s) of ap_clk.
Related violations: <none>

TIMING-18#50 Warning
Missing input or output delay  
An input delay is missing on m_axi_gmem_RDATA[25] relative to the rising and/or falling clock edge(s) of ap_clk.
Related violations: <none>

TIMING-18#51 Warning
Missing input or output delay  
An input delay is missing on m_axi_gmem_RDATA[26] relative to the rising and/or falling clock edge(s) of ap_clk.
Related violations: <none>

TIMING-18#52 Warning
Missing input or output delay  
An input delay is missing on m_axi_gmem_RDATA[27] relative to the rising and/or falling clock edge(s) of ap_clk.
Related violations: <none>

TIMING-18#53 Warning
Missing input or output delay  
An input delay is missing on m_axi_gmem_RDATA[28] relative to the rising and/or falling clock edge(s) of ap_clk.
Related violations: <none>

TIMING-18#54 Warning
Missing input or output delay  
An input delay is missing on m_axi_gmem_RDATA[29] relative to the rising and/or falling clock edge(s) of ap_clk.
Related violations: <none>

TIMING-18#55 Warning
Missing input or output delay  
An input delay is missing on m_axi_gmem_RDATA[2] relative to the rising and/or falling clock edge(s) of ap_clk.
Related violations: <none>

TIMING-18#56 Warning
Missing input or output delay  
An input delay is missing on m_axi_gmem_RDATA[30] relative to the rising and/or falling clock edge(s) of ap_clk.
Related violations: <none>

TIMING-18#57 Warning
Missing input or output delay  
An input delay is missing on m_axi_gmem_RDATA[31] relative to the rising and/or falling clock edge(s) of ap_clk.
Related violations: <none>

TIMING-18#58 Warning
Missing input or output delay  
An input delay is missing on m_axi_gmem_RDATA[32] relative to the rising and/or falling clock edge(s) of ap_clk.
Related violations: <none>

TIMING-18#59 Warning
Missing input or output delay  
An input delay is missing on m_axi_gmem_RDATA[33] relative to the rising and/or falling clock edge(s) of ap_clk.
Related violations: <none>

TIMING-18#60 Warning
Missing input or output delay  
An input delay is missing on m_axi_gmem_RDATA[34] relative to the rising and/or falling clock edge(s) of ap_clk.
Related violations: <none>

TIMING-18#61 Warning
Missing input or output delay  
An input delay is missing on m_axi_gmem_RDATA[35] relative to the rising and/or falling clock edge(s) of ap_clk.
Related violations: <none>

TIMING-18#62 Warning
Missing input or output delay  
An input delay is missing on m_axi_gmem_RDATA[36] relative to the rising and/or falling clock edge(s) of ap_clk.
Related violations: <none>

TIMING-18#63 Warning
Missing input or output delay  
An input delay is missing on m_axi_gmem_RDATA[37] relative to the rising and/or falling clock edge(s) of ap_clk.
Related violations: <none>

TIMING-18#64 Warning
Missing input or output delay  
An input delay is missing on m_axi_gmem_RDATA[38] relative to the rising and/or falling clock edge(s) of ap_clk.
Related violations: <none>

TIMING-18#65 Warning
Missing input or output delay  
An input delay is missing on m_axi_gmem_RDATA[39] relative to the rising and/or falling clock edge(s) of ap_clk.
Related violations: <none>

TIMING-18#66 Warning
Missing input or output delay  
An input delay is missing on m_axi_gmem_RDATA[3] relative to the rising and/or falling clock edge(s) of ap_clk.
Related violations: <none>

TIMING-18#67 Warning
Missing input or output delay  
An input delay is missing on m_axi_gmem_RDATA[40] relative to the rising and/or falling clock edge(s) of ap_clk.
Related violations: <none>

TIMING-18#68 Warning
Missing input or output delay  
An input delay is missing on m_axi_gmem_RDATA[41] relative to the rising and/or falling clock edge(s) of ap_clk.
Related violations: <none>

TIMING-18#69 Warning
Missing input or output delay  
An input delay is missing on m_axi_gmem_RDATA[42] relative to the rising and/or falling clock edge(s) of ap_clk.
Related violations: <none>

TIMING-18#70 Warning
Missing input or output delay  
An input delay is missing on m_axi_gmem_RDATA[43] relative to the rising and/or falling clock edge(s) of ap_clk.
Related violations: <none>

TIMING-18#71 Warning
Missing input or output delay  
An input delay is missing on m_axi_gmem_RDATA[44] relative to the rising and/or falling clock edge(s) of ap_clk.
Related violations: <none>

TIMING-18#72 Warning
Missing input or output delay  
An input delay is missing on m_axi_gmem_RDATA[45] relative to the rising and/or falling clock edge(s) of ap_clk.
Related violations: <none>

TIMING-18#73 Warning
Missing input or output delay  
An input delay is missing on m_axi_gmem_RDATA[46] relative to the rising and/or falling clock edge(s) of ap_clk.
Related violations: <none>

TIMING-18#74 Warning
Missing input or output delay  
An input delay is missing on m_axi_gmem_RDATA[47] relative to the rising and/or falling clock edge(s) of ap_clk.
Related violations: <none>

TIMING-18#75 Warning
Missing input or output delay  
An input delay is missing on m_axi_gmem_RDATA[48] relative to the rising and/or falling clock edge(s) of ap_clk.
Related violations: <none>

TIMING-18#76 Warning
Missing input or output delay  
An input delay is missing on m_axi_gmem_RDATA[49] relative to the rising and/or falling clock edge(s) of ap_clk.
Related violations: <none>

TIMING-18#77 Warning
Missing input or output delay  
An input delay is missing on m_axi_gmem_RDATA[4] relative to the rising and/or falling clock edge(s) of ap_clk.
Related violations: <none>

TIMING-18#78 Warning
Missing input or output delay  
An input delay is missing on m_axi_gmem_RDATA[50] relative to the rising and/or falling clock edge(s) of ap_clk.
Related violations: <none>

TIMING-18#79 Warning
Missing input or output delay  
An input delay is missing on m_axi_gmem_RDATA[51] relative to the rising and/or falling clock edge(s) of ap_clk.
Related violations: <none>

TIMING-18#80 Warning
Missing input or output delay  
An input delay is missing on m_axi_gmem_RDATA[52] relative to the rising and/or falling clock edge(s) of ap_clk.
Related violations: <none>

TIMING-18#81 Warning
Missing input or output delay  
An input delay is missing on m_axi_gmem_RDATA[53] relative to the rising and/or falling clock edge(s) of ap_clk.
Related violations: <none>

TIMING-18#82 Warning
Missing input or output delay  
An input delay is missing on m_axi_gmem_RDATA[54] relative to the rising and/or falling clock edge(s) of ap_clk.
Related violations: <none>

TIMING-18#83 Warning
Missing input or output delay  
An input delay is missing on m_axi_gmem_RDATA[55] relative to the rising and/or falling clock edge(s) of ap_clk.
Related violations: <none>

TIMING-18#84 Warning
Missing input or output delay  
An input delay is missing on m_axi_gmem_RDATA[56] relative to the rising and/or falling clock edge(s) of ap_clk.
Related violations: <none>

TIMING-18#85 Warning
Missing input or output delay  
An input delay is missing on m_axi_gmem_RDATA[57] relative to the rising and/or falling clock edge(s) of ap_clk.
Related violations: <none>

TIMING-18#86 Warning
Missing input or output delay  
An input delay is missing on m_axi_gmem_RDATA[58] relative to the rising and/or falling clock edge(s) of ap_clk.
Related violations: <none>

TIMING-18#87 Warning
Missing input or output delay  
An input delay is missing on m_axi_gmem_RDATA[59] relative to the rising and/or falling clock edge(s) of ap_clk.
Related violations: <none>

TIMING-18#88 Warning
Missing input or output delay  
An input delay is missing on m_axi_gmem_RDATA[5] relative to the rising and/or falling clock edge(s) of ap_clk.
Related violations: <none>

TIMING-18#89 Warning
Missing input or output delay  
An input delay is missing on m_axi_gmem_RDATA[60] relative to the rising and/or falling clock edge(s) of ap_clk.
Related violations: <none>

TIMING-18#90 Warning
Missing input or output delay  
An input delay is missing on m_axi_gmem_RDATA[61] relative to the rising and/or falling clock edge(s) of ap_clk.
Related violations: <none>

TIMING-18#91 Warning
Missing input or output delay  
An input delay is missing on m_axi_gmem_RDATA[62] relative to the rising and/or falling clock edge(s) of ap_clk.
Related violations: <none>

TIMING-18#92 Warning
Missing input or output delay  
An input delay is missing on m_axi_gmem_RDATA[63] relative to the rising and/or falling clock edge(s) of ap_clk.
Related violations: <none>

TIMING-18#93 Warning
Missing input or output delay  
An input delay is missing on m_axi_gmem_RDATA[64] relative to the rising and/or falling clock edge(s) of ap_clk.
Related violations: <none>

TIMING-18#94 Warning
Missing input or output delay  
An input delay is missing on m_axi_gmem_RDATA[65] relative to the rising and/or falling clock edge(s) of ap_clk.
Related violations: <none>

TIMING-18#95 Warning
Missing input or output delay  
An input delay is missing on m_axi_gmem_RDATA[66] relative to the rising and/or falling clock edge(s) of ap_clk.
Related violations: <none>

TIMING-18#96 Warning
Missing input or output delay  
An input delay is missing on m_axi_gmem_RDATA[67] relative to the rising and/or falling clock edge(s) of ap_clk.
Related violations: <none>

TIMING-18#97 Warning
Missing input or output delay  
An input delay is missing on m_axi_gmem_RDATA[68] relative to the rising and/or falling clock edge(s) of ap_clk.
Related violations: <none>

TIMING-18#98 Warning
Missing input or output delay  
An input delay is missing on m_axi_gmem_RDATA[69] relative to the rising and/or falling clock edge(s) of ap_clk.
Related violations: <none>

TIMING-18#99 Warning
Missing input or output delay  
An input delay is missing on m_axi_gmem_RDATA[6] relative to the rising and/or falling clock edge(s) of ap_clk.
Related violations: <none>

TIMING-18#100 Warning
Missing input or output delay  
An input delay is missing on m_axi_gmem_RDATA[70] relative to the rising and/or falling clock edge(s) of ap_clk.
Related violations: <none>

TIMING-18#101 Warning
Missing input or output delay  
An input delay is missing on m_axi_gmem_RDATA[71] relative to the rising and/or falling clock edge(s) of ap_clk.
Related violations: <none>

TIMING-18#102 Warning
Missing input or output delay  
An input delay is missing on m_axi_gmem_RDATA[72] relative to the rising and/or falling clock edge(s) of ap_clk.
Related violations: <none>

TIMING-18#103 Warning
Missing input or output delay  
An input delay is missing on m_axi_gmem_RDATA[73] relative to the rising and/or falling clock edge(s) of ap_clk.
Related violations: <none>

TIMING-18#104 Warning
Missing input or output delay  
An input delay is missing on m_axi_gmem_RDATA[74] relative to the rising and/or falling clock edge(s) of ap_clk.
Related violations: <none>

TIMING-18#105 Warning
Missing input or output delay  
An input delay is missing on m_axi_gmem_RDATA[75] relative to the rising and/or falling clock edge(s) of ap_clk.
Related violations: <none>

TIMING-18#106 Warning
Missing input or output delay  
An input delay is missing on m_axi_gmem_RDATA[76] relative to the rising and/or falling clock edge(s) of ap_clk.
Related violations: <none>

TIMING-18#107 Warning
Missing input or output delay  
An input delay is missing on m_axi_gmem_RDATA[77] relative to the rising and/or falling clock edge(s) of ap_clk.
Related violations: <none>

TIMING-18#108 Warning
Missing input or output delay  
An input delay is missing on m_axi_gmem_RDATA[78] relative to the rising and/or falling clock edge(s) of ap_clk.
Related violations: <none>

TIMING-18#109 Warning
Missing input or output delay  
An input delay is missing on m_axi_gmem_RDATA[79] relative to the rising and/or falling clock edge(s) of ap_clk.
Related violations: <none>

TIMING-18#110 Warning
Missing input or output delay  
An input delay is missing on m_axi_gmem_RDATA[7] relative to the rising and/or falling clock edge(s) of ap_clk.
Related violations: <none>

TIMING-18#111 Warning
Missing input or output delay  
An input delay is missing on m_axi_gmem_RDATA[80] relative to the rising and/or falling clock edge(s) of ap_clk.
Related violations: <none>

TIMING-18#112 Warning
Missing input or output delay  
An input delay is missing on m_axi_gmem_RDATA[81] relative to the rising and/or falling clock edge(s) of ap_clk.
Related violations: <none>

TIMING-18#113 Warning
Missing input or output delay  
An input delay is missing on m_axi_gmem_RDATA[82] relative to the rising and/or falling clock edge(s) of ap_clk.
Related violations: <none>

TIMING-18#114 Warning
Missing input or output delay  
An input delay is missing on m_axi_gmem_RDATA[83] relative to the rising and/or falling clock edge(s) of ap_clk.
Related violations: <none>

TIMING-18#115 Warning
Missing input or output delay  
An input delay is missing on m_axi_gmem_RDATA[84] relative to the rising and/or falling clock edge(s) of ap_clk.
Related violations: <none>

TIMING-18#116 Warning
Missing input or output delay  
An input delay is missing on m_axi_gmem_RDATA[85] relative to the rising and/or falling clock edge(s) of ap_clk.
Related violations: <none>

TIMING-18#117 Warning
Missing input or output delay  
An input delay is missing on m_axi_gmem_RDATA[86] relative to the rising and/or falling clock edge(s) of ap_clk.
Related violations: <none>

TIMING-18#118 Warning
Missing input or output delay  
An input delay is missing on m_axi_gmem_RDATA[87] relative to the rising and/or falling clock edge(s) of ap_clk.
Related violations: <none>

TIMING-18#119 Warning
Missing input or output delay  
An input delay is missing on m_axi_gmem_RDATA[88] relative to the rising and/or falling clock edge(s) of ap_clk.
Related violations: <none>

TIMING-18#120 Warning
Missing input or output delay  
An input delay is missing on m_axi_gmem_RDATA[89] relative to the rising and/or falling clock edge(s) of ap_clk.
Related violations: <none>

TIMING-18#121 Warning
Missing input or output delay  
An input delay is missing on m_axi_gmem_RDATA[8] relative to the rising and/or falling clock edge(s) of ap_clk.
Related violations: <none>

TIMING-18#122 Warning
Missing input or output delay  
An input delay is missing on m_axi_gmem_RDATA[90] relative to the rising and/or falling clock edge(s) of ap_clk.
Related violations: <none>

TIMING-18#123 Warning
Missing input or output delay  
An input delay is missing on m_axi_gmem_RDATA[91] relative to the rising and/or falling clock edge(s) of ap_clk.
Related violations: <none>

TIMING-18#124 Warning
Missing input or output delay  
An input delay is missing on m_axi_gmem_RDATA[92] relative to the rising and/or falling clock edge(s) of ap_clk.
Related violations: <none>

TIMING-18#125 Warning
Missing input or output delay  
An input delay is missing on m_axi_gmem_RDATA[93] relative to the rising and/or falling clock edge(s) of ap_clk.
Related violations: <none>

TIMING-18#126 Warning
Missing input or output delay  
An input delay is missing on m_axi_gmem_RDATA[94] relative to the rising and/or falling clock edge(s) of ap_clk.
Related violations: <none>

TIMING-18#127 Warning
Missing input or output delay  
An input delay is missing on m_axi_gmem_RDATA[95] relative to the rising and/or falling clock edge(s) of ap_clk.
Related violations: <none>

TIMING-18#128 Warning
Missing input or output delay  
An input delay is missing on m_axi_gmem_RDATA[96] relative to the rising and/or falling clock edge(s) of ap_clk.
Related violations: <none>

TIMING-18#129 Warning
Missing input or output delay  
An input delay is missing on m_axi_gmem_RDATA[97] relative to the rising and/or falling clock edge(s) of ap_clk.
Related violations: <none>

TIMING-18#130 Warning
Missing input or output delay  
An input delay is missing on m_axi_gmem_RDATA[98] relative to the rising and/or falling clock edge(s) of ap_clk.
Related violations: <none>

TIMING-18#131 Warning
Missing input or output delay  
An input delay is missing on m_axi_gmem_RDATA[99] relative to the rising and/or falling clock edge(s) of ap_clk.
Related violations: <none>

TIMING-18#132 Warning
Missing input or output delay  
An input delay is missing on m_axi_gmem_RDATA[9] relative to the rising and/or falling clock edge(s) of ap_clk.
Related violations: <none>

TIMING-18#133 Warning
Missing input or output delay  
An input delay is missing on m_axi_gmem_RLAST relative to the rising and/or falling clock edge(s) of ap_clk.
Related violations: <none>

TIMING-18#134 Warning
Missing input or output delay  
An input delay is missing on m_axi_gmem_RVALID relative to the rising and/or falling clock edge(s) of ap_clk.
Related violations: <none>

TIMING-18#135 Warning
Missing input or output delay  
An input delay is missing on m_axi_gmem_WREADY relative to the rising and/or falling clock edge(s) of ap_clk.
Related violations: <none>

TIMING-18#136 Warning
Missing input or output delay  
An input delay is missing on s_axi_control_ARADDR[0] relative to the rising and/or falling clock edge(s) of ap_clk.
Related violations: <none>

TIMING-18#137 Warning
Missing input or output delay  
An input delay is missing on s_axi_control_ARADDR[1] relative to the rising and/or falling clock edge(s) of ap_clk.
Related violations: <none>

TIMING-18#138 Warning
Missing input or output delay  
An input delay is missing on s_axi_control_ARADDR[2] relative to the rising and/or falling clock edge(s) of ap_clk.
Related violations: <none>

TIMING-18#139 Warning
Missing input or output delay  
An input delay is missing on s_axi_control_ARADDR[3] relative to the rising and/or falling clock edge(s) of ap_clk.
Related violations: <none>

TIMING-18#140 Warning
Missing input or output delay  
An input delay is missing on s_axi_control_ARADDR[4] relative to the rising and/or falling clock edge(s) of ap_clk.
Related violations: <none>

TIMING-18#141 Warning
Missing input or output delay  
An input delay is missing on s_axi_control_ARADDR[5] relative to the rising and/or falling clock edge(s) of ap_clk.
Related violations: <none>

TIMING-18#142 Warning
Missing input or output delay  
An input delay is missing on s_axi_control_ARVALID relative to the rising and/or falling clock edge(s) of ap_clk.
Related violations: <none>

TIMING-18#143 Warning
Missing input or output delay  
An input delay is missing on s_axi_control_AWADDR[0] relative to the rising and/or falling clock edge(s) of ap_clk.
Related violations: <none>

TIMING-18#144 Warning
Missing input or output delay  
An input delay is missing on s_axi_control_AWADDR[1] relative to the rising and/or falling clock edge(s) of ap_clk.
Related violations: <none>

TIMING-18#145 Warning
Missing input or output delay  
An input delay is missing on s_axi_control_AWADDR[2] relative to the rising and/or falling clock edge(s) of ap_clk.
Related violations: <none>

TIMING-18#146 Warning
Missing input or output delay  
An input delay is missing on s_axi_control_AWADDR[3] relative to the rising and/or falling clock edge(s) of ap_clk.
Related violations: <none>

TIMING-18#147 Warning
Missing input or output delay  
An input delay is missing on s_axi_control_AWADDR[4] relative to the rising and/or falling clock edge(s) of ap_clk.
Related violations: <none>

TIMING-18#148 Warning
Missing input or output delay  
An input delay is missing on s_axi_control_AWADDR[5] relative to the rising and/or falling clock edge(s) of ap_clk.
Related violations: <none>

TIMING-18#149 Warning
Missing input or output delay  
An input delay is missing on s_axi_control_AWVALID relative to the rising and/or falling clock edge(s) of ap_clk.
Related violations: <none>

TIMING-18#150 Warning
Missing input or output delay  
An input delay is missing on s_axi_control_BREADY relative to the rising and/or falling clock edge(s) of ap_clk.
Related violations: <none>

TIMING-18#151 Warning
Missing input or output delay  
An input delay is missing on s_axi_control_RREADY relative to the rising and/or falling clock edge(s) of ap_clk.
Related violations: <none>

TIMING-18#152 Warning
Missing input or output delay  
An input delay is missing on s_axi_control_WDATA[0] relative to the rising and/or falling clock edge(s) of ap_clk.
Related violations: <none>

TIMING-18#153 Warning
Missing input or output delay  
An input delay is missing on s_axi_control_WDATA[10] relative to the rising and/or falling clock edge(s) of ap_clk.
Related violations: <none>

TIMING-18#154 Warning
Missing input or output delay  
An input delay is missing on s_axi_control_WDATA[11] relative to the rising and/or falling clock edge(s) of ap_clk.
Related violations: <none>

TIMING-18#155 Warning
Missing input or output delay  
An input delay is missing on s_axi_control_WDATA[12] relative to the rising and/or falling clock edge(s) of ap_clk.
Related violations: <none>

TIMING-18#156 Warning
Missing input or output delay  
An input delay is missing on s_axi_control_WDATA[13] relative to the rising and/or falling clock edge(s) of ap_clk.
Related violations: <none>

TIMING-18#157 Warning
Missing input or output delay  
An input delay is missing on s_axi_control_WDATA[14] relative to the rising and/or falling clock edge(s) of ap_clk.
Related violations: <none>

TIMING-18#158 Warning
Missing input or output delay  
An input delay is missing on s_axi_control_WDATA[15] relative to the rising and/or falling clock edge(s) of ap_clk.
Related violations: <none>

TIMING-18#159 Warning
Missing input or output delay  
An input delay is missing on s_axi_control_WDATA[16] relative to the rising and/or falling clock edge(s) of ap_clk.
Related violations: <none>

TIMING-18#160 Warning
Missing input or output delay  
An input delay is missing on s_axi_control_WDATA[17] relative to the rising and/or falling clock edge(s) of ap_clk.
Related violations: <none>

TIMING-18#161 Warning
Missing input or output delay  
An input delay is missing on s_axi_control_WDATA[18] relative to the rising and/or falling clock edge(s) of ap_clk.
Related violations: <none>

TIMING-18#162 Warning
Missing input or output delay  
An input delay is missing on s_axi_control_WDATA[19] relative to the rising and/or falling clock edge(s) of ap_clk.
Related violations: <none>

TIMING-18#163 Warning
Missing input or output delay  
An input delay is missing on s_axi_control_WDATA[1] relative to the rising and/or falling clock edge(s) of ap_clk.
Related violations: <none>

TIMING-18#164 Warning
Missing input or output delay  
An input delay is missing on s_axi_control_WDATA[20] relative to the rising and/or falling clock edge(s) of ap_clk.
Related violations: <none>

TIMING-18#165 Warning
Missing input or output delay  
An input delay is missing on s_axi_control_WDATA[21] relative to the rising and/or falling clock edge(s) of ap_clk.
Related violations: <none>

TIMING-18#166 Warning
Missing input or output delay  
An input delay is missing on s_axi_control_WDATA[22] relative to the rising and/or falling clock edge(s) of ap_clk.
Related violations: <none>

TIMING-18#167 Warning
Missing input or output delay  
An input delay is missing on s_axi_control_WDATA[23] relative to the rising and/or falling clock edge(s) of ap_clk.
Related violations: <none>

TIMING-18#168 Warning
Missing input or output delay  
An input delay is missing on s_axi_control_WDATA[24] relative to the rising and/or falling clock edge(s) of ap_clk.
Related violations: <none>

TIMING-18#169 Warning
Missing input or output delay  
An input delay is missing on s_axi_control_WDATA[25] relative to the rising and/or falling clock edge(s) of ap_clk.
Related violations: <none>

TIMING-18#170 Warning
Missing input or output delay  
An input delay is missing on s_axi_control_WDATA[26] relative to the rising and/or falling clock edge(s) of ap_clk.
Related violations: <none>

TIMING-18#171 Warning
Missing input or output delay  
An input delay is missing on s_axi_control_WDATA[27] relative to the rising and/or falling clock edge(s) of ap_clk.
Related violations: <none>

TIMING-18#172 Warning
Missing input or output delay  
An input delay is missing on s_axi_control_WDATA[28] relative to the rising and/or falling clock edge(s) of ap_clk.
Related violations: <none>

TIMING-18#173 Warning
Missing input or output delay  
An input delay is missing on s_axi_control_WDATA[29] relative to the rising and/or falling clock edge(s) of ap_clk.
Related violations: <none>

TIMING-18#174 Warning
Missing input or output delay  
An input delay is missing on s_axi_control_WDATA[2] relative to the rising and/or falling clock edge(s) of ap_clk.
Related violations: <none>

TIMING-18#175 Warning
Missing input or output delay  
An input delay is missing on s_axi_control_WDATA[30] relative to the rising and/or falling clock edge(s) of ap_clk.
Related violations: <none>

TIMING-18#176 Warning
Missing input or output delay  
An input delay is missing on s_axi_control_WDATA[31] relative to the rising and/or falling clock edge(s) of ap_clk.
Related violations: <none>

TIMING-18#177 Warning
Missing input or output delay  
An input delay is missing on s_axi_control_WDATA[3] relative to the rising and/or falling clock edge(s) of ap_clk.
Related violations: <none>

TIMING-18#178 Warning
Missing input or output delay  
An input delay is missing on s_axi_control_WDATA[4] relative to the rising and/or falling clock edge(s) of ap_clk.
Related violations: <none>

TIMING-18#179 Warning
Missing input or output delay  
An input delay is missing on s_axi_control_WDATA[5] relative to the rising and/or falling clock edge(s) of ap_clk.
Related violations: <none>

TIMING-18#180 Warning
Missing input or output delay  
An input delay is missing on s_axi_control_WDATA[6] relative to the rising and/or falling clock edge(s) of ap_clk.
Related violations: <none>

TIMING-18#181 Warning
Missing input or output delay  
An input delay is missing on s_axi_control_WDATA[7] relative to the rising and/or falling clock edge(s) of ap_clk.
Related violations: <none>

TIMING-18#182 Warning
Missing input or output delay  
An input delay is missing on s_axi_control_WDATA[8] relative to the rising and/or falling clock edge(s) of ap_clk.
Related violations: <none>

TIMING-18#183 Warning
Missing input or output delay  
An input delay is missing on s_axi_control_WDATA[9] relative to the rising and/or falling clock edge(s) of ap_clk.
Related violations: <none>

TIMING-18#184 Warning
Missing input or output delay  
An input delay is missing on s_axi_control_WSTRB[0] relative to the rising and/or falling clock edge(s) of ap_clk.
Related violations: <none>

TIMING-18#185 Warning
Missing input or output delay  
An input delay is missing on s_axi_control_WSTRB[1] relative to the rising and/or falling clock edge(s) of ap_clk.
Related violations: <none>

TIMING-18#186 Warning
Missing input or output delay  
An input delay is missing on s_axi_control_WSTRB[2] relative to the rising and/or falling clock edge(s) of ap_clk.
Related violations: <none>

TIMING-18#187 Warning
Missing input or output delay  
An input delay is missing on s_axi_control_WSTRB[3] relative to the rising and/or falling clock edge(s) of ap_clk.
Related violations: <none>

TIMING-18#188 Warning
Missing input or output delay  
An input delay is missing on s_axi_control_WVALID relative to the rising and/or falling clock edge(s) of ap_clk.
Related violations: <none>

TIMING-18#189 Warning
Missing input or output delay  
An output delay is missing on interrupt relative to the rising and/or falling clock edge(s) of ap_clk.
Related violations: <none>

TIMING-18#190 Warning
Missing input or output delay  
An output delay is missing on m_axi_gmem_ARADDR[0] relative to the rising and/or falling clock edge(s) of ap_clk.
Related violations: <none>

TIMING-18#191 Warning
Missing input or output delay  
An output delay is missing on m_axi_gmem_ARADDR[10] relative to the rising and/or falling clock edge(s) of ap_clk.
Related violations: <none>

TIMING-18#192 Warning
Missing input or output delay  
An output delay is missing on m_axi_gmem_ARADDR[11] relative to the rising and/or falling clock edge(s) of ap_clk.
Related violations: <none>

TIMING-18#193 Warning
Missing input or output delay  
An output delay is missing on m_axi_gmem_ARADDR[12] relative to the rising and/or falling clock edge(s) of ap_clk.
Related violations: <none>

TIMING-18#194 Warning
Missing input or output delay  
An output delay is missing on m_axi_gmem_ARADDR[13] relative to the rising and/or falling clock edge(s) of ap_clk.
Related violations: <none>

TIMING-18#195 Warning
Missing input or output delay  
An output delay is missing on m_axi_gmem_ARADDR[14] relative to the rising and/or falling clock edge(s) of ap_clk.
Related violations: <none>

TIMING-18#196 Warning
Missing input or output delay  
An output delay is missing on m_axi_gmem_ARADDR[15] relative to the rising and/or falling clock edge(s) of ap_clk.
Related violations: <none>

TIMING-18#197 Warning
Missing input or output delay  
An output delay is missing on m_axi_gmem_ARADDR[16] relative to the rising and/or falling clock edge(s) of ap_clk.
Related violations: <none>

TIMING-18#198 Warning
Missing input or output delay  
An output delay is missing on m_axi_gmem_ARADDR[17] relative to the rising and/or falling clock edge(s) of ap_clk.
Related violations: <none>

TIMING-18#199 Warning
Missing input or output delay  
An output delay is missing on m_axi_gmem_ARADDR[18] relative to the rising and/or falling clock edge(s) of ap_clk.
Related violations: <none>

TIMING-18#200 Warning
Missing input or output delay  
An output delay is missing on m_axi_gmem_ARADDR[19] relative to the rising and/or falling clock edge(s) of ap_clk.
Related violations: <none>

TIMING-18#201 Warning
Missing input or output delay  
An output delay is missing on m_axi_gmem_ARADDR[1] relative to the rising and/or falling clock edge(s) of ap_clk.
Related violations: <none>

TIMING-18#202 Warning
Missing input or output delay  
An output delay is missing on m_axi_gmem_ARADDR[20] relative to the rising and/or falling clock edge(s) of ap_clk.
Related violations: <none>

TIMING-18#203 Warning
Missing input or output delay  
An output delay is missing on m_axi_gmem_ARADDR[21] relative to the rising and/or falling clock edge(s) of ap_clk.
Related violations: <none>

TIMING-18#204 Warning
Missing input or output delay  
An output delay is missing on m_axi_gmem_ARADDR[22] relative to the rising and/or falling clock edge(s) of ap_clk.
Related violations: <none>

TIMING-18#205 Warning
Missing input or output delay  
An output delay is missing on m_axi_gmem_ARADDR[23] relative to the rising and/or falling clock edge(s) of ap_clk.
Related violations: <none>

TIMING-18#206 Warning
Missing input or output delay  
An output delay is missing on m_axi_gmem_ARADDR[24] relative to the rising and/or falling clock edge(s) of ap_clk.
Related violations: <none>

TIMING-18#207 Warning
Missing input or output delay  
An output delay is missing on m_axi_gmem_ARADDR[25] relative to the rising and/or falling clock edge(s) of ap_clk.
Related violations: <none>

TIMING-18#208 Warning
Missing input or output delay  
An output delay is missing on m_axi_gmem_ARADDR[26] relative to the rising and/or falling clock edge(s) of ap_clk.
Related violations: <none>

TIMING-18#209 Warning
Missing input or output delay  
An output delay is missing on m_axi_gmem_ARADDR[27] relative to the rising and/or falling clock edge(s) of ap_clk.
Related violations: <none>

TIMING-18#210 Warning
Missing input or output delay  
An output delay is missing on m_axi_gmem_ARADDR[28] relative to the rising and/or falling clock edge(s) of ap_clk.
Related violations: <none>

TIMING-18#211 Warning
Missing input or output delay  
An output delay is missing on m_axi_gmem_ARADDR[29] relative to the rising and/or falling clock edge(s) of ap_clk.
Related violations: <none>

TIMING-18#212 Warning
Missing input or output delay  
An output delay is missing on m_axi_gmem_ARADDR[2] relative to the rising and/or falling clock edge(s) of ap_clk.
Related violations: <none>

TIMING-18#213 Warning
Missing input or output delay  
An output delay is missing on m_axi_gmem_ARADDR[30] relative to the rising and/or falling clock edge(s) of ap_clk.
Related violations: <none>

TIMING-18#214 Warning
Missing input or output delay  
An output delay is missing on m_axi_gmem_ARADDR[31] relative to the rising and/or falling clock edge(s) of ap_clk.
Related violations: <none>

TIMING-18#215 Warning
Missing input or output delay  
An output delay is missing on m_axi_gmem_ARADDR[32] relative to the rising and/or falling clock edge(s) of ap_clk.
Related violations: <none>

TIMING-18#216 Warning
Missing input or output delay  
An output delay is missing on m_axi_gmem_ARADDR[33] relative to the rising and/or falling clock edge(s) of ap_clk.
Related violations: <none>

TIMING-18#217 Warning
Missing input or output delay  
An output delay is missing on m_axi_gmem_ARADDR[34] relative to the rising and/or falling clock edge(s) of ap_clk.
Related violations: <none>

TIMING-18#218 Warning
Missing input or output delay  
An output delay is missing on m_axi_gmem_ARADDR[35] relative to the rising and/or falling clock edge(s) of ap_clk.
Related violations: <none>

TIMING-18#219 Warning
Missing input or output delay  
An output delay is missing on m_axi_gmem_ARADDR[36] relative to the rising and/or falling clock edge(s) of ap_clk.
Related violations: <none>

TIMING-18#220 Warning
Missing input or output delay  
An output delay is missing on m_axi_gmem_ARADDR[37] relative to the rising and/or falling clock edge(s) of ap_clk.
Related violations: <none>

TIMING-18#221 Warning
Missing input or output delay  
An output delay is missing on m_axi_gmem_ARADDR[38] relative to the rising and/or falling clock edge(s) of ap_clk.
Related violations: <none>

TIMING-18#222 Warning
Missing input or output delay  
An output delay is missing on m_axi_gmem_ARADDR[39] relative to the rising and/or falling clock edge(s) of ap_clk.
Related violations: <none>

TIMING-18#223 Warning
Missing input or output delay  
An output delay is missing on m_axi_gmem_ARADDR[3] relative to the rising and/or falling clock edge(s) of ap_clk.
Related violations: <none>

TIMING-18#224 Warning
Missing input or output delay  
An output delay is missing on m_axi_gmem_ARADDR[40] relative to the rising and/or falling clock edge(s) of ap_clk.
Related violations: <none>

TIMING-18#225 Warning
Missing input or output delay  
An output delay is missing on m_axi_gmem_ARADDR[41] relative to the rising and/or falling clock edge(s) of ap_clk.
Related violations: <none>

TIMING-18#226 Warning
Missing input or output delay  
An output delay is missing on m_axi_gmem_ARADDR[42] relative to the rising and/or falling clock edge(s) of ap_clk.
Related violations: <none>

TIMING-18#227 Warning
Missing input or output delay  
An output delay is missing on m_axi_gmem_ARADDR[43] relative to the rising and/or falling clock edge(s) of ap_clk.
Related violations: <none>

TIMING-18#228 Warning
Missing input or output delay  
An output delay is missing on m_axi_gmem_ARADDR[44] relative to the rising and/or falling clock edge(s) of ap_clk.
Related violations: <none>

TIMING-18#229 Warning
Missing input or output delay  
An output delay is missing on m_axi_gmem_ARADDR[45] relative to the rising and/or falling clock edge(s) of ap_clk.
Related violations: <none>

TIMING-18#230 Warning
Missing input or output delay  
An output delay is missing on m_axi_gmem_ARADDR[46] relative to the rising and/or falling clock edge(s) of ap_clk.
Related violations: <none>

TIMING-18#231 Warning
Missing input or output delay  
An output delay is missing on m_axi_gmem_ARADDR[47] relative to the rising and/or falling clock edge(s) of ap_clk.
Related violations: <none>

TIMING-18#232 Warning
Missing input or output delay  
An output delay is missing on m_axi_gmem_ARADDR[48] relative to the rising and/or falling clock edge(s) of ap_clk.
Related violations: <none>

TIMING-18#233 Warning
Missing input or output delay  
An output delay is missing on m_axi_gmem_ARADDR[49] relative to the rising and/or falling clock edge(s) of ap_clk.
Related violations: <none>

TIMING-18#234 Warning
Missing input or output delay  
An output delay is missing on m_axi_gmem_ARADDR[4] relative to the rising and/or falling clock edge(s) of ap_clk.
Related violations: <none>

TIMING-18#235 Warning
Missing input or output delay  
An output delay is missing on m_axi_gmem_ARADDR[50] relative to the rising and/or falling clock edge(s) of ap_clk.
Related violations: <none>

TIMING-18#236 Warning
Missing input or output delay  
An output delay is missing on m_axi_gmem_ARADDR[51] relative to the rising and/or falling clock edge(s) of ap_clk.
Related violations: <none>

TIMING-18#237 Warning
Missing input or output delay  
An output delay is missing on m_axi_gmem_ARADDR[52] relative to the rising and/or falling clock edge(s) of ap_clk.
Related violations: <none>

TIMING-18#238 Warning
Missing input or output delay  
An output delay is missing on m_axi_gmem_ARADDR[53] relative to the rising and/or falling clock edge(s) of ap_clk.
Related violations: <none>

TIMING-18#239 Warning
Missing input or output delay  
An output delay is missing on m_axi_gmem_ARADDR[54] relative to the rising and/or falling clock edge(s) of ap_clk.
Related violations: <none>

TIMING-18#240 Warning
Missing input or output delay  
An output delay is missing on m_axi_gmem_ARADDR[55] relative to the rising and/or falling clock edge(s) of ap_clk.
Related violations: <none>

TIMING-18#241 Warning
Missing input or output delay  
An output delay is missing on m_axi_gmem_ARADDR[56] relative to the rising and/or falling clock edge(s) of ap_clk.
Related violations: <none>

TIMING-18#242 Warning
Missing input or output delay  
An output delay is missing on m_axi_gmem_ARADDR[57] relative to the rising and/or falling clock edge(s) of ap_clk.
Related violations: <none>

TIMING-18#243 Warning
Missing input or output delay  
An output delay is missing on m_axi_gmem_ARADDR[58] relative to the rising and/or falling clock edge(s) of ap_clk.
Related violations: <none>

TIMING-18#244 Warning
Missing input or output delay  
An output delay is missing on m_axi_gmem_ARADDR[59] relative to the rising and/or falling clock edge(s) of ap_clk.
Related violations: <none>

TIMING-18#245 Warning
Missing input or output delay  
An output delay is missing on m_axi_gmem_ARADDR[5] relative to the rising and/or falling clock edge(s) of ap_clk.
Related violations: <none>

TIMING-18#246 Warning
Missing input or output delay  
An output delay is missing on m_axi_gmem_ARADDR[60] relative to the rising and/or falling clock edge(s) of ap_clk.
Related violations: <none>

TIMING-18#247 Warning
Missing input or output delay  
An output delay is missing on m_axi_gmem_ARADDR[61] relative to the rising and/or falling clock edge(s) of ap_clk.
Related violations: <none>

TIMING-18#248 Warning
Missing input or output delay  
An output delay is missing on m_axi_gmem_ARADDR[62] relative to the rising and/or falling clock edge(s) of ap_clk.
Related violations: <none>

TIMING-18#249 Warning
Missing input or output delay  
An output delay is missing on m_axi_gmem_ARADDR[63] relative to the rising and/or falling clock edge(s) of ap_clk.
Related violations: <none>

TIMING-18#250 Warning
Missing input or output delay  
An output delay is missing on m_axi_gmem_ARADDR[6] relative to the rising and/or falling clock edge(s) of ap_clk.
Related violations: <none>

TIMING-18#251 Warning
Missing input or output delay  
An output delay is missing on m_axi_gmem_ARADDR[7] relative to the rising and/or falling clock edge(s) of ap_clk.
Related violations: <none>

TIMING-18#252 Warning
Missing input or output delay  
An output delay is missing on m_axi_gmem_ARADDR[8] relative to the rising and/or falling clock edge(s) of ap_clk.
Related violations: <none>

TIMING-18#253 Warning
Missing input or output delay  
An output delay is missing on m_axi_gmem_ARADDR[9] relative to the rising and/or falling clock edge(s) of ap_clk.
Related violations: <none>

TIMING-18#254 Warning
Missing input or output delay  
An output delay is missing on m_axi_gmem_ARLEN[0] relative to the rising and/or falling clock edge(s) of ap_clk.
Related violations: <none>

TIMING-18#255 Warning
Missing input or output delay  
An output delay is missing on m_axi_gmem_ARLEN[1] relative to the rising and/or falling clock edge(s) of ap_clk.
Related violations: <none>

TIMING-18#256 Warning
Missing input or output delay  
An output delay is missing on m_axi_gmem_ARLEN[2] relative to the rising and/or falling clock edge(s) of ap_clk.
Related violations: <none>

TIMING-18#257 Warning
Missing input or output delay  
An output delay is missing on m_axi_gmem_ARLEN[3] relative to the rising and/or falling clock edge(s) of ap_clk.
Related violations: <none>

TIMING-18#258 Warning
Missing input or output delay  
An output delay is missing on m_axi_gmem_ARLEN[4] relative to the rising and/or falling clock edge(s) of ap_clk.
Related violations: <none>

TIMING-18#259 Warning
Missing input or output delay  
An output delay is missing on m_axi_gmem_ARLEN[5] relative to the rising and/or falling clock edge(s) of ap_clk.
Related violations: <none>

TIMING-18#260 Warning
Missing input or output delay  
An output delay is missing on m_axi_gmem_ARLEN[6] relative to the rising and/or falling clock edge(s) of ap_clk.
Related violations: <none>

TIMING-18#261 Warning
Missing input or output delay  
An output delay is missing on m_axi_gmem_ARLEN[7] relative to the rising and/or falling clock edge(s) of ap_clk.
Related violations: <none>

TIMING-18#262 Warning
Missing input or output delay  
An output delay is missing on m_axi_gmem_ARVALID relative to the rising and/or falling clock edge(s) of ap_clk.
Related violations: <none>

TIMING-18#263 Warning
Missing input or output delay  
An output delay is missing on m_axi_gmem_AWADDR[0] relative to the rising and/or falling clock edge(s) of ap_clk.
Related violations: <none>

TIMING-18#264 Warning
Missing input or output delay  
An output delay is missing on m_axi_gmem_AWADDR[10] relative to the rising and/or falling clock edge(s) of ap_clk.
Related violations: <none>

TIMING-18#265 Warning
Missing input or output delay  
An output delay is missing on m_axi_gmem_AWADDR[11] relative to the rising and/or falling clock edge(s) of ap_clk.
Related violations: <none>

TIMING-18#266 Warning
Missing input or output delay  
An output delay is missing on m_axi_gmem_AWADDR[12] relative to the rising and/or falling clock edge(s) of ap_clk.
Related violations: <none>

TIMING-18#267 Warning
Missing input or output delay  
An output delay is missing on m_axi_gmem_AWADDR[13] relative to the rising and/or falling clock edge(s) of ap_clk.
Related violations: <none>

TIMING-18#268 Warning
Missing input or output delay  
An output delay is missing on m_axi_gmem_AWADDR[14] relative to the rising and/or falling clock edge(s) of ap_clk.
Related violations: <none>

TIMING-18#269 Warning
Missing input or output delay  
An output delay is missing on m_axi_gmem_AWADDR[15] relative to the rising and/or falling clock edge(s) of ap_clk.
Related violations: <none>

TIMING-18#270 Warning
Missing input or output delay  
An output delay is missing on m_axi_gmem_AWADDR[16] relative to the rising and/or falling clock edge(s) of ap_clk.
Related violations: <none>

TIMING-18#271 Warning
Missing input or output delay  
An output delay is missing on m_axi_gmem_AWADDR[17] relative to the rising and/or falling clock edge(s) of ap_clk.
Related violations: <none>

TIMING-18#272 Warning
Missing input or output delay  
An output delay is missing on m_axi_gmem_AWADDR[18] relative to the rising and/or falling clock edge(s) of ap_clk.
Related violations: <none>

TIMING-18#273 Warning
Missing input or output delay  
An output delay is missing on m_axi_gmem_AWADDR[19] relative to the rising and/or falling clock edge(s) of ap_clk.
Related violations: <none>

TIMING-18#274 Warning
Missing input or output delay  
An output delay is missing on m_axi_gmem_AWADDR[1] relative to the rising and/or falling clock edge(s) of ap_clk.
Related violations: <none>

TIMING-18#275 Warning
Missing input or output delay  
An output delay is missing on m_axi_gmem_AWADDR[20] relative to the rising and/or falling clock edge(s) of ap_clk.
Related violations: <none>

TIMING-18#276 Warning
Missing input or output delay  
An output delay is missing on m_axi_gmem_AWADDR[21] relative to the rising and/or falling clock edge(s) of ap_clk.
Related violations: <none>

TIMING-18#277 Warning
Missing input or output delay  
An output delay is missing on m_axi_gmem_AWADDR[22] relative to the rising and/or falling clock edge(s) of ap_clk.
Related violations: <none>

TIMING-18#278 Warning
Missing input or output delay  
An output delay is missing on m_axi_gmem_AWADDR[23] relative to the rising and/or falling clock edge(s) of ap_clk.
Related violations: <none>

TIMING-18#279 Warning
Missing input or output delay  
An output delay is missing on m_axi_gmem_AWADDR[24] relative to the rising and/or falling clock edge(s) of ap_clk.
Related violations: <none>

TIMING-18#280 Warning
Missing input or output delay  
An output delay is missing on m_axi_gmem_AWADDR[25] relative to the rising and/or falling clock edge(s) of ap_clk.
Related violations: <none>

TIMING-18#281 Warning
Missing input or output delay  
An output delay is missing on m_axi_gmem_AWADDR[26] relative to the rising and/or falling clock edge(s) of ap_clk.
Related violations: <none>

TIMING-18#282 Warning
Missing input or output delay  
An output delay is missing on m_axi_gmem_AWADDR[27] relative to the rising and/or falling clock edge(s) of ap_clk.
Related violations: <none>

TIMING-18#283 Warning
Missing input or output delay  
An output delay is missing on m_axi_gmem_AWADDR[28] relative to the rising and/or falling clock edge(s) of ap_clk.
Related violations: <none>

TIMING-18#284 Warning
Missing input or output delay  
An output delay is missing on m_axi_gmem_AWADDR[29] relative to the rising and/or falling clock edge(s) of ap_clk.
Related violations: <none>

TIMING-18#285 Warning
Missing input or output delay  
An output delay is missing on m_axi_gmem_AWADDR[2] relative to the rising and/or falling clock edge(s) of ap_clk.
Related violations: <none>

TIMING-18#286 Warning
Missing input or output delay  
An output delay is missing on m_axi_gmem_AWADDR[30] relative to the rising and/or falling clock edge(s) of ap_clk.
Related violations: <none>

TIMING-18#287 Warning
Missing input or output delay  
An output delay is missing on m_axi_gmem_AWADDR[31] relative to the rising and/or falling clock edge(s) of ap_clk.
Related violations: <none>

TIMING-18#288 Warning
Missing input or output delay  
An output delay is missing on m_axi_gmem_AWADDR[32] relative to the rising and/or falling clock edge(s) of ap_clk.
Related violations: <none>

TIMING-18#289 Warning
Missing input or output delay  
An output delay is missing on m_axi_gmem_AWADDR[33] relative to the rising and/or falling clock edge(s) of ap_clk.
Related violations: <none>

TIMING-18#290 Warning
Missing input or output delay  
An output delay is missing on m_axi_gmem_AWADDR[34] relative to the rising and/or falling clock edge(s) of ap_clk.
Related violations: <none>

TIMING-18#291 Warning
Missing input or output delay  
An output delay is missing on m_axi_gmem_AWADDR[35] relative to the rising and/or falling clock edge(s) of ap_clk.
Related violations: <none>

TIMING-18#292 Warning
Missing input or output delay  
An output delay is missing on m_axi_gmem_AWADDR[36] relative to the rising and/or falling clock edge(s) of ap_clk.
Related violations: <none>

TIMING-18#293 Warning
Missing input or output delay  
An output delay is missing on m_axi_gmem_AWADDR[37] relative to the rising and/or falling clock edge(s) of ap_clk.
Related violations: <none>

TIMING-18#294 Warning
Missing input or output delay  
An output delay is missing on m_axi_gmem_AWADDR[38] relative to the rising and/or falling clock edge(s) of ap_clk.
Related violations: <none>

TIMING-18#295 Warning
Missing input or output delay  
An output delay is missing on m_axi_gmem_AWADDR[39] relative to the rising and/or falling clock edge(s) of ap_clk.
Related violations: <none>

TIMING-18#296 Warning
Missing input or output delay  
An output delay is missing on m_axi_gmem_AWADDR[3] relative to the rising and/or falling clock edge(s) of ap_clk.
Related violations: <none>

TIMING-18#297 Warning
Missing input or output delay  
An output delay is missing on m_axi_gmem_AWADDR[40] relative to the rising and/or falling clock edge(s) of ap_clk.
Related violations: <none>

TIMING-18#298 Warning
Missing input or output delay  
An output delay is missing on m_axi_gmem_AWADDR[41] relative to the rising and/or falling clock edge(s) of ap_clk.
Related violations: <none>

TIMING-18#299 Warning
Missing input or output delay  
An output delay is missing on m_axi_gmem_AWADDR[42] relative to the rising and/or falling clock edge(s) of ap_clk.
Related violations: <none>

TIMING-18#300 Warning
Missing input or output delay  
An output delay is missing on m_axi_gmem_AWADDR[43] relative to the rising and/or falling clock edge(s) of ap_clk.
Related violations: <none>

TIMING-18#301 Warning
Missing input or output delay  
An output delay is missing on m_axi_gmem_AWADDR[44] relative to the rising and/or falling clock edge(s) of ap_clk.
Related violations: <none>

TIMING-18#302 Warning
Missing input or output delay  
An output delay is missing on m_axi_gmem_AWADDR[45] relative to the rising and/or falling clock edge(s) of ap_clk.
Related violations: <none>

TIMING-18#303 Warning
Missing input or output delay  
An output delay is missing on m_axi_gmem_AWADDR[46] relative to the rising and/or falling clock edge(s) of ap_clk.
Related violations: <none>

TIMING-18#304 Warning
Missing input or output delay  
An output delay is missing on m_axi_gmem_AWADDR[47] relative to the rising and/or falling clock edge(s) of ap_clk.
Related violations: <none>

TIMING-18#305 Warning
Missing input or output delay  
An output delay is missing on m_axi_gmem_AWADDR[48] relative to the rising and/or falling clock edge(s) of ap_clk.
Related violations: <none>

TIMING-18#306 Warning
Missing input or output delay  
An output delay is missing on m_axi_gmem_AWADDR[49] relative to the rising and/or falling clock edge(s) of ap_clk.
Related violations: <none>

TIMING-18#307 Warning
Missing input or output delay  
An output delay is missing on m_axi_gmem_AWADDR[4] relative to the rising and/or falling clock edge(s) of ap_clk.
Related violations: <none>

TIMING-18#308 Warning
Missing input or output delay  
An output delay is missing on m_axi_gmem_AWADDR[50] relative to the rising and/or falling clock edge(s) of ap_clk.
Related violations: <none>

TIMING-18#309 Warning
Missing input or output delay  
An output delay is missing on m_axi_gmem_AWADDR[51] relative to the rising and/or falling clock edge(s) of ap_clk.
Related violations: <none>

TIMING-18#310 Warning
Missing input or output delay  
An output delay is missing on m_axi_gmem_AWADDR[52] relative to the rising and/or falling clock edge(s) of ap_clk.
Related violations: <none>

TIMING-18#311 Warning
Missing input or output delay  
An output delay is missing on m_axi_gmem_AWADDR[53] relative to the rising and/or falling clock edge(s) of ap_clk.
Related violations: <none>

TIMING-18#312 Warning
Missing input or output delay  
An output delay is missing on m_axi_gmem_AWADDR[54] relative to the rising and/or falling clock edge(s) of ap_clk.
Related violations: <none>

TIMING-18#313 Warning
Missing input or output delay  
An output delay is missing on m_axi_gmem_AWADDR[55] relative to the rising and/or falling clock edge(s) of ap_clk.
Related violations: <none>

TIMING-18#314 Warning
Missing input or output delay  
An output delay is missing on m_axi_gmem_AWADDR[56] relative to the rising and/or falling clock edge(s) of ap_clk.
Related violations: <none>

TIMING-18#315 Warning
Missing input or output delay  
An output delay is missing on m_axi_gmem_AWADDR[57] relative to the rising and/or falling clock edge(s) of ap_clk.
Related violations: <none>

TIMING-18#316 Warning
Missing input or output delay  
An output delay is missing on m_axi_gmem_AWADDR[58] relative to the rising and/or falling clock edge(s) of ap_clk.
Related violations: <none>

TIMING-18#317 Warning
Missing input or output delay  
An output delay is missing on m_axi_gmem_AWADDR[59] relative to the rising and/or falling clock edge(s) of ap_clk.
Related violations: <none>

TIMING-18#318 Warning
Missing input or output delay  
An output delay is missing on m_axi_gmem_AWADDR[5] relative to the rising and/or falling clock edge(s) of ap_clk.
Related violations: <none>

TIMING-18#319 Warning
Missing input or output delay  
An output delay is missing on m_axi_gmem_AWADDR[60] relative to the rising and/or falling clock edge(s) of ap_clk.
Related violations: <none>

TIMING-18#320 Warning
Missing input or output delay  
An output delay is missing on m_axi_gmem_AWADDR[61] relative to the rising and/or falling clock edge(s) of ap_clk.
Related violations: <none>

TIMING-18#321 Warning
Missing input or output delay  
An output delay is missing on m_axi_gmem_AWADDR[62] relative to the rising and/or falling clock edge(s) of ap_clk.
Related violations: <none>

TIMING-18#322 Warning
Missing input or output delay  
An output delay is missing on m_axi_gmem_AWADDR[63] relative to the rising and/or falling clock edge(s) of ap_clk.
Related violations: <none>

TIMING-18#323 Warning
Missing input or output delay  
An output delay is missing on m_axi_gmem_AWADDR[6] relative to the rising and/or falling clock edge(s) of ap_clk.
Related violations: <none>

TIMING-18#324 Warning
Missing input or output delay  
An output delay is missing on m_axi_gmem_AWADDR[7] relative to the rising and/or falling clock edge(s) of ap_clk.
Related violations: <none>

TIMING-18#325 Warning
Missing input or output delay  
An output delay is missing on m_axi_gmem_AWADDR[8] relative to the rising and/or falling clock edge(s) of ap_clk.
Related violations: <none>

TIMING-18#326 Warning
Missing input or output delay  
An output delay is missing on m_axi_gmem_AWADDR[9] relative to the rising and/or falling clock edge(s) of ap_clk.
Related violations: <none>

TIMING-18#327 Warning
Missing input or output delay  
An output delay is missing on m_axi_gmem_AWLEN[0] relative to the rising and/or falling clock edge(s) of ap_clk.
Related violations: <none>

TIMING-18#328 Warning
Missing input or output delay  
An output delay is missing on m_axi_gmem_AWLEN[1] relative to the rising and/or falling clock edge(s) of ap_clk.
Related violations: <none>

TIMING-18#329 Warning
Missing input or output delay  
An output delay is missing on m_axi_gmem_AWLEN[2] relative to the rising and/or falling clock edge(s) of ap_clk.
Related violations: <none>

TIMING-18#330 Warning
Missing input or output delay  
An output delay is missing on m_axi_gmem_AWLEN[3] relative to the rising and/or falling clock edge(s) of ap_clk.
Related violations: <none>

TIMING-18#331 Warning
Missing input or output delay  
An output delay is missing on m_axi_gmem_AWLEN[4] relative to the rising and/or falling clock edge(s) of ap_clk.
Related violations: <none>

TIMING-18#332 Warning
Missing input or output delay  
An output delay is missing on m_axi_gmem_AWLEN[5] relative to the rising and/or falling clock edge(s) of ap_clk.
Related violations: <none>

TIMING-18#333 Warning
Missing input or output delay  
An output delay is missing on m_axi_gmem_AWLEN[6] relative to the rising and/or falling clock edge(s) of ap_clk.
Related violations: <none>

TIMING-18#334 Warning
Missing input or output delay  
An output delay is missing on m_axi_gmem_AWLEN[7] relative to the rising and/or falling clock edge(s) of ap_clk.
Related violations: <none>

TIMING-18#335 Warning
Missing input or output delay  
An output delay is missing on m_axi_gmem_AWVALID relative to the rising and/or falling clock edge(s) of ap_clk.
Related violations: <none>

TIMING-18#336 Warning
Missing input or output delay  
An output delay is missing on m_axi_gmem_BREADY relative to the rising and/or falling clock edge(s) of ap_clk.
Related violations: <none>

TIMING-18#337 Warning
Missing input or output delay  
An output delay is missing on m_axi_gmem_RREADY relative to the rising and/or falling clock edge(s) of ap_clk.
Related violations: <none>

TIMING-18#338 Warning
Missing input or output delay  
An output delay is missing on m_axi_gmem_WDATA[0] relative to the rising and/or falling clock edge(s) of ap_clk.
Related violations: <none>

TIMING-18#339 Warning
Missing input or output delay  
An output delay is missing on m_axi_gmem_WDATA[100] relative to the rising and/or falling clock edge(s) of ap_clk.
Related violations: <none>

TIMING-18#340 Warning
Missing input or output delay  
An output delay is missing on m_axi_gmem_WDATA[101] relative to the rising and/or falling clock edge(s) of ap_clk.
Related violations: <none>

TIMING-18#341 Warning
Missing input or output delay  
An output delay is missing on m_axi_gmem_WDATA[102] relative to the rising and/or falling clock edge(s) of ap_clk.
Related violations: <none>

TIMING-18#342 Warning
Missing input or output delay  
An output delay is missing on m_axi_gmem_WDATA[103] relative to the rising and/or falling clock edge(s) of ap_clk.
Related violations: <none>

TIMING-18#343 Warning
Missing input or output delay  
An output delay is missing on m_axi_gmem_WDATA[104] relative to the rising and/or falling clock edge(s) of ap_clk.
Related violations: <none>

TIMING-18#344 Warning
Missing input or output delay  
An output delay is missing on m_axi_gmem_WDATA[105] relative to the rising and/or falling clock edge(s) of ap_clk.
Related violations: <none>

TIMING-18#345 Warning
Missing input or output delay  
An output delay is missing on m_axi_gmem_WDATA[106] relative to the rising and/or falling clock edge(s) of ap_clk.
Related violations: <none>

TIMING-18#346 Warning
Missing input or output delay  
An output delay is missing on m_axi_gmem_WDATA[107] relative to the rising and/or falling clock edge(s) of ap_clk.
Related violations: <none>

TIMING-18#347 Warning
Missing input or output delay  
An output delay is missing on m_axi_gmem_WDATA[108] relative to the rising and/or falling clock edge(s) of ap_clk.
Related violations: <none>

TIMING-18#348 Warning
Missing input or output delay  
An output delay is missing on m_axi_gmem_WDATA[109] relative to the rising and/or falling clock edge(s) of ap_clk.
Related violations: <none>

TIMING-18#349 Warning
Missing input or output delay  
An output delay is missing on m_axi_gmem_WDATA[10] relative to the rising and/or falling clock edge(s) of ap_clk.
Related violations: <none>

TIMING-18#350 Warning
Missing input or output delay  
An output delay is missing on m_axi_gmem_WDATA[110] relative to the rising and/or falling clock edge(s) of ap_clk.
Related violations: <none>

TIMING-18#351 Warning
Missing input or output delay  
An output delay is missing on m_axi_gmem_WDATA[111] relative to the rising and/or falling clock edge(s) of ap_clk.
Related violations: <none>

TIMING-18#352 Warning
Missing input or output delay  
An output delay is missing on m_axi_gmem_WDATA[112] relative to the rising and/or falling clock edge(s) of ap_clk.
Related violations: <none>

TIMING-18#353 Warning
Missing input or output delay  
An output delay is missing on m_axi_gmem_WDATA[113] relative to the rising and/or falling clock edge(s) of ap_clk.
Related violations: <none>

TIMING-18#354 Warning
Missing input or output delay  
An output delay is missing on m_axi_gmem_WDATA[114] relative to the rising and/or falling clock edge(s) of ap_clk.
Related violations: <none>

TIMING-18#355 Warning
Missing input or output delay  
An output delay is missing on m_axi_gmem_WDATA[115] relative to the rising and/or falling clock edge(s) of ap_clk.
Related violations: <none>

TIMING-18#356 Warning
Missing input or output delay  
An output delay is missing on m_axi_gmem_WDATA[116] relative to the rising and/or falling clock edge(s) of ap_clk.
Related violations: <none>

TIMING-18#357 Warning
Missing input or output delay  
An output delay is missing on m_axi_gmem_WDATA[117] relative to the rising and/or falling clock edge(s) of ap_clk.
Related violations: <none>

TIMING-18#358 Warning
Missing input or output delay  
An output delay is missing on m_axi_gmem_WDATA[118] relative to the rising and/or falling clock edge(s) of ap_clk.
Related violations: <none>

TIMING-18#359 Warning
Missing input or output delay  
An output delay is missing on m_axi_gmem_WDATA[119] relative to the rising and/or falling clock edge(s) of ap_clk.
Related violations: <none>

TIMING-18#360 Warning
Missing input or output delay  
An output delay is missing on m_axi_gmem_WDATA[11] relative to the rising and/or falling clock edge(s) of ap_clk.
Related violations: <none>

TIMING-18#361 Warning
Missing input or output delay  
An output delay is missing on m_axi_gmem_WDATA[120] relative to the rising and/or falling clock edge(s) of ap_clk.
Related violations: <none>

TIMING-18#362 Warning
Missing input or output delay  
An output delay is missing on m_axi_gmem_WDATA[121] relative to the rising and/or falling clock edge(s) of ap_clk.
Related violations: <none>

TIMING-18#363 Warning
Missing input or output delay  
An output delay is missing on m_axi_gmem_WDATA[122] relative to the rising and/or falling clock edge(s) of ap_clk.
Related violations: <none>

TIMING-18#364 Warning
Missing input or output delay  
An output delay is missing on m_axi_gmem_WDATA[123] relative to the rising and/or falling clock edge(s) of ap_clk.
Related violations: <none>

TIMING-18#365 Warning
Missing input or output delay  
An output delay is missing on m_axi_gmem_WDATA[124] relative to the rising and/or falling clock edge(s) of ap_clk.
Related violations: <none>

TIMING-18#366 Warning
Missing input or output delay  
An output delay is missing on m_axi_gmem_WDATA[125] relative to the rising and/or falling clock edge(s) of ap_clk.
Related violations: <none>

TIMING-18#367 Warning
Missing input or output delay  
An output delay is missing on m_axi_gmem_WDATA[126] relative to the rising and/or falling clock edge(s) of ap_clk.
Related violations: <none>

TIMING-18#368 Warning
Missing input or output delay  
An output delay is missing on m_axi_gmem_WDATA[127] relative to the rising and/or falling clock edge(s) of ap_clk.
Related violations: <none>

TIMING-18#369 Warning
Missing input or output delay  
An output delay is missing on m_axi_gmem_WDATA[12] relative to the rising and/or falling clock edge(s) of ap_clk.
Related violations: <none>

TIMING-18#370 Warning
Missing input or output delay  
An output delay is missing on m_axi_gmem_WDATA[13] relative to the rising and/or falling clock edge(s) of ap_clk.
Related violations: <none>

TIMING-18#371 Warning
Missing input or output delay  
An output delay is missing on m_axi_gmem_WDATA[14] relative to the rising and/or falling clock edge(s) of ap_clk.
Related violations: <none>

TIMING-18#372 Warning
Missing input or output delay  
An output delay is missing on m_axi_gmem_WDATA[15] relative to the rising and/or falling clock edge(s) of ap_clk.
Related violations: <none>

TIMING-18#373 Warning
Missing input or output delay  
An output delay is missing on m_axi_gmem_WDATA[16] relative to the rising and/or falling clock edge(s) of ap_clk.
Related violations: <none>

TIMING-18#374 Warning
Missing input or output delay  
An output delay is missing on m_axi_gmem_WDATA[17] relative to the rising and/or falling clock edge(s) of ap_clk.
Related violations: <none>

TIMING-18#375 Warning
Missing input or output delay  
An output delay is missing on m_axi_gmem_WDATA[18] relative to the rising and/or falling clock edge(s) of ap_clk.
Related violations: <none>

TIMING-18#376 Warning
Missing input or output delay  
An output delay is missing on m_axi_gmem_WDATA[19] relative to the rising and/or falling clock edge(s) of ap_clk.
Related violations: <none>

TIMING-18#377 Warning
Missing input or output delay  
An output delay is missing on m_axi_gmem_WDATA[1] relative to the rising and/or falling clock edge(s) of ap_clk.
Related violations: <none>

TIMING-18#378 Warning
Missing input or output delay  
An output delay is missing on m_axi_gmem_WDATA[20] relative to the rising and/or falling clock edge(s) of ap_clk.
Related violations: <none>

TIMING-18#379 Warning
Missing input or output delay  
An output delay is missing on m_axi_gmem_WDATA[21] relative to the rising and/or falling clock edge(s) of ap_clk.
Related violations: <none>

TIMING-18#380 Warning
Missing input or output delay  
An output delay is missing on m_axi_gmem_WDATA[22] relative to the rising and/or falling clock edge(s) of ap_clk.
Related violations: <none>

TIMING-18#381 Warning
Missing input or output delay  
An output delay is missing on m_axi_gmem_WDATA[23] relative to the rising and/or falling clock edge(s) of ap_clk.
Related violations: <none>

TIMING-18#382 Warning
Missing input or output delay  
An output delay is missing on m_axi_gmem_WDATA[24] relative to the rising and/or falling clock edge(s) of ap_clk.
Related violations: <none>

TIMING-18#383 Warning
Missing input or output delay  
An output delay is missing on m_axi_gmem_WDATA[25] relative to the rising and/or falling clock edge(s) of ap_clk.
Related violations: <none>

TIMING-18#384 Warning
Missing input or output delay  
An output delay is missing on m_axi_gmem_WDATA[26] relative to the rising and/or falling clock edge(s) of ap_clk.
Related violations: <none>

TIMING-18#385 Warning
Missing input or output delay  
An output delay is missing on m_axi_gmem_WDATA[27] relative to the rising and/or falling clock edge(s) of ap_clk.
Related violations: <none>

TIMING-18#386 Warning
Missing input or output delay  
An output delay is missing on m_axi_gmem_WDATA[28] relative to the rising and/or falling clock edge(s) of ap_clk.
Related violations: <none>

TIMING-18#387 Warning
Missing input or output delay  
An output delay is missing on m_axi_gmem_WDATA[29] relative to the rising and/or falling clock edge(s) of ap_clk.
Related violations: <none>

TIMING-18#388 Warning
Missing input or output delay  
An output delay is missing on m_axi_gmem_WDATA[2] relative to the rising and/or falling clock edge(s) of ap_clk.
Related violations: <none>

TIMING-18#389 Warning
Missing input or output delay  
An output delay is missing on m_axi_gmem_WDATA[30] relative to the rising and/or falling clock edge(s) of ap_clk.
Related violations: <none>

TIMING-18#390 Warning
Missing input or output delay  
An output delay is missing on m_axi_gmem_WDATA[31] relative to the rising and/or falling clock edge(s) of ap_clk.
Related violations: <none>

TIMING-18#391 Warning
Missing input or output delay  
An output delay is missing on m_axi_gmem_WDATA[32] relative to the rising and/or falling clock edge(s) of ap_clk.
Related violations: <none>

TIMING-18#392 Warning
Missing input or output delay  
An output delay is missing on m_axi_gmem_WDATA[33] relative to the rising and/or falling clock edge(s) of ap_clk.
Related violations: <none>

TIMING-18#393 Warning
Missing input or output delay  
An output delay is missing on m_axi_gmem_WDATA[34] relative to the rising and/or falling clock edge(s) of ap_clk.
Related violations: <none>

TIMING-18#394 Warning
Missing input or output delay  
An output delay is missing on m_axi_gmem_WDATA[35] relative to the rising and/or falling clock edge(s) of ap_clk.
Related violations: <none>

TIMING-18#395 Warning
Missing input or output delay  
An output delay is missing on m_axi_gmem_WDATA[36] relative to the rising and/or falling clock edge(s) of ap_clk.
Related violations: <none>

TIMING-18#396 Warning
Missing input or output delay  
An output delay is missing on m_axi_gmem_WDATA[37] relative to the rising and/or falling clock edge(s) of ap_clk.
Related violations: <none>

TIMING-18#397 Warning
Missing input or output delay  
An output delay is missing on m_axi_gmem_WDATA[38] relative to the rising and/or falling clock edge(s) of ap_clk.
Related violations: <none>

TIMING-18#398 Warning
Missing input or output delay  
An output delay is missing on m_axi_gmem_WDATA[39] relative to the rising and/or falling clock edge(s) of ap_clk.
Related violations: <none>

TIMING-18#399 Warning
Missing input or output delay  
An output delay is missing on m_axi_gmem_WDATA[3] relative to the rising and/or falling clock edge(s) of ap_clk.
Related violations: <none>

TIMING-18#400 Warning
Missing input or output delay  
An output delay is missing on m_axi_gmem_WDATA[40] relative to the rising and/or falling clock edge(s) of ap_clk.
Related violations: <none>

TIMING-18#401 Warning
Missing input or output delay  
An output delay is missing on m_axi_gmem_WDATA[41] relative to the rising and/or falling clock edge(s) of ap_clk.
Related violations: <none>

TIMING-18#402 Warning
Missing input or output delay  
An output delay is missing on m_axi_gmem_WDATA[42] relative to the rising and/or falling clock edge(s) of ap_clk.
Related violations: <none>

TIMING-18#403 Warning
Missing input or output delay  
An output delay is missing on m_axi_gmem_WDATA[43] relative to the rising and/or falling clock edge(s) of ap_clk.
Related violations: <none>

TIMING-18#404 Warning
Missing input or output delay  
An output delay is missing on m_axi_gmem_WDATA[44] relative to the rising and/or falling clock edge(s) of ap_clk.
Related violations: <none>

TIMING-18#405 Warning
Missing input or output delay  
An output delay is missing on m_axi_gmem_WDATA[45] relative to the rising and/or falling clock edge(s) of ap_clk.
Related violations: <none>

TIMING-18#406 Warning
Missing input or output delay  
An output delay is missing on m_axi_gmem_WDATA[46] relative to the rising and/or falling clock edge(s) of ap_clk.
Related violations: <none>

TIMING-18#407 Warning
Missing input or output delay  
An output delay is missing on m_axi_gmem_WDATA[47] relative to the rising and/or falling clock edge(s) of ap_clk.
Related violations: <none>

TIMING-18#408 Warning
Missing input or output delay  
An output delay is missing on m_axi_gmem_WDATA[48] relative to the rising and/or falling clock edge(s) of ap_clk.
Related violations: <none>

TIMING-18#409 Warning
Missing input or output delay  
An output delay is missing on m_axi_gmem_WDATA[49] relative to the rising and/or falling clock edge(s) of ap_clk.
Related violations: <none>

TIMING-18#410 Warning
Missing input or output delay  
An output delay is missing on m_axi_gmem_WDATA[4] relative to the rising and/or falling clock edge(s) of ap_clk.
Related violations: <none>

TIMING-18#411 Warning
Missing input or output delay  
An output delay is missing on m_axi_gmem_WDATA[50] relative to the rising and/or falling clock edge(s) of ap_clk.
Related violations: <none>

TIMING-18#412 Warning
Missing input or output delay  
An output delay is missing on m_axi_gmem_WDATA[51] relative to the rising and/or falling clock edge(s) of ap_clk.
Related violations: <none>

TIMING-18#413 Warning
Missing input or output delay  
An output delay is missing on m_axi_gmem_WDATA[52] relative to the rising and/or falling clock edge(s) of ap_clk.
Related violations: <none>

TIMING-18#414 Warning
Missing input or output delay  
An output delay is missing on m_axi_gmem_WDATA[53] relative to the rising and/or falling clock edge(s) of ap_clk.
Related violations: <none>

TIMING-18#415 Warning
Missing input or output delay  
An output delay is missing on m_axi_gmem_WDATA[54] relative to the rising and/or falling clock edge(s) of ap_clk.
Related violations: <none>

TIMING-18#416 Warning
Missing input or output delay  
An output delay is missing on m_axi_gmem_WDATA[55] relative to the rising and/or falling clock edge(s) of ap_clk.
Related violations: <none>

TIMING-18#417 Warning
Missing input or output delay  
An output delay is missing on m_axi_gmem_WDATA[56] relative to the rising and/or falling clock edge(s) of ap_clk.
Related violations: <none>

TIMING-18#418 Warning
Missing input or output delay  
An output delay is missing on m_axi_gmem_WDATA[57] relative to the rising and/or falling clock edge(s) of ap_clk.
Related violations: <none>

TIMING-18#419 Warning
Missing input or output delay  
An output delay is missing on m_axi_gmem_WDATA[58] relative to the rising and/or falling clock edge(s) of ap_clk.
Related violations: <none>

TIMING-18#420 Warning
Missing input or output delay  
An output delay is missing on m_axi_gmem_WDATA[59] relative to the rising and/or falling clock edge(s) of ap_clk.
Related violations: <none>

TIMING-18#421 Warning
Missing input or output delay  
An output delay is missing on m_axi_gmem_WDATA[5] relative to the rising and/or falling clock edge(s) of ap_clk.
Related violations: <none>

TIMING-18#422 Warning
Missing input or output delay  
An output delay is missing on m_axi_gmem_WDATA[60] relative to the rising and/or falling clock edge(s) of ap_clk.
Related violations: <none>

TIMING-18#423 Warning
Missing input or output delay  
An output delay is missing on m_axi_gmem_WDATA[61] relative to the rising and/or falling clock edge(s) of ap_clk.
Related violations: <none>

TIMING-18#424 Warning
Missing input or output delay  
An output delay is missing on m_axi_gmem_WDATA[62] relative to the rising and/or falling clock edge(s) of ap_clk.
Related violations: <none>

TIMING-18#425 Warning
Missing input or output delay  
An output delay is missing on m_axi_gmem_WDATA[63] relative to the rising and/or falling clock edge(s) of ap_clk.
Related violations: <none>

TIMING-18#426 Warning
Missing input or output delay  
An output delay is missing on m_axi_gmem_WDATA[64] relative to the rising and/or falling clock edge(s) of ap_clk.
Related violations: <none>

TIMING-18#427 Warning
Missing input or output delay  
An output delay is missing on m_axi_gmem_WDATA[65] relative to the rising and/or falling clock edge(s) of ap_clk.
Related violations: <none>

TIMING-18#428 Warning
Missing input or output delay  
An output delay is missing on m_axi_gmem_WDATA[66] relative to the rising and/or falling clock edge(s) of ap_clk.
Related violations: <none>

TIMING-18#429 Warning
Missing input or output delay  
An output delay is missing on m_axi_gmem_WDATA[67] relative to the rising and/or falling clock edge(s) of ap_clk.
Related violations: <none>

TIMING-18#430 Warning
Missing input or output delay  
An output delay is missing on m_axi_gmem_WDATA[68] relative to the rising and/or falling clock edge(s) of ap_clk.
Related violations: <none>

TIMING-18#431 Warning
Missing input or output delay  
An output delay is missing on m_axi_gmem_WDATA[69] relative to the rising and/or falling clock edge(s) of ap_clk.
Related violations: <none>

TIMING-18#432 Warning
Missing input or output delay  
An output delay is missing on m_axi_gmem_WDATA[6] relative to the rising and/or falling clock edge(s) of ap_clk.
Related violations: <none>

TIMING-18#433 Warning
Missing input or output delay  
An output delay is missing on m_axi_gmem_WDATA[70] relative to the rising and/or falling clock edge(s) of ap_clk.
Related violations: <none>

TIMING-18#434 Warning
Missing input or output delay  
An output delay is missing on m_axi_gmem_WDATA[71] relative to the rising and/or falling clock edge(s) of ap_clk.
Related violations: <none>

TIMING-18#435 Warning
Missing input or output delay  
An output delay is missing on m_axi_gmem_WDATA[72] relative to the rising and/or falling clock edge(s) of ap_clk.
Related violations: <none>

TIMING-18#436 Warning
Missing input or output delay  
An output delay is missing on m_axi_gmem_WDATA[73] relative to the rising and/or falling clock edge(s) of ap_clk.
Related violations: <none>

TIMING-18#437 Warning
Missing input or output delay  
An output delay is missing on m_axi_gmem_WDATA[74] relative to the rising and/or falling clock edge(s) of ap_clk.
Related violations: <none>

TIMING-18#438 Warning
Missing input or output delay  
An output delay is missing on m_axi_gmem_WDATA[75] relative to the rising and/or falling clock edge(s) of ap_clk.
Related violations: <none>

TIMING-18#439 Warning
Missing input or output delay  
An output delay is missing on m_axi_gmem_WDATA[76] relative to the rising and/or falling clock edge(s) of ap_clk.
Related violations: <none>

TIMING-18#440 Warning
Missing input or output delay  
An output delay is missing on m_axi_gmem_WDATA[77] relative to the rising and/or falling clock edge(s) of ap_clk.
Related violations: <none>

TIMING-18#441 Warning
Missing input or output delay  
An output delay is missing on m_axi_gmem_WDATA[78] relative to the rising and/or falling clock edge(s) of ap_clk.
Related violations: <none>

TIMING-18#442 Warning
Missing input or output delay  
An output delay is missing on m_axi_gmem_WDATA[79] relative to the rising and/or falling clock edge(s) of ap_clk.
Related violations: <none>

TIMING-18#443 Warning
Missing input or output delay  
An output delay is missing on m_axi_gmem_WDATA[7] relative to the rising and/or falling clock edge(s) of ap_clk.
Related violations: <none>

TIMING-18#444 Warning
Missing input or output delay  
An output delay is missing on m_axi_gmem_WDATA[80] relative to the rising and/or falling clock edge(s) of ap_clk.
Related violations: <none>

TIMING-18#445 Warning
Missing input or output delay  
An output delay is missing on m_axi_gmem_WDATA[81] relative to the rising and/or falling clock edge(s) of ap_clk.
Related violations: <none>

TIMING-18#446 Warning
Missing input or output delay  
An output delay is missing on m_axi_gmem_WDATA[82] relative to the rising and/or falling clock edge(s) of ap_clk.
Related violations: <none>

TIMING-18#447 Warning
Missing input or output delay  
An output delay is missing on m_axi_gmem_WDATA[83] relative to the rising and/or falling clock edge(s) of ap_clk.
Related violations: <none>

TIMING-18#448 Warning
Missing input or output delay  
An output delay is missing on m_axi_gmem_WDATA[84] relative to the rising and/or falling clock edge(s) of ap_clk.
Related violations: <none>

TIMING-18#449 Warning
Missing input or output delay  
An output delay is missing on m_axi_gmem_WDATA[85] relative to the rising and/or falling clock edge(s) of ap_clk.
Related violations: <none>

TIMING-18#450 Warning
Missing input or output delay  
An output delay is missing on m_axi_gmem_WDATA[86] relative to the rising and/or falling clock edge(s) of ap_clk.
Related violations: <none>

TIMING-18#451 Warning
Missing input or output delay  
An output delay is missing on m_axi_gmem_WDATA[87] relative to the rising and/or falling clock edge(s) of ap_clk.
Related violations: <none>

TIMING-18#452 Warning
Missing input or output delay  
An output delay is missing on m_axi_gmem_WDATA[88] relative to the rising and/or falling clock edge(s) of ap_clk.
Related violations: <none>

TIMING-18#453 Warning
Missing input or output delay  
An output delay is missing on m_axi_gmem_WDATA[89] relative to the rising and/or falling clock edge(s) of ap_clk.
Related violations: <none>

TIMING-18#454 Warning
Missing input or output delay  
An output delay is missing on m_axi_gmem_WDATA[8] relative to the rising and/or falling clock edge(s) of ap_clk.
Related violations: <none>

TIMING-18#455 Warning
Missing input or output delay  
An output delay is missing on m_axi_gmem_WDATA[90] relative to the rising and/or falling clock edge(s) of ap_clk.
Related violations: <none>

TIMING-18#456 Warning
Missing input or output delay  
An output delay is missing on m_axi_gmem_WDATA[91] relative to the rising and/or falling clock edge(s) of ap_clk.
Related violations: <none>

TIMING-18#457 Warning
Missing input or output delay  
An output delay is missing on m_axi_gmem_WDATA[92] relative to the rising and/or falling clock edge(s) of ap_clk.
Related violations: <none>

TIMING-18#458 Warning
Missing input or output delay  
An output delay is missing on m_axi_gmem_WDATA[93] relative to the rising and/or falling clock edge(s) of ap_clk.
Related violations: <none>

TIMING-18#459 Warning
Missing input or output delay  
An output delay is missing on m_axi_gmem_WDATA[94] relative to the rising and/or falling clock edge(s) of ap_clk.
Related violations: <none>

TIMING-18#460 Warning
Missing input or output delay  
An output delay is missing on m_axi_gmem_WDATA[95] relative to the rising and/or falling clock edge(s) of ap_clk.
Related violations: <none>

TIMING-18#461 Warning
Missing input or output delay  
An output delay is missing on m_axi_gmem_WDATA[96] relative to the rising and/or falling clock edge(s) of ap_clk.
Related violations: <none>

TIMING-18#462 Warning
Missing input or output delay  
An output delay is missing on m_axi_gmem_WDATA[97] relative to the rising and/or falling clock edge(s) of ap_clk.
Related violations: <none>

TIMING-18#463 Warning
Missing input or output delay  
An output delay is missing on m_axi_gmem_WDATA[98] relative to the rising and/or falling clock edge(s) of ap_clk.
Related violations: <none>

TIMING-18#464 Warning
Missing input or output delay  
An output delay is missing on m_axi_gmem_WDATA[99] relative to the rising and/or falling clock edge(s) of ap_clk.
Related violations: <none>

TIMING-18#465 Warning
Missing input or output delay  
An output delay is missing on m_axi_gmem_WDATA[9] relative to the rising and/or falling clock edge(s) of ap_clk.
Related violations: <none>

TIMING-18#466 Warning
Missing input or output delay  
An output delay is missing on m_axi_gmem_WLAST relative to the rising and/or falling clock edge(s) of ap_clk.
Related violations: <none>

TIMING-18#467 Warning
Missing input or output delay  
An output delay is missing on m_axi_gmem_WSTRB[0] relative to the rising and/or falling clock edge(s) of ap_clk.
Related violations: <none>

TIMING-18#468 Warning
Missing input or output delay  
An output delay is missing on m_axi_gmem_WSTRB[10] relative to the rising and/or falling clock edge(s) of ap_clk.
Related violations: <none>

TIMING-18#469 Warning
Missing input or output delay  
An output delay is missing on m_axi_gmem_WSTRB[11] relative to the rising and/or falling clock edge(s) of ap_clk.
Related violations: <none>

TIMING-18#470 Warning
Missing input or output delay  
An output delay is missing on m_axi_gmem_WSTRB[12] relative to the rising and/or falling clock edge(s) of ap_clk.
Related violations: <none>

TIMING-18#471 Warning
Missing input or output delay  
An output delay is missing on m_axi_gmem_WSTRB[13] relative to the rising and/or falling clock edge(s) of ap_clk.
Related violations: <none>

TIMING-18#472 Warning
Missing input or output delay  
An output delay is missing on m_axi_gmem_WSTRB[14] relative to the rising and/or falling clock edge(s) of ap_clk.
Related violations: <none>

TIMING-18#473 Warning
Missing input or output delay  
An output delay is missing on m_axi_gmem_WSTRB[15] relative to the rising and/or falling clock edge(s) of ap_clk.
Related violations: <none>

TIMING-18#474 Warning
Missing input or output delay  
An output delay is missing on m_axi_gmem_WSTRB[1] relative to the rising and/or falling clock edge(s) of ap_clk.
Related violations: <none>

TIMING-18#475 Warning
Missing input or output delay  
An output delay is missing on m_axi_gmem_WSTRB[2] relative to the rising and/or falling clock edge(s) of ap_clk.
Related violations: <none>

TIMING-18#476 Warning
Missing input or output delay  
An output delay is missing on m_axi_gmem_WSTRB[3] relative to the rising and/or falling clock edge(s) of ap_clk.
Related violations: <none>

TIMING-18#477 Warning
Missing input or output delay  
An output delay is missing on m_axi_gmem_WSTRB[4] relative to the rising and/or falling clock edge(s) of ap_clk.
Related violations: <none>

TIMING-18#478 Warning
Missing input or output delay  
An output delay is missing on m_axi_gmem_WSTRB[5] relative to the rising and/or falling clock edge(s) of ap_clk.
Related violations: <none>

TIMING-18#479 Warning
Missing input or output delay  
An output delay is missing on m_axi_gmem_WSTRB[6] relative to the rising and/or falling clock edge(s) of ap_clk.
Related violations: <none>

TIMING-18#480 Warning
Missing input or output delay  
An output delay is missing on m_axi_gmem_WSTRB[7] relative to the rising and/or falling clock edge(s) of ap_clk.
Related violations: <none>

TIMING-18#481 Warning
Missing input or output delay  
An output delay is missing on m_axi_gmem_WSTRB[8] relative to the rising and/or falling clock edge(s) of ap_clk.
Related violations: <none>

TIMING-18#482 Warning
Missing input or output delay  
An output delay is missing on m_axi_gmem_WSTRB[9] relative to the rising and/or falling clock edge(s) of ap_clk.
Related violations: <none>

TIMING-18#483 Warning
Missing input or output delay  
An output delay is missing on m_axi_gmem_WVALID relative to the rising and/or falling clock edge(s) of ap_clk.
Related violations: <none>

TIMING-18#484 Warning
Missing input or output delay  
An output delay is missing on s_axi_control_ARREADY relative to the rising and/or falling clock edge(s) of ap_clk.
Related violations: <none>

TIMING-18#485 Warning
Missing input or output delay  
An output delay is missing on s_axi_control_AWREADY relative to the rising and/or falling clock edge(s) of ap_clk.
Related violations: <none>

TIMING-18#486 Warning
Missing input or output delay  
An output delay is missing on s_axi_control_BVALID relative to the rising and/or falling clock edge(s) of ap_clk.
Related violations: <none>

TIMING-18#487 Warning
Missing input or output delay  
An output delay is missing on s_axi_control_RDATA[0] relative to the rising and/or falling clock edge(s) of ap_clk.
Related violations: <none>

TIMING-18#488 Warning
Missing input or output delay  
An output delay is missing on s_axi_control_RDATA[10] relative to the rising and/or falling clock edge(s) of ap_clk.
Related violations: <none>

TIMING-18#489 Warning
Missing input or output delay  
An output delay is missing on s_axi_control_RDATA[11] relative to the rising and/or falling clock edge(s) of ap_clk.
Related violations: <none>

TIMING-18#490 Warning
Missing input or output delay  
An output delay is missing on s_axi_control_RDATA[12] relative to the rising and/or falling clock edge(s) of ap_clk.
Related violations: <none>

TIMING-18#491 Warning
Missing input or output delay  
An output delay is missing on s_axi_control_RDATA[13] relative to the rising and/or falling clock edge(s) of ap_clk.
Related violations: <none>

TIMING-18#492 Warning
Missing input or output delay  
An output delay is missing on s_axi_control_RDATA[14] relative to the rising and/or falling clock edge(s) of ap_clk.
Related violations: <none>

TIMING-18#493 Warning
Missing input or output delay  
An output delay is missing on s_axi_control_RDATA[15] relative to the rising and/or falling clock edge(s) of ap_clk.
Related violations: <none>

TIMING-18#494 Warning
Missing input or output delay  
An output delay is missing on s_axi_control_RDATA[16] relative to the rising and/or falling clock edge(s) of ap_clk.
Related violations: <none>

TIMING-18#495 Warning
Missing input or output delay  
An output delay is missing on s_axi_control_RDATA[17] relative to the rising and/or falling clock edge(s) of ap_clk.
Related violations: <none>

TIMING-18#496 Warning
Missing input or output delay  
An output delay is missing on s_axi_control_RDATA[18] relative to the rising and/or falling clock edge(s) of ap_clk.
Related violations: <none>

TIMING-18#497 Warning
Missing input or output delay  
An output delay is missing on s_axi_control_RDATA[19] relative to the rising and/or falling clock edge(s) of ap_clk.
Related violations: <none>

TIMING-18#498 Warning
Missing input or output delay  
An output delay is missing on s_axi_control_RDATA[1] relative to the rising and/or falling clock edge(s) of ap_clk.
Related violations: <none>

TIMING-18#499 Warning
Missing input or output delay  
An output delay is missing on s_axi_control_RDATA[20] relative to the rising and/or falling clock edge(s) of ap_clk.
Related violations: <none>

TIMING-18#500 Warning
Missing input or output delay  
An output delay is missing on s_axi_control_RDATA[21] relative to the rising and/or falling clock edge(s) of ap_clk.
Related violations: <none>

TIMING-18#501 Warning
Missing input or output delay  
An output delay is missing on s_axi_control_RDATA[22] relative to the rising and/or falling clock edge(s) of ap_clk.
Related violations: <none>

TIMING-18#502 Warning
Missing input or output delay  
An output delay is missing on s_axi_control_RDATA[23] relative to the rising and/or falling clock edge(s) of ap_clk.
Related violations: <none>

TIMING-18#503 Warning
Missing input or output delay  
An output delay is missing on s_axi_control_RDATA[24] relative to the rising and/or falling clock edge(s) of ap_clk.
Related violations: <none>

TIMING-18#504 Warning
Missing input or output delay  
An output delay is missing on s_axi_control_RDATA[25] relative to the rising and/or falling clock edge(s) of ap_clk.
Related violations: <none>

TIMING-18#505 Warning
Missing input or output delay  
An output delay is missing on s_axi_control_RDATA[26] relative to the rising and/or falling clock edge(s) of ap_clk.
Related violations: <none>

TIMING-18#506 Warning
Missing input or output delay  
An output delay is missing on s_axi_control_RDATA[27] relative to the rising and/or falling clock edge(s) of ap_clk.
Related violations: <none>

TIMING-18#507 Warning
Missing input or output delay  
An output delay is missing on s_axi_control_RDATA[28] relative to the rising and/or falling clock edge(s) of ap_clk.
Related violations: <none>

TIMING-18#508 Warning
Missing input or output delay  
An output delay is missing on s_axi_control_RDATA[29] relative to the rising and/or falling clock edge(s) of ap_clk.
Related violations: <none>

TIMING-18#509 Warning
Missing input or output delay  
An output delay is missing on s_axi_control_RDATA[2] relative to the rising and/or falling clock edge(s) of ap_clk.
Related violations: <none>

TIMING-18#510 Warning
Missing input or output delay  
An output delay is missing on s_axi_control_RDATA[30] relative to the rising and/or falling clock edge(s) of ap_clk.
Related violations: <none>

TIMING-18#511 Warning
Missing input or output delay  
An output delay is missing on s_axi_control_RDATA[31] relative to the rising and/or falling clock edge(s) of ap_clk.
Related violations: <none>

TIMING-18#512 Warning
Missing input or output delay  
An output delay is missing on s_axi_control_RDATA[3] relative to the rising and/or falling clock edge(s) of ap_clk.
Related violations: <none>

TIMING-18#513 Warning
Missing input or output delay  
An output delay is missing on s_axi_control_RDATA[4] relative to the rising and/or falling clock edge(s) of ap_clk.
Related violations: <none>

TIMING-18#514 Warning
Missing input or output delay  
An output delay is missing on s_axi_control_RDATA[5] relative to the rising and/or falling clock edge(s) of ap_clk.
Related violations: <none>

TIMING-18#515 Warning
Missing input or output delay  
An output delay is missing on s_axi_control_RDATA[6] relative to the rising and/or falling clock edge(s) of ap_clk.
Related violations: <none>

TIMING-18#516 Warning
Missing input or output delay  
An output delay is missing on s_axi_control_RDATA[7] relative to the rising and/or falling clock edge(s) of ap_clk.
Related violations: <none>

TIMING-18#517 Warning
Missing input or output delay  
An output delay is missing on s_axi_control_RDATA[8] relative to the rising and/or falling clock edge(s) of ap_clk.
Related violations: <none>

TIMING-18#518 Warning
Missing input or output delay  
An output delay is missing on s_axi_control_RDATA[9] relative to the rising and/or falling clock edge(s) of ap_clk.
Related violations: <none>

TIMING-18#519 Warning
Missing input or output delay  
An output delay is missing on s_axi_control_RVALID relative to the rising and/or falling clock edge(s) of ap_clk.
Related violations: <none>

TIMING-18#520 Warning
Missing input or output delay  
An output delay is missing on s_axi_control_WREADY relative to the rising and/or falling clock edge(s) of ap_clk.
Related violations: <none>


