Copyright 1986-2022 Xilinx, Inc. All Rights Reserved. Copyright 2022-2024 Advanced Micro Devices, Inc. All Rights Reserved.
------------------------------------------------------------------------------------------------------------------------------------------------------------------------------------------------------------------------------------------
| Tool Version      : Vivado v.2024.1 (lin64) Build 5076996 Wed May 22 18:36:09 MDT 2024
| Date              : Thu Aug  6 02:54:23 2026
| Host              : linux running 64-bit Ubuntu 22.04.5 LTS
| Command           : report_timing_summary -delay_type max -max_paths 20 -file ${PROJECT_ROOT}/ProyectoFinal/HLS/reports/main_forward/post_route/timing_post_route.rpt
| Design            : wht_lossless_core
| Device            : xck26-sfvc784
| Speed File        : -2LV  PRODUCTION 1.30 05-15-2022
| Design State      : Routed
| Temperature Grade : C
------------------------------------------------------------------------------------------------------------------------------------------------------------------------------------------------------------------------------------------

Timing Summary Report

------------------------------------------------------------------------------------------------
| Timer Settings
| --------------
------------------------------------------------------------------------------------------------

  Enable Multi Corner Analysis               :  Yes
  Enable Pessimism Removal                   :  Yes
  Pessimism Removal Resolution               :  Nearest Common Node
  Enable Input Delay Default Clock           :  No
  Enable Preset / Clear Arcs                 :  No
  Disable Flight Delays                      :  No
  Ignore I/O Paths                           :  No
  Timing Early Launch at Borrowing Latches   :  No
  Borrow Time for Max Delay Exceptions       :  Yes
  Merge Timing Exceptions                    :  Yes
  Inter-SLR Compensation                     :  Conservative

  Corner  Analyze    Analyze    
  Name    Max Paths  Min Paths  
  ------  ---------  ---------  
  Slow    Yes        Yes        
  Fast    Yes        Yes        


------------------------------------------------------------------------------------------------
| Report Methodology
| ------------------
------------------------------------------------------------------------------------------------

No report available as report_methodology has not been run prior. Run report_methodology on the current design for the summary of methodology violations.



check_timing report

Table of Contents
-----------------
1. checking no_clock (0)
2. checking constant_clock (0)
3. checking pulse_width_clock (0)
4. checking unconstrained_internal_endpoints (0)
5. checking no_input_delay (186)
6. checking no_output_delay (316)
7. checking multiple_clock (0)
8. checking generated_clocks (0)
9. checking loops (0)
10. checking partial_input_delay (0)
11. checking partial_output_delay (0)
12. checking latch_loops (0)

1. checking no_clock (0)
------------------------
 There are 0 register/latch pins with no clock.


2. checking constant_clock (0)
------------------------------
 There are 0 register/latch pins with constant_clock.


3. checking pulse_width_clock (0)
---------------------------------
 There are 0 register/latch pins which need pulse_width check


4. checking unconstrained_internal_endpoints (0)
------------------------------------------------
 There are 0 pins that are not constrained for maximum delay.

 There are 0 pins that are not constrained for maximum delay due to constant clock.


5. checking no_input_delay (186)
--------------------------------
 There are 186 input ports with no input delay specified. (HIGH)

 There are 0 input ports with no input delay but user has a false path constraint.


6. checking no_output_delay (316)
---------------------------------
 There are 316 ports with no output delay specified. (HIGH)

 There are 0 ports with no output delay but user has a false path constraint

 There are 0 ports with no output delay but with a timing clock defined on it or propagating through it


7. checking multiple_clock (0)
------------------------------
 There are 0 register/latch pins with multiple clocks.


8. checking generated_clocks (0)
--------------------------------
 There are 0 generated clocks that are not connected to a clock source.


9. checking loops (0)
---------------------
 There are 0 combinational loops in the design.


10. checking partial_input_delay (0)
------------------------------------
 There are 0 input ports with partial input delay specified.


11. checking partial_output_delay (0)
-------------------------------------
 There are 0 ports with partial output delay specified.


12. checking latch_loops (0)
----------------------------
 There are 0 combinational latch loops in the design through latch input



------------------------------------------------------------------------------------------------
| Design Timing Summary
| ---------------------
------------------------------------------------------------------------------------------------

    WNS(ns)      TNS(ns)  TNS Failing Endpoints  TNS Total Endpoints     WPWS(ns)     TPWS(ns)  TPWS Failing Endpoints  TPWS Total Endpoints  
    -------      -------  ---------------------  -------------------     --------     --------  ----------------------  --------------------  
      4.292        0.000                      0                 8391        4.238        0.000                       0                  3486  


All user specified timing constraints are met.


------------------------------------------------------------------------------------------------
| Clock Summary
| -------------
------------------------------------------------------------------------------------------------

Clock   Waveform(ns)       Period(ns)      Frequency(MHz)
-----   ------------       ----------      --------------
ap_clk  {0.000 5.000}      10.000          100.000         


------------------------------------------------------------------------------------------------
| Intra Clock Table
| -----------------
------------------------------------------------------------------------------------------------

Clock             WNS(ns)      TNS(ns)  TNS Failing Endpoints  TNS Total Endpoints     WPWS(ns)     TPWS(ns)  TPWS Failing Endpoints  TPWS Total Endpoints  
-----             -------      -------  ---------------------  -------------------     --------     --------  ----------------------  --------------------  
ap_clk              4.292        0.000                      0                 8391        4.238        0.000                       0                  3486  


------------------------------------------------------------------------------------------------
| Inter Clock Table
| -----------------
------------------------------------------------------------------------------------------------

From Clock    To Clock          WNS(ns)      TNS(ns)  TNS Failing Endpoints  TNS Total Endpoints  
----------    --------          -------      -------  ---------------------  -------------------  


------------------------------------------------------------------------------------------------
| Other Path Groups Table
| -----------------------
------------------------------------------------------------------------------------------------

Path Group    From Clock    To Clock          WNS(ns)      TNS(ns)  TNS Failing Endpoints  TNS Total Endpoints  
----------    ----------    --------          -------      -------  ---------------------  -------------------  


------------------------------------------------------------------------------------------------
| Timing Details
| --------------
------------------------------------------------------------------------------------------------


---------------------------------------------------------------------------------------------------
From Clock:  ap_clk
  To Clock:  ap_clk

Setup :            0  Failing Endpoints,  Worst Slack        4.292ns,  Total Violation        0.000ns
Hold  :           NA  Failing Endpoints,  Worst Slack           NA  ,  Total Violation           NA
PW    :            0  Failing Endpoints,  Worst Slack        4.238ns,  Total Violation        0.000ns
---------------------------------------------------------------------------------------------------


Max Delay Paths
--------------------------------------------------------------------------------------
Slack (MET) :             4.292ns  (required time - arrival time)
  Source:                 a_6_reg_626_reg[4]/C
                            (rising edge-triggered cell FDRE clocked by ap_clk  {rise@0.000ns fall@5.000ns period=10.000ns})
  Destination:            sub_ln27_reg_670_reg[15]/D
                            (rising edge-triggered cell FDRE clocked by ap_clk  {rise@0.000ns fall@5.000ns period=10.000ns})
  Path Group:             ap_clk
  Path Type:              Setup (Max at Slow Process Corner)
  Requirement:            10.000ns  (ap_clk rise@10.000ns - ap_clk rise@0.000ns)
  Data Path Delay:        5.703ns  (logic 1.820ns (31.915%)  route 3.883ns (68.085%))
  Logic Levels:           11  (CARRY8=4 LUT3=3 LUT4=2 LUT5=1 LUT6=1)
  Clock Path Skew:        -0.014ns (DCD - SCD + CPR)
    Destination Clock Delay (DCD):    0.029ns = ( 10.029 - 10.000 ) 
    Source Clock Delay      (SCD):    0.043ns
    Clock Pessimism Removal (CPR):    0.000ns
  Clock Uncertainty:      0.035ns  ((TSJ^2 + TIJ^2)^1/2 + DJ) / 2 + PE
    Total System Jitter     (TSJ):    0.071ns
    Total Input Jitter      (TIJ):    0.000ns
    Discrete Jitter          (DJ):    0.000ns
    Phase Error              (PE):    0.000ns

    Location             Delay type                Incr(ns)  Path(ns)    Netlist Resource(s)
  -------------------------------------------------------------------    -------------------
                         (clock ap_clk rise edge)     0.000     0.000 r  
                                                      0.000     0.000 r  ap_clk (IN)
                         net (fo=3485, unset)         0.043     0.043    ap_clk
    SLICE_X45Y149        FDRE                                         r  a_6_reg_626_reg[4]/C
  -------------------------------------------------------------------    -------------------
    SLICE_X45Y149        FDRE (Prop_EFF_SLICEM_C_Q)
                                                      0.113     0.156 r  a_6_reg_626_reg[4]/Q
                         net (fo=5, routed)           0.609     0.765    a_6_reg_626[4]
    SLICE_X49Y150        LUT3 (Prop_C6LUT_SLICEL_I2_O)
                                                      0.150     0.915 r  add_ln23_2_reg_665[15]_i_45/O
                         net (fo=2, routed)           0.512     1.427    add_ln23_2_reg_665[15]_i_45_n_0
    SLICE_X48Y148        LUT4 (Prop_F6LUT_SLICEL_I3_O)
                                                      0.136     1.563 r  add_ln23_2_reg_665[15]_i_52/O
                         net (fo=1, routed)           0.015     1.578    add_ln23_2_reg_665[15]_i_52_n_0
    SLICE_X48Y148        CARRY8 (Prop_CARRY8_SLICEL_S[5]_CO[7])
                                                      0.232     1.810 r  add_ln23_2_reg_665_reg[15]_i_25/CO[7]
                         net (fo=1, routed)           0.030     1.840    add_ln23_2_reg_665_reg[15]_i_25_n_0
    SLICE_X48Y149        CARRY8 (Prop_CARRY8_SLICEL_CI_O[0])
                                                      0.078     1.918 r  add_ln23_2_reg_665_reg[15]_i_18/O[0]
                         net (fo=4, routed)           0.588     2.506    sext_ln27_6_fu_402_p1[7]
    SLICE_X50Y149        LUT3 (Prop_D5LUT_SLICEL_I0_O)
                                                      0.217     2.723 r  add_ln23_2_reg_665[15]_i_24/O
                         net (fo=2, routed)           0.545     3.268    add_ln23_2_reg_665[15]_i_24_n_0
    SLICE_X47Y146        LUT5 (Prop_H6LUT_SLICEL_I1_O)
                                                      0.058     3.326 r  add_ln23_2_reg_665[15]_i_8/O
                         net (fo=2, routed)           0.503     3.829    add_ln23_2_reg_665[15]_i_8_n_0
    SLICE_X49Y147        LUT6 (Prop_A6LUT_SLICEL_I0_O)
                                                      0.058     3.887 r  add_ln23_2_reg_665[15]_i_16/O
                         net (fo=1, routed)           0.014     3.901    add_ln23_2_reg_665[15]_i_16_n_0
    SLICE_X49Y147        CARRY8 (Prop_CARRY8_SLICEL_S[0]_O[5])
                                                      0.339     4.240 f  add_ln23_2_reg_665_reg[15]_i_1/O[5]
                         net (fo=3, routed)           0.506     4.745    add_ln23_2_fu_429_p2[13]
    SLICE_X48Y145        LUT3 (Prop_H6LUT_SLICEL_I1_O)
                                                      0.058     4.803 r  sub_ln27_reg_670[15]_i_3/O
                         net (fo=2, routed)           0.512     5.316    sub_ln27_reg_670[15]_i_3_n_0
    SLICE_X49Y145        LUT4 (Prop_F6LUT_SLICEL_I3_O)
                                                      0.187     5.503 r  sub_ln27_reg_670[15]_i_11/O
                         net (fo=1, routed)           0.015     5.518    sub_ln27_reg_670[15]_i_11_n_0
    SLICE_X49Y145        CARRY8 (Prop_CARRY8_SLICEL_S[5]_O[7])
                                                      0.194     5.712 r  sub_ln27_reg_670_reg[15]_i_1/O[7]
                         net (fo=1, routed)           0.034     5.746    sub_ln27_fu_449_p2[15]
    SLICE_X49Y145        FDRE                                         r  sub_ln27_reg_670_reg[15]/D
  -------------------------------------------------------------------    -------------------

                         (clock ap_clk rise edge)    10.000    10.000 r  
                                                      0.000    10.000 r  ap_clk (IN)
                         net (fo=3485, unset)         0.029    10.029    ap_clk
    SLICE_X49Y145        FDRE                                         r  sub_ln27_reg_670_reg[15]/C
                         clock pessimism              0.000    10.029    
                         clock uncertainty           -0.035     9.994    
    SLICE_X49Y145        FDRE (Setup_HFF_SLICEL_C_D)
                                                      0.044    10.038    sub_ln27_reg_670_reg[15]
  -------------------------------------------------------------------
                         required time                         10.038    
                         arrival time                          -5.746    
  -------------------------------------------------------------------
                         slack                                  4.292    

Slack (MET) :             4.306ns  (required time - arrival time)
  Source:                 a_6_reg_626_reg[4]/C
                            (rising edge-triggered cell FDRE clocked by ap_clk  {rise@0.000ns fall@5.000ns period=10.000ns})
  Destination:            sub_ln27_reg_670_reg[14]/D
                            (rising edge-triggered cell FDRE clocked by ap_clk  {rise@0.000ns fall@5.000ns period=10.000ns})
  Path Group:             ap_clk
  Path Type:              Setup (Max at Slow Process Corner)
  Requirement:            10.000ns  (ap_clk rise@10.000ns - ap_clk rise@0.000ns)
  Data Path Delay:        5.689ns  (logic 1.806ns (31.748%)  route 3.883ns (68.252%))
  Logic Levels:           11  (CARRY8=4 LUT3=3 LUT4=2 LUT5=1 LUT6=1)
  Clock Path Skew:        -0.014ns (DCD - SCD + CPR)
    Destination Clock Delay (DCD):    0.029ns = ( 10.029 - 10.000 ) 
    Source Clock Delay      (SCD):    0.043ns
    Clock Pessimism Removal (CPR):    0.000ns
  Clock Uncertainty:      0.035ns  ((TSJ^2 + TIJ^2)^1/2 + DJ) / 2 + PE
    Total System Jitter     (TSJ):    0.071ns
    Total Input Jitter      (TIJ):    0.000ns
    Discrete Jitter          (DJ):    0.000ns
    Phase Error              (PE):    0.000ns

    Location             Delay type                Incr(ns)  Path(ns)    Netlist Resource(s)
  -------------------------------------------------------------------    -------------------
                         (clock ap_clk rise edge)     0.000     0.000 r  
                                                      0.000     0.000 r  ap_clk (IN)
                         net (fo=3485, unset)         0.043     0.043    ap_clk
    SLICE_X45Y149        FDRE                                         r  a_6_reg_626_reg[4]/C
  -------------------------------------------------------------------    -------------------
    SLICE_X45Y149        FDRE (Prop_EFF_SLICEM_C_Q)
                                                      0.113     0.156 r  a_6_reg_626_reg[4]/Q
                         net (fo=5, routed)           0.609     0.765    a_6_reg_626[4]
    SLICE_X49Y150        LUT3 (Prop_C6LUT_SLICEL_I2_O)
                                                      0.150     0.915 r  add_ln23_2_reg_665[15]_i_45/O
                         net (fo=2, routed)           0.512     1.427    add_ln23_2_reg_665[15]_i_45_n_0
    SLICE_X48Y148        LUT4 (Prop_F6LUT_SLICEL_I3_O)
                                                      0.136     1.563 r  add_ln23_2_reg_665[15]_i_52/O
                         net (fo=1, routed)           0.015     1.578    add_ln23_2_reg_665[15]_i_52_n_0
    SLICE_X48Y148        CARRY8 (Prop_CARRY8_SLICEL_S[5]_CO[7])
                                                      0.232     1.810 r  add_ln23_2_reg_665_reg[15]_i_25/CO[7]
                         net (fo=1, routed)           0.030     1.840    add_ln23_2_reg_665_reg[15]_i_25_n_0
    SLICE_X48Y149        CARRY8 (Prop_CARRY8_SLICEL_CI_O[0])
                                                      0.078     1.918 r  add_ln23_2_reg_665_reg[15]_i_18/O[0]
                         net (fo=4, routed)           0.588     2.506    sext_ln27_6_fu_402_p1[7]
    SLICE_X50Y149        LUT3 (Prop_D5LUT_SLICEL_I0_O)
                                                      0.217     2.723 r  add_ln23_2_reg_665[15]_i_24/O
                         net (fo=2, routed)           0.545     3.268    add_ln23_2_reg_665[15]_i_24_n_0
    SLICE_X47Y146        LUT5 (Prop_H6LUT_SLICEL_I1_O)
                                                      0.058     3.326 r  add_ln23_2_reg_665[15]_i_8/O
                         net (fo=2, routed)           0.503     3.829    add_ln23_2_reg_665[15]_i_8_n_0
    SLICE_X49Y147        LUT6 (Prop_A6LUT_SLICEL_I0_O)
                                                      0.058     3.887 r  add_ln23_2_reg_665[15]_i_16/O
                         net (fo=1, routed)           0.014     3.901    add_ln23_2_reg_665[15]_i_16_n_0
    SLICE_X49Y147        CARRY8 (Prop_CARRY8_SLICEL_S[0]_O[5])
                                                      0.339     4.240 f  add_ln23_2_reg_665_reg[15]_i_1/O[5]
                         net (fo=3, routed)           0.506     4.745    add_ln23_2_fu_429_p2[13]
    SLICE_X48Y145        LUT3 (Prop_H6LUT_SLICEL_I1_O)
                                                      0.058     4.803 r  sub_ln27_reg_670[15]_i_3/O
                         net (fo=2, routed)           0.512     5.316    sub_ln27_reg_670[15]_i_3_n_0
    SLICE_X49Y145        LUT4 (Prop_F6LUT_SLICEL_I3_O)
                                                      0.187     5.503 r  sub_ln27_reg_670[15]_i_11/O
                         net (fo=1, routed)           0.015     5.518    sub_ln27_reg_670[15]_i_11_n_0
    SLICE_X49Y145        CARRY8 (Prop_CARRY8_SLICEL_S[5]_O[6])
                                                      0.180     5.698 r  sub_ln27_reg_670_reg[15]_i_1/O[6]
                         net (fo=1, routed)           0.034     5.732    sub_ln27_fu_449_p2[14]
    SLICE_X49Y145        FDRE                                         r  sub_ln27_reg_670_reg[14]/D
  -------------------------------------------------------------------    -------------------

                         (clock ap_clk rise edge)    10.000    10.000 r  
                                                      0.000    10.000 r  ap_clk (IN)
                         net (fo=3485, unset)         0.029    10.029    ap_clk
    SLICE_X49Y145        FDRE                                         r  sub_ln27_reg_670_reg[14]/C
                         clock pessimism              0.000    10.029    
                         clock uncertainty           -0.035     9.994    
    SLICE_X49Y145        FDRE (Setup_GFF_SLICEL_C_D)
                                                      0.044    10.038    sub_ln27_reg_670_reg[14]
  -------------------------------------------------------------------
                         required time                         10.038    
                         arrival time                          -5.732    
  -------------------------------------------------------------------
                         slack                                  4.306    

Slack (MET) :             4.408ns  (required time - arrival time)
  Source:                 a_6_reg_626_reg[4]/C
                            (rising edge-triggered cell FDRE clocked by ap_clk  {rise@0.000ns fall@5.000ns period=10.000ns})
  Destination:            sub_ln27_reg_670_reg[13]/D
                            (rising edge-triggered cell FDRE clocked by ap_clk  {rise@0.000ns fall@5.000ns period=10.000ns})
  Path Group:             ap_clk
  Path Type:              Setup (Max at Slow Process Corner)
  Requirement:            10.000ns  (ap_clk rise@10.000ns - ap_clk rise@0.000ns)
  Data Path Delay:        5.587ns  (logic 1.705ns (30.520%)  route 3.882ns (69.480%))
  Logic Levels:           11  (CARRY8=4 LUT3=3 LUT4=2 LUT5=1 LUT6=1)
  Clock Path Skew:        -0.014ns (DCD - SCD + CPR)
    Destination Clock Delay (DCD):    0.029ns = ( 10.029 - 10.000 ) 
    Source Clock Delay      (SCD):    0.043ns
    Clock Pessimism Removal (CPR):    0.000ns
  Clock Uncertainty:      0.035ns  ((TSJ^2 + TIJ^2)^1/2 + DJ) / 2 + PE
    Total System Jitter     (TSJ):    0.071ns
    Total Input Jitter      (TIJ):    0.000ns
    Discrete Jitter          (DJ):    0.000ns
    Phase Error              (PE):    0.000ns

    Location             Delay type                Incr(ns)  Path(ns)    Netlist Resource(s)
  -------------------------------------------------------------------    -------------------
                         (clock ap_clk rise edge)     0.000     0.000 r  
                                                      0.000     0.000 r  ap_clk (IN)
                         net (fo=3485, unset)         0.043     0.043    ap_clk
    SLICE_X45Y149        FDRE                                         r  a_6_reg_626_reg[4]/C
  -------------------------------------------------------------------    -------------------
    SLICE_X45Y149        FDRE (Prop_EFF_SLICEM_C_Q)
                                                      0.113     0.156 r  a_6_reg_626_reg[4]/Q
                         net (fo=5, routed)           0.609     0.765    a_6_reg_626[4]
    SLICE_X49Y150        LUT3 (Prop_C6LUT_SLICEL_I2_O)
                                                      0.150     0.915 r  add_ln23_2_reg_665[15]_i_45/O
                         net (fo=2, routed)           0.512     1.427    add_ln23_2_reg_665[15]_i_45_n_0
    SLICE_X48Y148        LUT4 (Prop_F6LUT_SLICEL_I3_O)
                                                      0.136     1.563 r  add_ln23_2_reg_665[15]_i_52/O
                         net (fo=1, routed)           0.015     1.578    add_ln23_2_reg_665[15]_i_52_n_0
    SLICE_X48Y148        CARRY8 (Prop_CARRY8_SLICEL_S[5]_CO[7])
                                                      0.232     1.810 r  add_ln23_2_reg_665_reg[15]_i_25/CO[7]
                         net (fo=1, routed)           0.030     1.840    add_ln23_2_reg_665_reg[15]_i_25_n_0
    SLICE_X48Y149        CARRY8 (Prop_CARRY8_SLICEL_CI_O[0])
                                                      0.078     1.918 r  add_ln23_2_reg_665_reg[15]_i_18/O[0]
                         net (fo=4, routed)           0.588     2.506    sext_ln27_6_fu_402_p1[7]
    SLICE_X50Y149        LUT3 (Prop_D5LUT_SLICEL_I0_O)
                                                      0.217     2.723 r  add_ln23_2_reg_665[15]_i_24/O
                         net (fo=2, routed)           0.545     3.268    add_ln23_2_reg_665[15]_i_24_n_0
    SLICE_X47Y146        LUT5 (Prop_H6LUT_SLICEL_I1_O)
                                                      0.058     3.326 r  add_ln23_2_reg_665[15]_i_8/O
                         net (fo=2, routed)           0.503     3.829    add_ln23_2_reg_665[15]_i_8_n_0
    SLICE_X49Y147        LUT6 (Prop_A6LUT_SLICEL_I0_O)
                                                      0.058     3.887 r  add_ln23_2_reg_665[15]_i_16/O
                         net (fo=1, routed)           0.014     3.901    add_ln23_2_reg_665[15]_i_16_n_0
    SLICE_X49Y147        CARRY8 (Prop_CARRY8_SLICEL_S[0]_O[5])
                                                      0.339     4.240 f  add_ln23_2_reg_665_reg[15]_i_1/O[5]
                         net (fo=3, routed)           0.506     4.745    add_ln23_2_fu_429_p2[13]
    SLICE_X48Y145        LUT3 (Prop_H6LUT_SLICEL_I1_O)
                                                      0.058     4.803 r  sub_ln27_reg_670[15]_i_3/O
                         net (fo=2, routed)           0.512     5.316    sub_ln27_reg_670[15]_i_3_n_0
    SLICE_X49Y145        LUT4 (Prop_F6LUT_SLICEL_I3_O)
                                                      0.187     5.503 r  sub_ln27_reg_670[15]_i_11/O
                         net (fo=1, routed)           0.015     5.518    sub_ln27_reg_670[15]_i_11_n_0
    SLICE_X49Y145        CARRY8 (Prop_CARRY8_SLICEL_S[5]_O[5])
                                                      0.079     5.597 r  sub_ln27_reg_670_reg[15]_i_1/O[5]
                         net (fo=1, routed)           0.033     5.630    sub_ln27_fu_449_p2[13]
    SLICE_X49Y145        FDRE                                         r  sub_ln27_reg_670_reg[13]/D
  -------------------------------------------------------------------    -------------------

                         (clock ap_clk rise edge)    10.000    10.000 r  
                                                      0.000    10.000 r  ap_clk (IN)
                         net (fo=3485, unset)         0.029    10.029    ap_clk
    SLICE_X49Y145        FDRE                                         r  sub_ln27_reg_670_reg[13]/C
                         clock pessimism              0.000    10.029    
                         clock uncertainty           -0.035     9.994    
    SLICE_X49Y145        FDRE (Setup_FFF_SLICEL_C_D)
                                                      0.044    10.038    sub_ln27_reg_670_reg[13]
  -------------------------------------------------------------------
                         required time                         10.038    
                         arrival time                          -5.630    
  -------------------------------------------------------------------
                         slack                                  4.408    

Slack (MET) :             4.519ns  (required time - arrival time)
  Source:                 a_6_reg_626_reg[4]/C
                            (rising edge-triggered cell FDRE clocked by ap_clk  {rise@0.000ns fall@5.000ns period=10.000ns})
  Destination:            sub_ln27_reg_670_reg[12]/D
                            (rising edge-triggered cell FDRE clocked by ap_clk  {rise@0.000ns fall@5.000ns period=10.000ns})
  Path Group:             ap_clk
  Path Type:              Setup (Max at Slow Process Corner)
  Requirement:            10.000ns  (ap_clk rise@10.000ns - ap_clk rise@0.000ns)
  Data Path Delay:        5.476ns  (logic 1.564ns (28.562%)  route 3.912ns (71.438%))
  Logic Levels:           11  (CARRY8=4 LUT3=3 LUT4=2 LUT5=1 LUT6=1)
  Clock Path Skew:        -0.014ns (DCD - SCD + CPR)
    Destination Clock Delay (DCD):    0.029ns = ( 10.029 - 10.000 ) 
    Source Clock Delay      (SCD):    0.043ns
    Clock Pessimism Removal (CPR):    0.000ns
  Clock Uncertainty:      0.035ns  ((TSJ^2 + TIJ^2)^1/2 + DJ) / 2 + PE
    Total System Jitter     (TSJ):    0.071ns
    Total Input Jitter      (TIJ):    0.000ns
    Discrete Jitter          (DJ):    0.000ns
    Phase Error              (PE):    0.000ns

    Location             Delay type                Incr(ns)  Path(ns)    Netlist Resource(s)
  -------------------------------------------------------------------    -------------------
                         (clock ap_clk rise edge)     0.000     0.000 r  
                                                      0.000     0.000 r  ap_clk (IN)
                         net (fo=3485, unset)         0.043     0.043    ap_clk
    SLICE_X45Y149        FDRE                                         r  a_6_reg_626_reg[4]/C
  -------------------------------------------------------------------    -------------------
    SLICE_X45Y149        FDRE (Prop_EFF_SLICEM_C_Q)
                                                      0.113     0.156 r  a_6_reg_626_reg[4]/Q
                         net (fo=5, routed)           0.609     0.765    a_6_reg_626[4]
    SLICE_X49Y150        LUT3 (Prop_C6LUT_SLICEL_I2_O)
                                                      0.150     0.915 r  add_ln23_2_reg_665[15]_i_45/O
                         net (fo=2, routed)           0.512     1.427    add_ln23_2_reg_665[15]_i_45_n_0
    SLICE_X48Y148        LUT4 (Prop_F6LUT_SLICEL_I3_O)
                                                      0.136     1.563 r  add_ln23_2_reg_665[15]_i_52/O
                         net (fo=1, routed)           0.015     1.578    add_ln23_2_reg_665[15]_i_52_n_0
    SLICE_X48Y148        CARRY8 (Prop_CARRY8_SLICEL_S[5]_CO[7])
                                                      0.232     1.810 r  add_ln23_2_reg_665_reg[15]_i_25/CO[7]
                         net (fo=1, routed)           0.030     1.840    add_ln23_2_reg_665_reg[15]_i_25_n_0
    SLICE_X48Y149        CARRY8 (Prop_CARRY8_SLICEL_CI_O[0])
                                                      0.078     1.918 r  add_ln23_2_reg_665_reg[15]_i_18/O[0]
                         net (fo=4, routed)           0.588     2.506    sext_ln27_6_fu_402_p1[7]
    SLICE_X50Y149        LUT3 (Prop_D5LUT_SLICEL_I0_O)
                                                      0.217     2.723 r  add_ln23_2_reg_665[15]_i_24/O
                         net (fo=2, routed)           0.545     3.268    add_ln23_2_reg_665[15]_i_24_n_0
    SLICE_X47Y146        LUT5 (Prop_H6LUT_SLICEL_I1_O)
                                                      0.058     3.326 r  add_ln23_2_reg_665[15]_i_8/O
                         net (fo=2, routed)           0.503     3.829    add_ln23_2_reg_665[15]_i_8_n_0
    SLICE_X49Y147        LUT6 (Prop_A6LUT_SLICEL_I0_O)
                                                      0.058     3.887 r  add_ln23_2_reg_665[15]_i_16/O
                         net (fo=1, routed)           0.014     3.901    add_ln23_2_reg_665[15]_i_16_n_0
    SLICE_X49Y147        CARRY8 (Prop_CARRY8_SLICEL_S[0]_O[3])
                                                      0.201     4.102 f  add_ln23_2_reg_665_reg[15]_i_1/O[3]
                         net (fo=3, routed)           0.553     4.655    add_ln23_2_fu_429_p2[11]
    SLICE_X48Y145        LUT3 (Prop_F6LUT_SLICEL_I1_O)
                                                      0.056     4.711 r  sub_ln27_reg_670[15]_i_5/O
                         net (fo=2, routed)           0.498     5.209    sub_ln27_reg_670[15]_i_5_n_0
    SLICE_X49Y145        LUT4 (Prop_D6LUT_SLICEL_I3_O)
                                                      0.057     5.266 r  sub_ln27_reg_670[15]_i_13/O
                         net (fo=1, routed)           0.013     5.279    sub_ln27_reg_670[15]_i_13_n_0
    SLICE_X49Y145        CARRY8 (Prop_CARRY8_SLICEL_S[3]_O[4])
                                                      0.208     5.487 r  sub_ln27_reg_670_reg[15]_i_1/O[4]
                         net (fo=1, routed)           0.032     5.519    sub_ln27_fu_449_p2[12]
    SLICE_X49Y145        FDRE                                         r  sub_ln27_reg_670_reg[12]/D
  -------------------------------------------------------------------    -------------------

                         (clock ap_clk rise edge)    10.000    10.000 r  
                                                      0.000    10.000 r  ap_clk (IN)
                         net (fo=3485, unset)         0.029    10.029    ap_clk
    SLICE_X49Y145        FDRE                                         r  sub_ln27_reg_670_reg[12]/C
                         clock pessimism              0.000    10.029    
                         clock uncertainty           -0.035     9.994    
    SLICE_X49Y145        FDRE (Setup_EFF_SLICEL_C_D)
                                                      0.044    10.038    sub_ln27_reg_670_reg[12]
  -------------------------------------------------------------------
                         required time                         10.038    
                         arrival time                          -5.519    
  -------------------------------------------------------------------
                         slack                                  4.519    

Slack (MET) :             4.637ns  (required time - arrival time)
  Source:                 a_6_reg_626_reg[4]/C
                            (rising edge-triggered cell FDRE clocked by ap_clk  {rise@0.000ns fall@5.000ns period=10.000ns})
  Destination:            sub_ln27_reg_670_reg[11]/D
                            (rising edge-triggered cell FDRE clocked by ap_clk  {rise@0.000ns fall@5.000ns period=10.000ns})
  Path Group:             ap_clk
  Path Type:              Setup (Max at Slow Process Corner)
  Requirement:            10.000ns  (ap_clk rise@10.000ns - ap_clk rise@0.000ns)
  Data Path Delay:        5.358ns  (logic 1.559ns (29.096%)  route 3.799ns (70.904%))
  Logic Levels:           11  (CARRY8=4 LUT3=3 LUT4=2 LUT5=1 LUT6=1)
  Clock Path Skew:        -0.014ns (DCD - SCD + CPR)
    Destination Clock Delay (DCD):    0.029ns = ( 10.029 - 10.000 ) 
    Source Clock Delay      (SCD):    0.043ns
    Clock Pessimism Removal (CPR):    0.000ns
  Clock Uncertainty:      0.035ns  ((TSJ^2 + TIJ^2)^1/2 + DJ) / 2 + PE
    Total System Jitter     (TSJ):    0.071ns
    Total Input Jitter      (TIJ):    0.000ns
    Discrete Jitter          (DJ):    0.000ns
    Phase Error              (PE):    0.000ns

    Location             Delay type                Incr(ns)  Path(ns)    Netlist Resource(s)
  -------------------------------------------------------------------    -------------------
                         (clock ap_clk rise edge)     0.000     0.000 r  
                                                      0.000     0.000 r  ap_clk (IN)
                         net (fo=3485, unset)         0.043     0.043    ap_clk
    SLICE_X45Y149        FDRE                                         r  a_6_reg_626_reg[4]/C
  -------------------------------------------------------------------    -------------------
    SLICE_X45Y149        FDRE (Prop_EFF_SLICEM_C_Q)
                                                      0.113     0.156 r  a_6_reg_626_reg[4]/Q
                         net (fo=5, routed)           0.609     0.765    a_6_reg_626[4]
    SLICE_X49Y150        LUT3 (Prop_C6LUT_SLICEL_I2_O)
                                                      0.150     0.915 r  add_ln23_2_reg_665[15]_i_45/O
                         net (fo=2, routed)           0.512     1.427    add_ln23_2_reg_665[15]_i_45_n_0
    SLICE_X48Y148        LUT4 (Prop_F6LUT_SLICEL_I3_O)
                                                      0.136     1.563 r  add_ln23_2_reg_665[15]_i_52/O
                         net (fo=1, routed)           0.015     1.578    add_ln23_2_reg_665[15]_i_52_n_0
    SLICE_X48Y148        CARRY8 (Prop_CARRY8_SLICEL_S[5]_CO[7])
                                                      0.232     1.810 r  add_ln23_2_reg_665_reg[15]_i_25/CO[7]
                         net (fo=1, routed)           0.030     1.840    add_ln23_2_reg_665_reg[15]_i_25_n_0
    SLICE_X48Y149        CARRY8 (Prop_CARRY8_SLICEL_CI_O[0])
                                                      0.078     1.918 r  add_ln23_2_reg_665_reg[15]_i_18/O[0]
                         net (fo=4, routed)           0.588     2.506    sext_ln27_6_fu_402_p1[7]
    SLICE_X50Y149        LUT3 (Prop_D5LUT_SLICEL_I0_O)
                                                      0.217     2.723 r  add_ln23_2_reg_665[15]_i_24/O
                         net (fo=2, routed)           0.545     3.268    add_ln23_2_reg_665[15]_i_24_n_0
    SLICE_X47Y146        LUT5 (Prop_H6LUT_SLICEL_I1_O)
                                                      0.058     3.326 r  add_ln23_2_reg_665[15]_i_8/O
                         net (fo=2, routed)           0.503     3.829    add_ln23_2_reg_665[15]_i_8_n_0
    SLICE_X49Y147        LUT6 (Prop_A6LUT_SLICEL_I0_O)
                                                      0.058     3.887 r  add_ln23_2_reg_665[15]_i_16/O
                         net (fo=1, routed)           0.014     3.901    add_ln23_2_reg_665[15]_i_16_n_0
    SLICE_X49Y147        CARRY8 (Prop_CARRY8_SLICEL_S[0]_O[2])
                                                      0.192     4.093 f  add_ln23_2_reg_665_reg[15]_i_1/O[2]
                         net (fo=3, routed)           0.513     4.606    add_ln23_2_fu_429_p2[10]
    SLICE_X48Y145        LUT3 (Prop_E6LUT_SLICEL_I1_O)
                                                      0.152     4.758 r  sub_ln27_reg_670[15]_i_6/O
                         net (fo=2, routed)           0.421     5.179    sub_ln27_reg_670[15]_i_6_n_0
    SLICE_X49Y145        LUT4 (Prop_C6LUT_SLICEL_I3_O)
                                                      0.056     5.235 r  sub_ln27_reg_670[15]_i_14/O
                         net (fo=1, routed)           0.015     5.250    sub_ln27_reg_670[15]_i_14_n_0
    SLICE_X49Y145        CARRY8 (Prop_CARRY8_SLICEL_S[2]_O[3])
                                                      0.117     5.367 r  sub_ln27_reg_670_reg[15]_i_1/O[3]
                         net (fo=1, routed)           0.034     5.401    sub_ln27_fu_449_p2[11]
    SLICE_X49Y145        FDRE                                         r  sub_ln27_reg_670_reg[11]/D
  -------------------------------------------------------------------    -------------------

                         (clock ap_clk rise edge)    10.000    10.000 r  
                                                      0.000    10.000 r  ap_clk (IN)
                         net (fo=3485, unset)         0.029    10.029    ap_clk
    SLICE_X49Y145        FDRE                                         r  sub_ln27_reg_670_reg[11]/C
                         clock pessimism              0.000    10.029    
                         clock uncertainty           -0.035     9.994    
    SLICE_X49Y145        FDRE (Setup_DFF_SLICEL_C_D)
                                                      0.044    10.038    sub_ln27_reg_670_reg[11]
  -------------------------------------------------------------------
                         required time                         10.038    
                         arrival time                          -5.401    
  -------------------------------------------------------------------
                         slack                                  4.637    

Slack (MET) :             4.640ns  (required time - arrival time)
  Source:                 a_6_reg_626_reg[4]/C
                            (rising edge-triggered cell FDRE clocked by ap_clk  {rise@0.000ns fall@5.000ns period=10.000ns})
  Destination:            sub_ln27_reg_670_reg[10]/D
                            (rising edge-triggered cell FDRE clocked by ap_clk  {rise@0.000ns fall@5.000ns period=10.000ns})
  Path Group:             ap_clk
  Path Type:              Setup (Max at Slow Process Corner)
  Requirement:            10.000ns  (ap_clk rise@10.000ns - ap_clk rise@0.000ns)
  Data Path Delay:        5.354ns  (logic 1.576ns (29.435%)  route 3.778ns (70.565%))
  Logic Levels:           11  (CARRY8=4 LUT3=3 LUT4=2 LUT5=1 LUT6=1)
  Clock Path Skew:        -0.014ns (DCD - SCD + CPR)
    Destination Clock Delay (DCD):    0.029ns = ( 10.029 - 10.000 ) 
    Source Clock Delay      (SCD):    0.043ns
    Clock Pessimism Removal (CPR):    0.000ns
  Clock Uncertainty:      0.035ns  ((TSJ^2 + TIJ^2)^1/2 + DJ) / 2 + PE
    Total System Jitter     (TSJ):    0.071ns
    Total Input Jitter      (TIJ):    0.000ns
    Discrete Jitter          (DJ):    0.000ns
    Phase Error              (PE):    0.000ns

    Location             Delay type                Incr(ns)  Path(ns)    Netlist Resource(s)
  -------------------------------------------------------------------    -------------------
                         (clock ap_clk rise edge)     0.000     0.000 r  
                                                      0.000     0.000 r  ap_clk (IN)
                         net (fo=3485, unset)         0.043     0.043    ap_clk
    SLICE_X45Y149        FDRE                                         r  a_6_reg_626_reg[4]/C
  -------------------------------------------------------------------    -------------------
    SLICE_X45Y149        FDRE (Prop_EFF_SLICEM_C_Q)
                                                      0.113     0.156 r  a_6_reg_626_reg[4]/Q
                         net (fo=5, routed)           0.609     0.765    a_6_reg_626[4]
    SLICE_X49Y150        LUT3 (Prop_C6LUT_SLICEL_I2_O)
                                                      0.150     0.915 r  add_ln23_2_reg_665[15]_i_45/O
                         net (fo=2, routed)           0.512     1.427    add_ln23_2_reg_665[15]_i_45_n_0
    SLICE_X48Y148        LUT4 (Prop_F6LUT_SLICEL_I3_O)
                                                      0.136     1.563 r  add_ln23_2_reg_665[15]_i_52/O
                         net (fo=1, routed)           0.015     1.578    add_ln23_2_reg_665[15]_i_52_n_0
    SLICE_X48Y148        CARRY8 (Prop_CARRY8_SLICEL_S[5]_CO[7])
                                                      0.232     1.810 r  add_ln23_2_reg_665_reg[15]_i_25/CO[7]
                         net (fo=1, routed)           0.030     1.840    add_ln23_2_reg_665_reg[15]_i_25_n_0
    SLICE_X48Y149        CARRY8 (Prop_CARRY8_SLICEL_CI_O[0])
                                                      0.078     1.918 r  add_ln23_2_reg_665_reg[15]_i_18/O[0]
                         net (fo=4, routed)           0.588     2.506    sext_ln27_6_fu_402_p1[7]
    SLICE_X50Y149        LUT3 (Prop_D5LUT_SLICEL_I0_O)
                                                      0.217     2.723 r  add_ln23_2_reg_665[15]_i_24/O
                         net (fo=2, routed)           0.545     3.268    add_ln23_2_reg_665[15]_i_24_n_0
    SLICE_X47Y146        LUT5 (Prop_H6LUT_SLICEL_I1_O)
                                                      0.058     3.326 r  add_ln23_2_reg_665[15]_i_8/O
                         net (fo=2, routed)           0.503     3.829    add_ln23_2_reg_665[15]_i_8_n_0
    SLICE_X49Y147        LUT6 (Prop_A6LUT_SLICEL_I0_O)
                                                      0.058     3.887 r  add_ln23_2_reg_665[15]_i_16/O
                         net (fo=1, routed)           0.014     3.901    add_ln23_2_reg_665[15]_i_16_n_0
    SLICE_X49Y147        CARRY8 (Prop_CARRY8_SLICEL_S[0]_O[1])
                                                      0.140     4.041 f  add_ln23_2_reg_665_reg[15]_i_1/O[1]
                         net (fo=3, routed)           0.505     4.546    add_ln23_2_fu_429_p2[9]
    SLICE_X48Y145        LUT3 (Prop_D6LUT_SLICEL_I1_O)
                                                      0.136     4.682 r  sub_ln27_reg_670[15]_i_7/O
                         net (fo=2, routed)           0.411     5.092    sub_ln27_reg_670[15]_i_7_n_0
    SLICE_X49Y145        LUT4 (Prop_B6LUT_SLICEL_I3_O)
                                                      0.083     5.175 r  sub_ln27_reg_670[15]_i_15/O
                         net (fo=1, routed)           0.013     5.188    sub_ln27_reg_670[15]_i_15_n_0
    SLICE_X49Y145        CARRY8 (Prop_CARRY8_SLICEL_S[1]_O[2])
                                                      0.175     5.363 r  sub_ln27_reg_670_reg[15]_i_1/O[2]
                         net (fo=1, routed)           0.034     5.397    sub_ln27_fu_449_p2[10]
    SLICE_X49Y145        FDRE                                         r  sub_ln27_reg_670_reg[10]/D
  -------------------------------------------------------------------    -------------------

                         (clock ap_clk rise edge)    10.000    10.000 r  
                                                      0.000    10.000 r  ap_clk (IN)
                         net (fo=3485, unset)         0.029    10.029    ap_clk
    SLICE_X49Y145        FDRE                                         r  sub_ln27_reg_670_reg[10]/C
                         clock pessimism              0.000    10.029    
                         clock uncertainty           -0.035     9.994    
    SLICE_X49Y145        FDRE (Setup_CFF_SLICEL_C_D)
                                                      0.044    10.038    sub_ln27_reg_670_reg[10]
  -------------------------------------------------------------------
                         required time                         10.038    
                         arrival time                          -5.397    
  -------------------------------------------------------------------
                         slack                                  4.640    

Slack (MET) :             4.736ns  (required time - arrival time)
  Source:                 a_6_reg_626_reg[4]/C
                            (rising edge-triggered cell FDRE clocked by ap_clk  {rise@0.000ns fall@5.000ns period=10.000ns})
  Destination:            sub_ln27_reg_670_reg[9]/D
                            (rising edge-triggered cell FDRE clocked by ap_clk  {rise@0.000ns fall@5.000ns period=10.000ns})
  Path Group:             ap_clk
  Path Type:              Setup (Max at Slow Process Corner)
  Requirement:            10.000ns  (ap_clk rise@10.000ns - ap_clk rise@0.000ns)
  Data Path Delay:        5.258ns  (logic 1.481ns (28.166%)  route 3.777ns (71.834%))
  Logic Levels:           11  (CARRY8=4 LUT3=3 LUT4=2 LUT5=1 LUT6=1)
  Clock Path Skew:        -0.014ns (DCD - SCD + CPR)
    Destination Clock Delay (DCD):    0.029ns = ( 10.029 - 10.000 ) 
    Source Clock Delay      (SCD):    0.043ns
    Clock Pessimism Removal (CPR):    0.000ns
  Clock Uncertainty:      0.035ns  ((TSJ^2 + TIJ^2)^1/2 + DJ) / 2 + PE
    Total System Jitter     (TSJ):    0.071ns
    Total Input Jitter      (TIJ):    0.000ns
    Discrete Jitter          (DJ):    0.000ns
    Phase Error              (PE):    0.000ns

    Location             Delay type                Incr(ns)  Path(ns)    Netlist Resource(s)
  -------------------------------------------------------------------    -------------------
                         (clock ap_clk rise edge)     0.000     0.000 r  
                                                      0.000     0.000 r  ap_clk (IN)
                         net (fo=3485, unset)         0.043     0.043    ap_clk
    SLICE_X45Y149        FDRE                                         r  a_6_reg_626_reg[4]/C
  -------------------------------------------------------------------    -------------------
    SLICE_X45Y149        FDRE (Prop_EFF_SLICEM_C_Q)
                                                      0.113     0.156 r  a_6_reg_626_reg[4]/Q
                         net (fo=5, routed)           0.609     0.765    a_6_reg_626[4]
    SLICE_X49Y150        LUT3 (Prop_C6LUT_SLICEL_I2_O)
                                                      0.150     0.915 r  add_ln23_2_reg_665[15]_i_45/O
                         net (fo=2, routed)           0.512     1.427    add_ln23_2_reg_665[15]_i_45_n_0
    SLICE_X48Y148        LUT4 (Prop_F6LUT_SLICEL_I3_O)
                                                      0.136     1.563 r  add_ln23_2_reg_665[15]_i_52/O
                         net (fo=1, routed)           0.015     1.578    add_ln23_2_reg_665[15]_i_52_n_0
    SLICE_X48Y148        CARRY8 (Prop_CARRY8_SLICEL_S[5]_CO[7])
                                                      0.232     1.810 r  add_ln23_2_reg_665_reg[15]_i_25/CO[7]
                         net (fo=1, routed)           0.030     1.840    add_ln23_2_reg_665_reg[15]_i_25_n_0
    SLICE_X48Y149        CARRY8 (Prop_CARRY8_SLICEL_CI_O[0])
                                                      0.078     1.918 r  add_ln23_2_reg_665_reg[15]_i_18/O[0]
                         net (fo=4, routed)           0.588     2.506    sext_ln27_6_fu_402_p1[7]
    SLICE_X50Y149        LUT3 (Prop_D5LUT_SLICEL_I0_O)
                                                      0.217     2.723 r  add_ln23_2_reg_665[15]_i_24/O
                         net (fo=2, routed)           0.545     3.268    add_ln23_2_reg_665[15]_i_24_n_0
    SLICE_X47Y146        LUT5 (Prop_H6LUT_SLICEL_I1_O)
                                                      0.058     3.326 r  add_ln23_2_reg_665[15]_i_8/O
                         net (fo=2, routed)           0.503     3.829    add_ln23_2_reg_665[15]_i_8_n_0
    SLICE_X49Y147        LUT6 (Prop_A6LUT_SLICEL_I0_O)
                                                      0.058     3.887 r  add_ln23_2_reg_665[15]_i_16/O
                         net (fo=1, routed)           0.014     3.901    add_ln23_2_reg_665[15]_i_16_n_0
    SLICE_X49Y147        CARRY8 (Prop_CARRY8_SLICEL_S[0]_O[1])
                                                      0.140     4.041 f  add_ln23_2_reg_665_reg[15]_i_1/O[1]
                         net (fo=3, routed)           0.505     4.546    add_ln23_2_fu_429_p2[9]
    SLICE_X48Y145        LUT3 (Prop_D6LUT_SLICEL_I1_O)
                                                      0.136     4.682 r  sub_ln27_reg_670[15]_i_7/O
                         net (fo=2, routed)           0.411     5.092    sub_ln27_reg_670[15]_i_7_n_0
    SLICE_X49Y145        LUT4 (Prop_B6LUT_SLICEL_I3_O)
                                                      0.083     5.175 r  sub_ln27_reg_670[15]_i_15/O
                         net (fo=1, routed)           0.013     5.188    sub_ln27_reg_670[15]_i_15_n_0
    SLICE_X49Y145        CARRY8 (Prop_CARRY8_SLICEL_S[1]_O[1])
                                                      0.080     5.268 r  sub_ln27_reg_670_reg[15]_i_1/O[1]
                         net (fo=1, routed)           0.033     5.301    sub_ln27_fu_449_p2[9]
    SLICE_X49Y145        FDRE                                         r  sub_ln27_reg_670_reg[9]/D
  -------------------------------------------------------------------    -------------------

                         (clock ap_clk rise edge)    10.000    10.000 r  
                                                      0.000    10.000 r  ap_clk (IN)
                         net (fo=3485, unset)         0.029    10.029    ap_clk
    SLICE_X49Y145        FDRE                                         r  sub_ln27_reg_670_reg[9]/C
                         clock pessimism              0.000    10.029    
                         clock uncertainty           -0.035     9.994    
    SLICE_X49Y145        FDRE (Setup_BFF_SLICEL_C_D)
                                                      0.044    10.038    sub_ln27_reg_670_reg[9]
  -------------------------------------------------------------------
                         required time                         10.038    
                         arrival time                          -5.301    
  -------------------------------------------------------------------
                         slack                                  4.736    

Slack (MET) :             4.833ns  (required time - arrival time)
  Source:                 a_6_reg_626_reg[4]/C
                            (rising edge-triggered cell FDRE clocked by ap_clk  {rise@0.000ns fall@5.000ns period=10.000ns})
  Destination:            sub_ln27_reg_670_reg[8]/D
                            (rising edge-triggered cell FDRE clocked by ap_clk  {rise@0.000ns fall@5.000ns period=10.000ns})
  Path Group:             ap_clk
  Path Type:              Setup (Max at Slow Process Corner)
  Requirement:            10.000ns  (ap_clk rise@10.000ns - ap_clk rise@0.000ns)
  Data Path Delay:        5.161ns  (logic 1.343ns (26.020%)  route 3.818ns (73.980%))
  Logic Levels:           11  (CARRY8=4 LUT3=3 LUT4=2 LUT5=1 LUT6=1)
  Clock Path Skew:        -0.014ns (DCD - SCD + CPR)
    Destination Clock Delay (DCD):    0.029ns = ( 10.029 - 10.000 ) 
    Source Clock Delay      (SCD):    0.043ns
    Clock Pessimism Removal (CPR):    0.000ns
  Clock Uncertainty:      0.035ns  ((TSJ^2 + TIJ^2)^1/2 + DJ) / 2 + PE
    Total System Jitter     (TSJ):    0.071ns
    Total Input Jitter      (TIJ):    0.000ns
    Discrete Jitter          (DJ):    0.000ns
    Phase Error              (PE):    0.000ns

    Location             Delay type                Incr(ns)  Path(ns)    Netlist Resource(s)
  -------------------------------------------------------------------    -------------------
                         (clock ap_clk rise edge)     0.000     0.000 r  
                                                      0.000     0.000 r  ap_clk (IN)
                         net (fo=3485, unset)         0.043     0.043    ap_clk
    SLICE_X45Y149        FDRE                                         r  a_6_reg_626_reg[4]/C
  -------------------------------------------------------------------    -------------------
    SLICE_X45Y149        FDRE (Prop_EFF_SLICEM_C_Q)
                                                      0.113     0.156 r  a_6_reg_626_reg[4]/Q
                         net (fo=5, routed)           0.609     0.765    a_6_reg_626[4]
    SLICE_X49Y150        LUT3 (Prop_C6LUT_SLICEL_I2_O)
                                                      0.150     0.915 r  add_ln23_2_reg_665[15]_i_45/O
                         net (fo=2, routed)           0.512     1.427    add_ln23_2_reg_665[15]_i_45_n_0
    SLICE_X48Y148        LUT4 (Prop_F6LUT_SLICEL_I3_O)
                                                      0.136     1.563 r  add_ln23_2_reg_665[15]_i_52/O
                         net (fo=1, routed)           0.015     1.578    add_ln23_2_reg_665[15]_i_52_n_0
    SLICE_X48Y148        CARRY8 (Prop_CARRY8_SLICEL_S[5]_CO[7])
                                                      0.232     1.810 r  add_ln23_2_reg_665_reg[15]_i_25/CO[7]
                         net (fo=1, routed)           0.030     1.840    add_ln23_2_reg_665_reg[15]_i_25_n_0
    SLICE_X48Y149        CARRY8 (Prop_CARRY8_SLICEL_CI_O[0])
                                                      0.078     1.918 r  add_ln23_2_reg_665_reg[15]_i_18/O[0]
                         net (fo=4, routed)           0.588     2.506    sext_ln27_6_fu_402_p1[7]
    SLICE_X50Y149        LUT3 (Prop_D5LUT_SLICEL_I0_O)
                                                      0.217     2.723 r  add_ln23_2_reg_665[15]_i_24/O
                         net (fo=2, routed)           0.545     3.268    add_ln23_2_reg_665[15]_i_24_n_0
    SLICE_X47Y146        LUT5 (Prop_H6LUT_SLICEL_I1_O)
                                                      0.058     3.326 r  add_ln23_2_reg_665[15]_i_8/O
                         net (fo=2, routed)           0.503     3.829    add_ln23_2_reg_665[15]_i_8_n_0
    SLICE_X49Y147        LUT6 (Prop_A6LUT_SLICEL_I0_O)
                                                      0.058     3.887 r  add_ln23_2_reg_665[15]_i_16/O
                         net (fo=1, routed)           0.014     3.901    add_ln23_2_reg_665[15]_i_16_n_0
    SLICE_X49Y147        CARRY8 (Prop_CARRY8_SLICEL_S[0]_O[0])
                                                      0.085     3.986 f  add_ln23_2_reg_665_reg[15]_i_1/O[0]
                         net (fo=3, routed)           0.551     4.537    add_ln23_2_fu_429_p2[8]
    SLICE_X48Y145        LUT3 (Prop_C6LUT_SLICEL_I1_O)
                                                      0.081     4.618 r  sub_ln27_reg_670[15]_i_8/O
                         net (fo=2, routed)           0.406     5.023    sub_ln27_reg_670[15]_i_8_n_0
    SLICE_X49Y145        LUT4 (Prop_A6LUT_SLICEL_I3_O)
                                                      0.058     5.081 r  sub_ln27_reg_670[15]_i_16/O
                         net (fo=1, routed)           0.014     5.095    sub_ln27_reg_670[15]_i_16_n_0
    SLICE_X49Y145        CARRY8 (Prop_CARRY8_SLICEL_S[0]_O[0])
                                                      0.077     5.172 r  sub_ln27_reg_670_reg[15]_i_1/O[0]
                         net (fo=1, routed)           0.032     5.204    sub_ln27_fu_449_p2[8]
    SLICE_X49Y145        FDRE                                         r  sub_ln27_reg_670_reg[8]/D
  -------------------------------------------------------------------    -------------------

                         (clock ap_clk rise edge)    10.000    10.000 r  
                                                      0.000    10.000 r  ap_clk (IN)
                         net (fo=3485, unset)         0.029    10.029    ap_clk
    SLICE_X49Y145        FDRE                                         r  sub_ln27_reg_670_reg[8]/C
                         clock pessimism              0.000    10.029    
                         clock uncertainty           -0.035     9.994    
    SLICE_X49Y145        FDRE (Setup_AFF_SLICEL_C_D)
                                                      0.044    10.038    sub_ln27_reg_670_reg[8]
  -------------------------------------------------------------------
                         required time                         10.038    
                         arrival time                          -5.204    
  -------------------------------------------------------------------
                         slack                                  4.833    

Slack (MET) :             5.293ns  (required time - arrival time)
  Source:                 a_6_reg_626_reg[2]/C
                            (rising edge-triggered cell FDRE clocked by ap_clk  {rise@0.000ns fall@5.000ns period=10.000ns})
  Destination:            sub_ln27_reg_670_reg[7]/D
                            (rising edge-triggered cell FDRE clocked by ap_clk  {rise@0.000ns fall@5.000ns period=10.000ns})
  Path Group:             ap_clk
  Path Type:              Setup (Max at Slow Process Corner)
  Requirement:            10.000ns  (ap_clk rise@10.000ns - ap_clk rise@0.000ns)
  Data Path Delay:        4.702ns  (logic 1.565ns (33.283%)  route 3.137ns (66.717%))
  Logic Levels:           9  (CARRY8=3 LUT3=3 LUT4=1 LUT5=1 LUT6=1)
  Clock Path Skew:        -0.014ns (DCD - SCD + CPR)
    Destination Clock Delay (DCD):    0.029ns = ( 10.029 - 10.000 ) 
    Source Clock Delay      (SCD):    0.043ns
    Clock Pessimism Removal (CPR):    0.000ns
  Clock Uncertainty:      0.035ns  ((TSJ^2 + TIJ^2)^1/2 + DJ) / 2 + PE
    Total System Jitter     (TSJ):    0.071ns
    Total Input Jitter      (TIJ):    0.000ns
    Discrete Jitter          (DJ):    0.000ns
    Phase Error              (PE):    0.000ns

    Location             Delay type                Incr(ns)  Path(ns)    Netlist Resource(s)
  -------------------------------------------------------------------    -------------------
                         (clock ap_clk rise edge)     0.000     0.000 r  
                                                      0.000     0.000 r  ap_clk (IN)
                         net (fo=3485, unset)         0.043     0.043    ap_clk
    SLICE_X45Y149        FDRE                                         r  a_6_reg_626_reg[2]/C
  -------------------------------------------------------------------    -------------------
    SLICE_X45Y149        FDRE (Prop_CFF_SLICEM_C_Q)
                                                      0.116     0.159 r  a_6_reg_626_reg[2]/Q
                         net (fo=6, routed)           0.582     0.741    a_6_reg_626[2]
    SLICE_X50Y148        LUT3 (Prop_G6LUT_SLICEL_I2_O)
                                                      0.186     0.927 r  add_ln23_2_reg_665[15]_i_47/O
                         net (fo=2, routed)           0.512     1.439    add_ln23_2_reg_665[15]_i_47_n_0
    SLICE_X48Y148        LUT4 (Prop_D6LUT_SLICEL_I3_O)
                                                      0.081     1.520 r  add_ln23_2_reg_665[15]_i_54/O
                         net (fo=1, routed)           0.013     1.533    add_ln23_2_reg_665[15]_i_54_n_0
    SLICE_X48Y148        CARRY8 (Prop_CARRY8_SLICEL_S[3]_O[4])
                                                      0.208     1.741 r  add_ln23_2_reg_665_reg[15]_i_25/O[4]
                         net (fo=4, routed)           0.282     2.023    sext_ln27_6_fu_402_p1[3]
    SLICE_X48Y146        LUT3 (Prop_C5LUT_SLICEL_I0_O)
                                                      0.219     2.242 r  add_ln23_2_reg_665[7]_i_20/O
                         net (fo=2, routed)           0.184     2.426    add_ln23_2_reg_665[7]_i_20_n_0
    SLICE_X48Y146        LUT5 (Prop_G6LUT_SLICEL_I1_O)
                                                      0.082     2.508 r  add_ln23_2_reg_665[7]_i_5/O
                         net (fo=2, routed)           0.467     2.975    add_ln23_2_reg_665[7]_i_5_n_0
    SLICE_X49Y146        LUT6 (Prop_E6LUT_SLICEL_I0_O)
                                                      0.223     3.198 r  add_ln23_2_reg_665[7]_i_12/O
                         net (fo=1, routed)           0.011     3.209    add_ln23_2_reg_665[7]_i_12_n_0
    SLICE_X49Y146        CARRY8 (Prop_CARRY8_SLICEL_S[4]_O[6])
                                                      0.186     3.395 f  add_ln23_2_reg_665_reg[7]_i_1/O[6]
                         net (fo=3, routed)           0.504     3.899    add_ln23_2_fu_429_p2[6]
    SLICE_X48Y144        LUT3 (Prop_H6LUT_SLICEL_I1_O)
                                                      0.137     4.036 r  sub_ln27_reg_670[7]_i_3/O
                         net (fo=2, routed)           0.548     4.584    sub_ln27_reg_670[7]_i_3_n_0
    SLICE_X49Y144        CARRY8 (Prop_CARRY8_SLICEL_DI[6]_O[7])
                                                      0.127     4.711 r  sub_ln27_reg_670_reg[7]_i_1/O[7]
                         net (fo=1, routed)           0.034     4.745    sub_ln27_fu_449_p2[7]
    SLICE_X49Y144        FDRE                                         r  sub_ln27_reg_670_reg[7]/D
  -------------------------------------------------------------------    -------------------

                         (clock ap_clk rise edge)    10.000    10.000 r  
                                                      0.000    10.000 r  ap_clk (IN)
                         net (fo=3485, unset)         0.029    10.029    ap_clk
    SLICE_X49Y144        FDRE                                         r  sub_ln27_reg_670_reg[7]/C
                         clock pessimism              0.000    10.029    
                         clock uncertainty           -0.035     9.994    
    SLICE_X49Y144        FDRE (Setup_HFF_SLICEL_C_D)
                                                      0.044    10.038    sub_ln27_reg_670_reg[7]
  -------------------------------------------------------------------
                         required time                         10.038    
                         arrival time                          -4.745    
  -------------------------------------------------------------------
                         slack                                  5.293    

Slack (MET) :             5.344ns  (required time - arrival time)
  Source:                 a_6_reg_626_reg[2]/C
                            (rising edge-triggered cell FDRE clocked by ap_clk  {rise@0.000ns fall@5.000ns period=10.000ns})
  Destination:            sub_ln27_reg_670_reg[6]/D
                            (rising edge-triggered cell FDRE clocked by ap_clk  {rise@0.000ns fall@5.000ns period=10.000ns})
  Path Group:             ap_clk
  Path Type:              Setup (Max at Slow Process Corner)
  Requirement:            10.000ns  (ap_clk rise@10.000ns - ap_clk rise@0.000ns)
  Data Path Delay:        4.651ns  (logic 1.610ns (34.617%)  route 3.041ns (65.383%))
  Logic Levels:           10  (CARRY8=3 LUT3=3 LUT4=2 LUT5=1 LUT6=1)
  Clock Path Skew:        -0.014ns (DCD - SCD + CPR)
    Destination Clock Delay (DCD):    0.029ns = ( 10.029 - 10.000 ) 
    Source Clock Delay      (SCD):    0.043ns
    Clock Pessimism Removal (CPR):    0.000ns
  Clock Uncertainty:      0.035ns  ((TSJ^2 + TIJ^2)^1/2 + DJ) / 2 + PE
    Total System Jitter     (TSJ):    0.071ns
    Total Input Jitter      (TIJ):    0.000ns
    Discrete Jitter          (DJ):    0.000ns
    Phase Error              (PE):    0.000ns

    Location             Delay type                Incr(ns)  Path(ns)    Netlist Resource(s)
  -------------------------------------------------------------------    -------------------
                         (clock ap_clk rise edge)     0.000     0.000 r  
                                                      0.000     0.000 r  ap_clk (IN)
                         net (fo=3485, unset)         0.043     0.043    ap_clk
    SLICE_X45Y149        FDRE                                         r  a_6_reg_626_reg[2]/C
  -------------------------------------------------------------------    -------------------
    SLICE_X45Y149        FDRE (Prop_CFF_SLICEM_C_Q)
                                                      0.116     0.159 r  a_6_reg_626_reg[2]/Q
                         net (fo=6, routed)           0.582     0.741    a_6_reg_626[2]
    SLICE_X50Y148        LUT3 (Prop_G6LUT_SLICEL_I2_O)
                                                      0.186     0.927 r  add_ln23_2_reg_665[15]_i_47/O
                         net (fo=2, routed)           0.512     1.439    add_ln23_2_reg_665[15]_i_47_n_0
    SLICE_X48Y148        LUT4 (Prop_D6LUT_SLICEL_I3_O)
                                                      0.081     1.520 r  add_ln23_2_reg_665[15]_i_54/O
                         net (fo=1, routed)           0.013     1.533    add_ln23_2_reg_665[15]_i_54_n_0
    SLICE_X48Y148        CARRY8 (Prop_CARRY8_SLICEL_S[3]_O[4])
                                                      0.208     1.741 r  add_ln23_2_reg_665_reg[15]_i_25/O[4]
                         net (fo=4, routed)           0.282     2.023    sext_ln27_6_fu_402_p1[3]
    SLICE_X48Y146        LUT3 (Prop_C5LUT_SLICEL_I0_O)
                                                      0.219     2.242 r  add_ln23_2_reg_665[7]_i_20/O
                         net (fo=2, routed)           0.184     2.426    add_ln23_2_reg_665[7]_i_20_n_0
    SLICE_X48Y146        LUT5 (Prop_G6LUT_SLICEL_I1_O)
                                                      0.082     2.508 r  add_ln23_2_reg_665[7]_i_5/O
                         net (fo=2, routed)           0.467     2.975    add_ln23_2_reg_665[7]_i_5_n_0
    SLICE_X49Y146        LUT6 (Prop_E6LUT_SLICEL_I0_O)
                                                      0.223     3.198 r  add_ln23_2_reg_665[7]_i_12/O
                         net (fo=1, routed)           0.011     3.209    add_ln23_2_reg_665[7]_i_12_n_0
    SLICE_X49Y146        CARRY8 (Prop_CARRY8_SLICEL_S[4]_O[4])
                                                      0.083     3.292 f  add_ln23_2_reg_665_reg[7]_i_1/O[4]
                         net (fo=3, routed)           0.503     3.795    add_ln23_2_fu_429_p2[4]
    SLICE_X48Y144        LUT3 (Prop_G6LUT_SLICEL_I1_O)
                                                      0.082     3.877 r  sub_ln27_reg_670[7]_i_5/O
                         net (fo=2, routed)           0.442     4.319    sub_ln27_reg_670[7]_i_5_n_0
    SLICE_X49Y144        LUT4 (Prop_E6LUT_SLICEL_I3_O)
                                                      0.152     4.471 r  sub_ln27_reg_670[7]_i_12/O
                         net (fo=1, routed)           0.011     4.482    sub_ln27_reg_670[7]_i_12_n_0
    SLICE_X49Y144        CARRY8 (Prop_CARRY8_SLICEL_S[4]_O[6])
                                                      0.178     4.660 r  sub_ln27_reg_670_reg[7]_i_1/O[6]
                         net (fo=1, routed)           0.034     4.694    sub_ln27_fu_449_p2[6]
    SLICE_X49Y144        FDRE                                         r  sub_ln27_reg_670_reg[6]/D
  -------------------------------------------------------------------    -------------------

                         (clock ap_clk rise edge)    10.000    10.000 r  
                                                      0.000    10.000 r  ap_clk (IN)
                         net (fo=3485, unset)         0.029    10.029    ap_clk
    SLICE_X49Y144        FDRE                                         r  sub_ln27_reg_670_reg[6]/C
                         clock pessimism              0.000    10.029    
                         clock uncertainty           -0.035     9.994    
    SLICE_X49Y144        FDRE (Setup_GFF_SLICEL_C_D)
                                                      0.044    10.038    sub_ln27_reg_670_reg[6]
  -------------------------------------------------------------------
                         required time                         10.038    
                         arrival time                          -4.694    
  -------------------------------------------------------------------
                         slack                                  5.344    

Slack (MET) :             5.395ns  (required time - arrival time)
  Source:                 a_6_reg_626_reg[2]/C
                            (rising edge-triggered cell FDRE clocked by ap_clk  {rise@0.000ns fall@5.000ns period=10.000ns})
  Destination:            sub_ln27_reg_670_reg[5]/D
                            (rising edge-triggered cell FDRE clocked by ap_clk  {rise@0.000ns fall@5.000ns period=10.000ns})
  Path Group:             ap_clk
  Path Type:              Setup (Max at Slow Process Corner)
  Requirement:            10.000ns  (ap_clk rise@10.000ns - ap_clk rise@0.000ns)
  Data Path Delay:        4.600ns  (logic 1.560ns (33.914%)  route 3.040ns (66.086%))
  Logic Levels:           10  (CARRY8=3 LUT3=3 LUT4=2 LUT5=1 LUT6=1)
  Clock Path Skew:        -0.014ns (DCD - SCD + CPR)
    Destination Clock Delay (DCD):    0.029ns = ( 10.029 - 10.000 ) 
    Source Clock Delay      (SCD):    0.043ns
    Clock Pessimism Removal (CPR):    0.000ns
  Clock Uncertainty:      0.035ns  ((TSJ^2 + TIJ^2)^1/2 + DJ) / 2 + PE
    Total System Jitter     (TSJ):    0.071ns
    Total Input Jitter      (TIJ):    0.000ns
    Discrete Jitter          (DJ):    0.000ns
    Phase Error              (PE):    0.000ns

    Location             Delay type                Incr(ns)  Path(ns)    Netlist Resource(s)
  -------------------------------------------------------------------    -------------------
                         (clock ap_clk rise edge)     0.000     0.000 r  
                                                      0.000     0.000 r  ap_clk (IN)
                         net (fo=3485, unset)         0.043     0.043    ap_clk
    SLICE_X45Y149        FDRE                                         r  a_6_reg_626_reg[2]/C
  -------------------------------------------------------------------    -------------------
    SLICE_X45Y149        FDRE (Prop_CFF_SLICEM_C_Q)
                                                      0.116     0.159 r  a_6_reg_626_reg[2]/Q
                         net (fo=6, routed)           0.582     0.741    a_6_reg_626[2]
    SLICE_X50Y148        LUT3 (Prop_G6LUT_SLICEL_I2_O)
                                                      0.186     0.927 r  add_ln23_2_reg_665[15]_i_47/O
                         net (fo=2, routed)           0.512     1.439    add_ln23_2_reg_665[15]_i_47_n_0
    SLICE_X48Y148        LUT4 (Prop_D6LUT_SLICEL_I3_O)
                                                      0.081     1.520 r  add_ln23_2_reg_665[15]_i_54/O
                         net (fo=1, routed)           0.013     1.533    add_ln23_2_reg_665[15]_i_54_n_0
    SLICE_X48Y148        CARRY8 (Prop_CARRY8_SLICEL_S[3]_O[4])
                                                      0.208     1.741 r  add_ln23_2_reg_665_reg[15]_i_25/O[4]
                         net (fo=4, routed)           0.282     2.023    sext_ln27_6_fu_402_p1[3]
    SLICE_X48Y146        LUT3 (Prop_C5LUT_SLICEL_I0_O)
                                                      0.219     2.242 r  add_ln23_2_reg_665[7]_i_20/O
                         net (fo=2, routed)           0.184     2.426    add_ln23_2_reg_665[7]_i_20_n_0
    SLICE_X48Y146        LUT5 (Prop_G6LUT_SLICEL_I1_O)
                                                      0.082     2.508 r  add_ln23_2_reg_665[7]_i_5/O
                         net (fo=2, routed)           0.467     2.975    add_ln23_2_reg_665[7]_i_5_n_0
    SLICE_X49Y146        LUT6 (Prop_E6LUT_SLICEL_I0_O)
                                                      0.223     3.198 r  add_ln23_2_reg_665[7]_i_12/O
                         net (fo=1, routed)           0.011     3.209    add_ln23_2_reg_665[7]_i_12_n_0
    SLICE_X49Y146        CARRY8 (Prop_CARRY8_SLICEL_S[4]_O[4])
                                                      0.083     3.292 f  add_ln23_2_reg_665_reg[7]_i_1/O[4]
                         net (fo=3, routed)           0.503     3.795    add_ln23_2_fu_429_p2[4]
    SLICE_X48Y144        LUT3 (Prop_G6LUT_SLICEL_I1_O)
                                                      0.082     3.877 r  sub_ln27_reg_670[7]_i_5/O
                         net (fo=2, routed)           0.442     4.319    sub_ln27_reg_670[7]_i_5_n_0
    SLICE_X49Y144        LUT4 (Prop_E6LUT_SLICEL_I3_O)
                                                      0.152     4.471 r  sub_ln27_reg_670[7]_i_12/O
                         net (fo=1, routed)           0.011     4.482    sub_ln27_reg_670[7]_i_12_n_0
    SLICE_X49Y144        CARRY8 (Prop_CARRY8_SLICEL_S[4]_O[5])
                                                      0.128     4.610 r  sub_ln27_reg_670_reg[7]_i_1/O[5]
                         net (fo=1, routed)           0.033     4.643    sub_ln27_fu_449_p2[5]
    SLICE_X49Y144        FDRE                                         r  sub_ln27_reg_670_reg[5]/D
  -------------------------------------------------------------------    -------------------

                         (clock ap_clk rise edge)    10.000    10.000 r  
                                                      0.000    10.000 r  ap_clk (IN)
                         net (fo=3485, unset)         0.029    10.029    ap_clk
    SLICE_X49Y144        FDRE                                         r  sub_ln27_reg_670_reg[5]/C
                         clock pessimism              0.000    10.029    
                         clock uncertainty           -0.035     9.994    
    SLICE_X49Y144        FDRE (Setup_FFF_SLICEL_C_D)
                                                      0.044    10.038    sub_ln27_reg_670_reg[5]
  -------------------------------------------------------------------
                         required time                         10.038    
                         arrival time                          -4.643    
  -------------------------------------------------------------------
                         slack                                  5.395    

Slack (MET) :             5.449ns  (required time - arrival time)
  Source:                 a_6_reg_626_reg[2]/C
                            (rising edge-triggered cell FDRE clocked by ap_clk  {rise@0.000ns fall@5.000ns period=10.000ns})
  Destination:            sub_ln27_reg_670_reg[4]/D
                            (rising edge-triggered cell FDRE clocked by ap_clk  {rise@0.000ns fall@5.000ns period=10.000ns})
  Path Group:             ap_clk
  Path Type:              Setup (Max at Slow Process Corner)
  Requirement:            10.000ns  (ap_clk rise@10.000ns - ap_clk rise@0.000ns)
  Data Path Delay:        4.546ns  (logic 1.507ns (33.151%)  route 3.039ns (66.849%))
  Logic Levels:           10  (CARRY8=3 LUT3=3 LUT4=2 LUT5=1 LUT6=1)
  Clock Path Skew:        -0.014ns (DCD - SCD + CPR)
    Destination Clock Delay (DCD):    0.029ns = ( 10.029 - 10.000 ) 
    Source Clock Delay      (SCD):    0.043ns
    Clock Pessimism Removal (CPR):    0.000ns
  Clock Uncertainty:      0.035ns  ((TSJ^2 + TIJ^2)^1/2 + DJ) / 2 + PE
    Total System Jitter     (TSJ):    0.071ns
    Total Input Jitter      (TIJ):    0.000ns
    Discrete Jitter          (DJ):    0.000ns
    Phase Error              (PE):    0.000ns

    Location             Delay type                Incr(ns)  Path(ns)    Netlist Resource(s)
  -------------------------------------------------------------------    -------------------
                         (clock ap_clk rise edge)     0.000     0.000 r  
                                                      0.000     0.000 r  ap_clk (IN)
                         net (fo=3485, unset)         0.043     0.043    ap_clk
    SLICE_X45Y149        FDRE                                         r  a_6_reg_626_reg[2]/C
  -------------------------------------------------------------------    -------------------
    SLICE_X45Y149        FDRE (Prop_CFF_SLICEM_C_Q)
                                                      0.116     0.159 r  a_6_reg_626_reg[2]/Q
                         net (fo=6, routed)           0.582     0.741    a_6_reg_626[2]
    SLICE_X50Y148        LUT3 (Prop_G6LUT_SLICEL_I2_O)
                                                      0.186     0.927 r  add_ln23_2_reg_665[15]_i_47/O
                         net (fo=2, routed)           0.512     1.439    add_ln23_2_reg_665[15]_i_47_n_0
    SLICE_X48Y148        LUT4 (Prop_D6LUT_SLICEL_I3_O)
                                                      0.081     1.520 r  add_ln23_2_reg_665[15]_i_54/O
                         net (fo=1, routed)           0.013     1.533    add_ln23_2_reg_665[15]_i_54_n_0
    SLICE_X48Y148        CARRY8 (Prop_CARRY8_SLICEL_S[3]_O[4])
                                                      0.208     1.741 r  add_ln23_2_reg_665_reg[15]_i_25/O[4]
                         net (fo=4, routed)           0.282     2.023    sext_ln27_6_fu_402_p1[3]
    SLICE_X48Y146        LUT3 (Prop_C5LUT_SLICEL_I0_O)
                                                      0.219     2.242 r  add_ln23_2_reg_665[7]_i_20/O
                         net (fo=2, routed)           0.184     2.426    add_ln23_2_reg_665[7]_i_20_n_0
    SLICE_X48Y146        LUT5 (Prop_G6LUT_SLICEL_I1_O)
                                                      0.082     2.508 r  add_ln23_2_reg_665[7]_i_5/O
                         net (fo=2, routed)           0.467     2.975    add_ln23_2_reg_665[7]_i_5_n_0
    SLICE_X49Y146        LUT6 (Prop_E6LUT_SLICEL_I0_O)
                                                      0.223     3.198 r  add_ln23_2_reg_665[7]_i_12/O
                         net (fo=1, routed)           0.011     3.209    add_ln23_2_reg_665[7]_i_12_n_0
    SLICE_X49Y146        CARRY8 (Prop_CARRY8_SLICEL_S[4]_O[4])
                                                      0.083     3.292 f  add_ln23_2_reg_665_reg[7]_i_1/O[4]
                         net (fo=3, routed)           0.503     3.795    add_ln23_2_fu_429_p2[4]
    SLICE_X48Y144        LUT3 (Prop_G6LUT_SLICEL_I1_O)
                                                      0.082     3.877 r  sub_ln27_reg_670[7]_i_5/O
                         net (fo=2, routed)           0.442     4.319    sub_ln27_reg_670[7]_i_5_n_0
    SLICE_X49Y144        LUT4 (Prop_E6LUT_SLICEL_I3_O)
                                                      0.152     4.471 r  sub_ln27_reg_670[7]_i_12/O
                         net (fo=1, routed)           0.011     4.482    sub_ln27_reg_670[7]_i_12_n_0
    SLICE_X49Y144        CARRY8 (Prop_CARRY8_SLICEL_S[4]_O[4])
                                                      0.075     4.557 r  sub_ln27_reg_670_reg[7]_i_1/O[4]
                         net (fo=1, routed)           0.032     4.589    sub_ln27_fu_449_p2[4]
    SLICE_X49Y144        FDRE                                         r  sub_ln27_reg_670_reg[4]/D
  -------------------------------------------------------------------    -------------------

                         (clock ap_clk rise edge)    10.000    10.000 r  
                                                      0.000    10.000 r  ap_clk (IN)
                         net (fo=3485, unset)         0.029    10.029    ap_clk
    SLICE_X49Y144        FDRE                                         r  sub_ln27_reg_670_reg[4]/C
                         clock pessimism              0.000    10.029    
                         clock uncertainty           -0.035     9.994    
    SLICE_X49Y144        FDRE (Setup_EFF_SLICEL_C_D)
                                                      0.044    10.038    sub_ln27_reg_670_reg[4]
  -------------------------------------------------------------------
                         required time                         10.038    
                         arrival time                          -4.589    
  -------------------------------------------------------------------
                         slack                                  5.449    

Slack (MET) :             5.763ns  (required time - arrival time)
  Source:                 a_6_reg_626_reg[4]/C
                            (rising edge-triggered cell FDRE clocked by ap_clk  {rise@0.000ns fall@5.000ns period=10.000ns})
  Destination:            add_ln23_2_reg_665_reg[15]/D
                            (rising edge-triggered cell FDRE clocked by ap_clk  {rise@0.000ns fall@5.000ns period=10.000ns})
  Path Group:             ap_clk
  Path Type:              Setup (Max at Slow Process Corner)
  Requirement:            10.000ns  (ap_clk rise@10.000ns - ap_clk rise@0.000ns)
  Data Path Delay:        4.232ns  (logic 1.382ns (32.656%)  route 2.850ns (67.344%))
  Logic Levels:           8  (CARRY8=3 LUT3=2 LUT4=1 LUT5=1 LUT6=1)
  Clock Path Skew:        -0.014ns (DCD - SCD + CPR)
    Destination Clock Delay (DCD):    0.029ns = ( 10.029 - 10.000 ) 
    Source Clock Delay      (SCD):    0.043ns
    Clock Pessimism Removal (CPR):    0.000ns
  Clock Uncertainty:      0.035ns  ((TSJ^2 + TIJ^2)^1/2 + DJ) / 2 + PE
    Total System Jitter     (TSJ):    0.071ns
    Total Input Jitter      (TIJ):    0.000ns
    Discrete Jitter          (DJ):    0.000ns
    Phase Error              (PE):    0.000ns

    Location             Delay type                Incr(ns)  Path(ns)    Netlist Resource(s)
  -------------------------------------------------------------------    -------------------
                         (clock ap_clk rise edge)     0.000     0.000 r  
                                                      0.000     0.000 r  ap_clk (IN)
                         net (fo=3485, unset)         0.043     0.043    ap_clk
    SLICE_X45Y149        FDRE                                         r  a_6_reg_626_reg[4]/C
  -------------------------------------------------------------------    -------------------
    SLICE_X45Y149        FDRE (Prop_EFF_SLICEM_C_Q)
                                                      0.113     0.156 r  a_6_reg_626_reg[4]/Q
                         net (fo=5, routed)           0.609     0.765    a_6_reg_626[4]
    SLICE_X49Y150        LUT3 (Prop_C6LUT_SLICEL_I2_O)
                                                      0.150     0.915 r  add_ln23_2_reg_665[15]_i_45/O
                         net (fo=2, routed)           0.512     1.427    add_ln23_2_reg_665[15]_i_45_n_0
    SLICE_X48Y148        LUT4 (Prop_F6LUT_SLICEL_I3_O)
                                                      0.136     1.563 r  add_ln23_2_reg_665[15]_i_52/O
                         net (fo=1, routed)           0.015     1.578    add_ln23_2_reg_665[15]_i_52_n_0
    SLICE_X48Y148        CARRY8 (Prop_CARRY8_SLICEL_S[5]_CO[7])
                                                      0.232     1.810 r  add_ln23_2_reg_665_reg[15]_i_25/CO[7]
                         net (fo=1, routed)           0.030     1.840    add_ln23_2_reg_665_reg[15]_i_25_n_0
    SLICE_X48Y149        CARRY8 (Prop_CARRY8_SLICEL_CI_O[0])
                                                      0.078     1.918 r  add_ln23_2_reg_665_reg[15]_i_18/O[0]
                         net (fo=4, routed)           0.588     2.506    sext_ln27_6_fu_402_p1[7]
    SLICE_X50Y149        LUT3 (Prop_D5LUT_SLICEL_I0_O)
                                                      0.217     2.723 r  add_ln23_2_reg_665[15]_i_24/O
                         net (fo=2, routed)           0.545     3.268    add_ln23_2_reg_665[15]_i_24_n_0
    SLICE_X47Y146        LUT5 (Prop_H6LUT_SLICEL_I1_O)
                                                      0.058     3.326 r  add_ln23_2_reg_665[15]_i_8/O
                         net (fo=2, routed)           0.503     3.829    add_ln23_2_reg_665[15]_i_8_n_0
    SLICE_X49Y147        LUT6 (Prop_A6LUT_SLICEL_I0_O)
                                                      0.058     3.887 r  add_ln23_2_reg_665[15]_i_16/O
                         net (fo=1, routed)           0.014     3.901    add_ln23_2_reg_665[15]_i_16_n_0
    SLICE_X49Y147        CARRY8 (Prop_CARRY8_SLICEL_S[0]_O[7])
                                                      0.340     4.241 r  add_ln23_2_reg_665_reg[15]_i_1/O[7]
                         net (fo=3, routed)           0.034     4.275    add_ln23_2_fu_429_p2[15]
    SLICE_X49Y147        FDRE                                         r  add_ln23_2_reg_665_reg[15]/D
  -------------------------------------------------------------------    -------------------

                         (clock ap_clk rise edge)    10.000    10.000 r  
                                                      0.000    10.000 r  ap_clk (IN)
                         net (fo=3485, unset)         0.029    10.029    ap_clk
    SLICE_X49Y147        FDRE                                         r  add_ln23_2_reg_665_reg[15]/C
                         clock pessimism              0.000    10.029    
                         clock uncertainty           -0.035     9.994    
    SLICE_X49Y147        FDRE (Setup_HFF_SLICEL_C_D)
                                                      0.044    10.038    add_ln23_2_reg_665_reg[15]
  -------------------------------------------------------------------
                         required time                         10.038    
                         arrival time                          -4.275    
  -------------------------------------------------------------------
                         slack                                  5.763    

Slack (MET) :             5.765ns  (required time - arrival time)
  Source:                 a_6_reg_626_reg[4]/C
                            (rising edge-triggered cell FDRE clocked by ap_clk  {rise@0.000ns fall@5.000ns period=10.000ns})
  Destination:            add_ln23_2_reg_665_reg[13]/D
                            (rising edge-triggered cell FDRE clocked by ap_clk  {rise@0.000ns fall@5.000ns period=10.000ns})
  Path Group:             ap_clk
  Path Type:              Setup (Max at Slow Process Corner)
  Requirement:            10.000ns  (ap_clk rise@10.000ns - ap_clk rise@0.000ns)
  Data Path Delay:        4.230ns  (logic 1.381ns (32.648%)  route 2.849ns (67.352%))
  Logic Levels:           8  (CARRY8=3 LUT3=2 LUT4=1 LUT5=1 LUT6=1)
  Clock Path Skew:        -0.014ns (DCD - SCD + CPR)
    Destination Clock Delay (DCD):    0.029ns = ( 10.029 - 10.000 ) 
    Source Clock Delay      (SCD):    0.043ns
    Clock Pessimism Removal (CPR):    0.000ns
  Clock Uncertainty:      0.035ns  ((TSJ^2 + TIJ^2)^1/2 + DJ) / 2 + PE
    Total System Jitter     (TSJ):    0.071ns
    Total Input Jitter      (TIJ):    0.000ns
    Discrete Jitter          (DJ):    0.000ns
    Phase Error              (PE):    0.000ns

    Location             Delay type                Incr(ns)  Path(ns)    Netlist Resource(s)
  -------------------------------------------------------------------    -------------------
                         (clock ap_clk rise edge)     0.000     0.000 r  
                                                      0.000     0.000 r  ap_clk (IN)
                         net (fo=3485, unset)         0.043     0.043    ap_clk
    SLICE_X45Y149        FDRE                                         r  a_6_reg_626_reg[4]/C
  -------------------------------------------------------------------    -------------------
    SLICE_X45Y149        FDRE (Prop_EFF_SLICEM_C_Q)
                                                      0.113     0.156 r  a_6_reg_626_reg[4]/Q
                         net (fo=5, routed)           0.609     0.765    a_6_reg_626[4]
    SLICE_X49Y150        LUT3 (Prop_C6LUT_SLICEL_I2_O)
                                                      0.150     0.915 r  add_ln23_2_reg_665[15]_i_45/O
                         net (fo=2, routed)           0.512     1.427    add_ln23_2_reg_665[15]_i_45_n_0
    SLICE_X48Y148        LUT4 (Prop_F6LUT_SLICEL_I3_O)
                                                      0.136     1.563 r  add_ln23_2_reg_665[15]_i_52/O
                         net (fo=1, routed)           0.015     1.578    add_ln23_2_reg_665[15]_i_52_n_0
    SLICE_X48Y148        CARRY8 (Prop_CARRY8_SLICEL_S[5]_CO[7])
                                                      0.232     1.810 r  add_ln23_2_reg_665_reg[15]_i_25/CO[7]
                         net (fo=1, routed)           0.030     1.840    add_ln23_2_reg_665_reg[15]_i_25_n_0
    SLICE_X48Y149        CARRY8 (Prop_CARRY8_SLICEL_CI_O[0])
                                                      0.078     1.918 r  add_ln23_2_reg_665_reg[15]_i_18/O[0]
                         net (fo=4, routed)           0.588     2.506    sext_ln27_6_fu_402_p1[7]
    SLICE_X50Y149        LUT3 (Prop_D5LUT_SLICEL_I0_O)
                                                      0.217     2.723 r  add_ln23_2_reg_665[15]_i_24/O
                         net (fo=2, routed)           0.545     3.268    add_ln23_2_reg_665[15]_i_24_n_0
    SLICE_X47Y146        LUT5 (Prop_H6LUT_SLICEL_I1_O)
                                                      0.058     3.326 r  add_ln23_2_reg_665[15]_i_8/O
                         net (fo=2, routed)           0.503     3.829    add_ln23_2_reg_665[15]_i_8_n_0
    SLICE_X49Y147        LUT6 (Prop_A6LUT_SLICEL_I0_O)
                                                      0.058     3.887 r  add_ln23_2_reg_665[15]_i_16/O
                         net (fo=1, routed)           0.014     3.901    add_ln23_2_reg_665[15]_i_16_n_0
    SLICE_X49Y147        CARRY8 (Prop_CARRY8_SLICEL_S[0]_O[5])
                                                      0.339     4.240 r  add_ln23_2_reg_665_reg[15]_i_1/O[5]
                         net (fo=3, routed)           0.033     4.273    add_ln23_2_fu_429_p2[13]
    SLICE_X49Y147        FDRE                                         r  add_ln23_2_reg_665_reg[13]/D
  -------------------------------------------------------------------    -------------------

                         (clock ap_clk rise edge)    10.000    10.000 r  
                                                      0.000    10.000 r  ap_clk (IN)
                         net (fo=3485, unset)         0.029    10.029    ap_clk
    SLICE_X49Y147        FDRE                                         r  add_ln23_2_reg_665_reg[13]/C
                         clock pessimism              0.000    10.029    
                         clock uncertainty           -0.035     9.994    
    SLICE_X49Y147        FDRE (Setup_FFF_SLICEL_C_D)
                                                      0.044    10.038    add_ln23_2_reg_665_reg[13]
  -------------------------------------------------------------------
                         required time                         10.038    
                         arrival time                          -4.273    
  -------------------------------------------------------------------
                         slack                                  5.765    

Slack (MET) :             5.784ns  (required time - arrival time)
  Source:                 a_6_reg_626_reg[4]/C
                            (rising edge-triggered cell FDRE clocked by ap_clk  {rise@0.000ns fall@5.000ns period=10.000ns})
  Destination:            add_ln23_2_reg_665_reg[14]/D
                            (rising edge-triggered cell FDRE clocked by ap_clk  {rise@0.000ns fall@5.000ns period=10.000ns})
  Path Group:             ap_clk
  Path Type:              Setup (Max at Slow Process Corner)
  Requirement:            10.000ns  (ap_clk rise@10.000ns - ap_clk rise@0.000ns)
  Data Path Delay:        4.211ns  (logic 1.361ns (32.321%)  route 2.850ns (67.679%))
  Logic Levels:           8  (CARRY8=3 LUT3=2 LUT4=1 LUT5=1 LUT6=1)
  Clock Path Skew:        -0.014ns (DCD - SCD + CPR)
    Destination Clock Delay (DCD):    0.029ns = ( 10.029 - 10.000 ) 
    Source Clock Delay      (SCD):    0.043ns
    Clock Pessimism Removal (CPR):    0.000ns
  Clock Uncertainty:      0.035ns  ((TSJ^2 + TIJ^2)^1/2 + DJ) / 2 + PE
    Total System Jitter     (TSJ):    0.071ns
    Total Input Jitter      (TIJ):    0.000ns
    Discrete Jitter          (DJ):    0.000ns
    Phase Error              (PE):    0.000ns

    Location             Delay type                Incr(ns)  Path(ns)    Netlist Resource(s)
  -------------------------------------------------------------------    -------------------
                         (clock ap_clk rise edge)     0.000     0.000 r  
                                                      0.000     0.000 r  ap_clk (IN)
                         net (fo=3485, unset)         0.043     0.043    ap_clk
    SLICE_X45Y149        FDRE                                         r  a_6_reg_626_reg[4]/C
  -------------------------------------------------------------------    -------------------
    SLICE_X45Y149        FDRE (Prop_EFF_SLICEM_C_Q)
                                                      0.113     0.156 r  a_6_reg_626_reg[4]/Q
                         net (fo=5, routed)           0.609     0.765    a_6_reg_626[4]
    SLICE_X49Y150        LUT3 (Prop_C6LUT_SLICEL_I2_O)
                                                      0.150     0.915 r  add_ln23_2_reg_665[15]_i_45/O
                         net (fo=2, routed)           0.512     1.427    add_ln23_2_reg_665[15]_i_45_n_0
    SLICE_X48Y148        LUT4 (Prop_F6LUT_SLICEL_I3_O)
                                                      0.136     1.563 r  add_ln23_2_reg_665[15]_i_52/O
                         net (fo=1, routed)           0.015     1.578    add_ln23_2_reg_665[15]_i_52_n_0
    SLICE_X48Y148        CARRY8 (Prop_CARRY8_SLICEL_S[5]_CO[7])
                                                      0.232     1.810 r  add_ln23_2_reg_665_reg[15]_i_25/CO[7]
                         net (fo=1, routed)           0.030     1.840    add_ln23_2_reg_665_reg[15]_i_25_n_0
    SLICE_X48Y149        CARRY8 (Prop_CARRY8_SLICEL_CI_O[0])
                                                      0.078     1.918 r  add_ln23_2_reg_665_reg[15]_i_18/O[0]
                         net (fo=4, routed)           0.588     2.506    sext_ln27_6_fu_402_p1[7]
    SLICE_X50Y149        LUT3 (Prop_D5LUT_SLICEL_I0_O)
                                                      0.217     2.723 r  add_ln23_2_reg_665[15]_i_24/O
                         net (fo=2, routed)           0.545     3.268    add_ln23_2_reg_665[15]_i_24_n_0
    SLICE_X47Y146        LUT5 (Prop_H6LUT_SLICEL_I1_O)
                                                      0.058     3.326 r  add_ln23_2_reg_665[15]_i_8/O
                         net (fo=2, routed)           0.503     3.829    add_ln23_2_reg_665[15]_i_8_n_0
    SLICE_X49Y147        LUT6 (Prop_A6LUT_SLICEL_I0_O)
                                                      0.058     3.887 r  add_ln23_2_reg_665[15]_i_16/O
                         net (fo=1, routed)           0.014     3.901    add_ln23_2_reg_665[15]_i_16_n_0
    SLICE_X49Y147        CARRY8 (Prop_CARRY8_SLICEL_S[0]_O[6])
                                                      0.319     4.220 r  add_ln23_2_reg_665_reg[15]_i_1/O[6]
                         net (fo=3, routed)           0.034     4.254    add_ln23_2_fu_429_p2[14]
    SLICE_X49Y147        FDRE                                         r  add_ln23_2_reg_665_reg[14]/D
  -------------------------------------------------------------------    -------------------

                         (clock ap_clk rise edge)    10.000    10.000 r  
                                                      0.000    10.000 r  ap_clk (IN)
                         net (fo=3485, unset)         0.029    10.029    ap_clk
    SLICE_X49Y147        FDRE                                         r  add_ln23_2_reg_665_reg[14]/C
                         clock pessimism              0.000    10.029    
                         clock uncertainty           -0.035     9.994    
    SLICE_X49Y147        FDRE (Setup_GFF_SLICEL_C_D)
                                                      0.044    10.038    add_ln23_2_reg_665_reg[14]
  -------------------------------------------------------------------
                         required time                         10.038    
                         arrival time                          -4.254    
  -------------------------------------------------------------------
                         slack                                  5.784    

Slack (MET) :             5.812ns  (required time - arrival time)
  Source:                 a_6_reg_626_reg[4]/C
                            (rising edge-triggered cell FDRE clocked by ap_clk  {rise@0.000ns fall@5.000ns period=10.000ns})
  Destination:            add_ln23_2_reg_665_reg[12]/D
                            (rising edge-triggered cell FDRE clocked by ap_clk  {rise@0.000ns fall@5.000ns period=10.000ns})
  Path Group:             ap_clk
  Path Type:              Setup (Max at Slow Process Corner)
  Requirement:            10.000ns  (ap_clk rise@10.000ns - ap_clk rise@0.000ns)
  Data Path Delay:        4.183ns  (logic 1.335ns (31.915%)  route 2.848ns (68.085%))
  Logic Levels:           8  (CARRY8=3 LUT3=2 LUT4=1 LUT5=1 LUT6=1)
  Clock Path Skew:        -0.014ns (DCD - SCD + CPR)
    Destination Clock Delay (DCD):    0.029ns = ( 10.029 - 10.000 ) 
    Source Clock Delay      (SCD):    0.043ns
    Clock Pessimism Removal (CPR):    0.000ns
  Clock Uncertainty:      0.035ns  ((TSJ^2 + TIJ^2)^1/2 + DJ) / 2 + PE
    Total System Jitter     (TSJ):    0.071ns
    Total Input Jitter      (TIJ):    0.000ns
    Discrete Jitter          (DJ):    0.000ns
    Phase Error              (PE):    0.000ns

    Location             Delay type                Incr(ns)  Path(ns)    Netlist Resource(s)
  -------------------------------------------------------------------    -------------------
                         (clock ap_clk rise edge)     0.000     0.000 r  
                                                      0.000     0.000 r  ap_clk (IN)
                         net (fo=3485, unset)         0.043     0.043    ap_clk
    SLICE_X45Y149        FDRE                                         r  a_6_reg_626_reg[4]/C
  -------------------------------------------------------------------    -------------------
    SLICE_X45Y149        FDRE (Prop_EFF_SLICEM_C_Q)
                                                      0.113     0.156 r  a_6_reg_626_reg[4]/Q
                         net (fo=5, routed)           0.609     0.765    a_6_reg_626[4]
    SLICE_X49Y150        LUT3 (Prop_C6LUT_SLICEL_I2_O)
                                                      0.150     0.915 r  add_ln23_2_reg_665[15]_i_45/O
                         net (fo=2, routed)           0.512     1.427    add_ln23_2_reg_665[15]_i_45_n_0
    SLICE_X48Y148        LUT4 (Prop_F6LUT_SLICEL_I3_O)
                                                      0.136     1.563 r  add_ln23_2_reg_665[15]_i_52/O
                         net (fo=1, routed)           0.015     1.578    add_ln23_2_reg_665[15]_i_52_n_0
    SLICE_X48Y148        CARRY8 (Prop_CARRY8_SLICEL_S[5]_CO[7])
                                                      0.232     1.810 r  add_ln23_2_reg_665_reg[15]_i_25/CO[7]
                         net (fo=1, routed)           0.030     1.840    add_ln23_2_reg_665_reg[15]_i_25_n_0
    SLICE_X48Y149        CARRY8 (Prop_CARRY8_SLICEL_CI_O[0])
                                                      0.078     1.918 r  add_ln23_2_reg_665_reg[15]_i_18/O[0]
                         net (fo=4, routed)           0.588     2.506    sext_ln27_6_fu_402_p1[7]
    SLICE_X50Y149        LUT3 (Prop_D5LUT_SLICEL_I0_O)
                                                      0.217     2.723 r  add_ln23_2_reg_665[15]_i_24/O
                         net (fo=2, routed)           0.545     3.268    add_ln23_2_reg_665[15]_i_24_n_0
    SLICE_X47Y146        LUT5 (Prop_H6LUT_SLICEL_I1_O)
                                                      0.058     3.326 r  add_ln23_2_reg_665[15]_i_8/O
                         net (fo=2, routed)           0.503     3.829    add_ln23_2_reg_665[15]_i_8_n_0
    SLICE_X49Y147        LUT6 (Prop_A6LUT_SLICEL_I0_O)
                                                      0.058     3.887 r  add_ln23_2_reg_665[15]_i_16/O
                         net (fo=1, routed)           0.014     3.901    add_ln23_2_reg_665[15]_i_16_n_0
    SLICE_X49Y147        CARRY8 (Prop_CARRY8_SLICEL_S[0]_O[4])
                                                      0.293     4.194 r  add_ln23_2_reg_665_reg[15]_i_1/O[4]
                         net (fo=3, routed)           0.032     4.226    add_ln23_2_fu_429_p2[12]
    SLICE_X49Y147        FDRE                                         r  add_ln23_2_reg_665_reg[12]/D
  -------------------------------------------------------------------    -------------------

                         (clock ap_clk rise edge)    10.000    10.000 r  
                                                      0.000    10.000 r  ap_clk (IN)
                         net (fo=3485, unset)         0.029    10.029    ap_clk
    SLICE_X49Y147        FDRE                                         r  add_ln23_2_reg_665_reg[12]/C
                         clock pessimism              0.000    10.029    
                         clock uncertainty           -0.035     9.994    
    SLICE_X49Y147        FDRE (Setup_EFF_SLICEL_C_D)
                                                      0.044    10.038    add_ln23_2_reg_665_reg[12]
  -------------------------------------------------------------------
                         required time                         10.038    
                         arrival time                          -4.226    
  -------------------------------------------------------------------
                         slack                                  5.812    

Slack (MET) :             5.822ns  (required time - arrival time)
  Source:                 gmem_m_axi_U/load_unit_0/fifo_rreq/full_n_reg/C
                            (rising edge-triggered cell FDRE clocked by ap_clk  {rise@0.000ns fall@5.000ns period=10.000ns})
  Destination:            gmem_m_axi_U/store_unit/fifo_wreq/U_fifo_srl/mem_reg[68][50]_srl32/CE
                            (rising edge-triggered cell SRLC32E clocked by ap_clk  {rise@0.000ns fall@5.000ns period=10.000ns})
  Path Group:             ap_clk
  Path Type:              Setup (Max at Slow Process Corner)
  Requirement:            10.000ns  (ap_clk rise@10.000ns - ap_clk rise@0.000ns)
  Data Path Delay:        3.893ns  (logic 0.310ns (7.963%)  route 3.583ns (92.037%))
  Logic Levels:           2  (LUT6=2)
  Clock Path Skew:        0.016ns (DCD - SCD + CPR)
    Destination Clock Delay (DCD):    0.059ns = ( 10.059 - 10.000 ) 
    Source Clock Delay      (SCD):    0.043ns
    Clock Pessimism Removal (CPR):    0.000ns
  Clock Uncertainty:      0.035ns  ((TSJ^2 + TIJ^2)^1/2 + DJ) / 2 + PE
    Total System Jitter     (TSJ):    0.071ns
    Total Input Jitter      (TIJ):    0.000ns
    Discrete Jitter          (DJ):    0.000ns
    Phase Error              (PE):    0.000ns

    Location             Delay type                Incr(ns)  Path(ns)    Netlist Resource(s)
  -------------------------------------------------------------------    -------------------
                         (clock ap_clk rise edge)     0.000     0.000 r  
                                                      0.000     0.000 r  ap_clk (IN)
                         net (fo=3485, unset)         0.043     0.043    gmem_m_axi_U/load_unit_0/fifo_rreq/ap_clk
    SLICE_X41Y181        FDRE                                         r  gmem_m_axi_U/load_unit_0/fifo_rreq/full_n_reg/C
  -------------------------------------------------------------------    -------------------
    SLICE_X41Y181        FDRE (Prop_DFF_SLICEM_C_Q)
                                                      0.116     0.159 r  gmem_m_axi_U/load_unit_0/fifo_rreq/full_n_reg/Q
                         net (fo=7, routed)           1.230     1.389    gmem_m_axi_U/load_unit_0/fifo_rreq/full_n_reg_0
    SLICE_X47Y165        LUT6 (Prop_H6LUT_SLICEL_I2_O)
                                                      0.137     1.526 r  gmem_m_axi_U/load_unit_0/fifo_rreq/mem_reg[68][0]_srl32_i_2/O
                         net (fo=1, routed)           0.103     1.629    gmem_m_axi_U/store_unit/user_resp/empty_n_reg_0
    SLICE_X47Y167        LUT6 (Prop_G6LUT_SLICEL_I2_O)
                                                      0.057     1.686 r  gmem_m_axi_U/store_unit/user_resp/mem_reg[68][0]_srl32_i_1/O
                         net (fo=196, routed)         2.250     3.936    gmem_m_axi_U/store_unit/fifo_wreq/U_fifo_srl/push_2
    SLICE_X54Y191        SRLC32E                                      r  gmem_m_axi_U/store_unit/fifo_wreq/U_fifo_srl/mem_reg[68][50]_srl32/CE
  -------------------------------------------------------------------    -------------------

                         (clock ap_clk rise edge)    10.000    10.000 r  
                                                      0.000    10.000 r  ap_clk (IN)
                         net (fo=3485, unset)         0.059    10.059    gmem_m_axi_U/store_unit/fifo_wreq/U_fifo_srl/ap_clk
    SLICE_X54Y191        SRLC32E                                      r  gmem_m_axi_U/store_unit/fifo_wreq/U_fifo_srl/mem_reg[68][50]_srl32/CLK
                         clock pessimism              0.000    10.059    
                         clock uncertainty           -0.035    10.024    
    SLICE_X54Y191        SRLC32E (Setup_B6LUT_SLICEM_CLK_CE)
                                                     -0.266     9.758    gmem_m_axi_U/store_unit/fifo_wreq/U_fifo_srl/mem_reg[68][50]_srl32
  -------------------------------------------------------------------
                         required time                          9.758    
                         arrival time                          -3.936    
  -------------------------------------------------------------------
                         slack                                  5.822    

Slack (MET) :             5.822ns  (required time - arrival time)
  Source:                 gmem_m_axi_U/load_unit_0/fifo_rreq/full_n_reg/C
                            (rising edge-triggered cell FDRE clocked by ap_clk  {rise@0.000ns fall@5.000ns period=10.000ns})
  Destination:            gmem_m_axi_U/store_unit/fifo_wreq/U_fifo_srl/mem_reg[68][50]_srl32__0/CE
                            (rising edge-triggered cell SRLC32E clocked by ap_clk  {rise@0.000ns fall@5.000ns period=10.000ns})
  Path Group:             ap_clk
  Path Type:              Setup (Max at Slow Process Corner)
  Requirement:            10.000ns  (ap_clk rise@10.000ns - ap_clk rise@0.000ns)
  Data Path Delay:        3.893ns  (logic 0.310ns (7.963%)  route 3.583ns (92.037%))
  Logic Levels:           2  (LUT6=2)
  Clock Path Skew:        0.016ns (DCD - SCD + CPR)
    Destination Clock Delay (DCD):    0.059ns = ( 10.059 - 10.000 ) 
    Source Clock Delay      (SCD):    0.043ns
    Clock Pessimism Removal (CPR):    0.000ns
  Clock Uncertainty:      0.035ns  ((TSJ^2 + TIJ^2)^1/2 + DJ) / 2 + PE
    Total System Jitter     (TSJ):    0.071ns
    Total Input Jitter      (TIJ):    0.000ns
    Discrete Jitter          (DJ):    0.000ns
    Phase Error              (PE):    0.000ns

    Location             Delay type                Incr(ns)  Path(ns)    Netlist Resource(s)
  -------------------------------------------------------------------    -------------------
                         (clock ap_clk rise edge)     0.000     0.000 r  
                                                      0.000     0.000 r  ap_clk (IN)
                         net (fo=3485, unset)         0.043     0.043    gmem_m_axi_U/load_unit_0/fifo_rreq/ap_clk
    SLICE_X41Y181        FDRE                                         r  gmem_m_axi_U/load_unit_0/fifo_rreq/full_n_reg/C
  -------------------------------------------------------------------    -------------------
    SLICE_X41Y181        FDRE (Prop_DFF_SLICEM_C_Q)
                                                      0.116     0.159 r  gmem_m_axi_U/load_unit_0/fifo_rreq/full_n_reg/Q
                         net (fo=7, routed)           1.230     1.389    gmem_m_axi_U/load_unit_0/fifo_rreq/full_n_reg_0
    SLICE_X47Y165        LUT6 (Prop_H6LUT_SLICEL_I2_O)
                                                      0.137     1.526 r  gmem_m_axi_U/load_unit_0/fifo_rreq/mem_reg[68][0]_srl32_i_2/O
                         net (fo=1, routed)           0.103     1.629    gmem_m_axi_U/store_unit/user_resp/empty_n_reg_0
    SLICE_X47Y167        LUT6 (Prop_G6LUT_SLICEL_I2_O)
                                                      0.057     1.686 r  gmem_m_axi_U/store_unit/user_resp/mem_reg[68][0]_srl32_i_1/O
                         net (fo=196, routed)         2.250     3.936    gmem_m_axi_U/store_unit/fifo_wreq/U_fifo_srl/push_2
    SLICE_X54Y191        SRLC32E                                      r  gmem_m_axi_U/store_unit/fifo_wreq/U_fifo_srl/mem_reg[68][50]_srl32__0/CE
  -------------------------------------------------------------------    -------------------

                         (clock ap_clk rise edge)    10.000    10.000 r  
                                                      0.000    10.000 r  ap_clk (IN)
                         net (fo=3485, unset)         0.059    10.059    gmem_m_axi_U/store_unit/fifo_wreq/U_fifo_srl/ap_clk
    SLICE_X54Y191        SRLC32E                                      r  gmem_m_axi_U/store_unit/fifo_wreq/U_fifo_srl/mem_reg[68][50]_srl32__0/CLK
                         clock pessimism              0.000    10.059    
                         clock uncertainty           -0.035    10.024    
    SLICE_X54Y191        SRLC32E (Setup_A6LUT_SLICEM_CLK_CE)
                                                     -0.266     9.758    gmem_m_axi_U/store_unit/fifo_wreq/U_fifo_srl/mem_reg[68][50]_srl32__0
  -------------------------------------------------------------------
                         required time                          9.758    
                         arrival time                          -3.936    
  -------------------------------------------------------------------
                         slack                                  5.822    

Slack (MET) :             5.856ns  (required time - arrival time)
  Source:                 gmem_m_axi_U/load_unit_0/fifo_rreq/full_n_reg/C
                            (rising edge-triggered cell FDRE clocked by ap_clk  {rise@0.000ns fall@5.000ns period=10.000ns})
  Destination:            gmem_m_axi_U/store_unit/fifo_wreq/U_fifo_srl/mem_reg[68][10]_srl32/CE
                            (rising edge-triggered cell SRLC32E clocked by ap_clk  {rise@0.000ns fall@5.000ns period=10.000ns})
  Path Group:             ap_clk
  Path Type:              Setup (Max at Slow Process Corner)
  Requirement:            10.000ns  (ap_clk rise@10.000ns - ap_clk rise@0.000ns)
  Data Path Delay:        3.858ns  (logic 0.310ns (8.035%)  route 3.548ns (91.965%))
  Logic Levels:           2  (LUT6=2)
  Clock Path Skew:        0.016ns (DCD - SCD + CPR)
    Destination Clock Delay (DCD):    0.059ns = ( 10.059 - 10.000 ) 
    Source Clock Delay      (SCD):    0.043ns
    Clock Pessimism Removal (CPR):    0.000ns
  Clock Uncertainty:      0.035ns  ((TSJ^2 + TIJ^2)^1/2 + DJ) / 2 + PE
    Total System Jitter     (TSJ):    0.071ns
    Total Input Jitter      (TIJ):    0.000ns
    Discrete Jitter          (DJ):    0.000ns
    Phase Error              (PE):    0.000ns

    Location             Delay type                Incr(ns)  Path(ns)    Netlist Resource(s)
  -------------------------------------------------------------------    -------------------
                         (clock ap_clk rise edge)     0.000     0.000 r  
                                                      0.000     0.000 r  ap_clk (IN)
                         net (fo=3485, unset)         0.043     0.043    gmem_m_axi_U/load_unit_0/fifo_rreq/ap_clk
    SLICE_X41Y181        FDRE                                         r  gmem_m_axi_U/load_unit_0/fifo_rreq/full_n_reg/C
  -------------------------------------------------------------------    -------------------
    SLICE_X41Y181        FDRE (Prop_DFF_SLICEM_C_Q)
                                                      0.116     0.159 r  gmem_m_axi_U/load_unit_0/fifo_rreq/full_n_reg/Q
                         net (fo=7, routed)           1.230     1.389    gmem_m_axi_U/load_unit_0/fifo_rreq/full_n_reg_0
    SLICE_X47Y165        LUT6 (Prop_H6LUT_SLICEL_I2_O)
                                                      0.137     1.526 r  gmem_m_axi_U/load_unit_0/fifo_rreq/mem_reg[68][0]_srl32_i_2/O
                         net (fo=1, routed)           0.103     1.629    gmem_m_axi_U/store_unit/user_resp/empty_n_reg_0
    SLICE_X47Y167        LUT6 (Prop_G6LUT_SLICEL_I2_O)
                                                      0.057     1.686 r  gmem_m_axi_U/store_unit/user_resp/mem_reg[68][0]_srl32_i_1/O
                         net (fo=196, routed)         2.215     3.901    gmem_m_axi_U/store_unit/fifo_wreq/U_fifo_srl/push_2
    SLICE_X54Y188        SRLC32E                                      r  gmem_m_axi_U/store_unit/fifo_wreq/U_fifo_srl/mem_reg[68][10]_srl32/CE
  -------------------------------------------------------------------    -------------------

                         (clock ap_clk rise edge)    10.000    10.000 r  
                                                      0.000    10.000 r  ap_clk (IN)
                         net (fo=3485, unset)         0.059    10.059    gmem_m_axi_U/store_unit/fifo_wreq/U_fifo_srl/ap_clk
    SLICE_X54Y188        SRLC32E                                      r  gmem_m_axi_U/store_unit/fifo_wreq/U_fifo_srl/mem_reg[68][10]_srl32/CLK
                         clock pessimism              0.000    10.059    
                         clock uncertainty           -0.035    10.024    
    SLICE_X54Y188        SRLC32E (Setup_B6LUT_SLICEM_CLK_CE)
                                                     -0.266     9.758    gmem_m_axi_U/store_unit/fifo_wreq/U_fifo_srl/mem_reg[68][10]_srl32
  -------------------------------------------------------------------
                         required time                          9.758    
                         arrival time                          -3.901    
  -------------------------------------------------------------------
                         slack                                  5.856    

Slack (MET) :             5.856ns  (required time - arrival time)
  Source:                 gmem_m_axi_U/load_unit_0/fifo_rreq/full_n_reg/C
                            (rising edge-triggered cell FDRE clocked by ap_clk  {rise@0.000ns fall@5.000ns period=10.000ns})
  Destination:            gmem_m_axi_U/store_unit/fifo_wreq/U_fifo_srl/mem_reg[68][10]_srl32__0/CE
                            (rising edge-triggered cell SRLC32E clocked by ap_clk  {rise@0.000ns fall@5.000ns period=10.000ns})
  Path Group:             ap_clk
  Path Type:              Setup (Max at Slow Process Corner)
  Requirement:            10.000ns  (ap_clk rise@10.000ns - ap_clk rise@0.000ns)
  Data Path Delay:        3.858ns  (logic 0.310ns (8.035%)  route 3.548ns (91.965%))
  Logic Levels:           2  (LUT6=2)
  Clock Path Skew:        0.016ns (DCD - SCD + CPR)
    Destination Clock Delay (DCD):    0.059ns = ( 10.059 - 10.000 ) 
    Source Clock Delay      (SCD):    0.043ns
    Clock Pessimism Removal (CPR):    0.000ns
  Clock Uncertainty:      0.035ns  ((TSJ^2 + TIJ^2)^1/2 + DJ) / 2 + PE
    Total System Jitter     (TSJ):    0.071ns
    Total Input Jitter      (TIJ):    0.000ns
    Discrete Jitter          (DJ):    0.000ns
    Phase Error              (PE):    0.000ns

    Location             Delay type                Incr(ns)  Path(ns)    Netlist Resource(s)
  -------------------------------------------------------------------    -------------------
                         (clock ap_clk rise edge)     0.000     0.000 r  
                                                      0.000     0.000 r  ap_clk (IN)
                         net (fo=3485, unset)         0.043     0.043    gmem_m_axi_U/load_unit_0/fifo_rreq/ap_clk
    SLICE_X41Y181        FDRE                                         r  gmem_m_axi_U/load_unit_0/fifo_rreq/full_n_reg/C
  -------------------------------------------------------------------    -------------------
    SLICE_X41Y181        FDRE (Prop_DFF_SLICEM_C_Q)
                                                      0.116     0.159 r  gmem_m_axi_U/load_unit_0/fifo_rreq/full_n_reg/Q
                         net (fo=7, routed)           1.230     1.389    gmem_m_axi_U/load_unit_0/fifo_rreq/full_n_reg_0
    SLICE_X47Y165        LUT6 (Prop_H6LUT_SLICEL_I2_O)
                                                      0.137     1.526 r  gmem_m_axi_U/load_unit_0/fifo_rreq/mem_reg[68][0]_srl32_i_2/O
                         net (fo=1, routed)           0.103     1.629    gmem_m_axi_U/store_unit/user_resp/empty_n_reg_0
    SLICE_X47Y167        LUT6 (Prop_G6LUT_SLICEL_I2_O)
                                                      0.057     1.686 r  gmem_m_axi_U/store_unit/user_resp/mem_reg[68][0]_srl32_i_1/O
                         net (fo=196, routed)         2.215     3.901    gmem_m_axi_U/store_unit/fifo_wreq/U_fifo_srl/push_2
    SLICE_X54Y188        SRLC32E                                      r  gmem_m_axi_U/store_unit/fifo_wreq/U_fifo_srl/mem_reg[68][10]_srl32__0/CE
  -------------------------------------------------------------------    -------------------

                         (clock ap_clk rise edge)    10.000    10.000 r  
                                                      0.000    10.000 r  ap_clk (IN)
                         net (fo=3485, unset)         0.059    10.059    gmem_m_axi_U/store_unit/fifo_wreq/U_fifo_srl/ap_clk
    SLICE_X54Y188        SRLC32E                                      r  gmem_m_axi_U/store_unit/fifo_wreq/U_fifo_srl/mem_reg[68][10]_srl32__0/CLK
                         clock pessimism              0.000    10.059    
                         clock uncertainty           -0.035    10.024    
    SLICE_X54Y188        SRLC32E (Setup_A6LUT_SLICEM_CLK_CE)
                                                     -0.266     9.758    gmem_m_axi_U/store_unit/fifo_wreq/U_fifo_srl/mem_reg[68][10]_srl32__0
  -------------------------------------------------------------------
                         required time                          9.758    
                         arrival time                          -3.901    
  -------------------------------------------------------------------
                         slack                                  5.856    





Pulse Width Checks
--------------------------------------------------------------------------------------
Clock Name:         ap_clk
Waveform(ns):       { 0.000 5.000 }
Period(ns):         10.000
Sources:            { ap_clk }

Check Type        Corner  Lib Pin             Reference Pin  Required(ns)  Actual(ns)  Slack(ns)  Location       Pin
Min Period        n/a     RAMB36E2/CLKARDCLK  n/a            1.960         10.000      8.040      RAMB36_X1Y31   gmem_m_axi_U/load_unit_0/buff_rdata/U_fifo_mem/mem_reg_0/CLKARDCLK
Min Period        n/a     RAMB36E2/CLKBWRCLK  n/a            1.960         10.000      8.040      RAMB36_X1Y31   gmem_m_axi_U/load_unit_0/buff_rdata/U_fifo_mem/mem_reg_0/CLKBWRCLK
Min Period        n/a     RAMB36E2/CLKARDCLK  n/a            1.960         10.000      8.040      RAMB36_X1Y30   gmem_m_axi_U/load_unit_0/buff_rdata/U_fifo_mem/mem_reg_1/CLKARDCLK
Min Period        n/a     RAMB36E2/CLKBWRCLK  n/a            1.960         10.000      8.040      RAMB36_X1Y30   gmem_m_axi_U/load_unit_0/buff_rdata/U_fifo_mem/mem_reg_1/CLKBWRCLK
Min Period        n/a     RAMB36E2/CLKARDCLK  n/a            1.960         10.000      8.040      RAMB36_X2Y28   gmem_m_axi_U/store_unit/buff_wdata/U_fifo_mem/mem_reg_0/CLKARDCLK
Min Period        n/a     RAMB36E2/CLKBWRCLK  n/a            1.960         10.000      8.040      RAMB36_X2Y28   gmem_m_axi_U/store_unit/buff_wdata/U_fifo_mem/mem_reg_0/CLKBWRCLK
Min Period        n/a     RAMB36E2/CLKARDCLK  n/a            1.960         10.000      8.040      RAMB36_X2Y29   gmem_m_axi_U/store_unit/buff_wdata/U_fifo_mem/mem_reg_1/CLKARDCLK
Min Period        n/a     RAMB36E2/CLKBWRCLK  n/a            1.960         10.000      8.040      RAMB36_X2Y29   gmem_m_axi_U/store_unit/buff_wdata/U_fifo_mem/mem_reg_1/CLKBWRCLK
Min Period        n/a     SRLC32E/CLK         n/a            1.524         10.000      8.476      SLICE_X43Y170  trunc_ln2_reg_560_pp0_iter31_reg_reg[0]_srl32/CLK
Min Period        n/a     SRLC32E/CLK         n/a            1.524         10.000      8.476      SLICE_X45Y187  trunc_ln2_reg_560_pp0_iter31_reg_reg[10]_srl32/CLK
Min Period        n/a     SRLC32E/CLK         n/a            1.524         10.000      8.476      SLICE_X41Y184  trunc_ln2_reg_560_pp0_iter31_reg_reg[11]_srl32/CLK
Min Period        n/a     SRLC32E/CLK         n/a            1.524         10.000      8.476      SLICE_X41Y188  trunc_ln2_reg_560_pp0_iter31_reg_reg[12]_srl32/CLK
Min Period        n/a     SRLC32E/CLK         n/a            1.524         10.000      8.476      SLICE_X41Y187  trunc_ln2_reg_560_pp0_iter31_reg_reg[13]_srl32/CLK
Min Period        n/a     SRLC32E/CLK         n/a            1.524         10.000      8.476      SLICE_X45Y183  trunc_ln2_reg_560_pp0_iter31_reg_reg[14]_srl32/CLK
Min Period        n/a     SRLC32E/CLK         n/a            1.524         10.000      8.476      SLICE_X41Y188  trunc_ln2_reg_560_pp0_iter31_reg_reg[15]_srl32/CLK
Min Period        n/a     SRLC32E/CLK         n/a            1.524         10.000      8.476      SLICE_X41Y190  trunc_ln2_reg_560_pp0_iter31_reg_reg[16]_srl32/CLK
Min Period        n/a     SRLC32E/CLK         n/a            1.524         10.000      8.476      SLICE_X41Y192  trunc_ln2_reg_560_pp0_iter31_reg_reg[17]_srl32/CLK
Min Period        n/a     SRLC32E/CLK         n/a            1.524         10.000      8.476      SLICE_X45Y191  trunc_ln2_reg_560_pp0_iter31_reg_reg[18]_srl32/CLK
Min Period        n/a     SRLC32E/CLK         n/a            1.524         10.000      8.476      SLICE_X41Y196  trunc_ln2_reg_560_pp0_iter31_reg_reg[19]_srl32/CLK
Min Period        n/a     SRLC32E/CLK         n/a            1.524         10.000      8.476      SLICE_X41Y176  trunc_ln2_reg_560_pp0_iter31_reg_reg[1]_srl32/CLK
Low Pulse Width   Slow    SRLC32E/CLK         n/a            0.762         5.000       4.238      SLICE_X43Y170  trunc_ln2_reg_560_pp0_iter31_reg_reg[0]_srl32/CLK
Low Pulse Width   Fast    SRLC32E/CLK         n/a            0.762         5.000       4.238      SLICE_X43Y170  trunc_ln2_reg_560_pp0_iter31_reg_reg[0]_srl32/CLK
Low Pulse Width   Slow    SRLC32E/CLK         n/a            0.762         5.000       4.238      SLICE_X45Y187  trunc_ln2_reg_560_pp0_iter31_reg_reg[10]_srl32/CLK
Low Pulse Width   Fast    SRLC32E/CLK         n/a            0.762         5.000       4.238      SLICE_X45Y187  trunc_ln2_reg_560_pp0_iter31_reg_reg[10]_srl32/CLK
Low Pulse Width   Slow    SRLC32E/CLK         n/a            0.762         5.000       4.238      SLICE_X41Y184  trunc_ln2_reg_560_pp0_iter31_reg_reg[11]_srl32/CLK
Low Pulse Width   Fast    SRLC32E/CLK         n/a            0.762         5.000       4.238      SLICE_X41Y184  trunc_ln2_reg_560_pp0_iter31_reg_reg[11]_srl32/CLK
Low Pulse Width   Slow    SRLC32E/CLK         n/a            0.762         5.000       4.238      SLICE_X41Y188  trunc_ln2_reg_560_pp0_iter31_reg_reg[12]_srl32/CLK
Low Pulse Width   Fast    SRLC32E/CLK         n/a            0.762         5.000       4.238      SLICE_X41Y188  trunc_ln2_reg_560_pp0_iter31_reg_reg[12]_srl32/CLK
Low Pulse Width   Slow    SRLC32E/CLK         n/a            0.762         5.000       4.238      SLICE_X41Y187  trunc_ln2_reg_560_pp0_iter31_reg_reg[13]_srl32/CLK
Low Pulse Width   Fast    SRLC32E/CLK         n/a            0.762         5.000       4.238      SLICE_X41Y187  trunc_ln2_reg_560_pp0_iter31_reg_reg[13]_srl32/CLK
Low Pulse Width   Slow    SRLC32E/CLK         n/a            0.762         5.000       4.238      SLICE_X45Y183  trunc_ln2_reg_560_pp0_iter31_reg_reg[14]_srl32/CLK
Low Pulse Width   Fast    SRLC32E/CLK         n/a            0.762         5.000       4.238      SLICE_X45Y183  trunc_ln2_reg_560_pp0_iter31_reg_reg[14]_srl32/CLK
Low Pulse Width   Slow    SRLC32E/CLK         n/a            0.762         5.000       4.238      SLICE_X41Y188  trunc_ln2_reg_560_pp0_iter31_reg_reg[15]_srl32/CLK
Low Pulse Width   Fast    SRLC32E/CLK         n/a            0.762         5.000       4.238      SLICE_X41Y188  trunc_ln2_reg_560_pp0_iter31_reg_reg[15]_srl32/CLK
Low Pulse Width   Slow    SRLC32E/CLK         n/a            0.762         5.000       4.238      SLICE_X41Y190  trunc_ln2_reg_560_pp0_iter31_reg_reg[16]_srl32/CLK
Low Pulse Width   Fast    SRLC32E/CLK         n/a            0.762         5.000       4.238      SLICE_X41Y190  trunc_ln2_reg_560_pp0_iter31_reg_reg[16]_srl32/CLK
Low Pulse Width   Slow    SRLC32E/CLK         n/a            0.762         5.000       4.238      SLICE_X41Y192  trunc_ln2_reg_560_pp0_iter31_reg_reg[17]_srl32/CLK
Low Pulse Width   Fast    SRLC32E/CLK         n/a            0.762         5.000       4.238      SLICE_X41Y192  trunc_ln2_reg_560_pp0_iter31_reg_reg[17]_srl32/CLK
Low Pulse Width   Slow    SRLC32E/CLK         n/a            0.762         5.000       4.238      SLICE_X45Y191  trunc_ln2_reg_560_pp0_iter31_reg_reg[18]_srl32/CLK
Low Pulse Width   Fast    SRLC32E/CLK         n/a            0.762         5.000       4.238      SLICE_X45Y191  trunc_ln2_reg_560_pp0_iter31_reg_reg[18]_srl32/CLK
High Pulse Width  Slow    SRLC32E/CLK         n/a            0.762         5.000       4.238      SLICE_X43Y170  trunc_ln2_reg_560_pp0_iter31_reg_reg[0]_srl32/CLK
High Pulse Width  Fast    SRLC32E/CLK         n/a            0.762         5.000       4.238      SLICE_X43Y170  trunc_ln2_reg_560_pp0_iter31_reg_reg[0]_srl32/CLK
High Pulse Width  Slow    SRLC32E/CLK         n/a            0.762         5.000       4.238      SLICE_X45Y187  trunc_ln2_reg_560_pp0_iter31_reg_reg[10]_srl32/CLK
High Pulse Width  Fast    SRLC32E/CLK         n/a            0.762         5.000       4.238      SLICE_X45Y187  trunc_ln2_reg_560_pp0_iter31_reg_reg[10]_srl32/CLK
High Pulse Width  Slow    SRLC32E/CLK         n/a            0.762         5.000       4.238      SLICE_X41Y184  trunc_ln2_reg_560_pp0_iter31_reg_reg[11]_srl32/CLK
High Pulse Width  Fast    SRLC32E/CLK         n/a            0.762         5.000       4.238      SLICE_X41Y184  trunc_ln2_reg_560_pp0_iter31_reg_reg[11]_srl32/CLK
High Pulse Width  Slow    SRLC32E/CLK         n/a            0.762         5.000       4.238      SLICE_X41Y188  trunc_ln2_reg_560_pp0_iter31_reg_reg[12]_srl32/CLK
High Pulse Width  Fast    SRLC32E/CLK         n/a            0.762         5.000       4.238      SLICE_X41Y188  trunc_ln2_reg_560_pp0_iter31_reg_reg[12]_srl32/CLK
High Pulse Width  Slow    SRLC32E/CLK         n/a            0.762         5.000       4.238      SLICE_X41Y187  trunc_ln2_reg_560_pp0_iter31_reg_reg[13]_srl32/CLK
High Pulse Width  Fast    SRLC32E/CLK         n/a            0.762         5.000       4.238      SLICE_X41Y187  trunc_ln2_reg_560_pp0_iter31_reg_reg[13]_srl32/CLK
High Pulse Width  Slow    SRLC32E/CLK         n/a            0.762         5.000       4.238      SLICE_X45Y183  trunc_ln2_reg_560_pp0_iter31_reg_reg[14]_srl32/CLK
High Pulse Width  Fast    SRLC32E/CLK         n/a            0.762         5.000       4.238      SLICE_X45Y183  trunc_ln2_reg_560_pp0_iter31_reg_reg[14]_srl32/CLK
High Pulse Width  Slow    SRLC32E/CLK         n/a            0.762         5.000       4.238      SLICE_X41Y188  trunc_ln2_reg_560_pp0_iter31_reg_reg[15]_srl32/CLK
High Pulse Width  Fast    SRLC32E/CLK         n/a            0.762         5.000       4.238      SLICE_X41Y188  trunc_ln2_reg_560_pp0_iter31_reg_reg[15]_srl32/CLK
High Pulse Width  Slow    SRLC32E/CLK         n/a            0.762         5.000       4.238      SLICE_X41Y190  trunc_ln2_reg_560_pp0_iter31_reg_reg[16]_srl32/CLK
High Pulse Width  Fast    SRLC32E/CLK         n/a            0.762         5.000       4.238      SLICE_X41Y190  trunc_ln2_reg_560_pp0_iter31_reg_reg[16]_srl32/CLK
High Pulse Width  Slow    SRLC32E/CLK         n/a            0.762         5.000       4.238      SLICE_X41Y192  trunc_ln2_reg_560_pp0_iter31_reg_reg[17]_srl32/CLK
High Pulse Width  Fast    SRLC32E/CLK         n/a            0.762         5.000       4.238      SLICE_X41Y192  trunc_ln2_reg_560_pp0_iter31_reg_reg[17]_srl32/CLK
High Pulse Width  Slow    SRLC32E/CLK         n/a            0.762         5.000       4.238      SLICE_X45Y191  trunc_ln2_reg_560_pp0_iter31_reg_reg[18]_srl32/CLK
High Pulse Width  Fast    SRLC32E/CLK         n/a            0.762         5.000       4.238      SLICE_X45Y191  trunc_ln2_reg_560_pp0_iter31_reg_reg[18]_srl32/CLK



