Copyright 1986-2022 Xilinx, Inc. All Rights Reserved. Copyright 2022-2024 Advanced Micro Devices, Inc. All Rights Reserved.
------------------------------------------------------------------------------------------------------------------------------------------------------------------------------------------------------------------------------------------------------
| Tool Version      : Vivado v.2024.1 (lin64) Build 5076996 Wed May 22 18:36:09 MDT 2024
| Date              : Thu Aug  6 01:11:53 2026
| Host              : linux running 64-bit Ubuntu 22.04.5 LTS
| Command           : report_timing_summary -delay_type max -max_paths 20 -file ${PROJECT_ROOT}/ProyectoFinal/HLS/reports/isolated_forward/timing_sweep/6p0ns/timing_post_route.rpt
| Design            : wht_lossless_forward_isolated
| Device            : xck26-sfvc784
| Speed File        : -2LV  PRODUCTION 1.30 05-15-2022
| Design State      : Routed
| Temperature Grade : C
------------------------------------------------------------------------------------------------------------------------------------------------------------------------------------------------------------------------------------------------------

Timing Summary Report

------------------------------------------------------------------------------------------------
| Timer Settings
| --------------
------------------------------------------------------------------------------------------------

  Enable Multi Corner Analysis               :  Yes
  Enable Pessimism Removal                   :  Yes
  Pessimism Removal Resolution               :  Nearest Common Node
  Enable Input Delay Default Clock           :  No
  Enable Preset / Clear Arcs                 :  No
  Disable Flight Delays                      :  No
  Ignore I/O Paths                           :  No
  Timing Early Launch at Borrowing Latches   :  No
  Borrow Time for Max Delay Exceptions       :  Yes
  Merge Timing Exceptions                    :  Yes
  Inter-SLR Compensation                     :  Conservative

  Corner  Analyze    Analyze    
  Name    Max Paths  Min Paths  
  ------  ---------  ---------  
  Slow    Yes        Yes        
  Fast    Yes        Yes        


------------------------------------------------------------------------------------------------
| Report Methodology
| ------------------
------------------------------------------------------------------------------------------------

No report available as report_methodology has not been run prior. Run report_methodology on the current design for the summary of methodology violations.



check_timing report

Table of Contents
-----------------
1. checking no_clock (0)
2. checking constant_clock (0)
3. checking pulse_width_clock (0)
4. checking unconstrained_internal_endpoints (0)
5. checking no_input_delay (52)
6. checking no_output_delay (38)
7. checking multiple_clock (0)
8. checking generated_clocks (0)
9. checking loops (0)
10. checking partial_input_delay (0)
11. checking partial_output_delay (0)
12. checking latch_loops (0)

1. checking no_clock (0)
------------------------
 There are 0 register/latch pins with no clock.


2. checking constant_clock (0)
------------------------------
 There are 0 register/latch pins with constant_clock.


3. checking pulse_width_clock (0)
---------------------------------
 There are 0 register/latch pins which need pulse_width check


4. checking unconstrained_internal_endpoints (0)
------------------------------------------------
 There are 0 pins that are not constrained for maximum delay.

 There are 0 pins that are not constrained for maximum delay due to constant clock.


5. checking no_input_delay (52)
-------------------------------
 There are 52 input ports with no input delay specified. (HIGH)

 There are 0 input ports with no input delay but user has a false path constraint.


6. checking no_output_delay (38)
--------------------------------
 There are 38 ports with no output delay specified. (HIGH)

 There are 0 ports with no output delay but user has a false path constraint

 There are 0 ports with no output delay but with a timing clock defined on it or propagating through it


7. checking multiple_clock (0)
------------------------------
 There are 0 register/latch pins with multiple clocks.


8. checking generated_clocks (0)
--------------------------------
 There are 0 generated clocks that are not connected to a clock source.


9. checking loops (0)
---------------------
 There are 0 combinational loops in the design.


10. checking partial_input_delay (0)
------------------------------------
 There are 0 input ports with partial input delay specified.


11. checking partial_output_delay (0)
-------------------------------------
 There are 0 ports with partial output delay specified.


12. checking latch_loops (0)
----------------------------
 There are 0 combinational latch loops in the design through latch input



------------------------------------------------------------------------------------------------
| Design Timing Summary
| ---------------------
------------------------------------------------------------------------------------------------

    WNS(ns)      TNS(ns)  TNS Failing Endpoints  TNS Total Endpoints     WPWS(ns)     TPWS(ns)  TPWS Failing Endpoints  TPWS Total Endpoints  
    -------      -------  ---------------------  -------------------     --------     --------  ----------------------  --------------------  
      1.616        0.000                      0                  898        2.423        0.000                       0                   428  


All user specified timing constraints are met.


------------------------------------------------------------------------------------------------
| Clock Summary
| -------------
------------------------------------------------------------------------------------------------

Clock   Waveform(ns)         Period(ns)      Frequency(MHz)
-----   ------------         ----------      --------------
ap_clk  {0.000 3.000}        6.000           166.667         


------------------------------------------------------------------------------------------------
| Intra Clock Table
| -----------------
------------------------------------------------------------------------------------------------

Clock             WNS(ns)      TNS(ns)  TNS Failing Endpoints  TNS Total Endpoints     WPWS(ns)     TPWS(ns)  TPWS Failing Endpoints  TPWS Total Endpoints  
-----             -------      -------  ---------------------  -------------------     --------     --------  ----------------------  --------------------  
ap_clk              1.616        0.000                      0                  898        2.423        0.000                       0                   428  


------------------------------------------------------------------------------------------------
| Inter Clock Table
| -----------------
------------------------------------------------------------------------------------------------

From Clock    To Clock          WNS(ns)      TNS(ns)  TNS Failing Endpoints  TNS Total Endpoints  
----------    --------          -------      -------  ---------------------  -------------------  


------------------------------------------------------------------------------------------------
| Other Path Groups Table
| -----------------------
------------------------------------------------------------------------------------------------

Path Group    From Clock    To Clock          WNS(ns)      TNS(ns)  TNS Failing Endpoints  TNS Total Endpoints  
----------    ----------    --------          -------      -------  ---------------------  -------------------  


------------------------------------------------------------------------------------------------
| Timing Details
| --------------
------------------------------------------------------------------------------------------------


---------------------------------------------------------------------------------------------------
From Clock:  ap_clk
  To Clock:  ap_clk

Setup :            0  Failing Endpoints,  Worst Slack        1.616ns,  Total Violation        0.000ns
Hold  :           NA  Failing Endpoints,  Worst Slack           NA  ,  Total Violation           NA
PW    :            0  Failing Endpoints,  Worst Slack        2.423ns,  Total Violation        0.000ns
---------------------------------------------------------------------------------------------------


Max Delay Paths
--------------------------------------------------------------------------------------
Slack (MET) :             1.616ns  (required time - arrival time)
  Source:                 reg_214_reg[1]/C
                            (rising edge-triggered cell FDRE clocked by ap_clk  {rise@0.000ns fall@3.000ns period=6.000ns})
  Destination:            control_s_axi_U/int_block_out/mem_reg/DINADIN[15]
                            (rising edge-triggered cell RAMB18E2 clocked by ap_clk  {rise@0.000ns fall@3.000ns period=6.000ns})
  Path Group:             ap_clk
  Path Type:              Setup (Max at Slow Process Corner)
  Requirement:            6.000ns  (ap_clk rise@6.000ns - ap_clk rise@0.000ns)
  Data Path Delay:        3.755ns  (logic 1.678ns (44.687%)  route 2.077ns (55.313%))
  Logic Levels:           9  (CARRY8=4 LUT2=1 LUT3=2 LUT6=2)
  Clock Path Skew:        0.006ns (DCD - SCD + CPR)
    Destination Clock Delay (DCD):    0.049ns = ( 6.049 - 6.000 ) 
    Source Clock Delay      (SCD):    0.043ns
    Clock Pessimism Removal (CPR):    0.000ns
  Clock Uncertainty:      0.035ns  ((TSJ^2 + TIJ^2)^1/2 + DJ) / 2 + PE
    Total System Jitter     (TSJ):    0.071ns
    Total Input Jitter      (TIJ):    0.000ns
    Discrete Jitter          (DJ):    0.000ns
    Phase Error              (PE):    0.000ns

    Location             Delay type                Incr(ns)  Path(ns)    Netlist Resource(s)
  -------------------------------------------------------------------    -------------------
                         (clock ap_clk rise edge)     0.000     0.000 r  
                                                      0.000     0.000 r  ap_clk (IN)
                         net (fo=427, unset)          0.043     0.043    ap_clk
    SLICE_X29Y49         FDRE                                         r  reg_214_reg[1]/C
  -------------------------------------------------------------------    -------------------
    SLICE_X29Y49         FDRE (Prop_AFF_SLICEM_C_Q)
                                                      0.113     0.156 r  reg_214_reg[1]/Q
                         net (fo=7, routed)           0.218     0.374    control_s_axi_U/int_block_out/reg_238_reg[15][1]
    SLICE_X31Y51         LUT2 (Prop_B6LUT_SLICEM_I0_O)
                                                      0.152     0.526 r  control_s_axi_U/int_block_out/reg_238[7]_i_8/O
                         net (fo=1, routed)           0.022     0.548    control_s_axi_U/int_block_out/reg_238[7]_i_8_n_0
    SLICE_X31Y51         CARRY8 (Prop_CARRY8_SLICEM_S[1]_O[5])
                                                      0.341     0.889 r  control_s_axi_U/int_block_out/reg_238_reg[7]_i_1/O[5]
                         net (fo=5, routed)           0.306     1.195    control_s_axi_U/int_block_out/O[5]
    SLICE_X29Y49         LUT3 (Prop_H6LUT_SLICEM_I2_O)
                                                      0.154     1.349 r  control_s_axi_U/int_block_out/b_6_reg_611[7]_i_4/O
                         net (fo=1, routed)           0.199     1.548    control_s_axi_U/int_block_out/b_6_reg_611[7]_i_4_n_0
    SLICE_X29Y50         CARRY8 (Prop_CARRY8_SLICEM_DI[5]_CO[7])
                                                      0.116     1.664 r  control_s_axi_U/int_block_out/b_6_reg_611_reg[7]_i_1/CO[7]
                         net (fo=1, routed)           0.030     1.694    control_s_axi_U/int_block_out/b_6_reg_611_reg[7]_i_1_n_0
    SLICE_X29Y51         CARRY8 (Prop_CARRY8_SLICEM_CI_O[0])
                                                      0.086     1.780 r  control_s_axi_U/int_block_out/b_6_reg_611_reg[15]_i_2/O[0]
                         net (fo=4, routed)           0.268     2.048    control_s_axi_U/int_block_out/reg_214_reg[14]_0[0]
    SLICE_X28Y51         LUT3 (Prop_A5LUT_SLICEM_I2_O)
                                                      0.194     2.242 r  control_s_axi_U/int_block_out/trunc_ln11_8_reg_626[14]_i_8/O
                         net (fo=1, routed)           0.402     2.644    control_s_axi_U/int_block_out/trunc_ln11_8_reg_626[14]_i_8_n_0
    SLICE_X30Y51         CARRY8 (Prop_CARRY8_SLICEL_DI[0]_O[7])
                                                      0.327     2.971 r  control_s_axi_U/int_block_out/trunc_ln11_8_reg_626_reg[14]_i_1/O[7]
                         net (fo=2, routed)           0.269     3.240    control_s_axi_U/int_block_out/a_6_reg_581_reg[14][14]
    SLICE_X29Y46         LUT6 (Prop_H6LUT_SLICEM_I0_O)
                                                      0.060     3.300 r  control_s_axi_U/int_block_out/mem_reg_i_31/O
                         net (fo=1, routed)           0.049     3.349    control_s_axi_U/int_block_out/mem_reg_i_31_n_0
    SLICE_X29Y46         LUT6 (Prop_F6LUT_SLICEM_I4_O)
                                                      0.135     3.484 r  control_s_axi_U/int_block_out/mem_reg_i_5/O
                         net (fo=1, routed)           0.314     3.798    control_s_axi_U/int_block_out/mem_reg_i_5_n_0
    RAMB18_X0Y16         RAMB18E2                                     r  control_s_axi_U/int_block_out/mem_reg/DINADIN[15]
  -------------------------------------------------------------------    -------------------

                         (clock ap_clk rise edge)     6.000     6.000 r  
                                                      0.000     6.000 r  ap_clk (IN)
                         net (fo=427, unset)          0.049     6.049    control_s_axi_U/int_block_out/ap_clk
    RAMB18_X0Y16         RAMB18E2                                     r  control_s_axi_U/int_block_out/mem_reg/CLKBWRCLK
                         clock pessimism              0.000     6.049    
                         clock uncertainty           -0.035     6.014    
    RAMB18_X0Y16         RAMB18E2 (Setup_RAMB18E2_L_RAMB180_CLKBWRCLK_DINADIN[15])
                                                     -0.600     5.414    control_s_axi_U/int_block_out/mem_reg
  -------------------------------------------------------------------
                         required time                          5.414    
                         arrival time                          -3.798    
  -------------------------------------------------------------------
                         slack                                  1.616    

Slack (MET) :             1.753ns  (required time - arrival time)
  Source:                 reg_214_reg[1]/C
                            (rising edge-triggered cell FDRE clocked by ap_clk  {rise@0.000ns fall@3.000ns period=6.000ns})
  Destination:            control_s_axi_U/int_block_out/mem_reg/DINADIN[12]
                            (rising edge-triggered cell RAMB18E2 clocked by ap_clk  {rise@0.000ns fall@3.000ns period=6.000ns})
  Path Group:             ap_clk
  Path Type:              Setup (Max at Slow Process Corner)
  Requirement:            6.000ns  (ap_clk rise@6.000ns - ap_clk rise@0.000ns)
  Data Path Delay:        3.774ns  (logic 1.592ns (42.183%)  route 2.182ns (57.817%))
  Logic Levels:           9  (CARRY8=4 LUT2=1 LUT3=2 LUT6=2)
  Clock Path Skew:        0.006ns (DCD - SCD + CPR)
    Destination Clock Delay (DCD):    0.049ns = ( 6.049 - 6.000 ) 
    Source Clock Delay      (SCD):    0.043ns
    Clock Pessimism Removal (CPR):    0.000ns
  Clock Uncertainty:      0.035ns  ((TSJ^2 + TIJ^2)^1/2 + DJ) / 2 + PE
    Total System Jitter     (TSJ):    0.071ns
    Total Input Jitter      (TIJ):    0.000ns
    Discrete Jitter          (DJ):    0.000ns
    Phase Error              (PE):    0.000ns

    Location             Delay type                Incr(ns)  Path(ns)    Netlist Resource(s)
  -------------------------------------------------------------------    -------------------
                         (clock ap_clk rise edge)     0.000     0.000 r  
                                                      0.000     0.000 r  ap_clk (IN)
                         net (fo=427, unset)          0.043     0.043    ap_clk
    SLICE_X29Y49         FDRE                                         r  reg_214_reg[1]/C
  -------------------------------------------------------------------    -------------------
    SLICE_X29Y49         FDRE (Prop_AFF_SLICEM_C_Q)
                                                      0.113     0.156 r  reg_214_reg[1]/Q
                         net (fo=7, routed)           0.218     0.374    control_s_axi_U/int_block_out/reg_238_reg[15][1]
    SLICE_X31Y51         LUT2 (Prop_B6LUT_SLICEM_I0_O)
                                                      0.152     0.526 r  control_s_axi_U/int_block_out/reg_238[7]_i_8/O
                         net (fo=1, routed)           0.022     0.548    control_s_axi_U/int_block_out/reg_238[7]_i_8_n_0
    SLICE_X31Y51         CARRY8 (Prop_CARRY8_SLICEM_S[1]_O[5])
                                                      0.341     0.889 r  control_s_axi_U/int_block_out/reg_238_reg[7]_i_1/O[5]
                         net (fo=5, routed)           0.306     1.195    control_s_axi_U/int_block_out/O[5]
    SLICE_X29Y49         LUT3 (Prop_H6LUT_SLICEM_I2_O)
                                                      0.154     1.349 r  control_s_axi_U/int_block_out/b_6_reg_611[7]_i_4/O
                         net (fo=1, routed)           0.199     1.548    control_s_axi_U/int_block_out/b_6_reg_611[7]_i_4_n_0
    SLICE_X29Y50         CARRY8 (Prop_CARRY8_SLICEM_DI[5]_CO[7])
                                                      0.116     1.664 r  control_s_axi_U/int_block_out/b_6_reg_611_reg[7]_i_1/CO[7]
                         net (fo=1, routed)           0.030     1.694    control_s_axi_U/int_block_out/b_6_reg_611_reg[7]_i_1_n_0
    SLICE_X29Y51         CARRY8 (Prop_CARRY8_SLICEM_CI_O[0])
                                                      0.086     1.780 r  control_s_axi_U/int_block_out/b_6_reg_611_reg[15]_i_2/O[0]
                         net (fo=4, routed)           0.268     2.048    control_s_axi_U/int_block_out/reg_214_reg[14]_0[0]
    SLICE_X28Y51         LUT3 (Prop_A5LUT_SLICEM_I2_O)
                                                      0.194     2.242 r  control_s_axi_U/int_block_out/trunc_ln11_8_reg_626[14]_i_8/O
                         net (fo=1, routed)           0.402     2.644    control_s_axi_U/int_block_out/trunc_ln11_8_reg_626[14]_i_8_n_0
    SLICE_X30Y51         CARRY8 (Prop_CARRY8_SLICEL_DI[0]_O[4])
                                                      0.297     2.941 r  control_s_axi_U/int_block_out/trunc_ln11_8_reg_626_reg[14]_i_1/O[4]
                         net (fo=2, routed)           0.259     3.200    control_s_axi_U/int_block_out/a_6_reg_581_reg[14][11]
    SLICE_X29Y48         LUT6 (Prop_G6LUT_SLICEM_I0_O)
                                                      0.082     3.282 r  control_s_axi_U/int_block_out/mem_reg_i_37/O
                         net (fo=1, routed)           0.187     3.469    control_s_axi_U/int_block_out/mem_reg_i_37_n_0
    SLICE_X29Y47         LUT6 (Prop_E6LUT_SLICEM_I4_O)
                                                      0.057     3.526 r  control_s_axi_U/int_block_out/mem_reg_i_8__0/O
                         net (fo=1, routed)           0.291     3.817    control_s_axi_U/int_block_out/mem_reg_i_8__0_n_0
    RAMB18_X0Y16         RAMB18E2                                     r  control_s_axi_U/int_block_out/mem_reg/DINADIN[12]
  -------------------------------------------------------------------    -------------------

                         (clock ap_clk rise edge)     6.000     6.000 r  
                                                      0.000     6.000 r  ap_clk (IN)
                         net (fo=427, unset)          0.049     6.049    control_s_axi_U/int_block_out/ap_clk
    RAMB18_X0Y16         RAMB18E2                                     r  control_s_axi_U/int_block_out/mem_reg/CLKBWRCLK
                         clock pessimism              0.000     6.049    
                         clock uncertainty           -0.035     6.014    
    RAMB18_X0Y16         RAMB18E2 (Setup_RAMB18E2_L_RAMB180_CLKBWRCLK_DINADIN[12])
                                                     -0.444     5.570    control_s_axi_U/int_block_out/mem_reg
  -------------------------------------------------------------------
                         required time                          5.570    
                         arrival time                          -3.817    
  -------------------------------------------------------------------
                         slack                                  1.753    

Slack (MET) :             1.783ns  (required time - arrival time)
  Source:                 reg_214_reg[1]/C
                            (rising edge-triggered cell FDRE clocked by ap_clk  {rise@0.000ns fall@3.000ns period=6.000ns})
  Destination:            control_s_axi_U/int_block_out/mem_reg/DINADIN[13]
                            (rising edge-triggered cell RAMB18E2 clocked by ap_clk  {rise@0.000ns fall@3.000ns period=6.000ns})
  Path Group:             ap_clk
  Path Type:              Setup (Max at Slow Process Corner)
  Requirement:            6.000ns  (ap_clk rise@6.000ns - ap_clk rise@0.000ns)
  Data Path Delay:        3.775ns  (logic 1.672ns (44.291%)  route 2.103ns (55.709%))
  Logic Levels:           9  (CARRY8=4 LUT2=1 LUT3=2 LUT6=2)
  Clock Path Skew:        0.006ns (DCD - SCD + CPR)
    Destination Clock Delay (DCD):    0.049ns = ( 6.049 - 6.000 ) 
    Source Clock Delay      (SCD):    0.043ns
    Clock Pessimism Removal (CPR):    0.000ns
  Clock Uncertainty:      0.035ns  ((TSJ^2 + TIJ^2)^1/2 + DJ) / 2 + PE
    Total System Jitter     (TSJ):    0.071ns
    Total Input Jitter      (TIJ):    0.000ns
    Discrete Jitter          (DJ):    0.000ns
    Phase Error              (PE):    0.000ns

    Location             Delay type                Incr(ns)  Path(ns)    Netlist Resource(s)
  -------------------------------------------------------------------    -------------------
                         (clock ap_clk rise edge)     0.000     0.000 r  
                                                      0.000     0.000 r  ap_clk (IN)
                         net (fo=427, unset)          0.043     0.043    ap_clk
    SLICE_X29Y49         FDRE                                         r  reg_214_reg[1]/C
  -------------------------------------------------------------------    -------------------
    SLICE_X29Y49         FDRE (Prop_AFF_SLICEM_C_Q)
                                                      0.113     0.156 r  reg_214_reg[1]/Q
                         net (fo=7, routed)           0.218     0.374    control_s_axi_U/int_block_out/reg_238_reg[15][1]
    SLICE_X31Y51         LUT2 (Prop_B6LUT_SLICEM_I0_O)
                                                      0.152     0.526 r  control_s_axi_U/int_block_out/reg_238[7]_i_8/O
                         net (fo=1, routed)           0.022     0.548    control_s_axi_U/int_block_out/reg_238[7]_i_8_n_0
    SLICE_X31Y51         CARRY8 (Prop_CARRY8_SLICEM_S[1]_O[5])
                                                      0.341     0.889 r  control_s_axi_U/int_block_out/reg_238_reg[7]_i_1/O[5]
                         net (fo=5, routed)           0.306     1.195    control_s_axi_U/int_block_out/O[5]
    SLICE_X29Y49         LUT3 (Prop_H6LUT_SLICEM_I2_O)
                                                      0.154     1.349 r  control_s_axi_U/int_block_out/b_6_reg_611[7]_i_4/O
                         net (fo=1, routed)           0.199     1.548    control_s_axi_U/int_block_out/b_6_reg_611[7]_i_4_n_0
    SLICE_X29Y50         CARRY8 (Prop_CARRY8_SLICEM_DI[5]_CO[7])
                                                      0.116     1.664 r  control_s_axi_U/int_block_out/b_6_reg_611_reg[7]_i_1/CO[7]
                         net (fo=1, routed)           0.030     1.694    control_s_axi_U/int_block_out/b_6_reg_611_reg[7]_i_1_n_0
    SLICE_X29Y51         CARRY8 (Prop_CARRY8_SLICEM_CI_O[0])
                                                      0.086     1.780 r  control_s_axi_U/int_block_out/b_6_reg_611_reg[15]_i_2/O[0]
                         net (fo=4, routed)           0.268     2.048    control_s_axi_U/int_block_out/reg_214_reg[14]_0[0]
    SLICE_X28Y51         LUT3 (Prop_A5LUT_SLICEM_I2_O)
                                                      0.194     2.242 r  control_s_axi_U/int_block_out/trunc_ln11_8_reg_626[14]_i_8/O
                         net (fo=1, routed)           0.402     2.644    control_s_axi_U/int_block_out/trunc_ln11_8_reg_626[14]_i_8_n_0
    SLICE_X30Y51         CARRY8 (Prop_CARRY8_SLICEL_DI[0]_O[5])
                                                      0.321     2.965 r  control_s_axi_U/int_block_out/trunc_ln11_8_reg_626_reg[14]_i_1/O[5]
                         net (fo=2, routed)           0.266     3.231    control_s_axi_U/int_block_out/a_6_reg_581_reg[14][12]
    SLICE_X29Y47         LUT6 (Prop_H6LUT_SLICEM_I0_O)
                                                      0.060     3.291 r  control_s_axi_U/int_block_out/mem_reg_i_35/O
                         net (fo=1, routed)           0.049     3.340    control_s_axi_U/int_block_out/mem_reg_i_35_n_0
    SLICE_X29Y47         LUT6 (Prop_F6LUT_SLICEM_I4_O)
                                                      0.135     3.475 r  control_s_axi_U/int_block_out/mem_reg_i_7__0/O
                         net (fo=1, routed)           0.343     3.818    control_s_axi_U/int_block_out/mem_reg_i_7__0_n_0
    RAMB18_X0Y16         RAMB18E2                                     r  control_s_axi_U/int_block_out/mem_reg/DINADIN[13]
  -------------------------------------------------------------------    -------------------

                         (clock ap_clk rise edge)     6.000     6.000 r  
                                                      0.000     6.000 r  ap_clk (IN)
                         net (fo=427, unset)          0.049     6.049    control_s_axi_U/int_block_out/ap_clk
    RAMB18_X0Y16         RAMB18E2                                     r  control_s_axi_U/int_block_out/mem_reg/CLKBWRCLK
                         clock pessimism              0.000     6.049    
                         clock uncertainty           -0.035     6.014    
    RAMB18_X0Y16         RAMB18E2 (Setup_RAMB18E2_L_RAMB180_CLKBWRCLK_DINADIN[13])
                                                     -0.413     5.601    control_s_axi_U/int_block_out/mem_reg
  -------------------------------------------------------------------
                         required time                          5.601    
                         arrival time                          -3.818    
  -------------------------------------------------------------------
                         slack                                  1.783    

Slack (MET) :             1.823ns  (required time - arrival time)
  Source:                 reg_214_reg[1]/C
                            (rising edge-triggered cell FDRE clocked by ap_clk  {rise@0.000ns fall@3.000ns period=6.000ns})
  Destination:            control_s_axi_U/int_block_out/mem_reg/DINADIN[11]
                            (rising edge-triggered cell RAMB18E2 clocked by ap_clk  {rise@0.000ns fall@3.000ns period=6.000ns})
  Path Group:             ap_clk
  Path Type:              Setup (Max at Slow Process Corner)
  Requirement:            6.000ns  (ap_clk rise@6.000ns - ap_clk rise@0.000ns)
  Data Path Delay:        3.681ns  (logic 1.471ns (39.962%)  route 2.210ns (60.038%))
  Logic Levels:           9  (CARRY8=4 LUT2=1 LUT3=2 LUT6=2)
  Clock Path Skew:        0.006ns (DCD - SCD + CPR)
    Destination Clock Delay (DCD):    0.049ns = ( 6.049 - 6.000 ) 
    Source Clock Delay      (SCD):    0.043ns
    Clock Pessimism Removal (CPR):    0.000ns
  Clock Uncertainty:      0.035ns  ((TSJ^2 + TIJ^2)^1/2 + DJ) / 2 + PE
    Total System Jitter     (TSJ):    0.071ns
    Total Input Jitter      (TIJ):    0.000ns
    Discrete Jitter          (DJ):    0.000ns
    Phase Error              (PE):    0.000ns

    Location             Delay type                Incr(ns)  Path(ns)    Netlist Resource(s)
  -------------------------------------------------------------------    -------------------
                         (clock ap_clk rise edge)     0.000     0.000 r  
                                                      0.000     0.000 r  ap_clk (IN)
                         net (fo=427, unset)          0.043     0.043    ap_clk
    SLICE_X29Y49         FDRE                                         r  reg_214_reg[1]/C
  -------------------------------------------------------------------    -------------------
    SLICE_X29Y49         FDRE (Prop_AFF_SLICEM_C_Q)
                                                      0.113     0.156 r  reg_214_reg[1]/Q
                         net (fo=7, routed)           0.218     0.374    control_s_axi_U/int_block_out/reg_238_reg[15][1]
    SLICE_X31Y51         LUT2 (Prop_B6LUT_SLICEM_I0_O)
                                                      0.152     0.526 r  control_s_axi_U/int_block_out/reg_238[7]_i_8/O
                         net (fo=1, routed)           0.022     0.548    control_s_axi_U/int_block_out/reg_238[7]_i_8_n_0
    SLICE_X31Y51         CARRY8 (Prop_CARRY8_SLICEM_S[1]_O[5])
                                                      0.341     0.889 r  control_s_axi_U/int_block_out/reg_238_reg[7]_i_1/O[5]
                         net (fo=5, routed)           0.306     1.195    control_s_axi_U/int_block_out/O[5]
    SLICE_X29Y49         LUT3 (Prop_H6LUT_SLICEM_I2_O)
                                                      0.154     1.349 r  control_s_axi_U/int_block_out/b_6_reg_611[7]_i_4/O
                         net (fo=1, routed)           0.199     1.548    control_s_axi_U/int_block_out/b_6_reg_611[7]_i_4_n_0
    SLICE_X29Y50         CARRY8 (Prop_CARRY8_SLICEM_DI[5]_CO[7])
                                                      0.116     1.664 r  control_s_axi_U/int_block_out/b_6_reg_611_reg[7]_i_1/CO[7]
                         net (fo=1, routed)           0.030     1.694    control_s_axi_U/int_block_out/b_6_reg_611_reg[7]_i_1_n_0
    SLICE_X29Y51         CARRY8 (Prop_CARRY8_SLICEM_CI_O[0])
                                                      0.086     1.780 r  control_s_axi_U/int_block_out/b_6_reg_611_reg[15]_i_2/O[0]
                         net (fo=4, routed)           0.268     2.048    control_s_axi_U/int_block_out/reg_214_reg[14]_0[0]
    SLICE_X28Y51         LUT3 (Prop_A5LUT_SLICEM_I2_O)
                                                      0.194     2.242 r  control_s_axi_U/int_block_out/trunc_ln11_8_reg_626[14]_i_8/O
                         net (fo=1, routed)           0.402     2.644    control_s_axi_U/int_block_out/trunc_ln11_8_reg_626[14]_i_8_n_0
    SLICE_X30Y51         CARRY8 (Prop_CARRY8_SLICEL_DI[0]_O[3])
                                                      0.177     2.821 r  control_s_axi_U/int_block_out/trunc_ln11_8_reg_626_reg[14]_i_1/O[3]
                         net (fo=2, routed)           0.367     3.188    control_s_axi_U/int_block_out/a_6_reg_581_reg[14][10]
    SLICE_X29Y45         LUT6 (Prop_D6LUT_SLICEM_I0_O)
                                                      0.056     3.244 r  control_s_axi_U/int_block_out/mem_reg_i_39/O
                         net (fo=1, routed)           0.046     3.290    control_s_axi_U/int_block_out/mem_reg_i_39_n_0
    SLICE_X29Y45         LUT6 (Prop_B6LUT_SLICEM_I4_O)
                                                      0.082     3.372 r  control_s_axi_U/int_block_out/mem_reg_i_9__0/O
                         net (fo=1, routed)           0.352     3.724    control_s_axi_U/int_block_out/mem_reg_i_9__0_n_0
    RAMB18_X0Y16         RAMB18E2                                     r  control_s_axi_U/int_block_out/mem_reg/DINADIN[11]
  -------------------------------------------------------------------    -------------------

                         (clock ap_clk rise edge)     6.000     6.000 r  
                                                      0.000     6.000 r  ap_clk (IN)
                         net (fo=427, unset)          0.049     6.049    control_s_axi_U/int_block_out/ap_clk
    RAMB18_X0Y16         RAMB18E2                                     r  control_s_axi_U/int_block_out/mem_reg/CLKBWRCLK
                         clock pessimism              0.000     6.049    
                         clock uncertainty           -0.035     6.014    
    RAMB18_X0Y16         RAMB18E2 (Setup_RAMB18E2_L_RAMB180_CLKBWRCLK_DINADIN[11])
                                                     -0.467     5.547    control_s_axi_U/int_block_out/mem_reg
  -------------------------------------------------------------------
                         required time                          5.547    
                         arrival time                          -3.724    
  -------------------------------------------------------------------
                         slack                                  1.823    

Slack (MET) :             1.843ns  (required time - arrival time)
  Source:                 reg_214_reg[1]/C
                            (rising edge-triggered cell FDRE clocked by ap_clk  {rise@0.000ns fall@3.000ns period=6.000ns})
  Destination:            control_s_axi_U/int_block_out/mem_reg/DINADIN[14]
                            (rising edge-triggered cell RAMB18E2 clocked by ap_clk  {rise@0.000ns fall@3.000ns period=6.000ns})
  Path Group:             ap_clk
  Path Type:              Setup (Max at Slow Process Corner)
  Requirement:            6.000ns  (ap_clk rise@6.000ns - ap_clk rise@0.000ns)
  Data Path Delay:        3.724ns  (logic 1.618ns (43.448%)  route 2.106ns (56.552%))
  Logic Levels:           9  (CARRY8=4 LUT2=1 LUT3=2 LUT6=2)
  Clock Path Skew:        0.006ns (DCD - SCD + CPR)
    Destination Clock Delay (DCD):    0.049ns = ( 6.049 - 6.000 ) 
    Source Clock Delay      (SCD):    0.043ns
    Clock Pessimism Removal (CPR):    0.000ns
  Clock Uncertainty:      0.035ns  ((TSJ^2 + TIJ^2)^1/2 + DJ) / 2 + PE
    Total System Jitter     (TSJ):    0.071ns
    Total Input Jitter      (TIJ):    0.000ns
    Discrete Jitter          (DJ):    0.000ns
    Phase Error              (PE):    0.000ns

    Location             Delay type                Incr(ns)  Path(ns)    Netlist Resource(s)
  -------------------------------------------------------------------    -------------------
                         (clock ap_clk rise edge)     0.000     0.000 r  
                                                      0.000     0.000 r  ap_clk (IN)
                         net (fo=427, unset)          0.043     0.043    ap_clk
    SLICE_X29Y49         FDRE                                         r  reg_214_reg[1]/C
  -------------------------------------------------------------------    -------------------
    SLICE_X29Y49         FDRE (Prop_AFF_SLICEM_C_Q)
                                                      0.113     0.156 r  reg_214_reg[1]/Q
                         net (fo=7, routed)           0.218     0.374    control_s_axi_U/int_block_out/reg_238_reg[15][1]
    SLICE_X31Y51         LUT2 (Prop_B6LUT_SLICEM_I0_O)
                                                      0.152     0.526 r  control_s_axi_U/int_block_out/reg_238[7]_i_8/O
                         net (fo=1, routed)           0.022     0.548    control_s_axi_U/int_block_out/reg_238[7]_i_8_n_0
    SLICE_X31Y51         CARRY8 (Prop_CARRY8_SLICEM_S[1]_O[5])
                                                      0.341     0.889 r  control_s_axi_U/int_block_out/reg_238_reg[7]_i_1/O[5]
                         net (fo=5, routed)           0.306     1.195    control_s_axi_U/int_block_out/O[5]
    SLICE_X29Y49         LUT3 (Prop_H6LUT_SLICEM_I2_O)
                                                      0.154     1.349 r  control_s_axi_U/int_block_out/b_6_reg_611[7]_i_4/O
                         net (fo=1, routed)           0.199     1.548    control_s_axi_U/int_block_out/b_6_reg_611[7]_i_4_n_0
    SLICE_X29Y50         CARRY8 (Prop_CARRY8_SLICEM_DI[5]_CO[7])
                                                      0.116     1.664 r  control_s_axi_U/int_block_out/b_6_reg_611_reg[7]_i_1/CO[7]
                         net (fo=1, routed)           0.030     1.694    control_s_axi_U/int_block_out/b_6_reg_611_reg[7]_i_1_n_0
    SLICE_X29Y51         CARRY8 (Prop_CARRY8_SLICEM_CI_O[0])
                                                      0.086     1.780 r  control_s_axi_U/int_block_out/b_6_reg_611_reg[15]_i_2/O[0]
                         net (fo=4, routed)           0.268     2.048    control_s_axi_U/int_block_out/reg_214_reg[14]_0[0]
    SLICE_X28Y51         LUT3 (Prop_A5LUT_SLICEM_I2_O)
                                                      0.194     2.242 r  control_s_axi_U/int_block_out/trunc_ln11_8_reg_626[14]_i_8/O
                         net (fo=1, routed)           0.402     2.644    control_s_axi_U/int_block_out/trunc_ln11_8_reg_626[14]_i_8_n_0
    SLICE_X30Y51         CARRY8 (Prop_CARRY8_SLICEL_DI[0]_O[6])
                                                      0.322     2.966 r  control_s_axi_U/int_block_out/trunc_ln11_8_reg_626_reg[14]_i_1/O[6]
                         net (fo=2, routed)           0.274     3.240    control_s_axi_U/int_block_out/a_6_reg_581_reg[14][13]
    SLICE_X29Y48         LUT6 (Prop_H6LUT_SLICEM_I0_O)
                                                      0.084     3.324 r  control_s_axi_U/int_block_out/mem_reg_i_33/O
                         net (fo=1, routed)           0.105     3.429    control_s_axi_U/int_block_out/mem_reg_i_33_n_0
    SLICE_X29Y47         LUT6 (Prop_D6LUT_SLICEM_I4_O)
                                                      0.056     3.485 r  control_s_axi_U/int_block_out/mem_reg_i_6/O
                         net (fo=1, routed)           0.282     3.767    control_s_axi_U/int_block_out/mem_reg_i_6_n_0
    RAMB18_X0Y16         RAMB18E2                                     r  control_s_axi_U/int_block_out/mem_reg/DINADIN[14]
  -------------------------------------------------------------------    -------------------

                         (clock ap_clk rise edge)     6.000     6.000 r  
                                                      0.000     6.000 r  ap_clk (IN)
                         net (fo=427, unset)          0.049     6.049    control_s_axi_U/int_block_out/ap_clk
    RAMB18_X0Y16         RAMB18E2                                     r  control_s_axi_U/int_block_out/mem_reg/CLKBWRCLK
                         clock pessimism              0.000     6.049    
                         clock uncertainty           -0.035     6.014    
    RAMB18_X0Y16         RAMB18E2 (Setup_RAMB18E2_L_RAMB180_CLKBWRCLK_DINADIN[14])
                                                     -0.404     5.610    control_s_axi_U/int_block_out/mem_reg
  -------------------------------------------------------------------
                         required time                          5.610    
                         arrival time                          -3.767    
  -------------------------------------------------------------------
                         slack                                  1.843    

Slack (MET) :             1.921ns  (required time - arrival time)
  Source:                 reg_214_reg[1]/C
                            (rising edge-triggered cell FDRE clocked by ap_clk  {rise@0.000ns fall@3.000ns period=6.000ns})
  Destination:            control_s_axi_U/int_block_out/mem_reg/DINADIN[9]
                            (rising edge-triggered cell RAMB18E2 clocked by ap_clk  {rise@0.000ns fall@3.000ns period=6.000ns})
  Path Group:             ap_clk
  Path Type:              Setup (Max at Slow Process Corner)
  Requirement:            6.000ns  (ap_clk rise@6.000ns - ap_clk rise@0.000ns)
  Data Path Delay:        3.636ns  (logic 1.392ns (38.284%)  route 2.244ns (61.716%))
  Logic Levels:           9  (CARRY8=4 LUT2=1 LUT3=2 LUT6=2)
  Clock Path Skew:        0.006ns (DCD - SCD + CPR)
    Destination Clock Delay (DCD):    0.049ns = ( 6.049 - 6.000 ) 
    Source Clock Delay      (SCD):    0.043ns
    Clock Pessimism Removal (CPR):    0.000ns
  Clock Uncertainty:      0.035ns  ((TSJ^2 + TIJ^2)^1/2 + DJ) / 2 + PE
    Total System Jitter     (TSJ):    0.071ns
    Total Input Jitter      (TIJ):    0.000ns
    Discrete Jitter          (DJ):    0.000ns
    Phase Error              (PE):    0.000ns

    Location             Delay type                Incr(ns)  Path(ns)    Netlist Resource(s)
  -------------------------------------------------------------------    -------------------
                         (clock ap_clk rise edge)     0.000     0.000 r  
                                                      0.000     0.000 r  ap_clk (IN)
                         net (fo=427, unset)          0.043     0.043    ap_clk
    SLICE_X29Y49         FDRE                                         r  reg_214_reg[1]/C
  -------------------------------------------------------------------    -------------------
    SLICE_X29Y49         FDRE (Prop_AFF_SLICEM_C_Q)
                                                      0.113     0.156 r  reg_214_reg[1]/Q
                         net (fo=7, routed)           0.218     0.374    control_s_axi_U/int_block_out/reg_238_reg[15][1]
    SLICE_X31Y51         LUT2 (Prop_B6LUT_SLICEM_I0_O)
                                                      0.152     0.526 r  control_s_axi_U/int_block_out/reg_238[7]_i_8/O
                         net (fo=1, routed)           0.022     0.548    control_s_axi_U/int_block_out/reg_238[7]_i_8_n_0
    SLICE_X31Y51         CARRY8 (Prop_CARRY8_SLICEM_S[1]_O[5])
                                                      0.341     0.889 r  control_s_axi_U/int_block_out/reg_238_reg[7]_i_1/O[5]
                         net (fo=5, routed)           0.306     1.195    control_s_axi_U/int_block_out/O[5]
    SLICE_X29Y49         LUT3 (Prop_H6LUT_SLICEM_I2_O)
                                                      0.154     1.349 r  control_s_axi_U/int_block_out/b_6_reg_611[7]_i_4/O
                         net (fo=1, routed)           0.199     1.548    control_s_axi_U/int_block_out/b_6_reg_611[7]_i_4_n_0
    SLICE_X29Y50         CARRY8 (Prop_CARRY8_SLICEM_DI[5]_CO[7])
                                                      0.116     1.664 r  control_s_axi_U/int_block_out/b_6_reg_611_reg[7]_i_1/CO[7]
                         net (fo=1, routed)           0.030     1.694    control_s_axi_U/int_block_out/b_6_reg_611_reg[7]_i_1_n_0
    SLICE_X29Y51         CARRY8 (Prop_CARRY8_SLICEM_CI_O[0])
                                                      0.086     1.780 r  control_s_axi_U/int_block_out/b_6_reg_611_reg[15]_i_2/O[0]
                         net (fo=4, routed)           0.268     2.048    control_s_axi_U/int_block_out/reg_214_reg[14]_0[0]
    SLICE_X28Y51         LUT3 (Prop_A5LUT_SLICEM_I2_O)
                                                      0.194     2.242 r  control_s_axi_U/int_block_out/trunc_ln11_8_reg_626[14]_i_8/O
                         net (fo=1, routed)           0.402     2.644    control_s_axi_U/int_block_out/trunc_ln11_8_reg_626[14]_i_8_n_0
    SLICE_X30Y51         CARRY8 (Prop_CARRY8_SLICEL_DI[0]_O[1])
                                                      0.119     2.763 r  control_s_axi_U/int_block_out/trunc_ln11_8_reg_626_reg[14]_i_1/O[1]
                         net (fo=2, routed)           0.278     3.041    control_s_axi_U/int_block_out/a_6_reg_581_reg[14][8]
    SLICE_X29Y45         LUT6 (Prop_G6LUT_SLICEM_I0_O)
                                                      0.057     3.098 r  control_s_axi_U/int_block_out/mem_reg_i_43/O
                         net (fo=1, routed)           0.223     3.321    control_s_axi_U/int_block_out/mem_reg_i_43_n_0
    SLICE_X28Y44         LUT6 (Prop_H6LUT_SLICEM_I4_O)
                                                      0.060     3.381 r  control_s_axi_U/int_block_out/mem_reg_i_11__0/O
                         net (fo=1, routed)           0.298     3.679    control_s_axi_U/int_block_out/mem_reg_i_11__0_n_0
    RAMB18_X0Y16         RAMB18E2                                     r  control_s_axi_U/int_block_out/mem_reg/DINADIN[9]
  -------------------------------------------------------------------    -------------------

                         (clock ap_clk rise edge)     6.000     6.000 r  
                                                      0.000     6.000 r  ap_clk (IN)
                         net (fo=427, unset)          0.049     6.049    control_s_axi_U/int_block_out/ap_clk
    RAMB18_X0Y16         RAMB18E2                                     r  control_s_axi_U/int_block_out/mem_reg/CLKBWRCLK
                         clock pessimism              0.000     6.049    
                         clock uncertainty           -0.035     6.014    
    RAMB18_X0Y16         RAMB18E2 (Setup_RAMB18E2_L_RAMB180_CLKBWRCLK_DINADIN[9])
                                                     -0.414     5.600    control_s_axi_U/int_block_out/mem_reg
  -------------------------------------------------------------------
                         required time                          5.600    
                         arrival time                          -3.679    
  -------------------------------------------------------------------
                         slack                                  1.921    

Slack (MET) :             1.942ns  (required time - arrival time)
  Source:                 reg_214_reg[1]/C
                            (rising edge-triggered cell FDRE clocked by ap_clk  {rise@0.000ns fall@3.000ns period=6.000ns})
  Destination:            control_s_axi_U/int_block_out/mem_reg/DINADIN[10]
                            (rising edge-triggered cell RAMB18E2 clocked by ap_clk  {rise@0.000ns fall@3.000ns period=6.000ns})
  Path Group:             ap_clk
  Path Type:              Setup (Max at Slow Process Corner)
  Requirement:            6.000ns  (ap_clk rise@6.000ns - ap_clk rise@0.000ns)
  Data Path Delay:        3.626ns  (logic 1.460ns (40.265%)  route 2.166ns (59.735%))
  Logic Levels:           9  (CARRY8=4 LUT2=1 LUT3=2 LUT6=2)
  Clock Path Skew:        0.006ns (DCD - SCD + CPR)
    Destination Clock Delay (DCD):    0.049ns = ( 6.049 - 6.000 ) 
    Source Clock Delay      (SCD):    0.043ns
    Clock Pessimism Removal (CPR):    0.000ns
  Clock Uncertainty:      0.035ns  ((TSJ^2 + TIJ^2)^1/2 + DJ) / 2 + PE
    Total System Jitter     (TSJ):    0.071ns
    Total Input Jitter      (TIJ):    0.000ns
    Discrete Jitter          (DJ):    0.000ns
    Phase Error              (PE):    0.000ns

    Location             Delay type                Incr(ns)  Path(ns)    Netlist Resource(s)
  -------------------------------------------------------------------    -------------------
                         (clock ap_clk rise edge)     0.000     0.000 r  
                                                      0.000     0.000 r  ap_clk (IN)
                         net (fo=427, unset)          0.043     0.043    ap_clk
    SLICE_X29Y49         FDRE                                         r  reg_214_reg[1]/C
  -------------------------------------------------------------------    -------------------
    SLICE_X29Y49         FDRE (Prop_AFF_SLICEM_C_Q)
                                                      0.113     0.156 r  reg_214_reg[1]/Q
                         net (fo=7, routed)           0.218     0.374    control_s_axi_U/int_block_out/reg_238_reg[15][1]
    SLICE_X31Y51         LUT2 (Prop_B6LUT_SLICEM_I0_O)
                                                      0.152     0.526 r  control_s_axi_U/int_block_out/reg_238[7]_i_8/O
                         net (fo=1, routed)           0.022     0.548    control_s_axi_U/int_block_out/reg_238[7]_i_8_n_0
    SLICE_X31Y51         CARRY8 (Prop_CARRY8_SLICEM_S[1]_O[5])
                                                      0.341     0.889 r  control_s_axi_U/int_block_out/reg_238_reg[7]_i_1/O[5]
                         net (fo=5, routed)           0.306     1.195    control_s_axi_U/int_block_out/O[5]
    SLICE_X29Y49         LUT3 (Prop_H6LUT_SLICEM_I2_O)
                                                      0.154     1.349 r  control_s_axi_U/int_block_out/b_6_reg_611[7]_i_4/O
                         net (fo=1, routed)           0.199     1.548    control_s_axi_U/int_block_out/b_6_reg_611[7]_i_4_n_0
    SLICE_X29Y50         CARRY8 (Prop_CARRY8_SLICEM_DI[5]_CO[7])
                                                      0.116     1.664 r  control_s_axi_U/int_block_out/b_6_reg_611_reg[7]_i_1/CO[7]
                         net (fo=1, routed)           0.030     1.694    control_s_axi_U/int_block_out/b_6_reg_611_reg[7]_i_1_n_0
    SLICE_X29Y51         CARRY8 (Prop_CARRY8_SLICEM_CI_O[0])
                                                      0.086     1.780 r  control_s_axi_U/int_block_out/b_6_reg_611_reg[15]_i_2/O[0]
                         net (fo=4, routed)           0.268     2.048    control_s_axi_U/int_block_out/reg_214_reg[14]_0[0]
    SLICE_X28Y51         LUT3 (Prop_A5LUT_SLICEM_I2_O)
                                                      0.194     2.242 r  control_s_axi_U/int_block_out/trunc_ln11_8_reg_626[14]_i_8/O
                         net (fo=1, routed)           0.402     2.644    control_s_axi_U/int_block_out/trunc_ln11_8_reg_626[14]_i_8_n_0
    SLICE_X30Y51         CARRY8 (Prop_CARRY8_SLICEL_DI[0]_O[2])
                                                      0.164     2.808 r  control_s_axi_U/int_block_out/trunc_ln11_8_reg_626_reg[14]_i_1/O[2]
                         net (fo=2, routed)           0.281     3.089    control_s_axi_U/int_block_out/a_6_reg_581_reg[14][9]
    SLICE_X29Y46         LUT6 (Prop_D6LUT_SLICEM_I0_O)
                                                      0.056     3.145 r  control_s_axi_U/int_block_out/mem_reg_i_41/O
                         net (fo=1, routed)           0.106     3.251    control_s_axi_U/int_block_out/mem_reg_i_41_n_0
    SLICE_X29Y45         LUT6 (Prop_H6LUT_SLICEM_I4_O)
                                                      0.084     3.335 r  control_s_axi_U/int_block_out/mem_reg_i_10__0/O
                         net (fo=1, routed)           0.334     3.669    control_s_axi_U/int_block_out/mem_reg_i_10__0_n_0
    RAMB18_X0Y16         RAMB18E2                                     r  control_s_axi_U/int_block_out/mem_reg/DINADIN[10]
  -------------------------------------------------------------------    -------------------

                         (clock ap_clk rise edge)     6.000     6.000 r  
                                                      0.000     6.000 r  ap_clk (IN)
                         net (fo=427, unset)          0.049     6.049    control_s_axi_U/int_block_out/ap_clk
    RAMB18_X0Y16         RAMB18E2                                     r  control_s_axi_U/int_block_out/mem_reg/CLKBWRCLK
                         clock pessimism              0.000     6.049    
                         clock uncertainty           -0.035     6.014    
    RAMB18_X0Y16         RAMB18E2 (Setup_RAMB18E2_L_RAMB180_CLKBWRCLK_DINADIN[10])
                                                     -0.403     5.611    control_s_axi_U/int_block_out/mem_reg
  -------------------------------------------------------------------
                         required time                          5.611    
                         arrival time                          -3.669    
  -------------------------------------------------------------------
                         slack                                  1.942    

Slack (MET) :             2.003ns  (required time - arrival time)
  Source:                 reg_214_reg[1]/C
                            (rising edge-triggered cell FDRE clocked by ap_clk  {rise@0.000ns fall@3.000ns period=6.000ns})
  Destination:            control_s_axi_U/int_block_out/mem_reg/DINADIN[4]
                            (rising edge-triggered cell RAMB18E2 clocked by ap_clk  {rise@0.000ns fall@3.000ns period=6.000ns})
  Path Group:             ap_clk
  Path Type:              Setup (Max at Slow Process Corner)
  Requirement:            6.000ns  (ap_clk rise@6.000ns - ap_clk rise@0.000ns)
  Data Path Delay:        3.526ns  (logic 1.322ns (37.495%)  route 2.204ns (62.505%))
  Logic Levels:           8  (CARRY8=3 LUT2=1 LUT3=2 LUT6=2)
  Clock Path Skew:        0.006ns (DCD - SCD + CPR)
    Destination Clock Delay (DCD):    0.049ns = ( 6.049 - 6.000 ) 
    Source Clock Delay      (SCD):    0.043ns
    Clock Pessimism Removal (CPR):    0.000ns
  Clock Uncertainty:      0.035ns  ((TSJ^2 + TIJ^2)^1/2 + DJ) / 2 + PE
    Total System Jitter     (TSJ):    0.071ns
    Total Input Jitter      (TIJ):    0.000ns
    Discrete Jitter          (DJ):    0.000ns
    Phase Error              (PE):    0.000ns

    Location             Delay type                Incr(ns)  Path(ns)    Netlist Resource(s)
  -------------------------------------------------------------------    -------------------
                         (clock ap_clk rise edge)     0.000     0.000 r  
                                                      0.000     0.000 r  ap_clk (IN)
                         net (fo=427, unset)          0.043     0.043    ap_clk
    SLICE_X29Y49         FDRE                                         r  reg_214_reg[1]/C
  -------------------------------------------------------------------    -------------------
    SLICE_X29Y49         FDRE (Prop_AFF_SLICEM_C_Q)
                                                      0.113     0.156 r  reg_214_reg[1]/Q
                         net (fo=7, routed)           0.218     0.374    control_s_axi_U/int_block_out/reg_238_reg[15][1]
    SLICE_X31Y51         LUT2 (Prop_B6LUT_SLICEM_I0_O)
                                                      0.152     0.526 r  control_s_axi_U/int_block_out/reg_238[7]_i_8/O
                         net (fo=1, routed)           0.022     0.548    control_s_axi_U/int_block_out/reg_238[7]_i_8_n_0
    SLICE_X31Y51         CARRY8 (Prop_CARRY8_SLICEM_S[1]_O[2])
                                                      0.187     0.735 r  control_s_axi_U/int_block_out/reg_238_reg[7]_i_1/O[2]
                         net (fo=5, routed)           0.391     1.126    control_s_axi_U/int_block_out/O[2]
    SLICE_X29Y49         LUT3 (Prop_A6LUT_SLICEM_I2_O)
                                                      0.138     1.264 r  control_s_axi_U/int_block_out/b_6_reg_611[7]_i_7/O
                         net (fo=1, routed)           0.145     1.409    control_s_axi_U/int_block_out/b_6_reg_611[7]_i_7_n_0
    SLICE_X29Y50         CARRY8 (Prop_CARRY8_SLICEM_DI[2]_O[3])
                                                      0.141     1.550 r  control_s_axi_U/int_block_out/b_6_reg_611_reg[7]_i_1/O[3]
                         net (fo=4, routed)           0.275     1.824    control_s_axi_U/int_block_out/reg_214_reg[6][3]
    SLICE_X29Y49         LUT3 (Prop_G5LUT_SLICEM_I2_O)
                                                      0.155     1.979 r  control_s_axi_U/int_block_out/trunc_ln11_8_reg_626[6]_i_6/O
                         net (fo=1, routed)           0.334     2.313    control_s_axi_U/int_block_out/trunc_ln11_8_reg_626[6]_i_6_n_0
    SLICE_X30Y50         CARRY8 (Prop_CARRY8_SLICEL_DI[3]_O[4])
                                                      0.227     2.540 r  control_s_axi_U/int_block_out/trunc_ln11_8_reg_626_reg[6]_i_1/O[4]
                         net (fo=2, routed)           0.346     2.886    control_s_axi_U/int_block_out/a_6_reg_581_reg[14][3]
    SLICE_X30Y42         LUT6 (Prop_C6LUT_SLICEL_I0_O)
                                                      0.056     2.942 r  control_s_axi_U/int_block_out/mem_reg_i_53/O
                         net (fo=1, routed)           0.107     3.049    control_s_axi_U/int_block_out/mem_reg_i_53_n_0
    SLICE_X30Y42         LUT6 (Prop_H6LUT_SLICEL_I4_O)
                                                      0.153     3.202 r  control_s_axi_U/int_block_out/mem_reg_i_16__0/O
                         net (fo=2, routed)           0.366     3.569    control_s_axi_U/int_block_out/mem_reg_i_16__0_n_0
    RAMB18_X0Y16         RAMB18E2                                     r  control_s_axi_U/int_block_out/mem_reg/DINADIN[4]
  -------------------------------------------------------------------    -------------------

                         (clock ap_clk rise edge)     6.000     6.000 r  
                                                      0.000     6.000 r  ap_clk (IN)
                         net (fo=427, unset)          0.049     6.049    control_s_axi_U/int_block_out/ap_clk
    RAMB18_X0Y16         RAMB18E2                                     r  control_s_axi_U/int_block_out/mem_reg/CLKBWRCLK
                         clock pessimism              0.000     6.049    
                         clock uncertainty           -0.035     6.014    
    RAMB18_X0Y16         RAMB18E2 (Setup_RAMB18E2_L_RAMB180_CLKBWRCLK_DINADIN[4])
                                                     -0.442     5.572    control_s_axi_U/int_block_out/mem_reg
  -------------------------------------------------------------------
                         required time                          5.572    
                         arrival time                          -3.569    
  -------------------------------------------------------------------
                         slack                                  2.003    

Slack (MET) :             2.076ns  (required time - arrival time)
  Source:                 reg_214_reg[1]/C
                            (rising edge-triggered cell FDRE clocked by ap_clk  {rise@0.000ns fall@3.000ns period=6.000ns})
  Destination:            control_s_axi_U/int_block_out/mem_reg/DINBDIN[4]
                            (rising edge-triggered cell RAMB18E2 clocked by ap_clk  {rise@0.000ns fall@3.000ns period=6.000ns})
  Path Group:             ap_clk
  Path Type:              Setup (Max at Slow Process Corner)
  Requirement:            6.000ns  (ap_clk rise@6.000ns - ap_clk rise@0.000ns)
  Data Path Delay:        3.514ns  (logic 1.322ns (37.623%)  route 2.192ns (62.377%))
  Logic Levels:           8  (CARRY8=3 LUT2=1 LUT3=2 LUT6=2)
  Clock Path Skew:        0.006ns (DCD - SCD + CPR)
    Destination Clock Delay (DCD):    0.049ns = ( 6.049 - 6.000 ) 
    Source Clock Delay      (SCD):    0.043ns
    Clock Pessimism Removal (CPR):    0.000ns
  Clock Uncertainty:      0.035ns  ((TSJ^2 + TIJ^2)^1/2 + DJ) / 2 + PE
    Total System Jitter     (TSJ):    0.071ns
    Total Input Jitter      (TIJ):    0.000ns
    Discrete Jitter          (DJ):    0.000ns
    Phase Error              (PE):    0.000ns

    Location             Delay type                Incr(ns)  Path(ns)    Netlist Resource(s)
  -------------------------------------------------------------------    -------------------
                         (clock ap_clk rise edge)     0.000     0.000 r  
                                                      0.000     0.000 r  ap_clk (IN)
                         net (fo=427, unset)          0.043     0.043    ap_clk
    SLICE_X29Y49         FDRE                                         r  reg_214_reg[1]/C
  -------------------------------------------------------------------    -------------------
    SLICE_X29Y49         FDRE (Prop_AFF_SLICEM_C_Q)
                                                      0.113     0.156 r  reg_214_reg[1]/Q
                         net (fo=7, routed)           0.218     0.374    control_s_axi_U/int_block_out/reg_238_reg[15][1]
    SLICE_X31Y51         LUT2 (Prop_B6LUT_SLICEM_I0_O)
                                                      0.152     0.526 r  control_s_axi_U/int_block_out/reg_238[7]_i_8/O
                         net (fo=1, routed)           0.022     0.548    control_s_axi_U/int_block_out/reg_238[7]_i_8_n_0
    SLICE_X31Y51         CARRY8 (Prop_CARRY8_SLICEM_S[1]_O[2])
                                                      0.187     0.735 r  control_s_axi_U/int_block_out/reg_238_reg[7]_i_1/O[2]
                         net (fo=5, routed)           0.391     1.126    control_s_axi_U/int_block_out/O[2]
    SLICE_X29Y49         LUT3 (Prop_A6LUT_SLICEM_I2_O)
                                                      0.138     1.264 r  control_s_axi_U/int_block_out/b_6_reg_611[7]_i_7/O
                         net (fo=1, routed)           0.145     1.409    control_s_axi_U/int_block_out/b_6_reg_611[7]_i_7_n_0
    SLICE_X29Y50         CARRY8 (Prop_CARRY8_SLICEM_DI[2]_O[3])
                                                      0.141     1.550 r  control_s_axi_U/int_block_out/b_6_reg_611_reg[7]_i_1/O[3]
                         net (fo=4, routed)           0.275     1.824    control_s_axi_U/int_block_out/reg_214_reg[6][3]
    SLICE_X29Y49         LUT3 (Prop_G5LUT_SLICEM_I2_O)
                                                      0.155     1.979 r  control_s_axi_U/int_block_out/trunc_ln11_8_reg_626[6]_i_6/O
                         net (fo=1, routed)           0.334     2.313    control_s_axi_U/int_block_out/trunc_ln11_8_reg_626[6]_i_6_n_0
    SLICE_X30Y50         CARRY8 (Prop_CARRY8_SLICEL_DI[3]_O[4])
                                                      0.227     2.540 r  control_s_axi_U/int_block_out/trunc_ln11_8_reg_626_reg[6]_i_1/O[4]
                         net (fo=2, routed)           0.346     2.886    control_s_axi_U/int_block_out/a_6_reg_581_reg[14][3]
    SLICE_X30Y42         LUT6 (Prop_C6LUT_SLICEL_I0_O)
                                                      0.056     2.942 r  control_s_axi_U/int_block_out/mem_reg_i_53/O
                         net (fo=1, routed)           0.107     3.049    control_s_axi_U/int_block_out/mem_reg_i_53_n_0
    SLICE_X30Y42         LUT6 (Prop_H6LUT_SLICEL_I4_O)
                                                      0.153     3.202 r  control_s_axi_U/int_block_out/mem_reg_i_16__0/O
                         net (fo=2, routed)           0.354     3.557    control_s_axi_U/int_block_out/mem_reg_i_16__0_n_0
    RAMB18_X0Y16         RAMB18E2                                     r  control_s_axi_U/int_block_out/mem_reg/DINBDIN[4]
  -------------------------------------------------------------------    -------------------

                         (clock ap_clk rise edge)     6.000     6.000 r  
                                                      0.000     6.000 r  ap_clk (IN)
                         net (fo=427, unset)          0.049     6.049    control_s_axi_U/int_block_out/ap_clk
    RAMB18_X0Y16         RAMB18E2                                     r  control_s_axi_U/int_block_out/mem_reg/CLKBWRCLK
                         clock pessimism              0.000     6.049    
                         clock uncertainty           -0.035     6.014    
    RAMB18_X0Y16         RAMB18E2 (Setup_RAMB18E2_L_RAMB180_CLKBWRCLK_DINBDIN[4])
                                                     -0.381     5.633    control_s_axi_U/int_block_out/mem_reg
  -------------------------------------------------------------------
                         required time                          5.633    
                         arrival time                          -3.557    
  -------------------------------------------------------------------
                         slack                                  2.076    

Slack (MET) :             2.102ns  (required time - arrival time)
  Source:                 reg_214_reg[1]/C
                            (rising edge-triggered cell FDRE clocked by ap_clk  {rise@0.000ns fall@3.000ns period=6.000ns})
  Destination:            control_s_axi_U/int_block_out/mem_reg/DINADIN[6]
                            (rising edge-triggered cell RAMB18E2 clocked by ap_clk  {rise@0.000ns fall@3.000ns period=6.000ns})
  Path Group:             ap_clk
  Path Type:              Setup (Max at Slow Process Corner)
  Requirement:            6.000ns  (ap_clk rise@6.000ns - ap_clk rise@0.000ns)
  Data Path Delay:        3.472ns  (logic 1.348ns (38.829%)  route 2.124ns (61.171%))
  Logic Levels:           8  (CARRY8=3 LUT2=1 LUT3=2 LUT6=2)
  Clock Path Skew:        0.006ns (DCD - SCD + CPR)
    Destination Clock Delay (DCD):    0.049ns = ( 6.049 - 6.000 ) 
    Source Clock Delay      (SCD):    0.043ns
    Clock Pessimism Removal (CPR):    0.000ns
  Clock Uncertainty:      0.035ns  ((TSJ^2 + TIJ^2)^1/2 + DJ) / 2 + PE
    Total System Jitter     (TSJ):    0.071ns
    Total Input Jitter      (TIJ):    0.000ns
    Discrete Jitter          (DJ):    0.000ns
    Phase Error              (PE):    0.000ns

    Location             Delay type                Incr(ns)  Path(ns)    Netlist Resource(s)
  -------------------------------------------------------------------    -------------------
                         (clock ap_clk rise edge)     0.000     0.000 r  
                                                      0.000     0.000 r  ap_clk (IN)
                         net (fo=427, unset)          0.043     0.043    ap_clk
    SLICE_X29Y49         FDRE                                         r  reg_214_reg[1]/C
  -------------------------------------------------------------------    -------------------
    SLICE_X29Y49         FDRE (Prop_AFF_SLICEM_C_Q)
                                                      0.113     0.156 r  reg_214_reg[1]/Q
                         net (fo=7, routed)           0.218     0.374    control_s_axi_U/int_block_out/reg_238_reg[15][1]
    SLICE_X31Y51         LUT2 (Prop_B6LUT_SLICEM_I0_O)
                                                      0.152     0.526 r  control_s_axi_U/int_block_out/reg_238[7]_i_8/O
                         net (fo=1, routed)           0.022     0.548    control_s_axi_U/int_block_out/reg_238[7]_i_8_n_0
    SLICE_X31Y51         CARRY8 (Prop_CARRY8_SLICEM_S[1]_O[2])
                                                      0.187     0.735 r  control_s_axi_U/int_block_out/reg_238_reg[7]_i_1/O[2]
                         net (fo=5, routed)           0.391     1.126    control_s_axi_U/int_block_out/O[2]
    SLICE_X29Y49         LUT3 (Prop_A6LUT_SLICEM_I2_O)
                                                      0.138     1.264 r  control_s_axi_U/int_block_out/b_6_reg_611[7]_i_7/O
                         net (fo=1, routed)           0.145     1.409    control_s_axi_U/int_block_out/b_6_reg_611[7]_i_7_n_0
    SLICE_X29Y50         CARRY8 (Prop_CARRY8_SLICEM_DI[2]_O[4])
                                                      0.248     1.657 r  control_s_axi_U/int_block_out/b_6_reg_611_reg[7]_i_1/O[4]
                         net (fo=4, routed)           0.169     1.825    control_s_axi_U/int_block_out/reg_214_reg[6][4]
    SLICE_X29Y49         LUT3 (Prop_B5LUT_SLICEM_I2_O)
                                                      0.229     2.054 r  control_s_axi_U/int_block_out/trunc_ln11_8_reg_626[6]_i_5/O
                         net (fo=1, routed)           0.361     2.415    control_s_axi_U/int_block_out/trunc_ln11_8_reg_626[6]_i_5_n_0
    SLICE_X30Y50         CARRY8 (Prop_CARRY8_SLICEL_DI[4]_O[6])
                                                      0.169     2.584 r  control_s_axi_U/int_block_out/trunc_ln11_8_reg_626_reg[6]_i_1/O[6]
                         net (fo=2, routed)           0.270     2.854    control_s_axi_U/int_block_out/a_6_reg_581_reg[14][5]
    SLICE_X29Y45         LUT6 (Prop_F6LUT_SLICEM_I0_O)
                                                      0.056     2.910 r  control_s_axi_U/int_block_out/mem_reg_i_49/O
                         net (fo=1, routed)           0.211     3.121    control_s_axi_U/int_block_out/mem_reg_i_49_n_0
    SLICE_X29Y44         LUT6 (Prop_D6LUT_SLICEM_I4_O)
                                                      0.056     3.177 r  control_s_axi_U/int_block_out/mem_reg_i_14__0/O
                         net (fo=2, routed)           0.337     3.515    control_s_axi_U/int_block_out/mem_reg_i_14__0_n_0
    RAMB18_X0Y16         RAMB18E2                                     r  control_s_axi_U/int_block_out/mem_reg/DINADIN[6]
  -------------------------------------------------------------------    -------------------

                         (clock ap_clk rise edge)     6.000     6.000 r  
                                                      0.000     6.000 r  ap_clk (IN)
                         net (fo=427, unset)          0.049     6.049    control_s_axi_U/int_block_out/ap_clk
    RAMB18_X0Y16         RAMB18E2                                     r  control_s_axi_U/int_block_out/mem_reg/CLKBWRCLK
                         clock pessimism              0.000     6.049    
                         clock uncertainty           -0.035     6.014    
    RAMB18_X0Y16         RAMB18E2 (Setup_RAMB18E2_L_RAMB180_CLKBWRCLK_DINADIN[6])
                                                     -0.397     5.617    control_s_axi_U/int_block_out/mem_reg
  -------------------------------------------------------------------
                         required time                          5.617    
                         arrival time                          -3.515    
  -------------------------------------------------------------------
                         slack                                  2.102    

Slack (MET) :             2.116ns  (required time - arrival time)
  Source:                 reg_214_reg[1]/C
                            (rising edge-triggered cell FDRE clocked by ap_clk  {rise@0.000ns fall@3.000ns period=6.000ns})
  Destination:            control_s_axi_U/int_block_out/mem_reg/DINADIN[8]
                            (rising edge-triggered cell RAMB18E2 clocked by ap_clk  {rise@0.000ns fall@3.000ns period=6.000ns})
  Path Group:             ap_clk
  Path Type:              Setup (Max at Slow Process Corner)
  Requirement:            6.000ns  (ap_clk rise@6.000ns - ap_clk rise@0.000ns)
  Data Path Delay:        3.415ns  (logic 1.402ns (41.049%)  route 2.013ns (58.951%))
  Logic Levels:           9  (CARRY8=4 LUT2=1 LUT3=2 LUT6=2)
  Clock Path Skew:        0.006ns (DCD - SCD + CPR)
    Destination Clock Delay (DCD):    0.049ns = ( 6.049 - 6.000 ) 
    Source Clock Delay      (SCD):    0.043ns
    Clock Pessimism Removal (CPR):    0.000ns
  Clock Uncertainty:      0.035ns  ((TSJ^2 + TIJ^2)^1/2 + DJ) / 2 + PE
    Total System Jitter     (TSJ):    0.071ns
    Total Input Jitter      (TIJ):    0.000ns
    Discrete Jitter          (DJ):    0.000ns
    Phase Error              (PE):    0.000ns

    Location             Delay type                Incr(ns)  Path(ns)    Netlist Resource(s)
  -------------------------------------------------------------------    -------------------
                         (clock ap_clk rise edge)     0.000     0.000 r  
                                                      0.000     0.000 r  ap_clk (IN)
                         net (fo=427, unset)          0.043     0.043    ap_clk
    SLICE_X29Y49         FDRE                                         r  reg_214_reg[1]/C
  -------------------------------------------------------------------    -------------------
    SLICE_X29Y49         FDRE (Prop_AFF_SLICEM_C_Q)
                                                      0.113     0.156 r  reg_214_reg[1]/Q
                         net (fo=7, routed)           0.218     0.374    control_s_axi_U/int_block_out/reg_238_reg[15][1]
    SLICE_X31Y51         LUT2 (Prop_B6LUT_SLICEM_I0_O)
                                                      0.152     0.526 r  control_s_axi_U/int_block_out/reg_238[7]_i_8/O
                         net (fo=1, routed)           0.022     0.548    control_s_axi_U/int_block_out/reg_238[7]_i_8_n_0
    SLICE_X31Y51         CARRY8 (Prop_CARRY8_SLICEM_S[1]_O[2])
                                                      0.187     0.735 r  control_s_axi_U/int_block_out/reg_238_reg[7]_i_1/O[2]
                         net (fo=5, routed)           0.391     1.126    control_s_axi_U/int_block_out/O[2]
    SLICE_X29Y49         LUT3 (Prop_A6LUT_SLICEM_I2_O)
                                                      0.138     1.264 r  control_s_axi_U/int_block_out/b_6_reg_611[7]_i_7/O
                         net (fo=1, routed)           0.145     1.409    control_s_axi_U/int_block_out/b_6_reg_611[7]_i_7_n_0
    SLICE_X29Y50         CARRY8 (Prop_CARRY8_SLICEM_DI[2]_O[4])
                                                      0.248     1.657 r  control_s_axi_U/int_block_out/b_6_reg_611_reg[7]_i_1/O[4]
                         net (fo=4, routed)           0.169     1.825    control_s_axi_U/int_block_out/reg_214_reg[6][4]
    SLICE_X29Y49         LUT3 (Prop_B5LUT_SLICEM_I2_O)
                                                      0.229     2.054 r  control_s_axi_U/int_block_out/trunc_ln11_8_reg_626[6]_i_5/O
                         net (fo=1, routed)           0.361     2.415    control_s_axi_U/int_block_out/trunc_ln11_8_reg_626[6]_i_5_n_0
    SLICE_X30Y50         CARRY8 (Prop_CARRY8_SLICEL_DI[4]_CO[7])
                                                      0.133     2.548 r  control_s_axi_U/int_block_out/trunc_ln11_8_reg_626_reg[6]_i_1/CO[7]
                         net (fo=1, routed)           0.030     2.578    control_s_axi_U/int_block_out/trunc_ln11_8_reg_626_reg[6]_i_1_n_0
    SLICE_X30Y51         CARRY8 (Prop_CARRY8_SLICEL_CI_O[0])
                                                      0.086     2.664 r  control_s_axi_U/int_block_out/trunc_ln11_8_reg_626_reg[14]_i_1/O[0]
                         net (fo=2, routed)           0.299     2.963    control_s_axi_U/int_block_out/a_6_reg_581_reg[14][7]
    SLICE_X30Y41         LUT6 (Prop_H6LUT_SLICEL_I0_O)
                                                      0.058     3.021 r  control_s_axi_U/int_block_out/mem_reg_i_45/O
                         net (fo=1, routed)           0.095     3.116    control_s_axi_U/int_block_out/mem_reg_i_45_n_0
    SLICE_X30Y40         LUT6 (Prop_H6LUT_SLICEL_I4_O)
                                                      0.058     3.174 r  control_s_axi_U/int_block_out/mem_reg_i_12__0/O
                         net (fo=1, routed)           0.284     3.458    control_s_axi_U/int_block_out/mem_reg_i_12__0_n_0
    RAMB18_X0Y16         RAMB18E2                                     r  control_s_axi_U/int_block_out/mem_reg/DINADIN[8]
  -------------------------------------------------------------------    -------------------

                         (clock ap_clk rise edge)     6.000     6.000 r  
                                                      0.000     6.000 r  ap_clk (IN)
                         net (fo=427, unset)          0.049     6.049    control_s_axi_U/int_block_out/ap_clk
    RAMB18_X0Y16         RAMB18E2                                     r  control_s_axi_U/int_block_out/mem_reg/CLKBWRCLK
                         clock pessimism              0.000     6.049    
                         clock uncertainty           -0.035     6.014    
    RAMB18_X0Y16         RAMB18E2 (Setup_RAMB18E2_L_RAMB180_CLKBWRCLK_DINADIN[8])
                                                     -0.439     5.575    control_s_axi_U/int_block_out/mem_reg
  -------------------------------------------------------------------
                         required time                          5.575    
                         arrival time                          -3.458    
  -------------------------------------------------------------------
                         slack                                  2.116    

Slack (MET) :             2.145ns  (required time - arrival time)
  Source:                 reg_238_reg[1]/C
                            (rising edge-triggered cell FDRE clocked by ap_clk  {rise@0.000ns fall@3.000ns period=6.000ns})
  Destination:            control_s_axi_U/int_block_out/mem_reg/DINBDIN[15]
                            (rising edge-triggered cell RAMB18E2 clocked by ap_clk  {rise@0.000ns fall@3.000ns period=6.000ns})
  Path Group:             ap_clk
  Path Type:              Setup (Max at Slow Process Corner)
  Requirement:            6.000ns  (ap_clk rise@6.000ns - ap_clk rise@0.000ns)
  Data Path Delay:        3.225ns  (logic 1.443ns (44.741%)  route 1.782ns (55.259%))
  Logic Levels:           7  (CARRY8=3 LUT2=1 LUT3=1 LUT5=1 LUT6=1)
  Clock Path Skew:        0.006ns (DCD - SCD + CPR)
    Destination Clock Delay (DCD):    0.049ns = ( 6.049 - 6.000 ) 
    Source Clock Delay      (SCD):    0.043ns
    Clock Pessimism Removal (CPR):    0.000ns
  Clock Uncertainty:      0.035ns  ((TSJ^2 + TIJ^2)^1/2 + DJ) / 2 + PE
    Total System Jitter     (TSJ):    0.071ns
    Total Input Jitter      (TIJ):    0.000ns
    Discrete Jitter          (DJ):    0.000ns
    Phase Error              (PE):    0.000ns

    Location             Delay type                Incr(ns)  Path(ns)    Netlist Resource(s)
  -------------------------------------------------------------------    -------------------
                         (clock ap_clk rise edge)     0.000     0.000 r  
                                                      0.000     0.000 r  ap_clk (IN)
                         net (fo=427, unset)          0.043     0.043    ap_clk
    SLICE_X31Y51         FDRE                                         r  reg_238_reg[1]/C
  -------------------------------------------------------------------    -------------------
    SLICE_X31Y51         FDRE (Prop_BFF_SLICEM_C_Q)
                                                      0.112     0.155 r  reg_238_reg[1]/Q
                         net (fo=5, routed)           0.355     0.510    control_s_axi_U/int_block_out/b_7_reg_631_reg[15]_0[1]
    SLICE_X32Y45         LUT2 (Prop_B6LUT_SLICEM_I1_O)
                                                      0.188     0.698 r  control_s_axi_U/int_block_out/b_7_reg_631[7]_i_8/O
                         net (fo=1, routed)           0.022     0.720    control_s_axi_U/int_block_out/b_7_reg_631[7]_i_8_n_0
    SLICE_X32Y45         CARRY8 (Prop_CARRY8_SLICEM_S[1]_CO[7])
                                                      0.267     0.987 r  control_s_axi_U/int_block_out/b_7_reg_631_reg[7]_i_1/CO[7]
                         net (fo=1, routed)           0.030     1.017    control_s_axi_U/int_block_out/b_7_reg_631_reg[7]_i_1_n_0
    SLICE_X32Y46         CARRY8 (Prop_CARRY8_SLICEM_CI_O[0])
                                                      0.086     1.103 r  control_s_axi_U/int_block_out/b_7_reg_631_reg[15]_i_1/O[0]
                         net (fo=4, routed)           0.231     1.334    control_s_axi_U/int_block_out/a_7_reg_575_reg[14]_0[0]
    SLICE_X34Y45         LUT3 (Prop_B6LUT_SLICEM_I2_O)
                                                      0.188     1.522 r  control_s_axi_U/int_block_out/mem_reg_i_92/O
                         net (fo=1, routed)           0.311     1.833    control_s_axi_U/int_block_out/mem_reg_i_92_n_0
    SLICE_X33Y45         CARRY8 (Prop_CARRY8_SLICEL_DI[0]_O[7])
                                                      0.319     2.152 r  control_s_axi_U/int_block_out/mem_reg_i_77/O[7]
                         net (fo=4, routed)           0.430     2.582    control_s_axi_U/int_block_out/a_7_reg_575_reg[14][14]
    SLICE_X30Y42         LUT5 (Prop_E6LUT_SLICEL_I2_O)
                                                      0.057     2.639 r  control_s_axi_U/int_block_out/mem_reg_i_65/O
                         net (fo=1, routed)           0.123     2.762    control_s_axi_U/int_block_out/mem_reg_i_65_n_0
    SLICE_X30Y42         LUT6 (Prop_G6LUT_SLICEL_I5_O)
                                                      0.226     2.988 r  control_s_axi_U/int_block_out/mem_reg_i_21/O
                         net (fo=1, routed)           0.280     3.268    control_s_axi_U/int_block_out/p_1_in[31]
    RAMB18_X0Y16         RAMB18E2                                     r  control_s_axi_U/int_block_out/mem_reg/DINBDIN[15]
  -------------------------------------------------------------------    -------------------

                         (clock ap_clk rise edge)     6.000     6.000 r  
                                                      0.000     6.000 r  ap_clk (IN)
                         net (fo=427, unset)          0.049     6.049    control_s_axi_U/int_block_out/ap_clk
    RAMB18_X0Y16         RAMB18E2                                     r  control_s_axi_U/int_block_out/mem_reg/CLKBWRCLK
                         clock pessimism              0.000     6.049    
                         clock uncertainty           -0.035     6.014    
    RAMB18_X0Y16         RAMB18E2 (Setup_RAMB18E2_L_RAMB180_CLKBWRCLK_DINBDIN[15])
                                                     -0.600     5.414    control_s_axi_U/int_block_out/mem_reg
  -------------------------------------------------------------------
                         required time                          5.414    
                         arrival time                          -3.268    
  -------------------------------------------------------------------
                         slack                                  2.145    

Slack (MET) :             2.170ns  (required time - arrival time)
  Source:                 reg_214_reg[1]/C
                            (rising edge-triggered cell FDRE clocked by ap_clk  {rise@0.000ns fall@3.000ns period=6.000ns})
  Destination:            control_s_axi_U/int_block_out/mem_reg/DINBDIN[6]
                            (rising edge-triggered cell RAMB18E2 clocked by ap_clk  {rise@0.000ns fall@3.000ns period=6.000ns})
  Path Group:             ap_clk
  Path Type:              Setup (Max at Slow Process Corner)
  Requirement:            6.000ns  (ap_clk rise@6.000ns - ap_clk rise@0.000ns)
  Data Path Delay:        3.390ns  (logic 1.348ns (39.768%)  route 2.042ns (60.232%))
  Logic Levels:           8  (CARRY8=3 LUT2=1 LUT3=2 LUT6=2)
  Clock Path Skew:        0.006ns (DCD - SCD + CPR)
    Destination Clock Delay (DCD):    0.049ns = ( 6.049 - 6.000 ) 
    Source Clock Delay      (SCD):    0.043ns
    Clock Pessimism Removal (CPR):    0.000ns
  Clock Uncertainty:      0.035ns  ((TSJ^2 + TIJ^2)^1/2 + DJ) / 2 + PE
    Total System Jitter     (TSJ):    0.071ns
    Total Input Jitter      (TIJ):    0.000ns
    Discrete Jitter          (DJ):    0.000ns
    Phase Error              (PE):    0.000ns

    Location             Delay type                Incr(ns)  Path(ns)    Netlist Resource(s)
  -------------------------------------------------------------------    -------------------
                         (clock ap_clk rise edge)     0.000     0.000 r  
                                                      0.000     0.000 r  ap_clk (IN)
                         net (fo=427, unset)          0.043     0.043    ap_clk
    SLICE_X29Y49         FDRE                                         r  reg_214_reg[1]/C
  -------------------------------------------------------------------    -------------------
    SLICE_X29Y49         FDRE (Prop_AFF_SLICEM_C_Q)
                                                      0.113     0.156 r  reg_214_reg[1]/Q
                         net (fo=7, routed)           0.218     0.374    control_s_axi_U/int_block_out/reg_238_reg[15][1]
    SLICE_X31Y51         LUT2 (Prop_B6LUT_SLICEM_I0_O)
                                                      0.152     0.526 r  control_s_axi_U/int_block_out/reg_238[7]_i_8/O
                         net (fo=1, routed)           0.022     0.548    control_s_axi_U/int_block_out/reg_238[7]_i_8_n_0
    SLICE_X31Y51         CARRY8 (Prop_CARRY8_SLICEM_S[1]_O[2])
                                                      0.187     0.735 r  control_s_axi_U/int_block_out/reg_238_reg[7]_i_1/O[2]
                         net (fo=5, routed)           0.391     1.126    control_s_axi_U/int_block_out/O[2]
    SLICE_X29Y49         LUT3 (Prop_A6LUT_SLICEM_I2_O)
                                                      0.138     1.264 r  control_s_axi_U/int_block_out/b_6_reg_611[7]_i_7/O
                         net (fo=1, routed)           0.145     1.409    control_s_axi_U/int_block_out/b_6_reg_611[7]_i_7_n_0
    SLICE_X29Y50         CARRY8 (Prop_CARRY8_SLICEM_DI[2]_O[4])
                                                      0.248     1.657 r  control_s_axi_U/int_block_out/b_6_reg_611_reg[7]_i_1/O[4]
                         net (fo=4, routed)           0.169     1.825    control_s_axi_U/int_block_out/reg_214_reg[6][4]
    SLICE_X29Y49         LUT3 (Prop_B5LUT_SLICEM_I2_O)
                                                      0.229     2.054 r  control_s_axi_U/int_block_out/trunc_ln11_8_reg_626[6]_i_5/O
                         net (fo=1, routed)           0.361     2.415    control_s_axi_U/int_block_out/trunc_ln11_8_reg_626[6]_i_5_n_0
    SLICE_X30Y50         CARRY8 (Prop_CARRY8_SLICEL_DI[4]_O[6])
                                                      0.169     2.584 r  control_s_axi_U/int_block_out/trunc_ln11_8_reg_626_reg[6]_i_1/O[6]
                         net (fo=2, routed)           0.270     2.854    control_s_axi_U/int_block_out/a_6_reg_581_reg[14][5]
    SLICE_X29Y45         LUT6 (Prop_F6LUT_SLICEM_I0_O)
                                                      0.056     2.910 r  control_s_axi_U/int_block_out/mem_reg_i_49/O
                         net (fo=1, routed)           0.211     3.121    control_s_axi_U/int_block_out/mem_reg_i_49_n_0
    SLICE_X29Y44         LUT6 (Prop_D6LUT_SLICEM_I4_O)
                                                      0.056     3.177 r  control_s_axi_U/int_block_out/mem_reg_i_14__0/O
                         net (fo=2, routed)           0.255     3.433    control_s_axi_U/int_block_out/mem_reg_i_14__0_n_0
    RAMB18_X0Y16         RAMB18E2                                     r  control_s_axi_U/int_block_out/mem_reg/DINBDIN[6]
  -------------------------------------------------------------------    -------------------

                         (clock ap_clk rise edge)     6.000     6.000 r  
                                                      0.000     6.000 r  ap_clk (IN)
                         net (fo=427, unset)          0.049     6.049    control_s_axi_U/int_block_out/ap_clk
    RAMB18_X0Y16         RAMB18E2                                     r  control_s_axi_U/int_block_out/mem_reg/CLKBWRCLK
                         clock pessimism              0.000     6.049    
                         clock uncertainty           -0.035     6.014    
    RAMB18_X0Y16         RAMB18E2 (Setup_RAMB18E2_L_RAMB180_CLKBWRCLK_DINBDIN[6])
                                                     -0.411     5.603    control_s_axi_U/int_block_out/mem_reg
  -------------------------------------------------------------------
                         required time                          5.603    
                         arrival time                          -3.433    
  -------------------------------------------------------------------
                         slack                                  2.170    

Slack (MET) :             2.198ns  (required time - arrival time)
  Source:                 reg_214_reg[1]/C
                            (rising edge-triggered cell FDRE clocked by ap_clk  {rise@0.000ns fall@3.000ns period=6.000ns})
  Destination:            control_s_axi_U/int_block_out/mem_reg/DINBDIN[7]
                            (rising edge-triggered cell RAMB18E2 clocked by ap_clk  {rise@0.000ns fall@3.000ns period=6.000ns})
  Path Group:             ap_clk
  Path Type:              Setup (Max at Slow Process Corner)
  Requirement:            6.000ns  (ap_clk rise@6.000ns - ap_clk rise@0.000ns)
  Data Path Delay:        3.335ns  (logic 1.372ns (41.145%)  route 1.963ns (58.855%))
  Logic Levels:           8  (CARRY8=3 LUT2=1 LUT3=2 LUT6=2)
  Clock Path Skew:        0.006ns (DCD - SCD + CPR)
    Destination Clock Delay (DCD):    0.049ns = ( 6.049 - 6.000 ) 
    Source Clock Delay      (SCD):    0.043ns
    Clock Pessimism Removal (CPR):    0.000ns
  Clock Uncertainty:      0.035ns  ((TSJ^2 + TIJ^2)^1/2 + DJ) / 2 + PE
    Total System Jitter     (TSJ):    0.071ns
    Total Input Jitter      (TIJ):    0.000ns
    Discrete Jitter          (DJ):    0.000ns
    Phase Error              (PE):    0.000ns

    Location             Delay type                Incr(ns)  Path(ns)    Netlist Resource(s)
  -------------------------------------------------------------------    -------------------
                         (clock ap_clk rise edge)     0.000     0.000 r  
                                                      0.000     0.000 r  ap_clk (IN)
                         net (fo=427, unset)          0.043     0.043    ap_clk
    SLICE_X29Y49         FDRE                                         r  reg_214_reg[1]/C
  -------------------------------------------------------------------    -------------------
    SLICE_X29Y49         FDRE (Prop_AFF_SLICEM_C_Q)
                                                      0.113     0.156 r  reg_214_reg[1]/Q
                         net (fo=7, routed)           0.218     0.374    control_s_axi_U/int_block_out/reg_238_reg[15][1]
    SLICE_X31Y51         LUT2 (Prop_B6LUT_SLICEM_I0_O)
                                                      0.152     0.526 r  control_s_axi_U/int_block_out/reg_238[7]_i_8/O
                         net (fo=1, routed)           0.022     0.548    control_s_axi_U/int_block_out/reg_238[7]_i_8_n_0
    SLICE_X31Y51         CARRY8 (Prop_CARRY8_SLICEM_S[1]_O[2])
                                                      0.187     0.735 r  control_s_axi_U/int_block_out/reg_238_reg[7]_i_1/O[2]
                         net (fo=5, routed)           0.391     1.126    control_s_axi_U/int_block_out/O[2]
    SLICE_X29Y49         LUT3 (Prop_A6LUT_SLICEM_I2_O)
                                                      0.138     1.264 r  control_s_axi_U/int_block_out/b_6_reg_611[7]_i_7/O
                         net (fo=1, routed)           0.145     1.409    control_s_axi_U/int_block_out/b_6_reg_611[7]_i_7_n_0
    SLICE_X29Y50         CARRY8 (Prop_CARRY8_SLICEM_DI[2]_O[4])
                                                      0.248     1.657 r  control_s_axi_U/int_block_out/b_6_reg_611_reg[7]_i_1/O[4]
                         net (fo=4, routed)           0.169     1.825    control_s_axi_U/int_block_out/reg_214_reg[6][4]
    SLICE_X29Y49         LUT3 (Prop_B5LUT_SLICEM_I2_O)
                                                      0.229     2.054 r  control_s_axi_U/int_block_out/trunc_ln11_8_reg_626[6]_i_5/O
                         net (fo=1, routed)           0.361     2.415    control_s_axi_U/int_block_out/trunc_ln11_8_reg_626[6]_i_5_n_0
    SLICE_X30Y50         CARRY8 (Prop_CARRY8_SLICEL_DI[4]_O[7])
                                                      0.192     2.607 r  control_s_axi_U/int_block_out/trunc_ln11_8_reg_626_reg[6]_i_1/O[7]
                         net (fo=2, routed)           0.276     2.883    control_s_axi_U/int_block_out/a_6_reg_581_reg[14][6]
    SLICE_X30Y43         LUT6 (Prop_C6LUT_SLICEL_I0_O)
                                                      0.056     2.939 r  control_s_axi_U/int_block_out/mem_reg_i_47/O
                         net (fo=1, routed)           0.050     2.989    control_s_axi_U/int_block_out/mem_reg_i_47_n_0
    SLICE_X30Y43         LUT6 (Prop_D6LUT_SLICEL_I4_O)
                                                      0.057     3.046 r  control_s_axi_U/int_block_out/mem_reg_i_13__0/O
                         net (fo=2, routed)           0.331     3.378    control_s_axi_U/int_block_out/mem_reg_i_13__0_n_0
    RAMB18_X0Y16         RAMB18E2                                     r  control_s_axi_U/int_block_out/mem_reg/DINBDIN[7]
  -------------------------------------------------------------------    -------------------

                         (clock ap_clk rise edge)     6.000     6.000 r  
                                                      0.000     6.000 r  ap_clk (IN)
                         net (fo=427, unset)          0.049     6.049    control_s_axi_U/int_block_out/ap_clk
    RAMB18_X0Y16         RAMB18E2                                     r  control_s_axi_U/int_block_out/mem_reg/CLKBWRCLK
                         clock pessimism              0.000     6.049    
                         clock uncertainty           -0.035     6.014    
    RAMB18_X0Y16         RAMB18E2 (Setup_RAMB18E2_L_RAMB180_CLKBWRCLK_DINBDIN[7])
                                                     -0.438     5.576    control_s_axi_U/int_block_out/mem_reg
  -------------------------------------------------------------------
                         required time                          5.576    
                         arrival time                          -3.378    
  -------------------------------------------------------------------
                         slack                                  2.198    

Slack (MET) :             2.220ns  (required time - arrival time)
  Source:                 reg_214_reg[1]/C
                            (rising edge-triggered cell FDRE clocked by ap_clk  {rise@0.000ns fall@3.000ns period=6.000ns})
  Destination:            control_s_axi_U/int_block_out/mem_reg/DINADIN[5]
                            (rising edge-triggered cell RAMB18E2 clocked by ap_clk  {rise@0.000ns fall@3.000ns period=6.000ns})
  Path Group:             ap_clk
  Path Type:              Setup (Max at Slow Process Corner)
  Requirement:            6.000ns  (ap_clk rise@6.000ns - ap_clk rise@0.000ns)
  Data Path Delay:        3.335ns  (logic 1.266ns (37.961%)  route 2.069ns (62.039%))
  Logic Levels:           8  (CARRY8=3 LUT2=1 LUT3=2 LUT6=2)
  Clock Path Skew:        0.006ns (DCD - SCD + CPR)
    Destination Clock Delay (DCD):    0.049ns = ( 6.049 - 6.000 ) 
    Source Clock Delay      (SCD):    0.043ns
    Clock Pessimism Removal (CPR):    0.000ns
  Clock Uncertainty:      0.035ns  ((TSJ^2 + TIJ^2)^1/2 + DJ) / 2 + PE
    Total System Jitter     (TSJ):    0.071ns
    Total Input Jitter      (TIJ):    0.000ns
    Discrete Jitter          (DJ):    0.000ns
    Phase Error              (PE):    0.000ns

    Location             Delay type                Incr(ns)  Path(ns)    Netlist Resource(s)
  -------------------------------------------------------------------    -------------------
                         (clock ap_clk rise edge)     0.000     0.000 r  
                                                      0.000     0.000 r  ap_clk (IN)
                         net (fo=427, unset)          0.043     0.043    ap_clk
    SLICE_X29Y49         FDRE                                         r  reg_214_reg[1]/C
  -------------------------------------------------------------------    -------------------
    SLICE_X29Y49         FDRE (Prop_AFF_SLICEM_C_Q)
                                                      0.113     0.156 r  reg_214_reg[1]/Q
                         net (fo=7, routed)           0.218     0.374    control_s_axi_U/int_block_out/reg_238_reg[15][1]
    SLICE_X31Y51         LUT2 (Prop_B6LUT_SLICEM_I0_O)
                                                      0.152     0.526 r  control_s_axi_U/int_block_out/reg_238[7]_i_8/O
                         net (fo=1, routed)           0.022     0.548    control_s_axi_U/int_block_out/reg_238[7]_i_8_n_0
    SLICE_X31Y51         CARRY8 (Prop_CARRY8_SLICEM_S[1]_O[2])
                                                      0.187     0.735 r  control_s_axi_U/int_block_out/reg_238_reg[7]_i_1/O[2]
                         net (fo=5, routed)           0.391     1.126    control_s_axi_U/int_block_out/O[2]
    SLICE_X29Y49         LUT3 (Prop_A6LUT_SLICEM_I2_O)
                                                      0.138     1.264 r  control_s_axi_U/int_block_out/b_6_reg_611[7]_i_7/O
                         net (fo=1, routed)           0.145     1.409    control_s_axi_U/int_block_out/b_6_reg_611[7]_i_7_n_0
    SLICE_X29Y50         CARRY8 (Prop_CARRY8_SLICEM_DI[2]_O[3])
                                                      0.141     1.550 r  control_s_axi_U/int_block_out/b_6_reg_611_reg[7]_i_1/O[3]
                         net (fo=4, routed)           0.275     1.824    control_s_axi_U/int_block_out/reg_214_reg[6][3]
    SLICE_X29Y49         LUT3 (Prop_G5LUT_SLICEM_I2_O)
                                                      0.155     1.979 r  control_s_axi_U/int_block_out/trunc_ln11_8_reg_626[6]_i_6/O
                         net (fo=1, routed)           0.334     2.313    control_s_axi_U/int_block_out/trunc_ln11_8_reg_626[6]_i_6_n_0
    SLICE_X30Y50         CARRY8 (Prop_CARRY8_SLICEL_DI[3]_O[5])
                                                      0.268     2.581 r  control_s_axi_U/int_block_out/trunc_ln11_8_reg_626_reg[6]_i_1/O[5]
                         net (fo=2, routed)           0.357     2.938    control_s_axi_U/int_block_out/a_6_reg_581_reg[14][4]
    SLICE_X31Y42         LUT6 (Prop_C6LUT_SLICEM_I0_O)
                                                      0.056     2.994 r  control_s_axi_U/int_block_out/mem_reg_i_51/O
                         net (fo=1, routed)           0.051     3.045    control_s_axi_U/int_block_out/mem_reg_i_51_n_0
    SLICE_X31Y42         LUT6 (Prop_D6LUT_SLICEM_I4_O)
                                                      0.056     3.101 r  control_s_axi_U/int_block_out/mem_reg_i_15__0/O
                         net (fo=2, routed)           0.277     3.378    control_s_axi_U/int_block_out/mem_reg_i_15__0_n_0
    RAMB18_X0Y16         RAMB18E2                                     r  control_s_axi_U/int_block_out/mem_reg/DINADIN[5]
  -------------------------------------------------------------------    -------------------

                         (clock ap_clk rise edge)     6.000     6.000 r  
                                                      0.000     6.000 r  ap_clk (IN)
                         net (fo=427, unset)          0.049     6.049    control_s_axi_U/int_block_out/ap_clk
    RAMB18_X0Y16         RAMB18E2                                     r  control_s_axi_U/int_block_out/mem_reg/CLKBWRCLK
                         clock pessimism              0.000     6.049    
                         clock uncertainty           -0.035     6.014    
    RAMB18_X0Y16         RAMB18E2 (Setup_RAMB18E2_L_RAMB180_CLKBWRCLK_DINADIN[5])
                                                     -0.416     5.598    control_s_axi_U/int_block_out/mem_reg
  -------------------------------------------------------------------
                         required time                          5.598    
                         arrival time                          -3.378    
  -------------------------------------------------------------------
                         slack                                  2.220    

Slack (MET) :             2.226ns  (required time - arrival time)
  Source:                 reg_214_reg[1]/C
                            (rising edge-triggered cell FDRE clocked by ap_clk  {rise@0.000ns fall@3.000ns period=6.000ns})
  Destination:            control_s_axi_U/int_block_out/mem_reg/DINADIN[7]
                            (rising edge-triggered cell RAMB18E2 clocked by ap_clk  {rise@0.000ns fall@3.000ns period=6.000ns})
  Path Group:             ap_clk
  Path Type:              Setup (Max at Slow Process Corner)
  Requirement:            6.000ns  (ap_clk rise@6.000ns - ap_clk rise@0.000ns)
  Data Path Delay:        3.338ns  (logic 1.372ns (41.108%)  route 1.966ns (58.892%))
  Logic Levels:           8  (CARRY8=3 LUT2=1 LUT3=2 LUT6=2)
  Clock Path Skew:        0.006ns (DCD - SCD + CPR)
    Destination Clock Delay (DCD):    0.049ns = ( 6.049 - 6.000 ) 
    Source Clock Delay      (SCD):    0.043ns
    Clock Pessimism Removal (CPR):    0.000ns
  Clock Uncertainty:      0.035ns  ((TSJ^2 + TIJ^2)^1/2 + DJ) / 2 + PE
    Total System Jitter     (TSJ):    0.071ns
    Total Input Jitter      (TIJ):    0.000ns
    Discrete Jitter          (DJ):    0.000ns
    Phase Error              (PE):    0.000ns

    Location             Delay type                Incr(ns)  Path(ns)    Netlist Resource(s)
  -------------------------------------------------------------------    -------------------
                         (clock ap_clk rise edge)     0.000     0.000 r  
                                                      0.000     0.000 r  ap_clk (IN)
                         net (fo=427, unset)          0.043     0.043    ap_clk
    SLICE_X29Y49         FDRE                                         r  reg_214_reg[1]/C
  -------------------------------------------------------------------    -------------------
    SLICE_X29Y49         FDRE (Prop_AFF_SLICEM_C_Q)
                                                      0.113     0.156 r  reg_214_reg[1]/Q
                         net (fo=7, routed)           0.218     0.374    control_s_axi_U/int_block_out/reg_238_reg[15][1]
    SLICE_X31Y51         LUT2 (Prop_B6LUT_SLICEM_I0_O)
                                                      0.152     0.526 r  control_s_axi_U/int_block_out/reg_238[7]_i_8/O
                         net (fo=1, routed)           0.022     0.548    control_s_axi_U/int_block_out/reg_238[7]_i_8_n_0
    SLICE_X31Y51         CARRY8 (Prop_CARRY8_SLICEM_S[1]_O[2])
                                                      0.187     0.735 r  control_s_axi_U/int_block_out/reg_238_reg[7]_i_1/O[2]
                         net (fo=5, routed)           0.391     1.126    control_s_axi_U/int_block_out/O[2]
    SLICE_X29Y49         LUT3 (Prop_A6LUT_SLICEM_I2_O)
                                                      0.138     1.264 r  control_s_axi_U/int_block_out/b_6_reg_611[7]_i_7/O
                         net (fo=1, routed)           0.145     1.409    control_s_axi_U/int_block_out/b_6_reg_611[7]_i_7_n_0
    SLICE_X29Y50         CARRY8 (Prop_CARRY8_SLICEM_DI[2]_O[4])
                                                      0.248     1.657 r  control_s_axi_U/int_block_out/b_6_reg_611_reg[7]_i_1/O[4]
                         net (fo=4, routed)           0.169     1.825    control_s_axi_U/int_block_out/reg_214_reg[6][4]
    SLICE_X29Y49         LUT3 (Prop_B5LUT_SLICEM_I2_O)
                                                      0.229     2.054 r  control_s_axi_U/int_block_out/trunc_ln11_8_reg_626[6]_i_5/O
                         net (fo=1, routed)           0.361     2.415    control_s_axi_U/int_block_out/trunc_ln11_8_reg_626[6]_i_5_n_0
    SLICE_X30Y50         CARRY8 (Prop_CARRY8_SLICEL_DI[4]_O[7])
                                                      0.192     2.607 r  control_s_axi_U/int_block_out/trunc_ln11_8_reg_626_reg[6]_i_1/O[7]
                         net (fo=2, routed)           0.276     2.883    control_s_axi_U/int_block_out/a_6_reg_581_reg[14][6]
    SLICE_X30Y43         LUT6 (Prop_C6LUT_SLICEL_I0_O)
                                                      0.056     2.939 r  control_s_axi_U/int_block_out/mem_reg_i_47/O
                         net (fo=1, routed)           0.050     2.989    control_s_axi_U/int_block_out/mem_reg_i_47_n_0
    SLICE_X30Y43         LUT6 (Prop_D6LUT_SLICEL_I4_O)
                                                      0.057     3.046 r  control_s_axi_U/int_block_out/mem_reg_i_13__0/O
                         net (fo=2, routed)           0.334     3.381    control_s_axi_U/int_block_out/mem_reg_i_13__0_n_0
    RAMB18_X0Y16         RAMB18E2                                     r  control_s_axi_U/int_block_out/mem_reg/DINADIN[7]
  -------------------------------------------------------------------    -------------------

                         (clock ap_clk rise edge)     6.000     6.000 r  
                                                      0.000     6.000 r  ap_clk (IN)
                         net (fo=427, unset)          0.049     6.049    control_s_axi_U/int_block_out/ap_clk
    RAMB18_X0Y16         RAMB18E2                                     r  control_s_axi_U/int_block_out/mem_reg/CLKBWRCLK
                         clock pessimism              0.000     6.049    
                         clock uncertainty           -0.035     6.014    
    RAMB18_X0Y16         RAMB18E2 (Setup_RAMB18E2_L_RAMB180_CLKBWRCLK_DINADIN[7])
                                                     -0.407     5.607    control_s_axi_U/int_block_out/mem_reg
  -------------------------------------------------------------------
                         required time                          5.607    
                         arrival time                          -3.381    
  -------------------------------------------------------------------
                         slack                                  2.226    

Slack (MET) :             2.255ns  (required time - arrival time)
  Source:                 reg_214_reg[1]/C
                            (rising edge-triggered cell FDRE clocked by ap_clk  {rise@0.000ns fall@3.000ns period=6.000ns})
  Destination:            control_s_axi_U/int_block_out/mem_reg/DINBDIN[5]
                            (rising edge-triggered cell RAMB18E2 clocked by ap_clk  {rise@0.000ns fall@3.000ns period=6.000ns})
  Path Group:             ap_clk
  Path Type:              Setup (Max at Slow Process Corner)
  Requirement:            6.000ns  (ap_clk rise@6.000ns - ap_clk rise@0.000ns)
  Data Path Delay:        3.337ns  (logic 1.266ns (37.938%)  route 2.071ns (62.062%))
  Logic Levels:           8  (CARRY8=3 LUT2=1 LUT3=2 LUT6=2)
  Clock Path Skew:        0.006ns (DCD - SCD + CPR)
    Destination Clock Delay (DCD):    0.049ns = ( 6.049 - 6.000 ) 
    Source Clock Delay      (SCD):    0.043ns
    Clock Pessimism Removal (CPR):    0.000ns
  Clock Uncertainty:      0.035ns  ((TSJ^2 + TIJ^2)^1/2 + DJ) / 2 + PE
    Total System Jitter     (TSJ):    0.071ns
    Total Input Jitter      (TIJ):    0.000ns
    Discrete Jitter          (DJ):    0.000ns
    Phase Error              (PE):    0.000ns

    Location             Delay type                Incr(ns)  Path(ns)    Netlist Resource(s)
  -------------------------------------------------------------------    -------------------
                         (clock ap_clk rise edge)     0.000     0.000 r  
                                                      0.000     0.000 r  ap_clk (IN)
                         net (fo=427, unset)          0.043     0.043    ap_clk
    SLICE_X29Y49         FDRE                                         r  reg_214_reg[1]/C
  -------------------------------------------------------------------    -------------------
    SLICE_X29Y49         FDRE (Prop_AFF_SLICEM_C_Q)
                                                      0.113     0.156 r  reg_214_reg[1]/Q
                         net (fo=7, routed)           0.218     0.374    control_s_axi_U/int_block_out/reg_238_reg[15][1]
    SLICE_X31Y51         LUT2 (Prop_B6LUT_SLICEM_I0_O)
                                                      0.152     0.526 r  control_s_axi_U/int_block_out/reg_238[7]_i_8/O
                         net (fo=1, routed)           0.022     0.548    control_s_axi_U/int_block_out/reg_238[7]_i_8_n_0
    SLICE_X31Y51         CARRY8 (Prop_CARRY8_SLICEM_S[1]_O[2])
                                                      0.187     0.735 r  control_s_axi_U/int_block_out/reg_238_reg[7]_i_1/O[2]
                         net (fo=5, routed)           0.391     1.126    control_s_axi_U/int_block_out/O[2]
    SLICE_X29Y49         LUT3 (Prop_A6LUT_SLICEM_I2_O)
                                                      0.138     1.264 r  control_s_axi_U/int_block_out/b_6_reg_611[7]_i_7/O
                         net (fo=1, routed)           0.145     1.409    control_s_axi_U/int_block_out/b_6_reg_611[7]_i_7_n_0
    SLICE_X29Y50         CARRY8 (Prop_CARRY8_SLICEM_DI[2]_O[3])
                                                      0.141     1.550 r  control_s_axi_U/int_block_out/b_6_reg_611_reg[7]_i_1/O[3]
                         net (fo=4, routed)           0.275     1.824    control_s_axi_U/int_block_out/reg_214_reg[6][3]
    SLICE_X29Y49         LUT3 (Prop_G5LUT_SLICEM_I2_O)
                                                      0.155     1.979 r  control_s_axi_U/int_block_out/trunc_ln11_8_reg_626[6]_i_6/O
                         net (fo=1, routed)           0.334     2.313    control_s_axi_U/int_block_out/trunc_ln11_8_reg_626[6]_i_6_n_0
    SLICE_X30Y50         CARRY8 (Prop_CARRY8_SLICEL_DI[3]_O[5])
                                                      0.268     2.581 r  control_s_axi_U/int_block_out/trunc_ln11_8_reg_626_reg[6]_i_1/O[5]
                         net (fo=2, routed)           0.357     2.938    control_s_axi_U/int_block_out/a_6_reg_581_reg[14][4]
    SLICE_X31Y42         LUT6 (Prop_C6LUT_SLICEM_I0_O)
                                                      0.056     2.994 r  control_s_axi_U/int_block_out/mem_reg_i_51/O
                         net (fo=1, routed)           0.051     3.045    control_s_axi_U/int_block_out/mem_reg_i_51_n_0
    SLICE_X31Y42         LUT6 (Prop_D6LUT_SLICEM_I4_O)
                                                      0.056     3.101 r  control_s_axi_U/int_block_out/mem_reg_i_15__0/O
                         net (fo=2, routed)           0.279     3.380    control_s_axi_U/int_block_out/mem_reg_i_15__0_n_0
    RAMB18_X0Y16         RAMB18E2                                     r  control_s_axi_U/int_block_out/mem_reg/DINBDIN[5]
  -------------------------------------------------------------------    -------------------

                         (clock ap_clk rise edge)     6.000     6.000 r  
                                                      0.000     6.000 r  ap_clk (IN)
                         net (fo=427, unset)          0.049     6.049    control_s_axi_U/int_block_out/ap_clk
    RAMB18_X0Y16         RAMB18E2                                     r  control_s_axi_U/int_block_out/mem_reg/CLKBWRCLK
                         clock pessimism              0.000     6.049    
                         clock uncertainty           -0.035     6.014    
    RAMB18_X0Y16         RAMB18E2 (Setup_RAMB18E2_L_RAMB180_CLKBWRCLK_DINBDIN[5])
                                                     -0.379     5.635    control_s_axi_U/int_block_out/mem_reg
  -------------------------------------------------------------------
                         required time                          5.635    
                         arrival time                          -3.380    
  -------------------------------------------------------------------
                         slack                                  2.255    

Slack (MET) :             2.284ns  (required time - arrival time)
  Source:                 reg_238_reg[1]/C
                            (rising edge-triggered cell FDRE clocked by ap_clk  {rise@0.000ns fall@3.000ns period=6.000ns})
  Destination:            control_s_axi_U/int_block_out/mem_reg/DINBDIN[14]
                            (rising edge-triggered cell RAMB18E2 clocked by ap_clk  {rise@0.000ns fall@3.000ns period=6.000ns})
  Path Group:             ap_clk
  Path Type:              Setup (Max at Slow Process Corner)
  Requirement:            6.000ns  (ap_clk rise@6.000ns - ap_clk rise@0.000ns)
  Data Path Delay:        3.325ns  (logic 1.465ns (44.058%)  route 1.860ns (55.942%))
  Logic Levels:           7  (CARRY8=3 LUT2=1 LUT3=1 LUT5=1 LUT6=1)
  Clock Path Skew:        0.006ns (DCD - SCD + CPR)
    Destination Clock Delay (DCD):    0.049ns = ( 6.049 - 6.000 ) 
    Source Clock Delay      (SCD):    0.043ns
    Clock Pessimism Removal (CPR):    0.000ns
  Clock Uncertainty:      0.035ns  ((TSJ^2 + TIJ^2)^1/2 + DJ) / 2 + PE
    Total System Jitter     (TSJ):    0.071ns
    Total Input Jitter      (TIJ):    0.000ns
    Discrete Jitter          (DJ):    0.000ns
    Phase Error              (PE):    0.000ns

    Location             Delay type                Incr(ns)  Path(ns)    Netlist Resource(s)
  -------------------------------------------------------------------    -------------------
                         (clock ap_clk rise edge)     0.000     0.000 r  
                                                      0.000     0.000 r  ap_clk (IN)
                         net (fo=427, unset)          0.043     0.043    ap_clk
    SLICE_X31Y51         FDRE                                         r  reg_238_reg[1]/C
  -------------------------------------------------------------------    -------------------
    SLICE_X31Y51         FDRE (Prop_BFF_SLICEM_C_Q)
                                                      0.112     0.155 r  reg_238_reg[1]/Q
                         net (fo=5, routed)           0.355     0.510    control_s_axi_U/int_block_out/b_7_reg_631_reg[15]_0[1]
    SLICE_X32Y45         LUT2 (Prop_B6LUT_SLICEM_I1_O)
                                                      0.188     0.698 r  control_s_axi_U/int_block_out/b_7_reg_631[7]_i_8/O
                         net (fo=1, routed)           0.022     0.720    control_s_axi_U/int_block_out/b_7_reg_631[7]_i_8_n_0
    SLICE_X32Y45         CARRY8 (Prop_CARRY8_SLICEM_S[1]_CO[7])
                                                      0.267     0.987 r  control_s_axi_U/int_block_out/b_7_reg_631_reg[7]_i_1/CO[7]
                         net (fo=1, routed)           0.030     1.017    control_s_axi_U/int_block_out/b_7_reg_631_reg[7]_i_1_n_0
    SLICE_X32Y46         CARRY8 (Prop_CARRY8_SLICEM_CI_O[0])
                                                      0.086     1.103 r  control_s_axi_U/int_block_out/b_7_reg_631_reg[15]_i_1/O[0]
                         net (fo=4, routed)           0.231     1.334    control_s_axi_U/int_block_out/a_7_reg_575_reg[14]_0[0]
    SLICE_X34Y45         LUT3 (Prop_B6LUT_SLICEM_I2_O)
                                                      0.188     1.522 r  control_s_axi_U/int_block_out/mem_reg_i_92/O
                         net (fo=1, routed)           0.311     1.833    control_s_axi_U/int_block_out/mem_reg_i_92_n_0
    SLICE_X33Y45         CARRY8 (Prop_CARRY8_SLICEL_DI[0]_O[6])
                                                      0.314     2.147 r  control_s_axi_U/int_block_out/mem_reg_i_77/O[6]
                         net (fo=3, routed)           0.279     2.426    control_s_axi_U/int_block_out/a_7_reg_575_reg[14][13]
    SLICE_X34Y47         LUT5 (Prop_G6LUT_SLICEM_I2_O)
                                                      0.082     2.508 r  control_s_axi_U/int_block_out/mem_reg_i_66/O
                         net (fo=1, routed)           0.179     2.687    control_s_axi_U/int_block_out/mem_reg_i_66_n_0
    SLICE_X34Y47         LUT6 (Prop_H6LUT_SLICEM_I5_O)
                                                      0.228     2.915 r  control_s_axi_U/int_block_out/mem_reg_i_22/O
                         net (fo=1, routed)           0.453     3.368    control_s_axi_U/int_block_out/p_1_in[30]
    RAMB18_X0Y16         RAMB18E2                                     r  control_s_axi_U/int_block_out/mem_reg/DINBDIN[14]
  -------------------------------------------------------------------    -------------------

                         (clock ap_clk rise edge)     6.000     6.000 r  
                                                      0.000     6.000 r  ap_clk (IN)
                         net (fo=427, unset)          0.049     6.049    control_s_axi_U/int_block_out/ap_clk
    RAMB18_X0Y16         RAMB18E2                                     r  control_s_axi_U/int_block_out/mem_reg/CLKBWRCLK
                         clock pessimism              0.000     6.049    
                         clock uncertainty           -0.035     6.014    
    RAMB18_X0Y16         RAMB18E2 (Setup_RAMB18E2_L_RAMB180_CLKBWRCLK_DINBDIN[14])
                                                     -0.362     5.652    control_s_axi_U/int_block_out/mem_reg
  -------------------------------------------------------------------
                         required time                          5.652    
                         arrival time                          -3.368    
  -------------------------------------------------------------------
                         slack                                  2.284    

Slack (MET) :             2.456ns  (required time - arrival time)
  Source:                 reg_238_reg[1]/C
                            (rising edge-triggered cell FDRE clocked by ap_clk  {rise@0.000ns fall@3.000ns period=6.000ns})
  Destination:            control_s_axi_U/int_block_out/mem_reg/DINBDIN[13]
                            (rising edge-triggered cell RAMB18E2 clocked by ap_clk  {rise@0.000ns fall@3.000ns period=6.000ns})
  Path Group:             ap_clk
  Path Type:              Setup (Max at Slow Process Corner)
  Requirement:            6.000ns  (ap_clk rise@6.000ns - ap_clk rise@0.000ns)
  Data Path Delay:        3.133ns  (logic 1.294ns (41.296%)  route 1.839ns (58.704%))
  Logic Levels:           7  (CARRY8=3 LUT2=1 LUT3=1 LUT5=1 LUT6=1)
  Clock Path Skew:        0.006ns (DCD - SCD + CPR)
    Destination Clock Delay (DCD):    0.049ns = ( 6.049 - 6.000 ) 
    Source Clock Delay      (SCD):    0.043ns
    Clock Pessimism Removal (CPR):    0.000ns
  Clock Uncertainty:      0.035ns  ((TSJ^2 + TIJ^2)^1/2 + DJ) / 2 + PE
    Total System Jitter     (TSJ):    0.071ns
    Total Input Jitter      (TIJ):    0.000ns
    Discrete Jitter          (DJ):    0.000ns
    Phase Error              (PE):    0.000ns

    Location             Delay type                Incr(ns)  Path(ns)    Netlist Resource(s)
  -------------------------------------------------------------------    -------------------
                         (clock ap_clk rise edge)     0.000     0.000 r  
                                                      0.000     0.000 r  ap_clk (IN)
                         net (fo=427, unset)          0.043     0.043    ap_clk
    SLICE_X31Y51         FDRE                                         r  reg_238_reg[1]/C
  -------------------------------------------------------------------    -------------------
    SLICE_X31Y51         FDRE (Prop_BFF_SLICEM_C_Q)
                                                      0.112     0.155 r  reg_238_reg[1]/Q
                         net (fo=5, routed)           0.355     0.510    control_s_axi_U/int_block_out/b_7_reg_631_reg[15]_0[1]
    SLICE_X32Y45         LUT2 (Prop_B6LUT_SLICEM_I1_O)
                                                      0.188     0.698 r  control_s_axi_U/int_block_out/b_7_reg_631[7]_i_8/O
                         net (fo=1, routed)           0.022     0.720    control_s_axi_U/int_block_out/b_7_reg_631[7]_i_8_n_0
    SLICE_X32Y45         CARRY8 (Prop_CARRY8_SLICEM_S[1]_CO[7])
                                                      0.267     0.987 r  control_s_axi_U/int_block_out/b_7_reg_631_reg[7]_i_1/CO[7]
                         net (fo=1, routed)           0.030     1.017    control_s_axi_U/int_block_out/b_7_reg_631_reg[7]_i_1_n_0
    SLICE_X32Y46         CARRY8 (Prop_CARRY8_SLICEM_CI_O[0])
                                                      0.086     1.103 r  control_s_axi_U/int_block_out/b_7_reg_631_reg[15]_i_1/O[0]
                         net (fo=4, routed)           0.231     1.334    control_s_axi_U/int_block_out/a_7_reg_575_reg[14]_0[0]
    SLICE_X34Y45         LUT3 (Prop_B6LUT_SLICEM_I2_O)
                                                      0.188     1.522 r  control_s_axi_U/int_block_out/mem_reg_i_92/O
                         net (fo=1, routed)           0.311     1.833    control_s_axi_U/int_block_out/mem_reg_i_92_n_0
    SLICE_X33Y45         CARRY8 (Prop_CARRY8_SLICEL_DI[0]_O[5])
                                                      0.313     2.146 r  control_s_axi_U/int_block_out/mem_reg_i_77/O[5]
                         net (fo=3, routed)           0.307     2.452    control_s_axi_U/int_block_out/a_7_reg_575_reg[14][12]
    SLICE_X29Y47         LUT5 (Prop_C6LUT_SLICEM_I2_O)
                                                      0.056     2.508 r  control_s_axi_U/int_block_out/mem_reg_i_67/O
                         net (fo=1, routed)           0.231     2.739    control_s_axi_U/int_block_out/mem_reg_i_67_n_0
    SLICE_X28Y47         LUT6 (Prop_H6LUT_SLICEM_I5_O)
                                                      0.084     2.823 r  control_s_axi_U/int_block_out/mem_reg_i_23/O
                         net (fo=1, routed)           0.353     3.176    control_s_axi_U/int_block_out/p_1_in[29]
    RAMB18_X0Y16         RAMB18E2                                     r  control_s_axi_U/int_block_out/mem_reg/DINBDIN[13]
  -------------------------------------------------------------------    -------------------

                         (clock ap_clk rise edge)     6.000     6.000 r  
                                                      0.000     6.000 r  ap_clk (IN)
                         net (fo=427, unset)          0.049     6.049    control_s_axi_U/int_block_out/ap_clk
    RAMB18_X0Y16         RAMB18E2                                     r  control_s_axi_U/int_block_out/mem_reg/CLKBWRCLK
                         clock pessimism              0.000     6.049    
                         clock uncertainty           -0.035     6.014    
    RAMB18_X0Y16         RAMB18E2 (Setup_RAMB18E2_L_RAMB180_CLKBWRCLK_DINBDIN[13])
                                                     -0.381     5.633    control_s_axi_U/int_block_out/mem_reg
  -------------------------------------------------------------------
                         required time                          5.633    
                         arrival time                          -3.176    
  -------------------------------------------------------------------
                         slack                                  2.456    

Slack (MET) :             2.492ns  (required time - arrival time)
  Source:                 reg_238_reg[1]/C
                            (rising edge-triggered cell FDRE clocked by ap_clk  {rise@0.000ns fall@3.000ns period=6.000ns})
  Destination:            control_s_axi_U/int_block_out/mem_reg/DINBDIN[12]
                            (rising edge-triggered cell RAMB18E2 clocked by ap_clk  {rise@0.000ns fall@3.000ns period=6.000ns})
  Path Group:             ap_clk
  Path Type:              Setup (Max at Slow Process Corner)
  Requirement:            6.000ns  (ap_clk rise@6.000ns - ap_clk rise@0.000ns)
  Data Path Delay:        3.065ns  (logic 1.351ns (44.073%)  route 1.714ns (55.927%))
  Logic Levels:           7  (CARRY8=3 LUT2=1 LUT3=1 LUT5=1 LUT6=1)
  Clock Path Skew:        0.006ns (DCD - SCD + CPR)
    Destination Clock Delay (DCD):    0.049ns = ( 6.049 - 6.000 ) 
    Source Clock Delay      (SCD):    0.043ns
    Clock Pessimism Removal (CPR):    0.000ns
  Clock Uncertainty:      0.035ns  ((TSJ^2 + TIJ^2)^1/2 + DJ) / 2 + PE
    Total System Jitter     (TSJ):    0.071ns
    Total Input Jitter      (TIJ):    0.000ns
    Discrete Jitter          (DJ):    0.000ns
    Phase Error              (PE):    0.000ns

    Location             Delay type                Incr(ns)  Path(ns)    Netlist Resource(s)
  -------------------------------------------------------------------    -------------------
                         (clock ap_clk rise edge)     0.000     0.000 r  
                                                      0.000     0.000 r  ap_clk (IN)
                         net (fo=427, unset)          0.043     0.043    ap_clk
    SLICE_X31Y51         FDRE                                         r  reg_238_reg[1]/C
  -------------------------------------------------------------------    -------------------
    SLICE_X31Y51         FDRE (Prop_BFF_SLICEM_C_Q)
                                                      0.112     0.155 r  reg_238_reg[1]/Q
                         net (fo=5, routed)           0.355     0.510    control_s_axi_U/int_block_out/b_7_reg_631_reg[15]_0[1]
    SLICE_X32Y45         LUT2 (Prop_B6LUT_SLICEM_I1_O)
                                                      0.188     0.698 r  control_s_axi_U/int_block_out/b_7_reg_631[7]_i_8/O
                         net (fo=1, routed)           0.022     0.720    control_s_axi_U/int_block_out/b_7_reg_631[7]_i_8_n_0
    SLICE_X32Y45         CARRY8 (Prop_CARRY8_SLICEM_S[1]_CO[7])
                                                      0.267     0.987 r  control_s_axi_U/int_block_out/b_7_reg_631_reg[7]_i_1/CO[7]
                         net (fo=1, routed)           0.030     1.017    control_s_axi_U/int_block_out/b_7_reg_631_reg[7]_i_1_n_0
    SLICE_X32Y46         CARRY8 (Prop_CARRY8_SLICEM_CI_O[0])
                                                      0.086     1.103 r  control_s_axi_U/int_block_out/b_7_reg_631_reg[15]_i_1/O[0]
                         net (fo=4, routed)           0.231     1.334    control_s_axi_U/int_block_out/a_7_reg_575_reg[14]_0[0]
    SLICE_X34Y45         LUT3 (Prop_B6LUT_SLICEM_I2_O)
                                                      0.188     1.522 r  control_s_axi_U/int_block_out/mem_reg_i_92/O
                         net (fo=1, routed)           0.311     1.833    control_s_axi_U/int_block_out/mem_reg_i_92_n_0
    SLICE_X33Y45         CARRY8 (Prop_CARRY8_SLICEL_DI[0]_O[4])
                                                      0.289     2.122 r  control_s_axi_U/int_block_out/mem_reg_i_77/O[4]
                         net (fo=3, routed)           0.370     2.491    control_s_axi_U/int_block_out/a_7_reg_575_reg[14][11]
    SLICE_X28Y46         LUT5 (Prop_G6LUT_SLICEM_I2_O)
                                                      0.137     2.628 r  control_s_axi_U/int_block_out/mem_reg_i_68/O
                         net (fo=1, routed)           0.059     2.687    control_s_axi_U/int_block_out/mem_reg_i_68_n_0
    SLICE_X28Y46         LUT6 (Prop_H6LUT_SLICEM_I5_O)
                                                      0.084     2.771 r  control_s_axi_U/int_block_out/mem_reg_i_24/O
                         net (fo=1, routed)           0.337     3.108    control_s_axi_U/int_block_out/p_1_in[28]
    RAMB18_X0Y16         RAMB18E2                                     r  control_s_axi_U/int_block_out/mem_reg/DINBDIN[12]
  -------------------------------------------------------------------    -------------------

                         (clock ap_clk rise edge)     6.000     6.000 r  
                                                      0.000     6.000 r  ap_clk (IN)
                         net (fo=427, unset)          0.049     6.049    control_s_axi_U/int_block_out/ap_clk
    RAMB18_X0Y16         RAMB18E2                                     r  control_s_axi_U/int_block_out/mem_reg/CLKBWRCLK
                         clock pessimism              0.000     6.049    
                         clock uncertainty           -0.035     6.014    
    RAMB18_X0Y16         RAMB18E2 (Setup_RAMB18E2_L_RAMB180_CLKBWRCLK_DINBDIN[12])
                                                     -0.413     5.601    control_s_axi_U/int_block_out/mem_reg
  -------------------------------------------------------------------
                         required time                          5.601    
                         arrival time                          -3.108    
  -------------------------------------------------------------------
                         slack                                  2.492    





Pulse Width Checks
--------------------------------------------------------------------------------------
Clock Name:         ap_clk
Waveform(ns):       { 0.000 3.000 }
Period(ns):         6.000
Sources:            { ap_clk }

Check Type        Corner  Lib Pin             Reference Pin  Required(ns)  Actual(ns)  Slack(ns)  Location      Pin
Min Period        n/a     RAMB36E2/CLKARDCLK  n/a            1.960         6.000       4.040      RAMB36_X0Y9   control_s_axi_U/int_block_in/mem_reg/CLKARDCLK
Min Period        n/a     RAMB18E2/CLKARDCLK  n/a            1.960         6.000       4.040      RAMB18_X0Y16  control_s_axi_U/int_block_out/mem_reg/CLKARDCLK
Min Period        n/a     RAMB18E2/CLKBWRCLK  n/a            1.960         6.000       4.040      RAMB18_X0Y16  control_s_axi_U/int_block_out/mem_reg/CLKBWRCLK
Min Period        n/a     RAMB36E2/CLKBWRCLK  n/a            1.709         6.000       4.291      RAMB36_X0Y9   control_s_axi_U/int_block_in/mem_reg/CLKBWRCLK
Min Period        n/a     FDRE/C              n/a            0.550         6.000       5.450      SLICE_X34Y46  a_10_reg_587_reg[0]/C
Min Period        n/a     FDRE/C              n/a            0.550         6.000       5.450      SLICE_X29Y48  a_10_reg_587_reg[10]/C
Min Period        n/a     FDRE/C              n/a            0.550         6.000       5.450      SLICE_X29Y48  a_10_reg_587_reg[11]/C
Min Period        n/a     FDRE/C              n/a            0.550         6.000       5.450      SLICE_X29Y48  a_10_reg_587_reg[12]/C
Min Period        n/a     FDRE/C              n/a            0.550         6.000       5.450      SLICE_X29Y48  a_10_reg_587_reg[13]/C
Min Period        n/a     FDRE/C              n/a            0.550         6.000       5.450      SLICE_X29Y48  a_10_reg_587_reg[14]/C
Min Period        n/a     FDRE/C              n/a            0.550         6.000       5.450      SLICE_X29Y48  a_10_reg_587_reg[15]/C
Min Period        n/a     FDRE/C              n/a            0.550         6.000       5.450      SLICE_X29Y46  a_10_reg_587_reg[1]/C
Min Period        n/a     FDRE/C              n/a            0.550         6.000       5.450      SLICE_X29Y46  a_10_reg_587_reg[2]/C
Min Period        n/a     FDRE/C              n/a            0.550         6.000       5.450      SLICE_X29Y46  a_10_reg_587_reg[3]/C
Min Period        n/a     FDRE/C              n/a            0.550         6.000       5.450      SLICE_X29Y46  a_10_reg_587_reg[4]/C
Min Period        n/a     FDRE/C              n/a            0.550         6.000       5.450      SLICE_X29Y46  a_10_reg_587_reg[5]/C
Min Period        n/a     FDRE/C              n/a            0.550         6.000       5.450      SLICE_X29Y46  a_10_reg_587_reg[6]/C
Min Period        n/a     FDRE/C              n/a            0.550         6.000       5.450      SLICE_X29Y46  a_10_reg_587_reg[7]/C
Min Period        n/a     FDRE/C              n/a            0.550         6.000       5.450      SLICE_X29Y47  a_10_reg_587_reg[8]/C
Min Period        n/a     FDRE/C              n/a            0.550         6.000       5.450      SLICE_X29Y48  a_10_reg_587_reg[9]/C
Low Pulse Width   Slow    RAMB36E2/CLKARDCLK  n/a            0.577         3.000       2.423      RAMB36_X0Y9   control_s_axi_U/int_block_in/mem_reg/CLKARDCLK
Low Pulse Width   Fast    RAMB36E2/CLKARDCLK  n/a            0.577         3.000       2.423      RAMB36_X0Y9   control_s_axi_U/int_block_in/mem_reg/CLKARDCLK
Low Pulse Width   Slow    RAMB36E2/CLKBWRCLK  n/a            0.577         3.000       2.423      RAMB36_X0Y9   control_s_axi_U/int_block_in/mem_reg/CLKBWRCLK
Low Pulse Width   Fast    RAMB36E2/CLKBWRCLK  n/a            0.577         3.000       2.423      RAMB36_X0Y9   control_s_axi_U/int_block_in/mem_reg/CLKBWRCLK
Low Pulse Width   Slow    RAMB18E2/CLKARDCLK  n/a            0.577         3.000       2.423      RAMB18_X0Y16  control_s_axi_U/int_block_out/mem_reg/CLKARDCLK
Low Pulse Width   Fast    RAMB18E2/CLKARDCLK  n/a            0.577         3.000       2.423      RAMB18_X0Y16  control_s_axi_U/int_block_out/mem_reg/CLKARDCLK
Low Pulse Width   Slow    RAMB18E2/CLKBWRCLK  n/a            0.577         3.000       2.423      RAMB18_X0Y16  control_s_axi_U/int_block_out/mem_reg/CLKBWRCLK
Low Pulse Width   Fast    RAMB18E2/CLKBWRCLK  n/a            0.577         3.000       2.423      RAMB18_X0Y16  control_s_axi_U/int_block_out/mem_reg/CLKBWRCLK
Low Pulse Width   Slow    FDRE/C              n/a            0.275         3.000       2.725      SLICE_X34Y46  a_10_reg_587_reg[0]/C
Low Pulse Width   Fast    FDRE/C              n/a            0.275         3.000       2.725      SLICE_X34Y46  a_10_reg_587_reg[0]/C
Low Pulse Width   Slow    FDRE/C              n/a            0.275         3.000       2.725      SLICE_X29Y48  a_10_reg_587_reg[10]/C
Low Pulse Width   Fast    FDRE/C              n/a            0.275         3.000       2.725      SLICE_X29Y48  a_10_reg_587_reg[10]/C
Low Pulse Width   Slow    FDRE/C              n/a            0.275         3.000       2.725      SLICE_X29Y48  a_10_reg_587_reg[11]/C
Low Pulse Width   Fast    FDRE/C              n/a            0.275         3.000       2.725      SLICE_X29Y48  a_10_reg_587_reg[11]/C
Low Pulse Width   Slow    FDRE/C              n/a            0.275         3.000       2.725      SLICE_X29Y48  a_10_reg_587_reg[12]/C
Low Pulse Width   Fast    FDRE/C              n/a            0.275         3.000       2.725      SLICE_X29Y48  a_10_reg_587_reg[12]/C
Low Pulse Width   Slow    FDRE/C              n/a            0.275         3.000       2.725      SLICE_X29Y48  a_10_reg_587_reg[13]/C
Low Pulse Width   Fast    FDRE/C              n/a            0.275         3.000       2.725      SLICE_X29Y48  a_10_reg_587_reg[13]/C
Low Pulse Width   Slow    FDRE/C              n/a            0.275         3.000       2.725      SLICE_X29Y48  a_10_reg_587_reg[14]/C
Low Pulse Width   Fast    FDRE/C              n/a            0.275         3.000       2.725      SLICE_X29Y48  a_10_reg_587_reg[14]/C
High Pulse Width  Slow    RAMB36E2/CLKARDCLK  n/a            0.577         3.000       2.423      RAMB36_X0Y9   control_s_axi_U/int_block_in/mem_reg/CLKARDCLK
High Pulse Width  Fast    RAMB36E2/CLKARDCLK  n/a            0.577         3.000       2.423      RAMB36_X0Y9   control_s_axi_U/int_block_in/mem_reg/CLKARDCLK
High Pulse Width  Slow    RAMB36E2/CLKBWRCLK  n/a            0.577         3.000       2.423      RAMB36_X0Y9   control_s_axi_U/int_block_in/mem_reg/CLKBWRCLK
High Pulse Width  Fast    RAMB36E2/CLKBWRCLK  n/a            0.577         3.000       2.423      RAMB36_X0Y9   control_s_axi_U/int_block_in/mem_reg/CLKBWRCLK
High Pulse Width  Slow    RAMB18E2/CLKARDCLK  n/a            0.577         3.000       2.423      RAMB18_X0Y16  control_s_axi_U/int_block_out/mem_reg/CLKARDCLK
High Pulse Width  Fast    RAMB18E2/CLKARDCLK  n/a            0.577         3.000       2.423      RAMB18_X0Y16  control_s_axi_U/int_block_out/mem_reg/CLKARDCLK
High Pulse Width  Slow    RAMB18E2/CLKBWRCLK  n/a            0.577         3.000       2.423      RAMB18_X0Y16  control_s_axi_U/int_block_out/mem_reg/CLKBWRCLK
High Pulse Width  Fast    RAMB18E2/CLKBWRCLK  n/a            0.577         3.000       2.423      RAMB18_X0Y16  control_s_axi_U/int_block_out/mem_reg/CLKBWRCLK
High Pulse Width  Slow    FDRE/C              n/a            0.275         3.000       2.725      SLICE_X34Y46  a_10_reg_587_reg[0]/C
High Pulse Width  Fast    FDRE/C              n/a            0.275         3.000       2.725      SLICE_X34Y46  a_10_reg_587_reg[0]/C
High Pulse Width  Slow    FDRE/C              n/a            0.275         3.000       2.725      SLICE_X29Y48  a_10_reg_587_reg[10]/C
High Pulse Width  Fast    FDRE/C              n/a            0.275         3.000       2.725      SLICE_X29Y48  a_10_reg_587_reg[10]/C
High Pulse Width  Slow    FDRE/C              n/a            0.275         3.000       2.725      SLICE_X29Y48  a_10_reg_587_reg[11]/C
High Pulse Width  Fast    FDRE/C              n/a            0.275         3.000       2.725      SLICE_X29Y48  a_10_reg_587_reg[11]/C
High Pulse Width  Slow    FDRE/C              n/a            0.275         3.000       2.725      SLICE_X29Y48  a_10_reg_587_reg[12]/C
High Pulse Width  Fast    FDRE/C              n/a            0.275         3.000       2.725      SLICE_X29Y48  a_10_reg_587_reg[12]/C
High Pulse Width  Slow    FDRE/C              n/a            0.275         3.000       2.725      SLICE_X29Y48  a_10_reg_587_reg[13]/C
High Pulse Width  Fast    FDRE/C              n/a            0.275         3.000       2.725      SLICE_X29Y48  a_10_reg_587_reg[13]/C
High Pulse Width  Slow    FDRE/C              n/a            0.275         3.000       2.725      SLICE_X29Y48  a_10_reg_587_reg[14]/C
High Pulse Width  Fast    FDRE/C              n/a            0.275         3.000       2.725      SLICE_X29Y48  a_10_reg_587_reg[14]/C



