Copyright 1986-2022 Xilinx, Inc. All Rights Reserved. Copyright 2022-2024 Advanced Micro Devices, Inc. All Rights Reserved.
------------------------------------------------------------------------------------------------------------------------------------------------------------------------------------------------------------------------------------------------------
| Tool Version      : Vivado v.2024.1 (lin64) Build 5076996 Wed May 22 18:36:09 MDT 2024
| Date              : Thu Aug  6 01:43:30 2026
| Host              : linux running 64-bit Ubuntu 22.04.5 LTS
| Command           : report_timing_summary -delay_type max -max_paths 20 -file ${PROJECT_ROOT}/ProyectoFinal/HLS/reports/baseline_forward/timing_sweep/6p0ns/timing_post_route.rpt
| Design            : wht_multiplier_forward
| Device            : xck26-sfvc784
| Speed File        : -2LV  PRODUCTION 1.30 05-15-2022
| Design State      : Routed
| Temperature Grade : C
------------------------------------------------------------------------------------------------------------------------------------------------------------------------------------------------------------------------------------------------------

Timing Summary Report

------------------------------------------------------------------------------------------------
| Timer Settings
| --------------
------------------------------------------------------------------------------------------------

  Enable Multi Corner Analysis               :  Yes
  Enable Pessimism Removal                   :  Yes
  Pessimism Removal Resolution               :  Nearest Common Node
  Enable Input Delay Default Clock           :  No
  Enable Preset / Clear Arcs                 :  No
  Disable Flight Delays                      :  No
  Ignore I/O Paths                           :  No
  Timing Early Launch at Borrowing Latches   :  No
  Borrow Time for Max Delay Exceptions       :  Yes
  Merge Timing Exceptions                    :  Yes
  Inter-SLR Compensation                     :  Conservative

  Corner  Analyze    Analyze    
  Name    Max Paths  Min Paths  
  ------  ---------  ---------  
  Slow    Yes        Yes        
  Fast    Yes        Yes        


------------------------------------------------------------------------------------------------
| Report Methodology
| ------------------
------------------------------------------------------------------------------------------------

No report available as report_methodology has not been run prior. Run report_methodology on the current design for the summary of methodology violations.



check_timing report

Table of Contents
-----------------
1. checking no_clock (0)
2. checking constant_clock (0)
3. checking pulse_width_clock (0)
4. checking unconstrained_internal_endpoints (0)
5. checking no_input_delay (52)
6. checking no_output_delay (38)
7. checking multiple_clock (0)
8. checking generated_clocks (0)
9. checking loops (0)
10. checking partial_input_delay (0)
11. checking partial_output_delay (0)
12. checking latch_loops (0)

1. checking no_clock (0)
------------------------
 There are 0 register/latch pins with no clock.


2. checking constant_clock (0)
------------------------------
 There are 0 register/latch pins with constant_clock.


3. checking pulse_width_clock (0)
---------------------------------
 There are 0 register/latch pins which need pulse_width check


4. checking unconstrained_internal_endpoints (0)
------------------------------------------------
 There are 0 pins that are not constrained for maximum delay.

 There are 0 pins that are not constrained for maximum delay due to constant clock.


5. checking no_input_delay (52)
-------------------------------
 There are 52 input ports with no input delay specified. (HIGH)

 There are 0 input ports with no input delay but user has a false path constraint.


6. checking no_output_delay (38)
--------------------------------
 There are 38 ports with no output delay specified. (HIGH)

 There are 0 ports with no output delay but user has a false path constraint

 There are 0 ports with no output delay but with a timing clock defined on it or propagating through it


7. checking multiple_clock (0)
------------------------------
 There are 0 register/latch pins with multiple clocks.


8. checking generated_clocks (0)
--------------------------------
 There are 0 generated clocks that are not connected to a clock source.


9. checking loops (0)
---------------------
 There are 0 combinational loops in the design.


10. checking partial_input_delay (0)
------------------------------------
 There are 0 input ports with partial input delay specified.


11. checking partial_output_delay (0)
-------------------------------------
 There are 0 ports with partial output delay specified.


12. checking latch_loops (0)
----------------------------
 There are 0 combinational latch loops in the design through latch input



------------------------------------------------------------------------------------------------
| Design Timing Summary
| ---------------------
------------------------------------------------------------------------------------------------

    WNS(ns)      TNS(ns)  TNS Failing Endpoints  TNS Total Endpoints     WPWS(ns)     TPWS(ns)  TPWS Failing Endpoints  TPWS Total Endpoints  
    -------      -------  ---------------------  -------------------     --------     --------  ----------------------  --------------------  
      1.647        0.000                      0                 1870        2.423        0.000                       0                   401  


All user specified timing constraints are met.


------------------------------------------------------------------------------------------------
| Clock Summary
| -------------
------------------------------------------------------------------------------------------------

Clock   Waveform(ns)         Period(ns)      Frequency(MHz)
-----   ------------         ----------      --------------
ap_clk  {0.000 3.000}        6.000           166.667         


------------------------------------------------------------------------------------------------
| Intra Clock Table
| -----------------
------------------------------------------------------------------------------------------------

Clock             WNS(ns)      TNS(ns)  TNS Failing Endpoints  TNS Total Endpoints     WPWS(ns)     TPWS(ns)  TPWS Failing Endpoints  TPWS Total Endpoints  
-----             -------      -------  ---------------------  -------------------     --------     --------  ----------------------  --------------------  
ap_clk              1.647        0.000                      0                 1870        2.423        0.000                       0                   401  


------------------------------------------------------------------------------------------------
| Inter Clock Table
| -----------------
------------------------------------------------------------------------------------------------

From Clock    To Clock          WNS(ns)      TNS(ns)  TNS Failing Endpoints  TNS Total Endpoints  
----------    --------          -------      -------  ---------------------  -------------------  


------------------------------------------------------------------------------------------------
| Other Path Groups Table
| -----------------------
------------------------------------------------------------------------------------------------

Path Group    From Clock    To Clock          WNS(ns)      TNS(ns)  TNS Failing Endpoints  TNS Total Endpoints  
----------    ----------    --------          -------      -------  ---------------------  -------------------  


------------------------------------------------------------------------------------------------
| Timing Details
| --------------
------------------------------------------------------------------------------------------------


---------------------------------------------------------------------------------------------------
From Clock:  ap_clk
  To Clock:  ap_clk

Setup :            0  Failing Endpoints,  Worst Slack        1.647ns,  Total Violation        0.000ns
Hold  :           NA  Failing Endpoints,  Worst Slack           NA  ,  Total Violation           NA
PW    :            0  Failing Endpoints,  Worst Slack        2.423ns,  Total Violation        0.000ns
---------------------------------------------------------------------------------------------------


Max Delay Paths
--------------------------------------------------------------------------------------
Slack (MET) :             1.647ns  (required time - arrival time)
  Source:                 control_s_axi_U/int_input_r/mem_reg/CLKBWRCLK
                            (rising edge-triggered cell RAMB36E2 clocked by ap_clk  {rise@0.000ns fall@3.000ns period=6.000ns})
  Destination:            mul_16s_16s_31_1_1_U7/tmp_product/DSP_A_B_DATA_INST/A[13]
                            (rising edge-triggered cell DSP_A_B_DATA clocked by ap_clk  {rise@0.000ns fall@3.000ns period=6.000ns})
  Path Group:             ap_clk
  Path Type:              Setup (Max at Slow Process Corner)
  Requirement:            6.000ns  (ap_clk rise@6.000ns - ap_clk rise@0.000ns)
  Data Path Delay:        3.741ns  (logic 2.286ns (61.112%)  route 1.455ns (38.888%))
  Logic Levels:           5  (CARRY8=3 LUT2=1 LUT4=1)
  Clock Path Skew:        -0.051ns (DCD - SCD + CPR)
    Destination Clock Delay (DCD):    0.055ns = ( 6.055 - 6.000 ) 
    Source Clock Delay      (SCD):    0.106ns
    Clock Pessimism Removal (CPR):    0.000ns
  Clock Uncertainty:      0.035ns  ((TSJ^2 + TIJ^2)^1/2 + DJ) / 2 + PE
    Total System Jitter     (TSJ):    0.071ns
    Total Input Jitter      (TIJ):    0.000ns
    Discrete Jitter          (DJ):    0.000ns
    Phase Error              (PE):    0.000ns

    Location             Delay type                Incr(ns)  Path(ns)    Netlist Resource(s)
  -------------------------------------------------------------------    -------------------
                         (clock ap_clk rise edge)     0.000     0.000 r  
                                                      0.000     0.000 r  ap_clk (IN)
                         net (fo=446, unset)          0.106     0.106    control_s_axi_U/int_input_r/ap_clk
    RAMB36_X0Y1          RAMB36E2                                     r  control_s_axi_U/int_input_r/mem_reg/CLKBWRCLK
  -------------------------------------------------------------------    -------------------
    RAMB36_X0Y1          RAMB36E2 (Prop_RAMB36E2_RAMB36_CLKBWRCLK_DOUTBDOUT[0])
                                                      1.382     1.488 r  control_s_axi_U/int_input_r/mem_reg/DOUTBDOUT[0]
                         net (fo=3, routed)           0.475     1.963    control_s_axi_U/int_input_r/int_input_r_q0[0]
    SLICE_X27Y8          LUT4 (Prop_A6LUT_SLICEL_I1_O)
                                                      0.082     2.045 r  control_s_axi_U/int_input_r/tmp_product_i_19__0/O
                         net (fo=1, routed)           0.014     2.059    control_s_axi_U/int_input_r/tmp_product_i_19__0_n_0
    SLICE_X27Y8          CARRY8 (Prop_CARRY8_SLICEL_S[0]_O[7])
                                                      0.332     2.391 r  control_s_axi_U/int_input_r/tmp_product_i_3__0/O[7]
                         net (fo=2, routed)           0.389     2.780    control_s_axi_U/int_input_r/A[7]
    SLICE_X28Y10         LUT2 (Prop_H6LUT_SLICEM_I1_O)
                                                      0.138     2.918 r  control_s_axi_U/int_input_r/trunc_ln15_5_reg_648_reg_i_12/O
                         net (fo=1, routed)           0.021     2.939    control_s_axi_U/int_input_r/trunc_ln15_5_reg_648_reg_i_12_n_0
    SLICE_X28Y10         CARRY8 (Prop_CARRY8_SLICEM_S[7]_CO[7])
                                                      0.175     3.114 r  control_s_axi_U/int_input_r/trunc_ln15_5_reg_648_reg_i_3/CO[7]
                         net (fo=1, routed)           0.030     3.144    control_s_axi_U/int_input_r/trunc_ln15_5_reg_648_reg_i_3_n_0
    SLICE_X28Y11         CARRY8 (Prop_CARRY8_SLICEM_CI_O[5])
                                                      0.177     3.321 r  control_s_axi_U/int_input_r/trunc_ln15_5_reg_648_reg_i_2/O[5]
                         net (fo=4, routed)           0.525     3.847    mul_16s_16s_31_1_1_U7/tmp_product/A[13]
    DSP48E2_X7Y2         DSP_A_B_DATA                                 r  mul_16s_16s_31_1_1_U7/tmp_product/DSP_A_B_DATA_INST/A[13]
  -------------------------------------------------------------------    -------------------

                         (clock ap_clk rise edge)     6.000     6.000 r  
                                                      0.000     6.000 r  ap_clk (IN)
                         net (fo=446, unset)          0.055     6.055    mul_16s_16s_31_1_1_U7/tmp_product/CLK
    DSP48E2_X7Y2         DSP_A_B_DATA                                 r  mul_16s_16s_31_1_1_U7/tmp_product/DSP_A_B_DATA_INST/CLK
                         clock pessimism              0.000     6.055    
                         clock uncertainty           -0.035     6.020    
    DSP48E2_X7Y2         DSP_A_B_DATA (Setup_DSP_A_B_DATA_DSP48E2_CLK_A[13])
                                                     -0.526     5.494    mul_16s_16s_31_1_1_U7/tmp_product/DSP_A_B_DATA_INST
  -------------------------------------------------------------------
                         required time                          5.494    
                         arrival time                          -3.847    
  -------------------------------------------------------------------
                         slack                                  1.647    

Slack (MET) :             1.673ns  (required time - arrival time)
  Source:                 control_s_axi_U/int_input_r/mem_reg/CLKBWRCLK
                            (rising edge-triggered cell RAMB36E2 clocked by ap_clk  {rise@0.000ns fall@3.000ns period=6.000ns})
  Destination:            mul_16s_16s_31_1_1_U7/tmp_product/DSP_A_B_DATA_INST/A[22]
                            (rising edge-triggered cell DSP_A_B_DATA clocked by ap_clk  {rise@0.000ns fall@3.000ns period=6.000ns})
  Path Group:             ap_clk
  Path Type:              Setup (Max at Slow Process Corner)
  Requirement:            6.000ns  (ap_clk rise@6.000ns - ap_clk rise@0.000ns)
  Data Path Delay:        3.755ns  (logic 2.296ns (61.144%)  route 1.459ns (38.856%))
  Logic Levels:           5  (CARRY8=3 LUT2=1 LUT4=1)
  Clock Path Skew:        -0.051ns (DCD - SCD + CPR)
    Destination Clock Delay (DCD):    0.055ns = ( 6.055 - 6.000 ) 
    Source Clock Delay      (SCD):    0.106ns
    Clock Pessimism Removal (CPR):    0.000ns
  Clock Uncertainty:      0.035ns  ((TSJ^2 + TIJ^2)^1/2 + DJ) / 2 + PE
    Total System Jitter     (TSJ):    0.071ns
    Total Input Jitter      (TIJ):    0.000ns
    Discrete Jitter          (DJ):    0.000ns
    Phase Error              (PE):    0.000ns

    Location             Delay type                Incr(ns)  Path(ns)    Netlist Resource(s)
  -------------------------------------------------------------------    -------------------
                         (clock ap_clk rise edge)     0.000     0.000 r  
                                                      0.000     0.000 r  ap_clk (IN)
                         net (fo=446, unset)          0.106     0.106    control_s_axi_U/int_input_r/ap_clk
    RAMB36_X0Y1          RAMB36E2                                     r  control_s_axi_U/int_input_r/mem_reg/CLKBWRCLK
  -------------------------------------------------------------------    -------------------
    RAMB36_X0Y1          RAMB36E2 (Prop_RAMB36E2_RAMB36_CLKBWRCLK_DOUTBDOUT[0])
                                                      1.382     1.488 r  control_s_axi_U/int_input_r/mem_reg/DOUTBDOUT[0]
                         net (fo=3, routed)           0.475     1.963    control_s_axi_U/int_input_r/int_input_r_q0[0]
    SLICE_X27Y8          LUT4 (Prop_A6LUT_SLICEL_I1_O)
                                                      0.082     2.045 r  control_s_axi_U/int_input_r/tmp_product_i_19__0/O
                         net (fo=1, routed)           0.014     2.059    control_s_axi_U/int_input_r/tmp_product_i_19__0_n_0
    SLICE_X27Y8          CARRY8 (Prop_CARRY8_SLICEL_S[0]_O[7])
                                                      0.332     2.391 r  control_s_axi_U/int_input_r/tmp_product_i_3__0/O[7]
                         net (fo=2, routed)           0.389     2.780    control_s_axi_U/int_input_r/A[7]
    SLICE_X28Y10         LUT2 (Prop_H6LUT_SLICEM_I1_O)
                                                      0.138     2.918 r  control_s_axi_U/int_input_r/trunc_ln15_5_reg_648_reg_i_12/O
                         net (fo=1, routed)           0.021     2.939    control_s_axi_U/int_input_r/trunc_ln15_5_reg_648_reg_i_12_n_0
    SLICE_X28Y10         CARRY8 (Prop_CARRY8_SLICEM_S[7]_CO[7])
                                                      0.175     3.114 r  control_s_axi_U/int_input_r/trunc_ln15_5_reg_648_reg_i_3/CO[7]
                         net (fo=1, routed)           0.030     3.144    control_s_axi_U/int_input_r/trunc_ln15_5_reg_648_reg_i_3_n_0
    SLICE_X28Y11         CARRY8 (Prop_CARRY8_SLICEM_CI_O[7])
                                                      0.187     3.331 r  control_s_axi_U/int_input_r/trunc_ln15_5_reg_648_reg_i_2/O[7]
                         net (fo=32, routed)          0.530     3.861    mul_16s_16s_31_1_1_U7/tmp_product/A[22]
    DSP48E2_X7Y2         DSP_A_B_DATA                                 r  mul_16s_16s_31_1_1_U7/tmp_product/DSP_A_B_DATA_INST/A[22]
  -------------------------------------------------------------------    -------------------

                         (clock ap_clk rise edge)     6.000     6.000 r  
                                                      0.000     6.000 r  ap_clk (IN)
                         net (fo=446, unset)          0.055     6.055    mul_16s_16s_31_1_1_U7/tmp_product/CLK
    DSP48E2_X7Y2         DSP_A_B_DATA                                 r  mul_16s_16s_31_1_1_U7/tmp_product/DSP_A_B_DATA_INST/CLK
                         clock pessimism              0.000     6.055    
                         clock uncertainty           -0.035     6.020    
    DSP48E2_X7Y2         DSP_A_B_DATA (Setup_DSP_A_B_DATA_DSP48E2_CLK_A[22])
                                                     -0.486     5.534    mul_16s_16s_31_1_1_U7/tmp_product/DSP_A_B_DATA_INST
  -------------------------------------------------------------------
                         required time                          5.534    
                         arrival time                          -3.861    
  -------------------------------------------------------------------
                         slack                                  1.673    

Slack (MET) :             1.673ns  (required time - arrival time)
  Source:                 control_s_axi_U/int_input_r/mem_reg/CLKBWRCLK
                            (rising edge-triggered cell RAMB36E2 clocked by ap_clk  {rise@0.000ns fall@3.000ns period=6.000ns})
  Destination:            mul_16s_16s_31_1_1_U7/tmp_product/DSP_A_B_DATA_INST/A[26]
                            (rising edge-triggered cell DSP_A_B_DATA clocked by ap_clk  {rise@0.000ns fall@3.000ns period=6.000ns})
  Path Group:             ap_clk
  Path Type:              Setup (Max at Slow Process Corner)
  Requirement:            6.000ns  (ap_clk rise@6.000ns - ap_clk rise@0.000ns)
  Data Path Delay:        3.702ns  (logic 2.296ns (62.014%)  route 1.406ns (37.986%))
  Logic Levels:           5  (CARRY8=3 LUT2=1 LUT4=1)
  Clock Path Skew:        -0.051ns (DCD - SCD + CPR)
    Destination Clock Delay (DCD):    0.055ns = ( 6.055 - 6.000 ) 
    Source Clock Delay      (SCD):    0.106ns
    Clock Pessimism Removal (CPR):    0.000ns
  Clock Uncertainty:      0.035ns  ((TSJ^2 + TIJ^2)^1/2 + DJ) / 2 + PE
    Total System Jitter     (TSJ):    0.071ns
    Total Input Jitter      (TIJ):    0.000ns
    Discrete Jitter          (DJ):    0.000ns
    Phase Error              (PE):    0.000ns

    Location             Delay type                Incr(ns)  Path(ns)    Netlist Resource(s)
  -------------------------------------------------------------------    -------------------
                         (clock ap_clk rise edge)     0.000     0.000 r  
                                                      0.000     0.000 r  ap_clk (IN)
                         net (fo=446, unset)          0.106     0.106    control_s_axi_U/int_input_r/ap_clk
    RAMB36_X0Y1          RAMB36E2                                     r  control_s_axi_U/int_input_r/mem_reg/CLKBWRCLK
  -------------------------------------------------------------------    -------------------
    RAMB36_X0Y1          RAMB36E2 (Prop_RAMB36E2_RAMB36_CLKBWRCLK_DOUTBDOUT[0])
                                                      1.382     1.488 r  control_s_axi_U/int_input_r/mem_reg/DOUTBDOUT[0]
                         net (fo=3, routed)           0.475     1.963    control_s_axi_U/int_input_r/int_input_r_q0[0]
    SLICE_X27Y8          LUT4 (Prop_A6LUT_SLICEL_I1_O)
                                                      0.082     2.045 r  control_s_axi_U/int_input_r/tmp_product_i_19__0/O
                         net (fo=1, routed)           0.014     2.059    control_s_axi_U/int_input_r/tmp_product_i_19__0_n_0
    SLICE_X27Y8          CARRY8 (Prop_CARRY8_SLICEL_S[0]_O[7])
                                                      0.332     2.391 r  control_s_axi_U/int_input_r/tmp_product_i_3__0/O[7]
                         net (fo=2, routed)           0.389     2.780    control_s_axi_U/int_input_r/A[7]
    SLICE_X28Y10         LUT2 (Prop_H6LUT_SLICEM_I1_O)
                                                      0.138     2.918 r  control_s_axi_U/int_input_r/trunc_ln15_5_reg_648_reg_i_12/O
                         net (fo=1, routed)           0.021     2.939    control_s_axi_U/int_input_r/trunc_ln15_5_reg_648_reg_i_12_n_0
    SLICE_X28Y10         CARRY8 (Prop_CARRY8_SLICEM_S[7]_CO[7])
                                                      0.175     3.114 r  control_s_axi_U/int_input_r/trunc_ln15_5_reg_648_reg_i_3/CO[7]
                         net (fo=1, routed)           0.030     3.144    control_s_axi_U/int_input_r/trunc_ln15_5_reg_648_reg_i_3_n_0
    SLICE_X28Y11         CARRY8 (Prop_CARRY8_SLICEM_CI_O[7])
                                                      0.187     3.331 r  control_s_axi_U/int_input_r/trunc_ln15_5_reg_648_reg_i_2/O[7]
                         net (fo=32, routed)          0.477     3.808    mul_16s_16s_31_1_1_U7/tmp_product/A[26]
    DSP48E2_X7Y2         DSP_A_B_DATA                                 r  mul_16s_16s_31_1_1_U7/tmp_product/DSP_A_B_DATA_INST/A[26]
  -------------------------------------------------------------------    -------------------

                         (clock ap_clk rise edge)     6.000     6.000 r  
                                                      0.000     6.000 r  ap_clk (IN)
                         net (fo=446, unset)          0.055     6.055    mul_16s_16s_31_1_1_U7/tmp_product/CLK
    DSP48E2_X7Y2         DSP_A_B_DATA                                 r  mul_16s_16s_31_1_1_U7/tmp_product/DSP_A_B_DATA_INST/CLK
                         clock pessimism              0.000     6.055    
                         clock uncertainty           -0.035     6.020    
    DSP48E2_X7Y2         DSP_A_B_DATA (Setup_DSP_A_B_DATA_DSP48E2_CLK_A[26])
                                                     -0.538     5.482    mul_16s_16s_31_1_1_U7/tmp_product/DSP_A_B_DATA_INST
  -------------------------------------------------------------------
                         required time                          5.482    
                         arrival time                          -3.808    
  -------------------------------------------------------------------
                         slack                                  1.673    

Slack (MET) :             1.682ns  (required time - arrival time)
  Source:                 control_s_axi_U/int_input_r/mem_reg/CLKBWRCLK
                            (rising edge-triggered cell RAMB36E2 clocked by ap_clk  {rise@0.000ns fall@3.000ns period=6.000ns})
  Destination:            mul_16s_16s_31_1_1_U7/tmp_product/DSP_A_B_DATA_INST/A[27]
                            (rising edge-triggered cell DSP_A_B_DATA clocked by ap_clk  {rise@0.000ns fall@3.000ns period=6.000ns})
  Path Group:             ap_clk
  Path Type:              Setup (Max at Slow Process Corner)
  Requirement:            6.000ns  (ap_clk rise@6.000ns - ap_clk rise@0.000ns)
  Data Path Delay:        3.698ns  (logic 2.296ns (62.092%)  route 1.402ns (37.908%))
  Logic Levels:           5  (CARRY8=3 LUT2=1 LUT4=1)
  Clock Path Skew:        -0.051ns (DCD - SCD + CPR)
    Destination Clock Delay (DCD):    0.055ns = ( 6.055 - 6.000 ) 
    Source Clock Delay      (SCD):    0.106ns
    Clock Pessimism Removal (CPR):    0.000ns
  Clock Uncertainty:      0.035ns  ((TSJ^2 + TIJ^2)^1/2 + DJ) / 2 + PE
    Total System Jitter     (TSJ):    0.071ns
    Total Input Jitter      (TIJ):    0.000ns
    Discrete Jitter          (DJ):    0.000ns
    Phase Error              (PE):    0.000ns

    Location             Delay type                Incr(ns)  Path(ns)    Netlist Resource(s)
  -------------------------------------------------------------------    -------------------
                         (clock ap_clk rise edge)     0.000     0.000 r  
                                                      0.000     0.000 r  ap_clk (IN)
                         net (fo=446, unset)          0.106     0.106    control_s_axi_U/int_input_r/ap_clk
    RAMB36_X0Y1          RAMB36E2                                     r  control_s_axi_U/int_input_r/mem_reg/CLKBWRCLK
  -------------------------------------------------------------------    -------------------
    RAMB36_X0Y1          RAMB36E2 (Prop_RAMB36E2_RAMB36_CLKBWRCLK_DOUTBDOUT[0])
                                                      1.382     1.488 r  control_s_axi_U/int_input_r/mem_reg/DOUTBDOUT[0]
                         net (fo=3, routed)           0.475     1.963    control_s_axi_U/int_input_r/int_input_r_q0[0]
    SLICE_X27Y8          LUT4 (Prop_A6LUT_SLICEL_I1_O)
                                                      0.082     2.045 r  control_s_axi_U/int_input_r/tmp_product_i_19__0/O
                         net (fo=1, routed)           0.014     2.059    control_s_axi_U/int_input_r/tmp_product_i_19__0_n_0
    SLICE_X27Y8          CARRY8 (Prop_CARRY8_SLICEL_S[0]_O[7])
                                                      0.332     2.391 r  control_s_axi_U/int_input_r/tmp_product_i_3__0/O[7]
                         net (fo=2, routed)           0.389     2.780    control_s_axi_U/int_input_r/A[7]
    SLICE_X28Y10         LUT2 (Prop_H6LUT_SLICEM_I1_O)
                                                      0.138     2.918 r  control_s_axi_U/int_input_r/trunc_ln15_5_reg_648_reg_i_12/O
                         net (fo=1, routed)           0.021     2.939    control_s_axi_U/int_input_r/trunc_ln15_5_reg_648_reg_i_12_n_0
    SLICE_X28Y10         CARRY8 (Prop_CARRY8_SLICEM_S[7]_CO[7])
                                                      0.175     3.114 r  control_s_axi_U/int_input_r/trunc_ln15_5_reg_648_reg_i_3/CO[7]
                         net (fo=1, routed)           0.030     3.144    control_s_axi_U/int_input_r/trunc_ln15_5_reg_648_reg_i_3_n_0
    SLICE_X28Y11         CARRY8 (Prop_CARRY8_SLICEM_CI_O[7])
                                                      0.187     3.331 r  control_s_axi_U/int_input_r/trunc_ln15_5_reg_648_reg_i_2/O[7]
                         net (fo=32, routed)          0.472     3.804    mul_16s_16s_31_1_1_U7/tmp_product/A[27]
    DSP48E2_X7Y2         DSP_A_B_DATA                                 r  mul_16s_16s_31_1_1_U7/tmp_product/DSP_A_B_DATA_INST/A[27]
  -------------------------------------------------------------------    -------------------

                         (clock ap_clk rise edge)     6.000     6.000 r  
                                                      0.000     6.000 r  ap_clk (IN)
                         net (fo=446, unset)          0.055     6.055    mul_16s_16s_31_1_1_U7/tmp_product/CLK
    DSP48E2_X7Y2         DSP_A_B_DATA                                 r  mul_16s_16s_31_1_1_U7/tmp_product/DSP_A_B_DATA_INST/CLK
                         clock pessimism              0.000     6.055    
                         clock uncertainty           -0.035     6.020    
    DSP48E2_X7Y2         DSP_A_B_DATA (Setup_DSP_A_B_DATA_DSP48E2_CLK_A[27])
                                                     -0.534     5.486    mul_16s_16s_31_1_1_U7/tmp_product/DSP_A_B_DATA_INST
  -------------------------------------------------------------------
                         required time                          5.486    
                         arrival time                          -3.804    
  -------------------------------------------------------------------
                         slack                                  1.682    

Slack (MET) :             1.690ns  (required time - arrival time)
  Source:                 control_s_axi_U/int_input_r/mem_reg/CLKBWRCLK
                            (rising edge-triggered cell RAMB36E2 clocked by ap_clk  {rise@0.000ns fall@3.000ns period=6.000ns})
  Destination:            trunc_ln15_5_reg_648_reg/DSP_A_B_DATA_INST/A[28]
                            (rising edge-triggered cell DSP_A_B_DATA clocked by ap_clk  {rise@0.000ns fall@3.000ns period=6.000ns})
  Path Group:             ap_clk
  Path Type:              Setup (Max at Slow Process Corner)
  Requirement:            6.000ns  (ap_clk rise@6.000ns - ap_clk rise@0.000ns)
  Data Path Delay:        3.666ns  (logic 2.296ns (62.627%)  route 1.370ns (37.373%))
  Logic Levels:           5  (CARRY8=3 LUT2=1 LUT4=1)
  Clock Path Skew:        -0.051ns (DCD - SCD + CPR)
    Destination Clock Delay (DCD):    0.055ns = ( 6.055 - 6.000 ) 
    Source Clock Delay      (SCD):    0.106ns
    Clock Pessimism Removal (CPR):    0.000ns
  Clock Uncertainty:      0.035ns  ((TSJ^2 + TIJ^2)^1/2 + DJ) / 2 + PE
    Total System Jitter     (TSJ):    0.071ns
    Total Input Jitter      (TIJ):    0.000ns
    Discrete Jitter          (DJ):    0.000ns
    Phase Error              (PE):    0.000ns

    Location             Delay type                Incr(ns)  Path(ns)    Netlist Resource(s)
  -------------------------------------------------------------------    -------------------
                         (clock ap_clk rise edge)     0.000     0.000 r  
                                                      0.000     0.000 r  ap_clk (IN)
                         net (fo=446, unset)          0.106     0.106    control_s_axi_U/int_input_r/ap_clk
    RAMB36_X0Y1          RAMB36E2                                     r  control_s_axi_U/int_input_r/mem_reg/CLKBWRCLK
  -------------------------------------------------------------------    -------------------
    RAMB36_X0Y1          RAMB36E2 (Prop_RAMB36E2_RAMB36_CLKBWRCLK_DOUTBDOUT[0])
                                                      1.382     1.488 r  control_s_axi_U/int_input_r/mem_reg/DOUTBDOUT[0]
                         net (fo=3, routed)           0.475     1.963    control_s_axi_U/int_input_r/int_input_r_q0[0]
    SLICE_X27Y8          LUT4 (Prop_A6LUT_SLICEL_I1_O)
                                                      0.082     2.045 r  control_s_axi_U/int_input_r/tmp_product_i_19__0/O
                         net (fo=1, routed)           0.014     2.059    control_s_axi_U/int_input_r/tmp_product_i_19__0_n_0
    SLICE_X27Y8          CARRY8 (Prop_CARRY8_SLICEL_S[0]_O[7])
                                                      0.332     2.391 r  control_s_axi_U/int_input_r/tmp_product_i_3__0/O[7]
                         net (fo=2, routed)           0.389     2.780    control_s_axi_U/int_input_r/A[7]
    SLICE_X28Y10         LUT2 (Prop_H6LUT_SLICEM_I1_O)
                                                      0.138     2.918 r  control_s_axi_U/int_input_r/trunc_ln15_5_reg_648_reg_i_12/O
                         net (fo=1, routed)           0.021     2.939    control_s_axi_U/int_input_r/trunc_ln15_5_reg_648_reg_i_12_n_0
    SLICE_X28Y10         CARRY8 (Prop_CARRY8_SLICEM_S[7]_CO[7])
                                                      0.175     3.114 r  control_s_axi_U/int_input_r/trunc_ln15_5_reg_648_reg_i_3/CO[7]
                         net (fo=1, routed)           0.030     3.144    control_s_axi_U/int_input_r/trunc_ln15_5_reg_648_reg_i_3_n_0
    SLICE_X28Y11         CARRY8 (Prop_CARRY8_SLICEM_CI_O[7])
                                                      0.187     3.331 r  control_s_axi_U/int_input_r/trunc_ln15_5_reg_648_reg_i_2/O[7]
                         net (fo=32, routed)          0.441     3.772    trunc_ln15_5_reg_648_reg/A[28]
    DSP48E2_X7Y3         DSP_A_B_DATA                                 r  trunc_ln15_5_reg_648_reg/DSP_A_B_DATA_INST/A[28]
  -------------------------------------------------------------------    -------------------

                         (clock ap_clk rise edge)     6.000     6.000 r  
                                                      0.000     6.000 r  ap_clk (IN)
                         net (fo=446, unset)          0.055     6.055    trunc_ln15_5_reg_648_reg/CLK
    DSP48E2_X7Y3         DSP_A_B_DATA                                 r  trunc_ln15_5_reg_648_reg/DSP_A_B_DATA_INST/CLK
                         clock pessimism              0.000     6.055    
                         clock uncertainty           -0.035     6.020    
    DSP48E2_X7Y3         DSP_A_B_DATA (Setup_DSP_A_B_DATA_DSP48E2_CLK_A[28])
                                                     -0.557     5.463    trunc_ln15_5_reg_648_reg/DSP_A_B_DATA_INST
  -------------------------------------------------------------------
                         required time                          5.463    
                         arrival time                          -3.772    
  -------------------------------------------------------------------
                         slack                                  1.690    

Slack (MET) :             1.698ns  (required time - arrival time)
  Source:                 control_s_axi_U/int_input_r/mem_reg/CLKBWRCLK
                            (rising edge-triggered cell RAMB36E2 clocked by ap_clk  {rise@0.000ns fall@3.000ns period=6.000ns})
  Destination:            mul_16s_16s_31_1_1_U7/tmp_product/DSP_A_B_DATA_INST/A[15]
                            (rising edge-triggered cell DSP_A_B_DATA clocked by ap_clk  {rise@0.000ns fall@3.000ns period=6.000ns})
  Path Group:             ap_clk
  Path Type:              Setup (Max at Slow Process Corner)
  Requirement:            6.000ns  (ap_clk rise@6.000ns - ap_clk rise@0.000ns)
  Data Path Delay:        3.689ns  (logic 2.296ns (62.231%)  route 1.393ns (37.769%))
  Logic Levels:           5  (CARRY8=3 LUT2=1 LUT4=1)
  Clock Path Skew:        -0.051ns (DCD - SCD + CPR)
    Destination Clock Delay (DCD):    0.055ns = ( 6.055 - 6.000 ) 
    Source Clock Delay      (SCD):    0.106ns
    Clock Pessimism Removal (CPR):    0.000ns
  Clock Uncertainty:      0.035ns  ((TSJ^2 + TIJ^2)^1/2 + DJ) / 2 + PE
    Total System Jitter     (TSJ):    0.071ns
    Total Input Jitter      (TIJ):    0.000ns
    Discrete Jitter          (DJ):    0.000ns
    Phase Error              (PE):    0.000ns

    Location             Delay type                Incr(ns)  Path(ns)    Netlist Resource(s)
  -------------------------------------------------------------------    -------------------
                         (clock ap_clk rise edge)     0.000     0.000 r  
                                                      0.000     0.000 r  ap_clk (IN)
                         net (fo=446, unset)          0.106     0.106    control_s_axi_U/int_input_r/ap_clk
    RAMB36_X0Y1          RAMB36E2                                     r  control_s_axi_U/int_input_r/mem_reg/CLKBWRCLK
  -------------------------------------------------------------------    -------------------
    RAMB36_X0Y1          RAMB36E2 (Prop_RAMB36E2_RAMB36_CLKBWRCLK_DOUTBDOUT[0])
                                                      1.382     1.488 r  control_s_axi_U/int_input_r/mem_reg/DOUTBDOUT[0]
                         net (fo=3, routed)           0.475     1.963    control_s_axi_U/int_input_r/int_input_r_q0[0]
    SLICE_X27Y8          LUT4 (Prop_A6LUT_SLICEL_I1_O)
                                                      0.082     2.045 r  control_s_axi_U/int_input_r/tmp_product_i_19__0/O
                         net (fo=1, routed)           0.014     2.059    control_s_axi_U/int_input_r/tmp_product_i_19__0_n_0
    SLICE_X27Y8          CARRY8 (Prop_CARRY8_SLICEL_S[0]_O[7])
                                                      0.332     2.391 r  control_s_axi_U/int_input_r/tmp_product_i_3__0/O[7]
                         net (fo=2, routed)           0.389     2.780    control_s_axi_U/int_input_r/A[7]
    SLICE_X28Y10         LUT2 (Prop_H6LUT_SLICEM_I1_O)
                                                      0.138     2.918 r  control_s_axi_U/int_input_r/trunc_ln15_5_reg_648_reg_i_12/O
                         net (fo=1, routed)           0.021     2.939    control_s_axi_U/int_input_r/trunc_ln15_5_reg_648_reg_i_12_n_0
    SLICE_X28Y10         CARRY8 (Prop_CARRY8_SLICEM_S[7]_CO[7])
                                                      0.175     3.114 r  control_s_axi_U/int_input_r/trunc_ln15_5_reg_648_reg_i_3/CO[7]
                         net (fo=1, routed)           0.030     3.144    control_s_axi_U/int_input_r/trunc_ln15_5_reg_648_reg_i_3_n_0
    SLICE_X28Y11         CARRY8 (Prop_CARRY8_SLICEM_CI_O[7])
                                                      0.187     3.331 r  control_s_axi_U/int_input_r/trunc_ln15_5_reg_648_reg_i_2/O[7]
                         net (fo=32, routed)          0.464     3.795    mul_16s_16s_31_1_1_U7/tmp_product/A[15]
    DSP48E2_X7Y2         DSP_A_B_DATA                                 r  mul_16s_16s_31_1_1_U7/tmp_product/DSP_A_B_DATA_INST/A[15]
  -------------------------------------------------------------------    -------------------

                         (clock ap_clk rise edge)     6.000     6.000 r  
                                                      0.000     6.000 r  ap_clk (IN)
                         net (fo=446, unset)          0.055     6.055    mul_16s_16s_31_1_1_U7/tmp_product/CLK
    DSP48E2_X7Y2         DSP_A_B_DATA                                 r  mul_16s_16s_31_1_1_U7/tmp_product/DSP_A_B_DATA_INST/CLK
                         clock pessimism              0.000     6.055    
                         clock uncertainty           -0.035     6.020    
    DSP48E2_X7Y2         DSP_A_B_DATA (Setup_DSP_A_B_DATA_DSP48E2_CLK_A[15])
                                                     -0.526     5.494    mul_16s_16s_31_1_1_U7/tmp_product/DSP_A_B_DATA_INST
  -------------------------------------------------------------------
                         required time                          5.494    
                         arrival time                          -3.795    
  -------------------------------------------------------------------
                         slack                                  1.698    

Slack (MET) :             1.706ns  (required time - arrival time)
  Source:                 control_s_axi_U/int_input_r/mem_reg/CLKBWRCLK
                            (rising edge-triggered cell RAMB36E2 clocked by ap_clk  {rise@0.000ns fall@3.000ns period=6.000ns})
  Destination:            trunc_ln15_5_reg_648_reg/DSP_A_B_DATA_INST/A[18]
                            (rising edge-triggered cell DSP_A_B_DATA clocked by ap_clk  {rise@0.000ns fall@3.000ns period=6.000ns})
  Path Group:             ap_clk
  Path Type:              Setup (Max at Slow Process Corner)
  Requirement:            6.000ns  (ap_clk rise@6.000ns - ap_clk rise@0.000ns)
  Data Path Delay:        3.701ns  (logic 2.296ns (62.041%)  route 1.405ns (37.959%))
  Logic Levels:           5  (CARRY8=3 LUT2=1 LUT4=1)
  Clock Path Skew:        -0.051ns (DCD - SCD + CPR)
    Destination Clock Delay (DCD):    0.055ns = ( 6.055 - 6.000 ) 
    Source Clock Delay      (SCD):    0.106ns
    Clock Pessimism Removal (CPR):    0.000ns
  Clock Uncertainty:      0.035ns  ((TSJ^2 + TIJ^2)^1/2 + DJ) / 2 + PE
    Total System Jitter     (TSJ):    0.071ns
    Total Input Jitter      (TIJ):    0.000ns
    Discrete Jitter          (DJ):    0.000ns
    Phase Error              (PE):    0.000ns

    Location             Delay type                Incr(ns)  Path(ns)    Netlist Resource(s)
  -------------------------------------------------------------------    -------------------
                         (clock ap_clk rise edge)     0.000     0.000 r  
                                                      0.000     0.000 r  ap_clk (IN)
                         net (fo=446, unset)          0.106     0.106    control_s_axi_U/int_input_r/ap_clk
    RAMB36_X0Y1          RAMB36E2                                     r  control_s_axi_U/int_input_r/mem_reg/CLKBWRCLK
  -------------------------------------------------------------------    -------------------
    RAMB36_X0Y1          RAMB36E2 (Prop_RAMB36E2_RAMB36_CLKBWRCLK_DOUTBDOUT[0])
                                                      1.382     1.488 r  control_s_axi_U/int_input_r/mem_reg/DOUTBDOUT[0]
                         net (fo=3, routed)           0.475     1.963    control_s_axi_U/int_input_r/int_input_r_q0[0]
    SLICE_X27Y8          LUT4 (Prop_A6LUT_SLICEL_I1_O)
                                                      0.082     2.045 r  control_s_axi_U/int_input_r/tmp_product_i_19__0/O
                         net (fo=1, routed)           0.014     2.059    control_s_axi_U/int_input_r/tmp_product_i_19__0_n_0
    SLICE_X27Y8          CARRY8 (Prop_CARRY8_SLICEL_S[0]_O[7])
                                                      0.332     2.391 r  control_s_axi_U/int_input_r/tmp_product_i_3__0/O[7]
                         net (fo=2, routed)           0.389     2.780    control_s_axi_U/int_input_r/A[7]
    SLICE_X28Y10         LUT2 (Prop_H6LUT_SLICEM_I1_O)
                                                      0.138     2.918 r  control_s_axi_U/int_input_r/trunc_ln15_5_reg_648_reg_i_12/O
                         net (fo=1, routed)           0.021     2.939    control_s_axi_U/int_input_r/trunc_ln15_5_reg_648_reg_i_12_n_0
    SLICE_X28Y10         CARRY8 (Prop_CARRY8_SLICEM_S[7]_CO[7])
                                                      0.175     3.114 r  control_s_axi_U/int_input_r/trunc_ln15_5_reg_648_reg_i_3/CO[7]
                         net (fo=1, routed)           0.030     3.144    control_s_axi_U/int_input_r/trunc_ln15_5_reg_648_reg_i_3_n_0
    SLICE_X28Y11         CARRY8 (Prop_CARRY8_SLICEM_CI_O[7])
                                                      0.187     3.331 r  control_s_axi_U/int_input_r/trunc_ln15_5_reg_648_reg_i_2/O[7]
                         net (fo=32, routed)          0.475     3.807    trunc_ln15_5_reg_648_reg/A[18]
    DSP48E2_X7Y3         DSP_A_B_DATA                                 r  trunc_ln15_5_reg_648_reg/DSP_A_B_DATA_INST/A[18]
  -------------------------------------------------------------------    -------------------

                         (clock ap_clk rise edge)     6.000     6.000 r  
                                                      0.000     6.000 r  ap_clk (IN)
                         net (fo=446, unset)          0.055     6.055    trunc_ln15_5_reg_648_reg/CLK
    DSP48E2_X7Y3         DSP_A_B_DATA                                 r  trunc_ln15_5_reg_648_reg/DSP_A_B_DATA_INST/CLK
                         clock pessimism              0.000     6.055    
                         clock uncertainty           -0.035     6.020    
    DSP48E2_X7Y3         DSP_A_B_DATA (Setup_DSP_A_B_DATA_DSP48E2_CLK_A[18])
                                                     -0.507     5.513    trunc_ln15_5_reg_648_reg/DSP_A_B_DATA_INST
  -------------------------------------------------------------------
                         required time                          5.513    
                         arrival time                          -3.807    
  -------------------------------------------------------------------
                         slack                                  1.706    

Slack (MET) :             1.716ns  (required time - arrival time)
  Source:                 control_s_axi_U/int_input_r/mem_reg/CLKBWRCLK
                            (rising edge-triggered cell RAMB36E2 clocked by ap_clk  {rise@0.000ns fall@3.000ns period=6.000ns})
  Destination:            trunc_ln15_5_reg_648_reg/DSP_A_B_DATA_INST/A[17]
                            (rising edge-triggered cell DSP_A_B_DATA clocked by ap_clk  {rise@0.000ns fall@3.000ns period=6.000ns})
  Path Group:             ap_clk
  Path Type:              Setup (Max at Slow Process Corner)
  Requirement:            6.000ns  (ap_clk rise@6.000ns - ap_clk rise@0.000ns)
  Data Path Delay:        3.704ns  (logic 2.296ns (61.980%)  route 1.408ns (38.020%))
  Logic Levels:           5  (CARRY8=3 LUT2=1 LUT4=1)
  Clock Path Skew:        -0.051ns (DCD - SCD + CPR)
    Destination Clock Delay (DCD):    0.055ns = ( 6.055 - 6.000 ) 
    Source Clock Delay      (SCD):    0.106ns
    Clock Pessimism Removal (CPR):    0.000ns
  Clock Uncertainty:      0.035ns  ((TSJ^2 + TIJ^2)^1/2 + DJ) / 2 + PE
    Total System Jitter     (TSJ):    0.071ns
    Total Input Jitter      (TIJ):    0.000ns
    Discrete Jitter          (DJ):    0.000ns
    Phase Error              (PE):    0.000ns

    Location             Delay type                Incr(ns)  Path(ns)    Netlist Resource(s)
  -------------------------------------------------------------------    -------------------
                         (clock ap_clk rise edge)     0.000     0.000 r  
                                                      0.000     0.000 r  ap_clk (IN)
                         net (fo=446, unset)          0.106     0.106    control_s_axi_U/int_input_r/ap_clk
    RAMB36_X0Y1          RAMB36E2                                     r  control_s_axi_U/int_input_r/mem_reg/CLKBWRCLK
  -------------------------------------------------------------------    -------------------
    RAMB36_X0Y1          RAMB36E2 (Prop_RAMB36E2_RAMB36_CLKBWRCLK_DOUTBDOUT[0])
                                                      1.382     1.488 r  control_s_axi_U/int_input_r/mem_reg/DOUTBDOUT[0]
                         net (fo=3, routed)           0.475     1.963    control_s_axi_U/int_input_r/int_input_r_q0[0]
    SLICE_X27Y8          LUT4 (Prop_A6LUT_SLICEL_I1_O)
                                                      0.082     2.045 r  control_s_axi_U/int_input_r/tmp_product_i_19__0/O
                         net (fo=1, routed)           0.014     2.059    control_s_axi_U/int_input_r/tmp_product_i_19__0_n_0
    SLICE_X27Y8          CARRY8 (Prop_CARRY8_SLICEL_S[0]_O[7])
                                                      0.332     2.391 r  control_s_axi_U/int_input_r/tmp_product_i_3__0/O[7]
                         net (fo=2, routed)           0.389     2.780    control_s_axi_U/int_input_r/A[7]
    SLICE_X28Y10         LUT2 (Prop_H6LUT_SLICEM_I1_O)
                                                      0.138     2.918 r  control_s_axi_U/int_input_r/trunc_ln15_5_reg_648_reg_i_12/O
                         net (fo=1, routed)           0.021     2.939    control_s_axi_U/int_input_r/trunc_ln15_5_reg_648_reg_i_12_n_0
    SLICE_X28Y10         CARRY8 (Prop_CARRY8_SLICEM_S[7]_CO[7])
                                                      0.175     3.114 r  control_s_axi_U/int_input_r/trunc_ln15_5_reg_648_reg_i_3/CO[7]
                         net (fo=1, routed)           0.030     3.144    control_s_axi_U/int_input_r/trunc_ln15_5_reg_648_reg_i_3_n_0
    SLICE_X28Y11         CARRY8 (Prop_CARRY8_SLICEM_CI_O[7])
                                                      0.187     3.331 r  control_s_axi_U/int_input_r/trunc_ln15_5_reg_648_reg_i_2/O[7]
                         net (fo=32, routed)          0.479     3.810    trunc_ln15_5_reg_648_reg/A[17]
    DSP48E2_X7Y3         DSP_A_B_DATA                                 r  trunc_ln15_5_reg_648_reg/DSP_A_B_DATA_INST/A[17]
  -------------------------------------------------------------------    -------------------

                         (clock ap_clk rise edge)     6.000     6.000 r  
                                                      0.000     6.000 r  ap_clk (IN)
                         net (fo=446, unset)          0.055     6.055    trunc_ln15_5_reg_648_reg/CLK
    DSP48E2_X7Y3         DSP_A_B_DATA                                 r  trunc_ln15_5_reg_648_reg/DSP_A_B_DATA_INST/CLK
                         clock pessimism              0.000     6.055    
                         clock uncertainty           -0.035     6.020    
    DSP48E2_X7Y3         DSP_A_B_DATA (Setup_DSP_A_B_DATA_DSP48E2_CLK_A[17])
                                                     -0.493     5.527    trunc_ln15_5_reg_648_reg/DSP_A_B_DATA_INST
  -------------------------------------------------------------------
                         required time                          5.527    
                         arrival time                          -3.810    
  -------------------------------------------------------------------
                         slack                                  1.716    

Slack (MET) :             1.728ns  (required time - arrival time)
  Source:                 control_s_axi_U/int_input_r/mem_reg/CLKBWRCLK
                            (rising edge-triggered cell RAMB36E2 clocked by ap_clk  {rise@0.000ns fall@3.000ns period=6.000ns})
  Destination:            mul_16s_16s_31_1_1_U7/tmp_product/DSP_A_B_DATA_INST/A[16]
                            (rising edge-triggered cell DSP_A_B_DATA clocked by ap_clk  {rise@0.000ns fall@3.000ns period=6.000ns})
  Path Group:             ap_clk
  Path Type:              Setup (Max at Slow Process Corner)
  Requirement:            6.000ns  (ap_clk rise@6.000ns - ap_clk rise@0.000ns)
  Data Path Delay:        3.690ns  (logic 2.296ns (62.214%)  route 1.394ns (37.786%))
  Logic Levels:           5  (CARRY8=3 LUT2=1 LUT4=1)
  Clock Path Skew:        -0.051ns (DCD - SCD + CPR)
    Destination Clock Delay (DCD):    0.055ns = ( 6.055 - 6.000 ) 
    Source Clock Delay      (SCD):    0.106ns
    Clock Pessimism Removal (CPR):    0.000ns
  Clock Uncertainty:      0.035ns  ((TSJ^2 + TIJ^2)^1/2 + DJ) / 2 + PE
    Total System Jitter     (TSJ):    0.071ns
    Total Input Jitter      (TIJ):    0.000ns
    Discrete Jitter          (DJ):    0.000ns
    Phase Error              (PE):    0.000ns

    Location             Delay type                Incr(ns)  Path(ns)    Netlist Resource(s)
  -------------------------------------------------------------------    -------------------
                         (clock ap_clk rise edge)     0.000     0.000 r  
                                                      0.000     0.000 r  ap_clk (IN)
                         net (fo=446, unset)          0.106     0.106    control_s_axi_U/int_input_r/ap_clk
    RAMB36_X0Y1          RAMB36E2                                     r  control_s_axi_U/int_input_r/mem_reg/CLKBWRCLK
  -------------------------------------------------------------------    -------------------
    RAMB36_X0Y1          RAMB36E2 (Prop_RAMB36E2_RAMB36_CLKBWRCLK_DOUTBDOUT[0])
                                                      1.382     1.488 r  control_s_axi_U/int_input_r/mem_reg/DOUTBDOUT[0]
                         net (fo=3, routed)           0.475     1.963    control_s_axi_U/int_input_r/int_input_r_q0[0]
    SLICE_X27Y8          LUT4 (Prop_A6LUT_SLICEL_I1_O)
                                                      0.082     2.045 r  control_s_axi_U/int_input_r/tmp_product_i_19__0/O
                         net (fo=1, routed)           0.014     2.059    control_s_axi_U/int_input_r/tmp_product_i_19__0_n_0
    SLICE_X27Y8          CARRY8 (Prop_CARRY8_SLICEL_S[0]_O[7])
                                                      0.332     2.391 r  control_s_axi_U/int_input_r/tmp_product_i_3__0/O[7]
                         net (fo=2, routed)           0.389     2.780    control_s_axi_U/int_input_r/A[7]
    SLICE_X28Y10         LUT2 (Prop_H6LUT_SLICEM_I1_O)
                                                      0.138     2.918 r  control_s_axi_U/int_input_r/trunc_ln15_5_reg_648_reg_i_12/O
                         net (fo=1, routed)           0.021     2.939    control_s_axi_U/int_input_r/trunc_ln15_5_reg_648_reg_i_12_n_0
    SLICE_X28Y10         CARRY8 (Prop_CARRY8_SLICEM_S[7]_CO[7])
                                                      0.175     3.114 r  control_s_axi_U/int_input_r/trunc_ln15_5_reg_648_reg_i_3/CO[7]
                         net (fo=1, routed)           0.030     3.144    control_s_axi_U/int_input_r/trunc_ln15_5_reg_648_reg_i_3_n_0
    SLICE_X28Y11         CARRY8 (Prop_CARRY8_SLICEM_CI_O[7])
                                                      0.187     3.331 r  control_s_axi_U/int_input_r/trunc_ln15_5_reg_648_reg_i_2/O[7]
                         net (fo=32, routed)          0.465     3.796    mul_16s_16s_31_1_1_U7/tmp_product/A[16]
    DSP48E2_X7Y2         DSP_A_B_DATA                                 r  mul_16s_16s_31_1_1_U7/tmp_product/DSP_A_B_DATA_INST/A[16]
  -------------------------------------------------------------------    -------------------

                         (clock ap_clk rise edge)     6.000     6.000 r  
                                                      0.000     6.000 r  ap_clk (IN)
                         net (fo=446, unset)          0.055     6.055    mul_16s_16s_31_1_1_U7/tmp_product/CLK
    DSP48E2_X7Y2         DSP_A_B_DATA                                 r  mul_16s_16s_31_1_1_U7/tmp_product/DSP_A_B_DATA_INST/CLK
                         clock pessimism              0.000     6.055    
                         clock uncertainty           -0.035     6.020    
    DSP48E2_X7Y2         DSP_A_B_DATA (Setup_DSP_A_B_DATA_DSP48E2_CLK_A[16])
                                                     -0.495     5.525    mul_16s_16s_31_1_1_U7/tmp_product/DSP_A_B_DATA_INST
  -------------------------------------------------------------------
                         required time                          5.525    
                         arrival time                          -3.796    
  -------------------------------------------------------------------
                         slack                                  1.728    

Slack (MET) :             1.729ns  (required time - arrival time)
  Source:                 control_s_axi_U/int_input_r/mem_reg/CLKBWRCLK
                            (rising edge-triggered cell RAMB36E2 clocked by ap_clk  {rise@0.000ns fall@3.000ns period=6.000ns})
  Destination:            mul_16s_16s_31_1_1_U7/tmp_product/DSP_A_B_DATA_INST/A[29]
                            (rising edge-triggered cell DSP_A_B_DATA clocked by ap_clk  {rise@0.000ns fall@3.000ns period=6.000ns})
  Path Group:             ap_clk
  Path Type:              Setup (Max at Slow Process Corner)
  Requirement:            6.000ns  (ap_clk rise@6.000ns - ap_clk rise@0.000ns)
  Data Path Delay:        3.663ns  (logic 2.296ns (62.685%)  route 1.367ns (37.315%))
  Logic Levels:           5  (CARRY8=3 LUT2=1 LUT4=1)
  Clock Path Skew:        -0.051ns (DCD - SCD + CPR)
    Destination Clock Delay (DCD):    0.055ns = ( 6.055 - 6.000 ) 
    Source Clock Delay      (SCD):    0.106ns
    Clock Pessimism Removal (CPR):    0.000ns
  Clock Uncertainty:      0.035ns  ((TSJ^2 + TIJ^2)^1/2 + DJ) / 2 + PE
    Total System Jitter     (TSJ):    0.071ns
    Total Input Jitter      (TIJ):    0.000ns
    Discrete Jitter          (DJ):    0.000ns
    Phase Error              (PE):    0.000ns

    Location             Delay type                Incr(ns)  Path(ns)    Netlist Resource(s)
  -------------------------------------------------------------------    -------------------
                         (clock ap_clk rise edge)     0.000     0.000 r  
                                                      0.000     0.000 r  ap_clk (IN)
                         net (fo=446, unset)          0.106     0.106    control_s_axi_U/int_input_r/ap_clk
    RAMB36_X0Y1          RAMB36E2                                     r  control_s_axi_U/int_input_r/mem_reg/CLKBWRCLK
  -------------------------------------------------------------------    -------------------
    RAMB36_X0Y1          RAMB36E2 (Prop_RAMB36E2_RAMB36_CLKBWRCLK_DOUTBDOUT[0])
                                                      1.382     1.488 r  control_s_axi_U/int_input_r/mem_reg/DOUTBDOUT[0]
                         net (fo=3, routed)           0.475     1.963    control_s_axi_U/int_input_r/int_input_r_q0[0]
    SLICE_X27Y8          LUT4 (Prop_A6LUT_SLICEL_I1_O)
                                                      0.082     2.045 r  control_s_axi_U/int_input_r/tmp_product_i_19__0/O
                         net (fo=1, routed)           0.014     2.059    control_s_axi_U/int_input_r/tmp_product_i_19__0_n_0
    SLICE_X27Y8          CARRY8 (Prop_CARRY8_SLICEL_S[0]_O[7])
                                                      0.332     2.391 r  control_s_axi_U/int_input_r/tmp_product_i_3__0/O[7]
                         net (fo=2, routed)           0.389     2.780    control_s_axi_U/int_input_r/A[7]
    SLICE_X28Y10         LUT2 (Prop_H6LUT_SLICEM_I1_O)
                                                      0.138     2.918 r  control_s_axi_U/int_input_r/trunc_ln15_5_reg_648_reg_i_12/O
                         net (fo=1, routed)           0.021     2.939    control_s_axi_U/int_input_r/trunc_ln15_5_reg_648_reg_i_12_n_0
    SLICE_X28Y10         CARRY8 (Prop_CARRY8_SLICEM_S[7]_CO[7])
                                                      0.175     3.114 r  control_s_axi_U/int_input_r/trunc_ln15_5_reg_648_reg_i_3/CO[7]
                         net (fo=1, routed)           0.030     3.144    control_s_axi_U/int_input_r/trunc_ln15_5_reg_648_reg_i_3_n_0
    SLICE_X28Y11         CARRY8 (Prop_CARRY8_SLICEM_CI_O[7])
                                                      0.187     3.331 r  control_s_axi_U/int_input_r/trunc_ln15_5_reg_648_reg_i_2/O[7]
                         net (fo=32, routed)          0.437     3.769    mul_16s_16s_31_1_1_U7/tmp_product/A[29]
    DSP48E2_X7Y2         DSP_A_B_DATA                                 r  mul_16s_16s_31_1_1_U7/tmp_product/DSP_A_B_DATA_INST/A[29]
  -------------------------------------------------------------------    -------------------

                         (clock ap_clk rise edge)     6.000     6.000 r  
                                                      0.000     6.000 r  ap_clk (IN)
                         net (fo=446, unset)          0.055     6.055    mul_16s_16s_31_1_1_U7/tmp_product/CLK
    DSP48E2_X7Y2         DSP_A_B_DATA                                 r  mul_16s_16s_31_1_1_U7/tmp_product/DSP_A_B_DATA_INST/CLK
                         clock pessimism              0.000     6.055    
                         clock uncertainty           -0.035     6.020    
    DSP48E2_X7Y2         DSP_A_B_DATA (Setup_DSP_A_B_DATA_DSP48E2_CLK_A[29])
                                                     -0.522     5.498    mul_16s_16s_31_1_1_U7/tmp_product/DSP_A_B_DATA_INST
  -------------------------------------------------------------------
                         required time                          5.498    
                         arrival time                          -3.769    
  -------------------------------------------------------------------
                         slack                                  1.729    

Slack (MET) :             1.732ns  (required time - arrival time)
  Source:                 control_s_axi_U/int_input_r/mem_reg/CLKBWRCLK
                            (rising edge-triggered cell RAMB36E2 clocked by ap_clk  {rise@0.000ns fall@3.000ns period=6.000ns})
  Destination:            mul_16s_16s_31_1_1_U7/tmp_product/DSP_A_B_DATA_INST/A[23]
                            (rising edge-triggered cell DSP_A_B_DATA clocked by ap_clk  {rise@0.000ns fall@3.000ns period=6.000ns})
  Path Group:             ap_clk
  Path Type:              Setup (Max at Slow Process Corner)
  Requirement:            6.000ns  (ap_clk rise@6.000ns - ap_clk rise@0.000ns)
  Data Path Delay:        3.641ns  (logic 2.296ns (63.062%)  route 1.345ns (36.938%))
  Logic Levels:           5  (CARRY8=3 LUT2=1 LUT4=1)
  Clock Path Skew:        -0.051ns (DCD - SCD + CPR)
    Destination Clock Delay (DCD):    0.055ns = ( 6.055 - 6.000 ) 
    Source Clock Delay      (SCD):    0.106ns
    Clock Pessimism Removal (CPR):    0.000ns
  Clock Uncertainty:      0.035ns  ((TSJ^2 + TIJ^2)^1/2 + DJ) / 2 + PE
    Total System Jitter     (TSJ):    0.071ns
    Total Input Jitter      (TIJ):    0.000ns
    Discrete Jitter          (DJ):    0.000ns
    Phase Error              (PE):    0.000ns

    Location             Delay type                Incr(ns)  Path(ns)    Netlist Resource(s)
  -------------------------------------------------------------------    -------------------
                         (clock ap_clk rise edge)     0.000     0.000 r  
                                                      0.000     0.000 r  ap_clk (IN)
                         net (fo=446, unset)          0.106     0.106    control_s_axi_U/int_input_r/ap_clk
    RAMB36_X0Y1          RAMB36E2                                     r  control_s_axi_U/int_input_r/mem_reg/CLKBWRCLK
  -------------------------------------------------------------------    -------------------
    RAMB36_X0Y1          RAMB36E2 (Prop_RAMB36E2_RAMB36_CLKBWRCLK_DOUTBDOUT[0])
                                                      1.382     1.488 r  control_s_axi_U/int_input_r/mem_reg/DOUTBDOUT[0]
                         net (fo=3, routed)           0.475     1.963    control_s_axi_U/int_input_r/int_input_r_q0[0]
    SLICE_X27Y8          LUT4 (Prop_A6LUT_SLICEL_I1_O)
                                                      0.082     2.045 r  control_s_axi_U/int_input_r/tmp_product_i_19__0/O
                         net (fo=1, routed)           0.014     2.059    control_s_axi_U/int_input_r/tmp_product_i_19__0_n_0
    SLICE_X27Y8          CARRY8 (Prop_CARRY8_SLICEL_S[0]_O[7])
                                                      0.332     2.391 r  control_s_axi_U/int_input_r/tmp_product_i_3__0/O[7]
                         net (fo=2, routed)           0.389     2.780    control_s_axi_U/int_input_r/A[7]
    SLICE_X28Y10         LUT2 (Prop_H6LUT_SLICEM_I1_O)
                                                      0.138     2.918 r  control_s_axi_U/int_input_r/trunc_ln15_5_reg_648_reg_i_12/O
                         net (fo=1, routed)           0.021     2.939    control_s_axi_U/int_input_r/trunc_ln15_5_reg_648_reg_i_12_n_0
    SLICE_X28Y10         CARRY8 (Prop_CARRY8_SLICEM_S[7]_CO[7])
                                                      0.175     3.114 r  control_s_axi_U/int_input_r/trunc_ln15_5_reg_648_reg_i_3/CO[7]
                         net (fo=1, routed)           0.030     3.144    control_s_axi_U/int_input_r/trunc_ln15_5_reg_648_reg_i_3_n_0
    SLICE_X28Y11         CARRY8 (Prop_CARRY8_SLICEM_CI_O[7])
                                                      0.187     3.331 r  control_s_axi_U/int_input_r/trunc_ln15_5_reg_648_reg_i_2/O[7]
                         net (fo=32, routed)          0.416     3.747    mul_16s_16s_31_1_1_U7/tmp_product/A[23]
    DSP48E2_X7Y2         DSP_A_B_DATA                                 r  mul_16s_16s_31_1_1_U7/tmp_product/DSP_A_B_DATA_INST/A[23]
  -------------------------------------------------------------------    -------------------

                         (clock ap_clk rise edge)     6.000     6.000 r  
                                                      0.000     6.000 r  ap_clk (IN)
                         net (fo=446, unset)          0.055     6.055    mul_16s_16s_31_1_1_U7/tmp_product/CLK
    DSP48E2_X7Y2         DSP_A_B_DATA                                 r  mul_16s_16s_31_1_1_U7/tmp_product/DSP_A_B_DATA_INST/CLK
                         clock pessimism              0.000     6.055    
                         clock uncertainty           -0.035     6.020    
    DSP48E2_X7Y2         DSP_A_B_DATA (Setup_DSP_A_B_DATA_DSP48E2_CLK_A[23])
                                                     -0.541     5.479    mul_16s_16s_31_1_1_U7/tmp_product/DSP_A_B_DATA_INST
  -------------------------------------------------------------------
                         required time                          5.479    
                         arrival time                          -3.747    
  -------------------------------------------------------------------
                         slack                                  1.732    

Slack (MET) :             1.732ns  (required time - arrival time)
  Source:                 control_s_axi_U/int_input_r/mem_reg/CLKBWRCLK
                            (rising edge-triggered cell RAMB36E2 clocked by ap_clk  {rise@0.000ns fall@3.000ns period=6.000ns})
  Destination:            mul_16s_16s_31_1_1_U7/tmp_product/DSP_A_B_DATA_INST/A[9]
                            (rising edge-triggered cell DSP_A_B_DATA clocked by ap_clk  {rise@0.000ns fall@3.000ns period=6.000ns})
  Path Group:             ap_clk
  Path Type:              Setup (Max at Slow Process Corner)
  Requirement:            6.000ns  (ap_clk rise@6.000ns - ap_clk rise@0.000ns)
  Data Path Delay:        3.651ns  (logic 2.231ns (61.101%)  route 1.420ns (38.899%))
  Logic Levels:           5  (CARRY8=3 LUT2=1 LUT4=1)
  Clock Path Skew:        -0.051ns (DCD - SCD + CPR)
    Destination Clock Delay (DCD):    0.055ns = ( 6.055 - 6.000 ) 
    Source Clock Delay      (SCD):    0.106ns
    Clock Pessimism Removal (CPR):    0.000ns
  Clock Uncertainty:      0.035ns  ((TSJ^2 + TIJ^2)^1/2 + DJ) / 2 + PE
    Total System Jitter     (TSJ):    0.071ns
    Total Input Jitter      (TIJ):    0.000ns
    Discrete Jitter          (DJ):    0.000ns
    Phase Error              (PE):    0.000ns

    Location             Delay type                Incr(ns)  Path(ns)    Netlist Resource(s)
  -------------------------------------------------------------------    -------------------
                         (clock ap_clk rise edge)     0.000     0.000 r  
                                                      0.000     0.000 r  ap_clk (IN)
                         net (fo=446, unset)          0.106     0.106    control_s_axi_U/int_input_r/ap_clk
    RAMB36_X0Y1          RAMB36E2                                     r  control_s_axi_U/int_input_r/mem_reg/CLKBWRCLK
  -------------------------------------------------------------------    -------------------
    RAMB36_X0Y1          RAMB36E2 (Prop_RAMB36E2_RAMB36_CLKBWRCLK_DOUTBDOUT[0])
                                                      1.382     1.488 r  control_s_axi_U/int_input_r/mem_reg/DOUTBDOUT[0]
                         net (fo=3, routed)           0.475     1.963    control_s_axi_U/int_input_r/int_input_r_q0[0]
    SLICE_X27Y8          LUT4 (Prop_A6LUT_SLICEL_I1_O)
                                                      0.082     2.045 r  control_s_axi_U/int_input_r/tmp_product_i_19__0/O
                         net (fo=1, routed)           0.014     2.059    control_s_axi_U/int_input_r/tmp_product_i_19__0_n_0
    SLICE_X27Y8          CARRY8 (Prop_CARRY8_SLICEL_S[0]_O[7])
                                                      0.332     2.391 r  control_s_axi_U/int_input_r/tmp_product_i_3__0/O[7]
                         net (fo=2, routed)           0.389     2.780    control_s_axi_U/int_input_r/A[7]
    SLICE_X28Y10         LUT2 (Prop_H6LUT_SLICEM_I1_O)
                                                      0.138     2.918 r  control_s_axi_U/int_input_r/trunc_ln15_5_reg_648_reg_i_12/O
                         net (fo=1, routed)           0.021     2.939    control_s_axi_U/int_input_r/trunc_ln15_5_reg_648_reg_i_12_n_0
    SLICE_X28Y10         CARRY8 (Prop_CARRY8_SLICEM_S[7]_CO[7])
                                                      0.175     3.114 r  control_s_axi_U/int_input_r/trunc_ln15_5_reg_648_reg_i_3/CO[7]
                         net (fo=1, routed)           0.030     3.144    control_s_axi_U/int_input_r/trunc_ln15_5_reg_648_reg_i_3_n_0
    SLICE_X28Y11         CARRY8 (Prop_CARRY8_SLICEM_CI_O[1])
                                                      0.122     3.266 r  control_s_axi_U/int_input_r/trunc_ln15_5_reg_648_reg_i_2/O[1]
                         net (fo=4, routed)           0.491     3.757    mul_16s_16s_31_1_1_U7/tmp_product/A[9]
    DSP48E2_X7Y2         DSP_A_B_DATA                                 r  mul_16s_16s_31_1_1_U7/tmp_product/DSP_A_B_DATA_INST/A[9]
  -------------------------------------------------------------------    -------------------

                         (clock ap_clk rise edge)     6.000     6.000 r  
                                                      0.000     6.000 r  ap_clk (IN)
                         net (fo=446, unset)          0.055     6.055    mul_16s_16s_31_1_1_U7/tmp_product/CLK
    DSP48E2_X7Y2         DSP_A_B_DATA                                 r  mul_16s_16s_31_1_1_U7/tmp_product/DSP_A_B_DATA_INST/CLK
                         clock pessimism              0.000     6.055    
                         clock uncertainty           -0.035     6.020    
    DSP48E2_X7Y2         DSP_A_B_DATA (Setup_DSP_A_B_DATA_DSP48E2_CLK_A[9])
                                                     -0.530     5.490    mul_16s_16s_31_1_1_U7/tmp_product/DSP_A_B_DATA_INST
  -------------------------------------------------------------------
                         required time                          5.490    
                         arrival time                          -3.757    
  -------------------------------------------------------------------
                         slack                                  1.732    

Slack (MET) :             1.734ns  (required time - arrival time)
  Source:                 control_s_axi_U/int_input_r/mem_reg/CLKBWRCLK
                            (rising edge-triggered cell RAMB36E2 clocked by ap_clk  {rise@0.000ns fall@3.000ns period=6.000ns})
  Destination:            trunc_ln15_5_reg_648_reg/DSP_A_B_DATA_INST/A[27]
                            (rising edge-triggered cell DSP_A_B_DATA clocked by ap_clk  {rise@0.000ns fall@3.000ns period=6.000ns})
  Path Group:             ap_clk
  Path Type:              Setup (Max at Slow Process Corner)
  Requirement:            6.000ns  (ap_clk rise@6.000ns - ap_clk rise@0.000ns)
  Data Path Delay:        3.645ns  (logic 2.296ns (62.988%)  route 1.349ns (37.012%))
  Logic Levels:           5  (CARRY8=3 LUT2=1 LUT4=1)
  Clock Path Skew:        -0.051ns (DCD - SCD + CPR)
    Destination Clock Delay (DCD):    0.055ns = ( 6.055 - 6.000 ) 
    Source Clock Delay      (SCD):    0.106ns
    Clock Pessimism Removal (CPR):    0.000ns
  Clock Uncertainty:      0.035ns  ((TSJ^2 + TIJ^2)^1/2 + DJ) / 2 + PE
    Total System Jitter     (TSJ):    0.071ns
    Total Input Jitter      (TIJ):    0.000ns
    Discrete Jitter          (DJ):    0.000ns
    Phase Error              (PE):    0.000ns

    Location             Delay type                Incr(ns)  Path(ns)    Netlist Resource(s)
  -------------------------------------------------------------------    -------------------
                         (clock ap_clk rise edge)     0.000     0.000 r  
                                                      0.000     0.000 r  ap_clk (IN)
                         net (fo=446, unset)          0.106     0.106    control_s_axi_U/int_input_r/ap_clk
    RAMB36_X0Y1          RAMB36E2                                     r  control_s_axi_U/int_input_r/mem_reg/CLKBWRCLK
  -------------------------------------------------------------------    -------------------
    RAMB36_X0Y1          RAMB36E2 (Prop_RAMB36E2_RAMB36_CLKBWRCLK_DOUTBDOUT[0])
                                                      1.382     1.488 r  control_s_axi_U/int_input_r/mem_reg/DOUTBDOUT[0]
                         net (fo=3, routed)           0.475     1.963    control_s_axi_U/int_input_r/int_input_r_q0[0]
    SLICE_X27Y8          LUT4 (Prop_A6LUT_SLICEL_I1_O)
                                                      0.082     2.045 r  control_s_axi_U/int_input_r/tmp_product_i_19__0/O
                         net (fo=1, routed)           0.014     2.059    control_s_axi_U/int_input_r/tmp_product_i_19__0_n_0
    SLICE_X27Y8          CARRY8 (Prop_CARRY8_SLICEL_S[0]_O[7])
                                                      0.332     2.391 r  control_s_axi_U/int_input_r/tmp_product_i_3__0/O[7]
                         net (fo=2, routed)           0.389     2.780    control_s_axi_U/int_input_r/A[7]
    SLICE_X28Y10         LUT2 (Prop_H6LUT_SLICEM_I1_O)
                                                      0.138     2.918 r  control_s_axi_U/int_input_r/trunc_ln15_5_reg_648_reg_i_12/O
                         net (fo=1, routed)           0.021     2.939    control_s_axi_U/int_input_r/trunc_ln15_5_reg_648_reg_i_12_n_0
    SLICE_X28Y10         CARRY8 (Prop_CARRY8_SLICEM_S[7]_CO[7])
                                                      0.175     3.114 r  control_s_axi_U/int_input_r/trunc_ln15_5_reg_648_reg_i_3/CO[7]
                         net (fo=1, routed)           0.030     3.144    control_s_axi_U/int_input_r/trunc_ln15_5_reg_648_reg_i_3_n_0
    SLICE_X28Y11         CARRY8 (Prop_CARRY8_SLICEM_CI_O[7])
                                                      0.187     3.331 r  control_s_axi_U/int_input_r/trunc_ln15_5_reg_648_reg_i_2/O[7]
                         net (fo=32, routed)          0.420     3.751    trunc_ln15_5_reg_648_reg/A[27]
    DSP48E2_X7Y3         DSP_A_B_DATA                                 r  trunc_ln15_5_reg_648_reg/DSP_A_B_DATA_INST/A[27]
  -------------------------------------------------------------------    -------------------

                         (clock ap_clk rise edge)     6.000     6.000 r  
                                                      0.000     6.000 r  ap_clk (IN)
                         net (fo=446, unset)          0.055     6.055    trunc_ln15_5_reg_648_reg/CLK
    DSP48E2_X7Y3         DSP_A_B_DATA                                 r  trunc_ln15_5_reg_648_reg/DSP_A_B_DATA_INST/CLK
                         clock pessimism              0.000     6.055    
                         clock uncertainty           -0.035     6.020    
    DSP48E2_X7Y3         DSP_A_B_DATA (Setup_DSP_A_B_DATA_DSP48E2_CLK_A[27])
                                                     -0.534     5.486    trunc_ln15_5_reg_648_reg/DSP_A_B_DATA_INST
  -------------------------------------------------------------------
                         required time                          5.486    
                         arrival time                          -3.751    
  -------------------------------------------------------------------
                         slack                                  1.734    

Slack (MET) :             1.753ns  (required time - arrival time)
  Source:                 control_s_axi_U/int_input_r/mem_reg/CLKBWRCLK
                            (rising edge-triggered cell RAMB36E2 clocked by ap_clk  {rise@0.000ns fall@3.000ns period=6.000ns})
  Destination:            mul_16s_16s_31_1_1_U7/tmp_product/DSP_A_B_DATA_INST/A[24]
                            (rising edge-triggered cell DSP_A_B_DATA clocked by ap_clk  {rise@0.000ns fall@3.000ns period=6.000ns})
  Path Group:             ap_clk
  Path Type:              Setup (Max at Slow Process Corner)
  Requirement:            6.000ns  (ap_clk rise@6.000ns - ap_clk rise@0.000ns)
  Data Path Delay:        3.630ns  (logic 2.296ns (63.250%)  route 1.334ns (36.750%))
  Logic Levels:           5  (CARRY8=3 LUT2=1 LUT4=1)
  Clock Path Skew:        -0.051ns (DCD - SCD + CPR)
    Destination Clock Delay (DCD):    0.055ns = ( 6.055 - 6.000 ) 
    Source Clock Delay      (SCD):    0.106ns
    Clock Pessimism Removal (CPR):    0.000ns
  Clock Uncertainty:      0.035ns  ((TSJ^2 + TIJ^2)^1/2 + DJ) / 2 + PE
    Total System Jitter     (TSJ):    0.071ns
    Total Input Jitter      (TIJ):    0.000ns
    Discrete Jitter          (DJ):    0.000ns
    Phase Error              (PE):    0.000ns

    Location             Delay type                Incr(ns)  Path(ns)    Netlist Resource(s)
  -------------------------------------------------------------------    -------------------
                         (clock ap_clk rise edge)     0.000     0.000 r  
                                                      0.000     0.000 r  ap_clk (IN)
                         net (fo=446, unset)          0.106     0.106    control_s_axi_U/int_input_r/ap_clk
    RAMB36_X0Y1          RAMB36E2                                     r  control_s_axi_U/int_input_r/mem_reg/CLKBWRCLK
  -------------------------------------------------------------------    -------------------
    RAMB36_X0Y1          RAMB36E2 (Prop_RAMB36E2_RAMB36_CLKBWRCLK_DOUTBDOUT[0])
                                                      1.382     1.488 r  control_s_axi_U/int_input_r/mem_reg/DOUTBDOUT[0]
                         net (fo=3, routed)           0.475     1.963    control_s_axi_U/int_input_r/int_input_r_q0[0]
    SLICE_X27Y8          LUT4 (Prop_A6LUT_SLICEL_I1_O)
                                                      0.082     2.045 r  control_s_axi_U/int_input_r/tmp_product_i_19__0/O
                         net (fo=1, routed)           0.014     2.059    control_s_axi_U/int_input_r/tmp_product_i_19__0_n_0
    SLICE_X27Y8          CARRY8 (Prop_CARRY8_SLICEL_S[0]_O[7])
                                                      0.332     2.391 r  control_s_axi_U/int_input_r/tmp_product_i_3__0/O[7]
                         net (fo=2, routed)           0.389     2.780    control_s_axi_U/int_input_r/A[7]
    SLICE_X28Y10         LUT2 (Prop_H6LUT_SLICEM_I1_O)
                                                      0.138     2.918 r  control_s_axi_U/int_input_r/trunc_ln15_5_reg_648_reg_i_12/O
                         net (fo=1, routed)           0.021     2.939    control_s_axi_U/int_input_r/trunc_ln15_5_reg_648_reg_i_12_n_0
    SLICE_X28Y10         CARRY8 (Prop_CARRY8_SLICEM_S[7]_CO[7])
                                                      0.175     3.114 r  control_s_axi_U/int_input_r/trunc_ln15_5_reg_648_reg_i_3/CO[7]
                         net (fo=1, routed)           0.030     3.144    control_s_axi_U/int_input_r/trunc_ln15_5_reg_648_reg_i_3_n_0
    SLICE_X28Y11         CARRY8 (Prop_CARRY8_SLICEM_CI_O[7])
                                                      0.187     3.331 r  control_s_axi_U/int_input_r/trunc_ln15_5_reg_648_reg_i_2/O[7]
                         net (fo=32, routed)          0.405     3.736    mul_16s_16s_31_1_1_U7/tmp_product/A[24]
    DSP48E2_X7Y2         DSP_A_B_DATA                                 r  mul_16s_16s_31_1_1_U7/tmp_product/DSP_A_B_DATA_INST/A[24]
  -------------------------------------------------------------------    -------------------

                         (clock ap_clk rise edge)     6.000     6.000 r  
                                                      0.000     6.000 r  ap_clk (IN)
                         net (fo=446, unset)          0.055     6.055    mul_16s_16s_31_1_1_U7/tmp_product/CLK
    DSP48E2_X7Y2         DSP_A_B_DATA                                 r  mul_16s_16s_31_1_1_U7/tmp_product/DSP_A_B_DATA_INST/CLK
                         clock pessimism              0.000     6.055    
                         clock uncertainty           -0.035     6.020    
    DSP48E2_X7Y2         DSP_A_B_DATA (Setup_DSP_A_B_DATA_DSP48E2_CLK_A[24])
                                                     -0.531     5.489    mul_16s_16s_31_1_1_U7/tmp_product/DSP_A_B_DATA_INST
  -------------------------------------------------------------------
                         required time                          5.489    
                         arrival time                          -3.736    
  -------------------------------------------------------------------
                         slack                                  1.753    

Slack (MET) :             1.792ns  (required time - arrival time)
  Source:                 control_s_axi_U/int_input_r/mem_reg/CLKBWRCLK
                            (rising edge-triggered cell RAMB36E2 clocked by ap_clk  {rise@0.000ns fall@3.000ns period=6.000ns})
  Destination:            trunc_ln15_5_reg_648_reg/DSP_A_B_DATA_INST/A[29]
                            (rising edge-triggered cell DSP_A_B_DATA clocked by ap_clk  {rise@0.000ns fall@3.000ns period=6.000ns})
  Path Group:             ap_clk
  Path Type:              Setup (Max at Slow Process Corner)
  Requirement:            6.000ns  (ap_clk rise@6.000ns - ap_clk rise@0.000ns)
  Data Path Delay:        3.600ns  (logic 2.296ns (63.775%)  route 1.304ns (36.225%))
  Logic Levels:           5  (CARRY8=3 LUT2=1 LUT4=1)
  Clock Path Skew:        -0.051ns (DCD - SCD + CPR)
    Destination Clock Delay (DCD):    0.055ns = ( 6.055 - 6.000 ) 
    Source Clock Delay      (SCD):    0.106ns
    Clock Pessimism Removal (CPR):    0.000ns
  Clock Uncertainty:      0.035ns  ((TSJ^2 + TIJ^2)^1/2 + DJ) / 2 + PE
    Total System Jitter     (TSJ):    0.071ns
    Total Input Jitter      (TIJ):    0.000ns
    Discrete Jitter          (DJ):    0.000ns
    Phase Error              (PE):    0.000ns

    Location             Delay type                Incr(ns)  Path(ns)    Netlist Resource(s)
  -------------------------------------------------------------------    -------------------
                         (clock ap_clk rise edge)     0.000     0.000 r  
                                                      0.000     0.000 r  ap_clk (IN)
                         net (fo=446, unset)          0.106     0.106    control_s_axi_U/int_input_r/ap_clk
    RAMB36_X0Y1          RAMB36E2                                     r  control_s_axi_U/int_input_r/mem_reg/CLKBWRCLK
  -------------------------------------------------------------------    -------------------
    RAMB36_X0Y1          RAMB36E2 (Prop_RAMB36E2_RAMB36_CLKBWRCLK_DOUTBDOUT[0])
                                                      1.382     1.488 r  control_s_axi_U/int_input_r/mem_reg/DOUTBDOUT[0]
                         net (fo=3, routed)           0.475     1.963    control_s_axi_U/int_input_r/int_input_r_q0[0]
    SLICE_X27Y8          LUT4 (Prop_A6LUT_SLICEL_I1_O)
                                                      0.082     2.045 r  control_s_axi_U/int_input_r/tmp_product_i_19__0/O
                         net (fo=1, routed)           0.014     2.059    control_s_axi_U/int_input_r/tmp_product_i_19__0_n_0
    SLICE_X27Y8          CARRY8 (Prop_CARRY8_SLICEL_S[0]_O[7])
                                                      0.332     2.391 r  control_s_axi_U/int_input_r/tmp_product_i_3__0/O[7]
                         net (fo=2, routed)           0.389     2.780    control_s_axi_U/int_input_r/A[7]
    SLICE_X28Y10         LUT2 (Prop_H6LUT_SLICEM_I1_O)
                                                      0.138     2.918 r  control_s_axi_U/int_input_r/trunc_ln15_5_reg_648_reg_i_12/O
                         net (fo=1, routed)           0.021     2.939    control_s_axi_U/int_input_r/trunc_ln15_5_reg_648_reg_i_12_n_0
    SLICE_X28Y10         CARRY8 (Prop_CARRY8_SLICEM_S[7]_CO[7])
                                                      0.175     3.114 r  control_s_axi_U/int_input_r/trunc_ln15_5_reg_648_reg_i_3/CO[7]
                         net (fo=1, routed)           0.030     3.144    control_s_axi_U/int_input_r/trunc_ln15_5_reg_648_reg_i_3_n_0
    SLICE_X28Y11         CARRY8 (Prop_CARRY8_SLICEM_CI_O[7])
                                                      0.187     3.331 r  control_s_axi_U/int_input_r/trunc_ln15_5_reg_648_reg_i_2/O[7]
                         net (fo=32, routed)          0.375     3.706    trunc_ln15_5_reg_648_reg/A[29]
    DSP48E2_X7Y3         DSP_A_B_DATA                                 r  trunc_ln15_5_reg_648_reg/DSP_A_B_DATA_INST/A[29]
  -------------------------------------------------------------------    -------------------

                         (clock ap_clk rise edge)     6.000     6.000 r  
                                                      0.000     6.000 r  ap_clk (IN)
                         net (fo=446, unset)          0.055     6.055    trunc_ln15_5_reg_648_reg/CLK
    DSP48E2_X7Y3         DSP_A_B_DATA                                 r  trunc_ln15_5_reg_648_reg/DSP_A_B_DATA_INST/CLK
                         clock pessimism              0.000     6.055    
                         clock uncertainty           -0.035     6.020    
    DSP48E2_X7Y3         DSP_A_B_DATA (Setup_DSP_A_B_DATA_DSP48E2_CLK_A[29])
                                                     -0.522     5.498    trunc_ln15_5_reg_648_reg/DSP_A_B_DATA_INST
  -------------------------------------------------------------------
                         required time                          5.498    
                         arrival time                          -3.706    
  -------------------------------------------------------------------
                         slack                                  1.792    

Slack (MET) :             1.802ns  (required time - arrival time)
  Source:                 control_s_axi_U/int_input_r/mem_reg/CLKBWRCLK
                            (rising edge-triggered cell RAMB36E2 clocked by ap_clk  {rise@0.000ns fall@3.000ns period=6.000ns})
  Destination:            mul_16s_16s_31_1_1_U7/tmp_product/DSP_A_B_DATA_INST/A[20]
                            (rising edge-triggered cell DSP_A_B_DATA clocked by ap_clk  {rise@0.000ns fall@3.000ns period=6.000ns})
  Path Group:             ap_clk
  Path Type:              Setup (Max at Slow Process Corner)
  Requirement:            6.000ns  (ap_clk rise@6.000ns - ap_clk rise@0.000ns)
  Data Path Delay:        3.597ns  (logic 2.296ns (63.837%)  route 1.301ns (36.163%))
  Logic Levels:           5  (CARRY8=3 LUT2=1 LUT4=1)
  Clock Path Skew:        -0.051ns (DCD - SCD + CPR)
    Destination Clock Delay (DCD):    0.055ns = ( 6.055 - 6.000 ) 
    Source Clock Delay      (SCD):    0.106ns
    Clock Pessimism Removal (CPR):    0.000ns
  Clock Uncertainty:      0.035ns  ((TSJ^2 + TIJ^2)^1/2 + DJ) / 2 + PE
    Total System Jitter     (TSJ):    0.071ns
    Total Input Jitter      (TIJ):    0.000ns
    Discrete Jitter          (DJ):    0.000ns
    Phase Error              (PE):    0.000ns

    Location             Delay type                Incr(ns)  Path(ns)    Netlist Resource(s)
  -------------------------------------------------------------------    -------------------
                         (clock ap_clk rise edge)     0.000     0.000 r  
                                                      0.000     0.000 r  ap_clk (IN)
                         net (fo=446, unset)          0.106     0.106    control_s_axi_U/int_input_r/ap_clk
    RAMB36_X0Y1          RAMB36E2                                     r  control_s_axi_U/int_input_r/mem_reg/CLKBWRCLK
  -------------------------------------------------------------------    -------------------
    RAMB36_X0Y1          RAMB36E2 (Prop_RAMB36E2_RAMB36_CLKBWRCLK_DOUTBDOUT[0])
                                                      1.382     1.488 r  control_s_axi_U/int_input_r/mem_reg/DOUTBDOUT[0]
                         net (fo=3, routed)           0.475     1.963    control_s_axi_U/int_input_r/int_input_r_q0[0]
    SLICE_X27Y8          LUT4 (Prop_A6LUT_SLICEL_I1_O)
                                                      0.082     2.045 r  control_s_axi_U/int_input_r/tmp_product_i_19__0/O
                         net (fo=1, routed)           0.014     2.059    control_s_axi_U/int_input_r/tmp_product_i_19__0_n_0
    SLICE_X27Y8          CARRY8 (Prop_CARRY8_SLICEL_S[0]_O[7])
                                                      0.332     2.391 r  control_s_axi_U/int_input_r/tmp_product_i_3__0/O[7]
                         net (fo=2, routed)           0.389     2.780    control_s_axi_U/int_input_r/A[7]
    SLICE_X28Y10         LUT2 (Prop_H6LUT_SLICEM_I1_O)
                                                      0.138     2.918 r  control_s_axi_U/int_input_r/trunc_ln15_5_reg_648_reg_i_12/O
                         net (fo=1, routed)           0.021     2.939    control_s_axi_U/int_input_r/trunc_ln15_5_reg_648_reg_i_12_n_0
    SLICE_X28Y10         CARRY8 (Prop_CARRY8_SLICEM_S[7]_CO[7])
                                                      0.175     3.114 r  control_s_axi_U/int_input_r/trunc_ln15_5_reg_648_reg_i_3/CO[7]
                         net (fo=1, routed)           0.030     3.144    control_s_axi_U/int_input_r/trunc_ln15_5_reg_648_reg_i_3_n_0
    SLICE_X28Y11         CARRY8 (Prop_CARRY8_SLICEM_CI_O[7])
                                                      0.187     3.331 r  control_s_axi_U/int_input_r/trunc_ln15_5_reg_648_reg_i_2/O[7]
                         net (fo=32, routed)          0.371     3.703    mul_16s_16s_31_1_1_U7/tmp_product/A[20]
    DSP48E2_X7Y2         DSP_A_B_DATA                                 r  mul_16s_16s_31_1_1_U7/tmp_product/DSP_A_B_DATA_INST/A[20]
  -------------------------------------------------------------------    -------------------

                         (clock ap_clk rise edge)     6.000     6.000 r  
                                                      0.000     6.000 r  ap_clk (IN)
                         net (fo=446, unset)          0.055     6.055    mul_16s_16s_31_1_1_U7/tmp_product/CLK
    DSP48E2_X7Y2         DSP_A_B_DATA                                 r  mul_16s_16s_31_1_1_U7/tmp_product/DSP_A_B_DATA_INST/CLK
                         clock pessimism              0.000     6.055    
                         clock uncertainty           -0.035     6.020    
    DSP48E2_X7Y2         DSP_A_B_DATA (Setup_DSP_A_B_DATA_DSP48E2_CLK_A[20])
                                                     -0.515     5.505    mul_16s_16s_31_1_1_U7/tmp_product/DSP_A_B_DATA_INST
  -------------------------------------------------------------------
                         required time                          5.505    
                         arrival time                          -3.703    
  -------------------------------------------------------------------
                         slack                                  1.802    

Slack (MET) :             1.803ns  (required time - arrival time)
  Source:                 control_s_axi_U/int_input_r/mem_reg/CLKBWRCLK
                            (rising edge-triggered cell RAMB36E2 clocked by ap_clk  {rise@0.000ns fall@3.000ns period=6.000ns})
  Destination:            mul_16s_16s_31_1_1_U7/tmp_product/DSP_A_B_DATA_INST/A[14]
                            (rising edge-triggered cell DSP_A_B_DATA clocked by ap_clk  {rise@0.000ns fall@3.000ns period=6.000ns})
  Path Group:             ap_clk
  Path Type:              Setup (Max at Slow Process Corner)
  Requirement:            6.000ns  (ap_clk rise@6.000ns - ap_clk rise@0.000ns)
  Data Path Delay:        3.601ns  (logic 2.282ns (63.370%)  route 1.319ns (36.630%))
  Logic Levels:           5  (CARRY8=3 LUT2=1 LUT4=1)
  Clock Path Skew:        -0.051ns (DCD - SCD + CPR)
    Destination Clock Delay (DCD):    0.055ns = ( 6.055 - 6.000 ) 
    Source Clock Delay      (SCD):    0.106ns
    Clock Pessimism Removal (CPR):    0.000ns
  Clock Uncertainty:      0.035ns  ((TSJ^2 + TIJ^2)^1/2 + DJ) / 2 + PE
    Total System Jitter     (TSJ):    0.071ns
    Total Input Jitter      (TIJ):    0.000ns
    Discrete Jitter          (DJ):    0.000ns
    Phase Error              (PE):    0.000ns

    Location             Delay type                Incr(ns)  Path(ns)    Netlist Resource(s)
  -------------------------------------------------------------------    -------------------
                         (clock ap_clk rise edge)     0.000     0.000 r  
                                                      0.000     0.000 r  ap_clk (IN)
                         net (fo=446, unset)          0.106     0.106    control_s_axi_U/int_input_r/ap_clk
    RAMB36_X0Y1          RAMB36E2                                     r  control_s_axi_U/int_input_r/mem_reg/CLKBWRCLK
  -------------------------------------------------------------------    -------------------
    RAMB36_X0Y1          RAMB36E2 (Prop_RAMB36E2_RAMB36_CLKBWRCLK_DOUTBDOUT[0])
                                                      1.382     1.488 r  control_s_axi_U/int_input_r/mem_reg/DOUTBDOUT[0]
                         net (fo=3, routed)           0.475     1.963    control_s_axi_U/int_input_r/int_input_r_q0[0]
    SLICE_X27Y8          LUT4 (Prop_A6LUT_SLICEL_I1_O)
                                                      0.082     2.045 r  control_s_axi_U/int_input_r/tmp_product_i_19__0/O
                         net (fo=1, routed)           0.014     2.059    control_s_axi_U/int_input_r/tmp_product_i_19__0_n_0
    SLICE_X27Y8          CARRY8 (Prop_CARRY8_SLICEL_S[0]_O[7])
                                                      0.332     2.391 r  control_s_axi_U/int_input_r/tmp_product_i_3__0/O[7]
                         net (fo=2, routed)           0.389     2.780    control_s_axi_U/int_input_r/A[7]
    SLICE_X28Y10         LUT2 (Prop_H6LUT_SLICEM_I1_O)
                                                      0.138     2.918 r  control_s_axi_U/int_input_r/trunc_ln15_5_reg_648_reg_i_12/O
                         net (fo=1, routed)           0.021     2.939    control_s_axi_U/int_input_r/trunc_ln15_5_reg_648_reg_i_12_n_0
    SLICE_X28Y10         CARRY8 (Prop_CARRY8_SLICEM_S[7]_CO[7])
                                                      0.175     3.114 r  control_s_axi_U/int_input_r/trunc_ln15_5_reg_648_reg_i_3/CO[7]
                         net (fo=1, routed)           0.030     3.144    control_s_axi_U/int_input_r/trunc_ln15_5_reg_648_reg_i_3_n_0
    SLICE_X28Y11         CARRY8 (Prop_CARRY8_SLICEM_CI_O[6])
                                                      0.173     3.317 r  control_s_axi_U/int_input_r/trunc_ln15_5_reg_648_reg_i_2/O[6]
                         net (fo=4, routed)           0.390     3.707    mul_16s_16s_31_1_1_U7/tmp_product/A[14]
    DSP48E2_X7Y2         DSP_A_B_DATA                                 r  mul_16s_16s_31_1_1_U7/tmp_product/DSP_A_B_DATA_INST/A[14]
  -------------------------------------------------------------------    -------------------

                         (clock ap_clk rise edge)     6.000     6.000 r  
                                                      0.000     6.000 r  ap_clk (IN)
                         net (fo=446, unset)          0.055     6.055    mul_16s_16s_31_1_1_U7/tmp_product/CLK
    DSP48E2_X7Y2         DSP_A_B_DATA                                 r  mul_16s_16s_31_1_1_U7/tmp_product/DSP_A_B_DATA_INST/CLK
                         clock pessimism              0.000     6.055    
                         clock uncertainty           -0.035     6.020    
    DSP48E2_X7Y2         DSP_A_B_DATA (Setup_DSP_A_B_DATA_DSP48E2_CLK_A[14])
                                                     -0.510     5.510    mul_16s_16s_31_1_1_U7/tmp_product/DSP_A_B_DATA_INST
  -------------------------------------------------------------------
                         required time                          5.510    
                         arrival time                          -3.707    
  -------------------------------------------------------------------
                         slack                                  1.803    

Slack (MET) :             1.803ns  (required time - arrival time)
  Source:                 control_s_axi_U/int_input_r/mem_reg/CLKBWRCLK
                            (rising edge-triggered cell RAMB36E2 clocked by ap_clk  {rise@0.000ns fall@3.000ns period=6.000ns})
  Destination:            mul_16s_16s_31_1_1_U7/tmp_product/DSP_A_B_DATA_INST/A[28]
                            (rising edge-triggered cell DSP_A_B_DATA clocked by ap_clk  {rise@0.000ns fall@3.000ns period=6.000ns})
  Path Group:             ap_clk
  Path Type:              Setup (Max at Slow Process Corner)
  Requirement:            6.000ns  (ap_clk rise@6.000ns - ap_clk rise@0.000ns)
  Data Path Delay:        3.554ns  (logic 2.296ns (64.605%)  route 1.258ns (35.395%))
  Logic Levels:           5  (CARRY8=3 LUT2=1 LUT4=1)
  Clock Path Skew:        -0.051ns (DCD - SCD + CPR)
    Destination Clock Delay (DCD):    0.055ns = ( 6.055 - 6.000 ) 
    Source Clock Delay      (SCD):    0.106ns
    Clock Pessimism Removal (CPR):    0.000ns
  Clock Uncertainty:      0.035ns  ((TSJ^2 + TIJ^2)^1/2 + DJ) / 2 + PE
    Total System Jitter     (TSJ):    0.071ns
    Total Input Jitter      (TIJ):    0.000ns
    Discrete Jitter          (DJ):    0.000ns
    Phase Error              (PE):    0.000ns

    Location             Delay type                Incr(ns)  Path(ns)    Netlist Resource(s)
  -------------------------------------------------------------------    -------------------
                         (clock ap_clk rise edge)     0.000     0.000 r  
                                                      0.000     0.000 r  ap_clk (IN)
                         net (fo=446, unset)          0.106     0.106    control_s_axi_U/int_input_r/ap_clk
    RAMB36_X0Y1          RAMB36E2                                     r  control_s_axi_U/int_input_r/mem_reg/CLKBWRCLK
  -------------------------------------------------------------------    -------------------
    RAMB36_X0Y1          RAMB36E2 (Prop_RAMB36E2_RAMB36_CLKBWRCLK_DOUTBDOUT[0])
                                                      1.382     1.488 r  control_s_axi_U/int_input_r/mem_reg/DOUTBDOUT[0]
                         net (fo=3, routed)           0.475     1.963    control_s_axi_U/int_input_r/int_input_r_q0[0]
    SLICE_X27Y8          LUT4 (Prop_A6LUT_SLICEL_I1_O)
                                                      0.082     2.045 r  control_s_axi_U/int_input_r/tmp_product_i_19__0/O
                         net (fo=1, routed)           0.014     2.059    control_s_axi_U/int_input_r/tmp_product_i_19__0_n_0
    SLICE_X27Y8          CARRY8 (Prop_CARRY8_SLICEL_S[0]_O[7])
                                                      0.332     2.391 r  control_s_axi_U/int_input_r/tmp_product_i_3__0/O[7]
                         net (fo=2, routed)           0.389     2.780    control_s_axi_U/int_input_r/A[7]
    SLICE_X28Y10         LUT2 (Prop_H6LUT_SLICEM_I1_O)
                                                      0.138     2.918 r  control_s_axi_U/int_input_r/trunc_ln15_5_reg_648_reg_i_12/O
                         net (fo=1, routed)           0.021     2.939    control_s_axi_U/int_input_r/trunc_ln15_5_reg_648_reg_i_12_n_0
    SLICE_X28Y10         CARRY8 (Prop_CARRY8_SLICEM_S[7]_CO[7])
                                                      0.175     3.114 r  control_s_axi_U/int_input_r/trunc_ln15_5_reg_648_reg_i_3/CO[7]
                         net (fo=1, routed)           0.030     3.144    control_s_axi_U/int_input_r/trunc_ln15_5_reg_648_reg_i_3_n_0
    SLICE_X28Y11         CARRY8 (Prop_CARRY8_SLICEM_CI_O[7])
                                                      0.187     3.331 r  control_s_axi_U/int_input_r/trunc_ln15_5_reg_648_reg_i_2/O[7]
                         net (fo=32, routed)          0.329     3.660    mul_16s_16s_31_1_1_U7/tmp_product/A[28]
    DSP48E2_X7Y2         DSP_A_B_DATA                                 r  mul_16s_16s_31_1_1_U7/tmp_product/DSP_A_B_DATA_INST/A[28]
  -------------------------------------------------------------------    -------------------

                         (clock ap_clk rise edge)     6.000     6.000 r  
                                                      0.000     6.000 r  ap_clk (IN)
                         net (fo=446, unset)          0.055     6.055    mul_16s_16s_31_1_1_U7/tmp_product/CLK
    DSP48E2_X7Y2         DSP_A_B_DATA                                 r  mul_16s_16s_31_1_1_U7/tmp_product/DSP_A_B_DATA_INST/CLK
                         clock pessimism              0.000     6.055    
                         clock uncertainty           -0.035     6.020    
    DSP48E2_X7Y2         DSP_A_B_DATA (Setup_DSP_A_B_DATA_DSP48E2_CLK_A[28])
                                                     -0.557     5.463    mul_16s_16s_31_1_1_U7/tmp_product/DSP_A_B_DATA_INST
  -------------------------------------------------------------------
                         required time                          5.463    
                         arrival time                          -3.660    
  -------------------------------------------------------------------
                         slack                                  1.803    

Slack (MET) :             1.804ns  (required time - arrival time)
  Source:                 control_s_axi_U/int_input_r/mem_reg/CLKBWRCLK
                            (rising edge-triggered cell RAMB36E2 clocked by ap_clk  {rise@0.000ns fall@3.000ns period=6.000ns})
  Destination:            trunc_ln15_5_reg_648_reg/DSP_A_B_DATA_INST/A[9]
                            (rising edge-triggered cell DSP_A_B_DATA clocked by ap_clk  {rise@0.000ns fall@3.000ns period=6.000ns})
  Path Group:             ap_clk
  Path Type:              Setup (Max at Slow Process Corner)
  Requirement:            6.000ns  (ap_clk rise@6.000ns - ap_clk rise@0.000ns)
  Data Path Delay:        3.579ns  (logic 2.231ns (62.330%)  route 1.348ns (37.670%))
  Logic Levels:           5  (CARRY8=3 LUT2=1 LUT4=1)
  Clock Path Skew:        -0.051ns (DCD - SCD + CPR)
    Destination Clock Delay (DCD):    0.055ns = ( 6.055 - 6.000 ) 
    Source Clock Delay      (SCD):    0.106ns
    Clock Pessimism Removal (CPR):    0.000ns
  Clock Uncertainty:      0.035ns  ((TSJ^2 + TIJ^2)^1/2 + DJ) / 2 + PE
    Total System Jitter     (TSJ):    0.071ns
    Total Input Jitter      (TIJ):    0.000ns
    Discrete Jitter          (DJ):    0.000ns
    Phase Error              (PE):    0.000ns

    Location             Delay type                Incr(ns)  Path(ns)    Netlist Resource(s)
  -------------------------------------------------------------------    -------------------
                         (clock ap_clk rise edge)     0.000     0.000 r  
                                                      0.000     0.000 r  ap_clk (IN)
                         net (fo=446, unset)          0.106     0.106    control_s_axi_U/int_input_r/ap_clk
    RAMB36_X0Y1          RAMB36E2                                     r  control_s_axi_U/int_input_r/mem_reg/CLKBWRCLK
  -------------------------------------------------------------------    -------------------
    RAMB36_X0Y1          RAMB36E2 (Prop_RAMB36E2_RAMB36_CLKBWRCLK_DOUTBDOUT[0])
                                                      1.382     1.488 r  control_s_axi_U/int_input_r/mem_reg/DOUTBDOUT[0]
                         net (fo=3, routed)           0.475     1.963    control_s_axi_U/int_input_r/int_input_r_q0[0]
    SLICE_X27Y8          LUT4 (Prop_A6LUT_SLICEL_I1_O)
                                                      0.082     2.045 r  control_s_axi_U/int_input_r/tmp_product_i_19__0/O
                         net (fo=1, routed)           0.014     2.059    control_s_axi_U/int_input_r/tmp_product_i_19__0_n_0
    SLICE_X27Y8          CARRY8 (Prop_CARRY8_SLICEL_S[0]_O[7])
                                                      0.332     2.391 r  control_s_axi_U/int_input_r/tmp_product_i_3__0/O[7]
                         net (fo=2, routed)           0.389     2.780    control_s_axi_U/int_input_r/A[7]
    SLICE_X28Y10         LUT2 (Prop_H6LUT_SLICEM_I1_O)
                                                      0.138     2.918 r  control_s_axi_U/int_input_r/trunc_ln15_5_reg_648_reg_i_12/O
                         net (fo=1, routed)           0.021     2.939    control_s_axi_U/int_input_r/trunc_ln15_5_reg_648_reg_i_12_n_0
    SLICE_X28Y10         CARRY8 (Prop_CARRY8_SLICEM_S[7]_CO[7])
                                                      0.175     3.114 r  control_s_axi_U/int_input_r/trunc_ln15_5_reg_648_reg_i_3/CO[7]
                         net (fo=1, routed)           0.030     3.144    control_s_axi_U/int_input_r/trunc_ln15_5_reg_648_reg_i_3_n_0
    SLICE_X28Y11         CARRY8 (Prop_CARRY8_SLICEM_CI_O[1])
                                                      0.122     3.266 r  control_s_axi_U/int_input_r/trunc_ln15_5_reg_648_reg_i_2/O[1]
                         net (fo=4, routed)           0.419     3.685    trunc_ln15_5_reg_648_reg/A[9]
    DSP48E2_X7Y3         DSP_A_B_DATA                                 r  trunc_ln15_5_reg_648_reg/DSP_A_B_DATA_INST/A[9]
  -------------------------------------------------------------------    -------------------

                         (clock ap_clk rise edge)     6.000     6.000 r  
                                                      0.000     6.000 r  ap_clk (IN)
                         net (fo=446, unset)          0.055     6.055    trunc_ln15_5_reg_648_reg/CLK
    DSP48E2_X7Y3         DSP_A_B_DATA                                 r  trunc_ln15_5_reg_648_reg/DSP_A_B_DATA_INST/CLK
                         clock pessimism              0.000     6.055    
                         clock uncertainty           -0.035     6.020    
    DSP48E2_X7Y3         DSP_A_B_DATA (Setup_DSP_A_B_DATA_DSP48E2_CLK_A[9])
                                                     -0.530     5.490    trunc_ln15_5_reg_648_reg/DSP_A_B_DATA_INST
  -------------------------------------------------------------------
                         required time                          5.490    
                         arrival time                          -3.685    
  -------------------------------------------------------------------
                         slack                                  1.804    

Slack (MET) :             1.808ns  (required time - arrival time)
  Source:                 control_s_axi_U/int_input_r/mem_reg/CLKBWRCLK
                            (rising edge-triggered cell RAMB36E2 clocked by ap_clk  {rise@0.000ns fall@3.000ns period=6.000ns})
  Destination:            mul_16s_16s_31_1_1_U7/tmp_product/DSP_A_B_DATA_INST/A[21]
                            (rising edge-triggered cell DSP_A_B_DATA clocked by ap_clk  {rise@0.000ns fall@3.000ns period=6.000ns})
  Path Group:             ap_clk
  Path Type:              Setup (Max at Slow Process Corner)
  Requirement:            6.000ns  (ap_clk rise@6.000ns - ap_clk rise@0.000ns)
  Data Path Delay:        3.598ns  (logic 2.296ns (63.812%)  route 1.302ns (36.188%))
  Logic Levels:           5  (CARRY8=3 LUT2=1 LUT4=1)
  Clock Path Skew:        -0.051ns (DCD - SCD + CPR)
    Destination Clock Delay (DCD):    0.055ns = ( 6.055 - 6.000 ) 
    Source Clock Delay      (SCD):    0.106ns
    Clock Pessimism Removal (CPR):    0.000ns
  Clock Uncertainty:      0.035ns  ((TSJ^2 + TIJ^2)^1/2 + DJ) / 2 + PE
    Total System Jitter     (TSJ):    0.071ns
    Total Input Jitter      (TIJ):    0.000ns
    Discrete Jitter          (DJ):    0.000ns
    Phase Error              (PE):    0.000ns

    Location             Delay type                Incr(ns)  Path(ns)    Netlist Resource(s)
  -------------------------------------------------------------------    -------------------
                         (clock ap_clk rise edge)     0.000     0.000 r  
                                                      0.000     0.000 r  ap_clk (IN)
                         net (fo=446, unset)          0.106     0.106    control_s_axi_U/int_input_r/ap_clk
    RAMB36_X0Y1          RAMB36E2                                     r  control_s_axi_U/int_input_r/mem_reg/CLKBWRCLK
  -------------------------------------------------------------------    -------------------
    RAMB36_X0Y1          RAMB36E2 (Prop_RAMB36E2_RAMB36_CLKBWRCLK_DOUTBDOUT[0])
                                                      1.382     1.488 r  control_s_axi_U/int_input_r/mem_reg/DOUTBDOUT[0]
                         net (fo=3, routed)           0.475     1.963    control_s_axi_U/int_input_r/int_input_r_q0[0]
    SLICE_X27Y8          LUT4 (Prop_A6LUT_SLICEL_I1_O)
                                                      0.082     2.045 r  control_s_axi_U/int_input_r/tmp_product_i_19__0/O
                         net (fo=1, routed)           0.014     2.059    control_s_axi_U/int_input_r/tmp_product_i_19__0_n_0
    SLICE_X27Y8          CARRY8 (Prop_CARRY8_SLICEL_S[0]_O[7])
                                                      0.332     2.391 r  control_s_axi_U/int_input_r/tmp_product_i_3__0/O[7]
                         net (fo=2, routed)           0.389     2.780    control_s_axi_U/int_input_r/A[7]
    SLICE_X28Y10         LUT2 (Prop_H6LUT_SLICEM_I1_O)
                                                      0.138     2.918 r  control_s_axi_U/int_input_r/trunc_ln15_5_reg_648_reg_i_12/O
                         net (fo=1, routed)           0.021     2.939    control_s_axi_U/int_input_r/trunc_ln15_5_reg_648_reg_i_12_n_0
    SLICE_X28Y10         CARRY8 (Prop_CARRY8_SLICEM_S[7]_CO[7])
                                                      0.175     3.114 r  control_s_axi_U/int_input_r/trunc_ln15_5_reg_648_reg_i_3/CO[7]
                         net (fo=1, routed)           0.030     3.144    control_s_axi_U/int_input_r/trunc_ln15_5_reg_648_reg_i_3_n_0
    SLICE_X28Y11         CARRY8 (Prop_CARRY8_SLICEM_CI_O[7])
                                                      0.187     3.331 r  control_s_axi_U/int_input_r/trunc_ln15_5_reg_648_reg_i_2/O[7]
                         net (fo=32, routed)          0.373     3.704    mul_16s_16s_31_1_1_U7/tmp_product/A[21]
    DSP48E2_X7Y2         DSP_A_B_DATA                                 r  mul_16s_16s_31_1_1_U7/tmp_product/DSP_A_B_DATA_INST/A[21]
  -------------------------------------------------------------------    -------------------

                         (clock ap_clk rise edge)     6.000     6.000 r  
                                                      0.000     6.000 r  ap_clk (IN)
                         net (fo=446, unset)          0.055     6.055    mul_16s_16s_31_1_1_U7/tmp_product/CLK
    DSP48E2_X7Y2         DSP_A_B_DATA                                 r  mul_16s_16s_31_1_1_U7/tmp_product/DSP_A_B_DATA_INST/CLK
                         clock pessimism              0.000     6.055    
                         clock uncertainty           -0.035     6.020    
    DSP48E2_X7Y2         DSP_A_B_DATA (Setup_DSP_A_B_DATA_DSP48E2_CLK_A[21])
                                                     -0.508     5.512    mul_16s_16s_31_1_1_U7/tmp_product/DSP_A_B_DATA_INST
  -------------------------------------------------------------------
                         required time                          5.512    
                         arrival time                          -3.704    
  -------------------------------------------------------------------
                         slack                                  1.808    





Pulse Width Checks
--------------------------------------------------------------------------------------
Clock Name:         ap_clk
Waveform(ns):       { 0.000 3.000 }
Period(ns):         6.000
Sources:            { ap_clk }

Check Type        Corner  Lib Pin             Reference Pin  Required(ns)  Actual(ns)  Slack(ns)  Location      Pin
Min Period        n/a     RAMB36E2/CLKARDCLK  n/a            1.960         6.000       4.040      RAMB36_X0Y1   control_s_axi_U/int_input_r/mem_reg/CLKARDCLK
Min Period        n/a     RAMB18E2/CLKARDCLK  n/a            1.960         6.000       4.040      RAMB18_X0Y4   control_s_axi_U/int_output_r/mem_reg/CLKARDCLK
Min Period        n/a     RAMB18E2/CLKBWRCLK  n/a            1.960         6.000       4.040      RAMB18_X0Y4   control_s_axi_U/int_output_r/mem_reg/CLKBWRCLK
Min Period        n/a     RAMB36E2/CLKBWRCLK  n/a            1.709         6.000       4.291      RAMB36_X0Y1   control_s_axi_U/int_input_r/mem_reg/CLKBWRCLK
Min Period        n/a     DSP_OUTPUT/CLK      n/a            0.850         6.000       5.150      DSP48E2_X7Y2  mul_16s_16s_31_1_1_U7/tmp_product/DSP_OUTPUT_INST/CLK
Min Period        n/a     DSP_OUTPUT/CLK      n/a            0.850         6.000       5.150      DSP48E2_X7Y7  mul_16s_16s_31_1_1_U9/tmp_product/DSP_OUTPUT_INST/CLK
Min Period        n/a     DSP_OUTPUT/CLK      n/a            0.850         6.000       5.150      DSP48E2_X6Y4  trunc_ln15_10_reg_742_reg/DSP_OUTPUT_INST/CLK
Min Period        n/a     DSP_OUTPUT/CLK      n/a            0.850         6.000       5.150      DSP48E2_X7Y4  trunc_ln15_2_reg_676_reg/DSP_OUTPUT_INST/CLK
Min Period        n/a     DSP_OUTPUT/CLK      n/a            0.850         6.000       5.150      DSP48E2_X7Y6  trunc_ln15_4_reg_681_reg/DSP_OUTPUT_INST/CLK
Min Period        n/a     DSP_OUTPUT/CLK      n/a            0.850         6.000       5.150      DSP48E2_X7Y3  trunc_ln15_5_reg_648_reg/DSP_OUTPUT_INST/CLK
Min Period        n/a     DSP_OUTPUT/CLK      n/a            0.850         6.000       5.150      DSP48E2_X7Y8  trunc_ln15_8_reg_799_reg/DSP_OUTPUT_INST/CLK
Min Period        n/a     DSP_OUTPUT/CLK      n/a            0.850         6.000       5.150      DSP48E2_X8Y5  trunc_ln15_9_reg_752_reg/DSP_OUTPUT_INST/CLK
Min Period        n/a     DSP_OUTPUT/CLK      n/a            0.850         6.000       5.150      DSP48E2_X6Y5  trunc_ln15_s_reg_784_reg/DSP_OUTPUT_INST/CLK
Min Period        n/a     DSP_OUTPUT/CLK      n/a            0.850         6.000       5.150      DSP48E2_X7Y5  trunc_ln_reg_615_reg/DSP_OUTPUT_INST/CLK
Min Period        n/a     DSP_A_B_DATA/CLK    n/a            0.700         6.000       5.300      DSP48E2_X8Y4  mul_16s_16s_31_1_1_U2/tmp_product/DSP_A_B_DATA_INST/CLK
Min Period        n/a     DSP_A_B_DATA/CLK    n/a            0.700         6.000       5.300      DSP48E2_X7Y2  mul_16s_16s_31_1_1_U7/tmp_product/DSP_A_B_DATA_INST/CLK
Min Period        n/a     DSP_A_B_DATA/CLK    n/a            0.700         6.000       5.300      DSP48E2_X7Y7  mul_16s_16s_31_1_1_U9/tmp_product/DSP_A_B_DATA_INST/CLK
Min Period        n/a     DSP_A_B_DATA/CLK    n/a            0.700         6.000       5.300      DSP48E2_X6Y4  trunc_ln15_10_reg_742_reg/DSP_A_B_DATA_INST/CLK
Min Period        n/a     DSP_A_B_DATA/CLK    n/a            0.700         6.000       5.300      DSP48E2_X7Y4  trunc_ln15_2_reg_676_reg/DSP_A_B_DATA_INST/CLK
Min Period        n/a     DSP_A_B_DATA/CLK    n/a            0.700         6.000       5.300      DSP48E2_X7Y6  trunc_ln15_4_reg_681_reg/DSP_A_B_DATA_INST/CLK
Low Pulse Width   Slow    RAMB36E2/CLKARDCLK  n/a            0.577         3.000       2.423      RAMB36_X0Y1   control_s_axi_U/int_input_r/mem_reg/CLKARDCLK
Low Pulse Width   Fast    RAMB36E2/CLKARDCLK  n/a            0.577         3.000       2.423      RAMB36_X0Y1   control_s_axi_U/int_input_r/mem_reg/CLKARDCLK
Low Pulse Width   Slow    RAMB36E2/CLKBWRCLK  n/a            0.577         3.000       2.423      RAMB36_X0Y1   control_s_axi_U/int_input_r/mem_reg/CLKBWRCLK
Low Pulse Width   Fast    RAMB36E2/CLKBWRCLK  n/a            0.577         3.000       2.423      RAMB36_X0Y1   control_s_axi_U/int_input_r/mem_reg/CLKBWRCLK
Low Pulse Width   Slow    RAMB18E2/CLKARDCLK  n/a            0.577         3.000       2.423      RAMB18_X0Y4   control_s_axi_U/int_output_r/mem_reg/CLKARDCLK
Low Pulse Width   Fast    RAMB18E2/CLKARDCLK  n/a            0.577         3.000       2.423      RAMB18_X0Y4   control_s_axi_U/int_output_r/mem_reg/CLKARDCLK
Low Pulse Width   Slow    RAMB18E2/CLKBWRCLK  n/a            0.577         3.000       2.423      RAMB18_X0Y4   control_s_axi_U/int_output_r/mem_reg/CLKBWRCLK
Low Pulse Width   Fast    RAMB18E2/CLKBWRCLK  n/a            0.577         3.000       2.423      RAMB18_X0Y4   control_s_axi_U/int_output_r/mem_reg/CLKBWRCLK
Low Pulse Width   Slow    FDRE/C              n/a            0.275         3.000       2.725      SLICE_X29Y12  a_4_reg_625_reg[0]/C
Low Pulse Width   Fast    FDRE/C              n/a            0.275         3.000       2.725      SLICE_X29Y12  a_4_reg_625_reg[0]/C
Low Pulse Width   Slow    FDRE/C              n/a            0.275         3.000       2.725      SLICE_X29Y13  a_4_reg_625_reg[10]/C
Low Pulse Width   Fast    FDRE/C              n/a            0.275         3.000       2.725      SLICE_X29Y13  a_4_reg_625_reg[10]/C
Low Pulse Width   Slow    FDRE/C              n/a            0.275         3.000       2.725      SLICE_X29Y13  a_4_reg_625_reg[11]/C
Low Pulse Width   Fast    FDRE/C              n/a            0.275         3.000       2.725      SLICE_X29Y13  a_4_reg_625_reg[11]/C
Low Pulse Width   Slow    FDRE/C              n/a            0.275         3.000       2.725      SLICE_X29Y13  a_4_reg_625_reg[12]/C
Low Pulse Width   Fast    FDRE/C              n/a            0.275         3.000       2.725      SLICE_X29Y13  a_4_reg_625_reg[12]/C
Low Pulse Width   Slow    FDRE/C              n/a            0.275         3.000       2.725      SLICE_X29Y13  a_4_reg_625_reg[13]/C
Low Pulse Width   Fast    FDRE/C              n/a            0.275         3.000       2.725      SLICE_X29Y13  a_4_reg_625_reg[13]/C
Low Pulse Width   Slow    FDRE/C              n/a            0.275         3.000       2.725      SLICE_X29Y13  a_4_reg_625_reg[14]/C
Low Pulse Width   Fast    FDRE/C              n/a            0.275         3.000       2.725      SLICE_X29Y13  a_4_reg_625_reg[14]/C
High Pulse Width  Slow    RAMB36E2/CLKARDCLK  n/a            0.577         3.000       2.423      RAMB36_X0Y1   control_s_axi_U/int_input_r/mem_reg/CLKARDCLK
High Pulse Width  Fast    RAMB36E2/CLKARDCLK  n/a            0.577         3.000       2.423      RAMB36_X0Y1   control_s_axi_U/int_input_r/mem_reg/CLKARDCLK
High Pulse Width  Slow    RAMB36E2/CLKBWRCLK  n/a            0.577         3.000       2.423      RAMB36_X0Y1   control_s_axi_U/int_input_r/mem_reg/CLKBWRCLK
High Pulse Width  Fast    RAMB36E2/CLKBWRCLK  n/a            0.577         3.000       2.423      RAMB36_X0Y1   control_s_axi_U/int_input_r/mem_reg/CLKBWRCLK
High Pulse Width  Slow    RAMB18E2/CLKARDCLK  n/a            0.577         3.000       2.423      RAMB18_X0Y4   control_s_axi_U/int_output_r/mem_reg/CLKARDCLK
High Pulse Width  Fast    RAMB18E2/CLKARDCLK  n/a            0.577         3.000       2.423      RAMB18_X0Y4   control_s_axi_U/int_output_r/mem_reg/CLKARDCLK
High Pulse Width  Slow    RAMB18E2/CLKBWRCLK  n/a            0.577         3.000       2.423      RAMB18_X0Y4   control_s_axi_U/int_output_r/mem_reg/CLKBWRCLK
High Pulse Width  Fast    RAMB18E2/CLKBWRCLK  n/a            0.577         3.000       2.423      RAMB18_X0Y4   control_s_axi_U/int_output_r/mem_reg/CLKBWRCLK
High Pulse Width  Slow    FDRE/C              n/a            0.275         3.000       2.725      SLICE_X29Y12  a_4_reg_625_reg[0]/C
High Pulse Width  Fast    FDRE/C              n/a            0.275         3.000       2.725      SLICE_X29Y12  a_4_reg_625_reg[0]/C
High Pulse Width  Slow    FDRE/C              n/a            0.275         3.000       2.725      SLICE_X29Y13  a_4_reg_625_reg[10]/C
High Pulse Width  Fast    FDRE/C              n/a            0.275         3.000       2.725      SLICE_X29Y13  a_4_reg_625_reg[10]/C
High Pulse Width  Slow    FDRE/C              n/a            0.275         3.000       2.725      SLICE_X29Y13  a_4_reg_625_reg[11]/C
High Pulse Width  Fast    FDRE/C              n/a            0.275         3.000       2.725      SLICE_X29Y13  a_4_reg_625_reg[11]/C
High Pulse Width  Slow    FDRE/C              n/a            0.275         3.000       2.725      SLICE_X29Y13  a_4_reg_625_reg[12]/C
High Pulse Width  Fast    FDRE/C              n/a            0.275         3.000       2.725      SLICE_X29Y13  a_4_reg_625_reg[12]/C
High Pulse Width  Slow    FDRE/C              n/a            0.275         3.000       2.725      SLICE_X29Y13  a_4_reg_625_reg[13]/C
High Pulse Width  Fast    FDRE/C              n/a            0.275         3.000       2.725      SLICE_X29Y13  a_4_reg_625_reg[13]/C
High Pulse Width  Slow    FDRE/C              n/a            0.275         3.000       2.725      SLICE_X29Y13  a_4_reg_625_reg[14]/C
High Pulse Width  Fast    FDRE/C              n/a            0.275         3.000       2.725      SLICE_X29Y13  a_4_reg_625_reg[14]/C



