Copyright 1986-2022 Xilinx, Inc. All Rights Reserved. Copyright 2022-2024 Advanced Micro Devices, Inc. All Rights Reserved.
----------------------------------------------------------------------------------------------------------------------------------------------------------------------------------------------------------------------------------------------
| Tool Version      : Vivado v.2024.1 (lin64) Build 5076996 Wed May 22 18:36:09 MDT 2024
| Date              : Thu Aug  6 00:34:15 2026
| Host              : linux running 64-bit Ubuntu 22.04.5 LTS
| Command           : report_timing_summary -delay_type max -max_paths 20 -file ${PROJECT_ROOT}/ProyectoFinal/HLS/reports/isolated_forward/post_route/timing_post_route.rpt
| Design            : wht_lossless_forward_isolated
| Device            : xck26-sfvc784
| Speed File        : -2LV  PRODUCTION 1.30 05-15-2022
| Design State      : Routed
| Temperature Grade : C
----------------------------------------------------------------------------------------------------------------------------------------------------------------------------------------------------------------------------------------------

Timing Summary Report

------------------------------------------------------------------------------------------------
| Timer Settings
| --------------
------------------------------------------------------------------------------------------------

  Enable Multi Corner Analysis               :  Yes
  Enable Pessimism Removal                   :  Yes
  Pessimism Removal Resolution               :  Nearest Common Node
  Enable Input Delay Default Clock           :  No
  Enable Preset / Clear Arcs                 :  No
  Disable Flight Delays                      :  No
  Ignore I/O Paths                           :  No
  Timing Early Launch at Borrowing Latches   :  No
  Borrow Time for Max Delay Exceptions       :  Yes
  Merge Timing Exceptions                    :  Yes
  Inter-SLR Compensation                     :  Conservative

  Corner  Analyze    Analyze    
  Name    Max Paths  Min Paths  
  ------  ---------  ---------  
  Slow    Yes        Yes        
  Fast    Yes        Yes        


------------------------------------------------------------------------------------------------
| Report Methodology
| ------------------
------------------------------------------------------------------------------------------------

No report available as report_methodology has not been run prior. Run report_methodology on the current design for the summary of methodology violations.



check_timing report

Table of Contents
-----------------
1. checking no_clock (0)
2. checking constant_clock (0)
3. checking pulse_width_clock (0)
4. checking unconstrained_internal_endpoints (0)
5. checking no_input_delay (52)
6. checking no_output_delay (38)
7. checking multiple_clock (0)
8. checking generated_clocks (0)
9. checking loops (0)
10. checking partial_input_delay (0)
11. checking partial_output_delay (0)
12. checking latch_loops (0)

1. checking no_clock (0)
------------------------
 There are 0 register/latch pins with no clock.


2. checking constant_clock (0)
------------------------------
 There are 0 register/latch pins with constant_clock.


3. checking pulse_width_clock (0)
---------------------------------
 There are 0 register/latch pins which need pulse_width check


4. checking unconstrained_internal_endpoints (0)
------------------------------------------------
 There are 0 pins that are not constrained for maximum delay.

 There are 0 pins that are not constrained for maximum delay due to constant clock.


5. checking no_input_delay (52)
-------------------------------
 There are 52 input ports with no input delay specified. (HIGH)

 There are 0 input ports with no input delay but user has a false path constraint.


6. checking no_output_delay (38)
--------------------------------
 There are 38 ports with no output delay specified. (HIGH)

 There are 0 ports with no output delay but user has a false path constraint

 There are 0 ports with no output delay but with a timing clock defined on it or propagating through it


7. checking multiple_clock (0)
------------------------------
 There are 0 register/latch pins with multiple clocks.


8. checking generated_clocks (0)
--------------------------------
 There are 0 generated clocks that are not connected to a clock source.


9. checking loops (0)
---------------------
 There are 0 combinational loops in the design.


10. checking partial_input_delay (0)
------------------------------------
 There are 0 input ports with partial input delay specified.


11. checking partial_output_delay (0)
-------------------------------------
 There are 0 ports with partial output delay specified.


12. checking latch_loops (0)
----------------------------
 There are 0 combinational latch loops in the design through latch input



------------------------------------------------------------------------------------------------
| Design Timing Summary
| ---------------------
------------------------------------------------------------------------------------------------

    WNS(ns)      TNS(ns)  TNS Failing Endpoints  TNS Total Endpoints     WPWS(ns)     TPWS(ns)  TPWS Failing Endpoints  TPWS Total Endpoints  
    -------      -------  ---------------------  -------------------     --------     --------  ----------------------  --------------------  
      5.323        0.000                      0                  898        4.423        0.000                       0                   428  


All user specified timing constraints are met.


------------------------------------------------------------------------------------------------
| Clock Summary
| -------------
------------------------------------------------------------------------------------------------

Clock   Waveform(ns)       Period(ns)      Frequency(MHz)
-----   ------------       ----------      --------------
ap_clk  {0.000 5.000}      10.000          100.000         


------------------------------------------------------------------------------------------------
| Intra Clock Table
| -----------------
------------------------------------------------------------------------------------------------

Clock             WNS(ns)      TNS(ns)  TNS Failing Endpoints  TNS Total Endpoints     WPWS(ns)     TPWS(ns)  TPWS Failing Endpoints  TPWS Total Endpoints  
-----             -------      -------  ---------------------  -------------------     --------     --------  ----------------------  --------------------  
ap_clk              5.323        0.000                      0                  898        4.423        0.000                       0                   428  


------------------------------------------------------------------------------------------------
| Inter Clock Table
| -----------------
------------------------------------------------------------------------------------------------

From Clock    To Clock          WNS(ns)      TNS(ns)  TNS Failing Endpoints  TNS Total Endpoints  
----------    --------          -------      -------  ---------------------  -------------------  


------------------------------------------------------------------------------------------------
| Other Path Groups Table
| -----------------------
------------------------------------------------------------------------------------------------

Path Group    From Clock    To Clock          WNS(ns)      TNS(ns)  TNS Failing Endpoints  TNS Total Endpoints  
----------    ----------    --------          -------      -------  ---------------------  -------------------  


------------------------------------------------------------------------------------------------
| Timing Details
| --------------
------------------------------------------------------------------------------------------------


---------------------------------------------------------------------------------------------------
From Clock:  ap_clk
  To Clock:  ap_clk

Setup :            0  Failing Endpoints,  Worst Slack        5.323ns,  Total Violation        0.000ns
Hold  :           NA  Failing Endpoints,  Worst Slack           NA  ,  Total Violation           NA
PW    :            0  Failing Endpoints,  Worst Slack        4.423ns,  Total Violation        0.000ns
---------------------------------------------------------------------------------------------------


Max Delay Paths
--------------------------------------------------------------------------------------
Slack (MET) :             5.323ns  (required time - arrival time)
  Source:                 reg_218_reg[0]/C
                            (rising edge-triggered cell FDRE clocked by ap_clk  {rise@0.000ns fall@5.000ns period=10.000ns})
  Destination:            control_s_axi_U/int_block_out/mem_reg/DINADIN[15]
                            (rising edge-triggered cell RAMB18E2 clocked by ap_clk  {rise@0.000ns fall@5.000ns period=10.000ns})
  Path Group:             ap_clk
  Path Type:              Setup (Max at Slow Process Corner)
  Requirement:            10.000ns  (ap_clk rise@10.000ns - ap_clk rise@0.000ns)
  Data Path Delay:        4.049ns  (logic 1.681ns (41.515%)  route 2.368ns (58.485%))
  Logic Levels:           9  (CARRY8=4 LUT2=1 LUT3=2 LUT6=2)
  Clock Path Skew:        0.008ns (DCD - SCD + CPR)
    Destination Clock Delay (DCD):    0.049ns = ( 10.049 - 10.000 ) 
    Source Clock Delay      (SCD):    0.041ns
    Clock Pessimism Removal (CPR):    0.000ns
  Clock Uncertainty:      0.035ns  ((TSJ^2 + TIJ^2)^1/2 + DJ) / 2 + PE
    Total System Jitter     (TSJ):    0.071ns
    Total Input Jitter      (TIJ):    0.000ns
    Discrete Jitter          (DJ):    0.000ns
    Phase Error              (PE):    0.000ns

    Location             Delay type                Incr(ns)  Path(ns)    Netlist Resource(s)
  -------------------------------------------------------------------    -------------------
                         (clock ap_clk rise edge)     0.000     0.000 r  
                                                      0.000     0.000 r  ap_clk (IN)
                         net (fo=427, unset)          0.041     0.041    ap_clk
    SLICE_X30Y97         FDRE                                         r  reg_218_reg[0]/C
  -------------------------------------------------------------------    -------------------
    SLICE_X30Y97         FDRE (Prop_DFF2_SLICEL_C_Q)
                                                      0.115     0.156 r  reg_218_reg[0]/Q
                         net (fo=1, routed)           0.174     0.330    control_s_axi_U/int_block_out/reg_238_reg[15]_0[0]
    SLICE_X31Y97         LUT2 (Prop_A6LUT_SLICEM_I1_O)
                                                      0.226     0.556 r  control_s_axi_U/int_block_out/reg_238[7]_i_9/O
                         net (fo=1, routed)           0.017     0.573    control_s_axi_U/int_block_out/reg_238[7]_i_9_n_0
    SLICE_X31Y97         CARRY8 (Prop_CARRY8_SLICEM_S[0]_O[4])
                                                      0.296     0.869 r  control_s_axi_U/int_block_out/reg_238_reg[7]_i_1/O[4]
                         net (fo=5, routed)           0.374     1.243    control_s_axi_U/int_block_out/O[4]
    SLICE_X28Y99         LUT3 (Prop_D6LUT_SLICEM_I2_O)
                                                      0.080     1.323 r  control_s_axi_U/int_block_out/b_6_reg_611[7]_i_5/O
                         net (fo=1, routed)           0.314     1.637    control_s_axi_U/int_block_out/b_6_reg_611[7]_i_5_n_0
    SLICE_X30Y99         CARRY8 (Prop_CARRY8_SLICEL_DI[4]_CO[7])
                                                      0.133     1.770 r  control_s_axi_U/int_block_out/b_6_reg_611_reg[7]_i_1/CO[7]
                         net (fo=1, routed)           0.030     1.800    control_s_axi_U/int_block_out/b_6_reg_611_reg[7]_i_1_n_0
    SLICE_X30Y100        CARRY8 (Prop_CARRY8_SLICEL_CI_O[3])
                                                      0.122     1.922 r  control_s_axi_U/int_block_out/b_6_reg_611_reg[15]_i_2/O[3]
                         net (fo=4, routed)           0.215     2.137    control_s_axi_U/int_block_out/reg_214_reg[14]_0[3]
    SLICE_X29Y100        LUT3 (Prop_C5LUT_SLICEM_I2_O)
                                                      0.223     2.360 r  control_s_axi_U/int_block_out/trunc_ln11_8_reg_626[14]_i_5/O
                         net (fo=1, routed)           0.474     2.834    control_s_axi_U/int_block_out/trunc_ln11_8_reg_626[14]_i_5_n_0
    SLICE_X31Y100        CARRY8 (Prop_CARRY8_SLICEM_DI[3]_O[7])
                                                      0.279     3.113 r  control_s_axi_U/int_block_out/trunc_ln11_8_reg_626_reg[14]_i_1/O[7]
                         net (fo=2, routed)           0.333     3.446    control_s_axi_U/int_block_out/a_6_reg_581_reg[14][14]
    SLICE_X30Y96         LUT6 (Prop_G6LUT_SLICEL_I0_O)
                                                      0.057     3.503 r  control_s_axi_U/int_block_out/mem_reg_i_31/O
                         net (fo=1, routed)           0.054     3.557    control_s_axi_U/int_block_out/mem_reg_i_31_n_0
    SLICE_X30Y96         LUT6 (Prop_F6LUT_SLICEL_I4_O)
                                                      0.150     3.707 r  control_s_axi_U/int_block_out/mem_reg_i_5/O
                         net (fo=1, routed)           0.383     4.090    control_s_axi_U/int_block_out/mem_reg_i_5_n_0
    RAMB18_X0Y36         RAMB18E2                                     r  control_s_axi_U/int_block_out/mem_reg/DINADIN[15]
  -------------------------------------------------------------------    -------------------

                         (clock ap_clk rise edge)    10.000    10.000 r  
                                                      0.000    10.000 r  ap_clk (IN)
                         net (fo=427, unset)          0.049    10.049    control_s_axi_U/int_block_out/ap_clk
    RAMB18_X0Y36         RAMB18E2                                     r  control_s_axi_U/int_block_out/mem_reg/CLKBWRCLK
                         clock pessimism              0.000    10.049    
                         clock uncertainty           -0.035    10.014    
    RAMB18_X0Y36         RAMB18E2 (Setup_RAMB18E2_L_RAMB180_CLKBWRCLK_DINADIN[15])
                                                     -0.600     9.414    control_s_axi_U/int_block_out/mem_reg
  -------------------------------------------------------------------
                         required time                          9.414    
                         arrival time                          -4.090    
  -------------------------------------------------------------------
                         slack                                  5.323    

Slack (MET) :             5.455ns  (required time - arrival time)
  Source:                 reg_218_reg[0]/C
                            (rising edge-triggered cell FDRE clocked by ap_clk  {rise@0.000ns fall@5.000ns period=10.000ns})
  Destination:            control_s_axi_U/int_block_out/mem_reg/DINADIN[12]
                            (rising edge-triggered cell RAMB18E2 clocked by ap_clk  {rise@0.000ns fall@5.000ns period=10.000ns})
  Path Group:             ap_clk
  Path Type:              Setup (Max at Slow Process Corner)
  Requirement:            10.000ns  (ap_clk rise@10.000ns - ap_clk rise@0.000ns)
  Data Path Delay:        4.073ns  (logic 1.754ns (43.062%)  route 2.319ns (56.938%))
  Logic Levels:           9  (CARRY8=4 LUT2=1 LUT3=2 LUT6=2)
  Clock Path Skew:        0.008ns (DCD - SCD + CPR)
    Destination Clock Delay (DCD):    0.049ns = ( 10.049 - 10.000 ) 
    Source Clock Delay      (SCD):    0.041ns
    Clock Pessimism Removal (CPR):    0.000ns
  Clock Uncertainty:      0.035ns  ((TSJ^2 + TIJ^2)^1/2 + DJ) / 2 + PE
    Total System Jitter     (TSJ):    0.071ns
    Total Input Jitter      (TIJ):    0.000ns
    Discrete Jitter          (DJ):    0.000ns
    Phase Error              (PE):    0.000ns

    Location             Delay type                Incr(ns)  Path(ns)    Netlist Resource(s)
  -------------------------------------------------------------------    -------------------
                         (clock ap_clk rise edge)     0.000     0.000 r  
                                                      0.000     0.000 r  ap_clk (IN)
                         net (fo=427, unset)          0.041     0.041    ap_clk
    SLICE_X30Y97         FDRE                                         r  reg_218_reg[0]/C
  -------------------------------------------------------------------    -------------------
    SLICE_X30Y97         FDRE (Prop_DFF2_SLICEL_C_Q)
                                                      0.115     0.156 r  reg_218_reg[0]/Q
                         net (fo=1, routed)           0.174     0.330    control_s_axi_U/int_block_out/reg_238_reg[15]_0[0]
    SLICE_X31Y97         LUT2 (Prop_A6LUT_SLICEM_I1_O)
                                                      0.226     0.556 r  control_s_axi_U/int_block_out/reg_238[7]_i_9/O
                         net (fo=1, routed)           0.017     0.573    control_s_axi_U/int_block_out/reg_238[7]_i_9_n_0
    SLICE_X31Y97         CARRY8 (Prop_CARRY8_SLICEM_S[0]_O[4])
                                                      0.296     0.869 r  control_s_axi_U/int_block_out/reg_238_reg[7]_i_1/O[4]
                         net (fo=5, routed)           0.374     1.243    control_s_axi_U/int_block_out/O[4]
    SLICE_X28Y99         LUT3 (Prop_D6LUT_SLICEM_I2_O)
                                                      0.080     1.323 r  control_s_axi_U/int_block_out/b_6_reg_611[7]_i_5/O
                         net (fo=1, routed)           0.314     1.637    control_s_axi_U/int_block_out/b_6_reg_611[7]_i_5_n_0
    SLICE_X30Y99         CARRY8 (Prop_CARRY8_SLICEL_DI[4]_CO[7])
                                                      0.133     1.770 r  control_s_axi_U/int_block_out/b_6_reg_611_reg[7]_i_1/CO[7]
                         net (fo=1, routed)           0.030     1.800    control_s_axi_U/int_block_out/b_6_reg_611_reg[7]_i_1_n_0
    SLICE_X30Y100        CARRY8 (Prop_CARRY8_SLICEL_CI_O[3])
                                                      0.122     1.922 r  control_s_axi_U/int_block_out/b_6_reg_611_reg[15]_i_2/O[3]
                         net (fo=4, routed)           0.215     2.137    control_s_axi_U/int_block_out/reg_214_reg[14]_0[3]
    SLICE_X29Y100        LUT3 (Prop_C5LUT_SLICEM_I2_O)
                                                      0.223     2.360 r  control_s_axi_U/int_block_out/trunc_ln11_8_reg_626[14]_i_5/O
                         net (fo=1, routed)           0.474     2.834    control_s_axi_U/int_block_out/trunc_ln11_8_reg_626[14]_i_5_n_0
    SLICE_X31Y100        CARRY8 (Prop_CARRY8_SLICEM_DI[3]_O[4])
                                                      0.235     3.069 r  control_s_axi_U/int_block_out/trunc_ln11_8_reg_626_reg[14]_i_1/O[4]
                         net (fo=2, routed)           0.314     3.383    control_s_axi_U/int_block_out/a_6_reg_581_reg[14][11]
    SLICE_X32Y92         LUT6 (Prop_H6LUT_SLICEM_I0_O)
                                                      0.138     3.521 r  control_s_axi_U/int_block_out/mem_reg_i_37/O
                         net (fo=1, routed)           0.059     3.580    control_s_axi_U/int_block_out/mem_reg_i_37_n_0
    SLICE_X32Y92         LUT6 (Prop_C6LUT_SLICEM_I4_O)
                                                      0.186     3.766 r  control_s_axi_U/int_block_out/mem_reg_i_8__0/O
                         net (fo=1, routed)           0.348     4.114    control_s_axi_U/int_block_out/mem_reg_i_8__0_n_0
    RAMB18_X0Y36         RAMB18E2                                     r  control_s_axi_U/int_block_out/mem_reg/DINADIN[12]
  -------------------------------------------------------------------    -------------------

                         (clock ap_clk rise edge)    10.000    10.000 r  
                                                      0.000    10.000 r  ap_clk (IN)
                         net (fo=427, unset)          0.049    10.049    control_s_axi_U/int_block_out/ap_clk
    RAMB18_X0Y36         RAMB18E2                                     r  control_s_axi_U/int_block_out/mem_reg/CLKBWRCLK
                         clock pessimism              0.000    10.049    
                         clock uncertainty           -0.035    10.014    
    RAMB18_X0Y36         RAMB18E2 (Setup_RAMB18E2_L_RAMB180_CLKBWRCLK_DINADIN[12])
                                                     -0.444     9.570    control_s_axi_U/int_block_out/mem_reg
  -------------------------------------------------------------------
                         required time                          9.570    
                         arrival time                          -4.114    
  -------------------------------------------------------------------
                         slack                                  5.455    

Slack (MET) :             5.460ns  (required time - arrival time)
  Source:                 reg_218_reg[0]/C
                            (rising edge-triggered cell FDRE clocked by ap_clk  {rise@0.000ns fall@5.000ns period=10.000ns})
  Destination:            control_s_axi_U/int_block_out/mem_reg/DINADIN[11]
                            (rising edge-triggered cell RAMB18E2 clocked by ap_clk  {rise@0.000ns fall@5.000ns period=10.000ns})
  Path Group:             ap_clk
  Path Type:              Setup (Max at Slow Process Corner)
  Requirement:            10.000ns  (ap_clk rise@10.000ns - ap_clk rise@0.000ns)
  Data Path Delay:        4.045ns  (logic 1.456ns (35.994%)  route 2.589ns (64.006%))
  Logic Levels:           9  (CARRY8=4 LUT2=1 LUT3=2 LUT6=2)
  Clock Path Skew:        0.008ns (DCD - SCD + CPR)
    Destination Clock Delay (DCD):    0.049ns = ( 10.049 - 10.000 ) 
    Source Clock Delay      (SCD):    0.041ns
    Clock Pessimism Removal (CPR):    0.000ns
  Clock Uncertainty:      0.035ns  ((TSJ^2 + TIJ^2)^1/2 + DJ) / 2 + PE
    Total System Jitter     (TSJ):    0.071ns
    Total Input Jitter      (TIJ):    0.000ns
    Discrete Jitter          (DJ):    0.000ns
    Phase Error              (PE):    0.000ns

    Location             Delay type                Incr(ns)  Path(ns)    Netlist Resource(s)
  -------------------------------------------------------------------    -------------------
                         (clock ap_clk rise edge)     0.000     0.000 r  
                                                      0.000     0.000 r  ap_clk (IN)
                         net (fo=427, unset)          0.041     0.041    ap_clk
    SLICE_X30Y97         FDRE                                         r  reg_218_reg[0]/C
  -------------------------------------------------------------------    -------------------
    SLICE_X30Y97         FDRE (Prop_DFF2_SLICEL_C_Q)
                                                      0.115     0.156 r  reg_218_reg[0]/Q
                         net (fo=1, routed)           0.174     0.330    control_s_axi_U/int_block_out/reg_238_reg[15]_0[0]
    SLICE_X31Y97         LUT2 (Prop_A6LUT_SLICEM_I1_O)
                                                      0.226     0.556 r  control_s_axi_U/int_block_out/reg_238[7]_i_9/O
                         net (fo=1, routed)           0.017     0.573    control_s_axi_U/int_block_out/reg_238[7]_i_9_n_0
    SLICE_X31Y97         CARRY8 (Prop_CARRY8_SLICEM_S[0]_O[4])
                                                      0.296     0.869 r  control_s_axi_U/int_block_out/reg_238_reg[7]_i_1/O[4]
                         net (fo=5, routed)           0.374     1.243    control_s_axi_U/int_block_out/O[4]
    SLICE_X28Y99         LUT3 (Prop_D6LUT_SLICEM_I2_O)
                                                      0.080     1.323 r  control_s_axi_U/int_block_out/b_6_reg_611[7]_i_5/O
                         net (fo=1, routed)           0.314     1.637    control_s_axi_U/int_block_out/b_6_reg_611[7]_i_5_n_0
    SLICE_X30Y99         CARRY8 (Prop_CARRY8_SLICEL_DI[4]_O[6])
                                                      0.169     1.806 r  control_s_axi_U/int_block_out/b_6_reg_611_reg[7]_i_1/O[6]
                         net (fo=4, routed)           0.161     1.967    control_s_axi_U/int_block_out/reg_214_reg[6][6]
    SLICE_X30Y98         LUT3 (Prop_D5LUT_SLICEL_I2_O)
                                                      0.217     2.184 r  control_s_axi_U/int_block_out/trunc_ln11_8_reg_626[6]_i_3/O
                         net (fo=1, routed)           0.495     2.679    control_s_axi_U/int_block_out/trunc_ln11_8_reg_626[6]_i_3_n_0
    SLICE_X31Y99         CARRY8 (Prop_CARRY8_SLICEM_DI[6]_CO[7])
                                                      0.092     2.771 r  control_s_axi_U/int_block_out/trunc_ln11_8_reg_626_reg[6]_i_1/CO[7]
                         net (fo=1, routed)           0.030     2.801    control_s_axi_U/int_block_out/trunc_ln11_8_reg_626_reg[6]_i_1_n_0
    SLICE_X31Y100        CARRY8 (Prop_CARRY8_SLICEM_CI_O[3])
                                                      0.122     2.923 r  control_s_axi_U/int_block_out/trunc_ln11_8_reg_626_reg[14]_i_1/O[3]
                         net (fo=2, routed)           0.362     3.285    control_s_axi_U/int_block_out/a_6_reg_581_reg[14][10]
    SLICE_X34Y93         LUT6 (Prop_G6LUT_SLICEM_I0_O)
                                                      0.057     3.342 r  control_s_axi_U/int_block_out/mem_reg_i_39/O
                         net (fo=1, routed)           0.103     3.445    control_s_axi_U/int_block_out/mem_reg_i_39_n_0
    SLICE_X34Y93         LUT6 (Prop_B6LUT_SLICEM_I4_O)
                                                      0.082     3.527 r  control_s_axi_U/int_block_out/mem_reg_i_9__0/O
                         net (fo=1, routed)           0.559     4.086    control_s_axi_U/int_block_out/mem_reg_i_9__0_n_0
    RAMB18_X0Y36         RAMB18E2                                     r  control_s_axi_U/int_block_out/mem_reg/DINADIN[11]
  -------------------------------------------------------------------    -------------------

                         (clock ap_clk rise edge)    10.000    10.000 r  
                                                      0.000    10.000 r  ap_clk (IN)
                         net (fo=427, unset)          0.049    10.049    control_s_axi_U/int_block_out/ap_clk
    RAMB18_X0Y36         RAMB18E2                                     r  control_s_axi_U/int_block_out/mem_reg/CLKBWRCLK
                         clock pessimism              0.000    10.049    
                         clock uncertainty           -0.035    10.014    
    RAMB18_X0Y36         RAMB18E2 (Setup_RAMB18E2_L_RAMB180_CLKBWRCLK_DINADIN[11])
                                                     -0.467     9.547    control_s_axi_U/int_block_out/mem_reg
  -------------------------------------------------------------------
                         required time                          9.547    
                         arrival time                          -4.086    
  -------------------------------------------------------------------
                         slack                                  5.460    

Slack (MET) :             5.668ns  (required time - arrival time)
  Source:                 reg_218_reg[0]/C
                            (rising edge-triggered cell FDRE clocked by ap_clk  {rise@0.000ns fall@5.000ns period=10.000ns})
  Destination:            control_s_axi_U/int_block_out/mem_reg/DINADIN[8]
                            (rising edge-triggered cell RAMB18E2 clocked by ap_clk  {rise@0.000ns fall@5.000ns period=10.000ns})
  Path Group:             ap_clk
  Path Type:              Setup (Max at Slow Process Corner)
  Requirement:            10.000ns  (ap_clk rise@10.000ns - ap_clk rise@0.000ns)
  Data Path Delay:        3.865ns  (logic 1.517ns (39.248%)  route 2.348ns (60.752%))
  Logic Levels:           9  (CARRY8=4 LUT2=1 LUT3=2 LUT6=2)
  Clock Path Skew:        0.008ns (DCD - SCD + CPR)
    Destination Clock Delay (DCD):    0.049ns = ( 10.049 - 10.000 ) 
    Source Clock Delay      (SCD):    0.041ns
    Clock Pessimism Removal (CPR):    0.000ns
  Clock Uncertainty:      0.035ns  ((TSJ^2 + TIJ^2)^1/2 + DJ) / 2 + PE
    Total System Jitter     (TSJ):    0.071ns
    Total Input Jitter      (TIJ):    0.000ns
    Discrete Jitter          (DJ):    0.000ns
    Phase Error              (PE):    0.000ns

    Location             Delay type                Incr(ns)  Path(ns)    Netlist Resource(s)
  -------------------------------------------------------------------    -------------------
                         (clock ap_clk rise edge)     0.000     0.000 r  
                                                      0.000     0.000 r  ap_clk (IN)
                         net (fo=427, unset)          0.041     0.041    ap_clk
    SLICE_X30Y97         FDRE                                         r  reg_218_reg[0]/C
  -------------------------------------------------------------------    -------------------
    SLICE_X30Y97         FDRE (Prop_DFF2_SLICEL_C_Q)
                                                      0.115     0.156 r  reg_218_reg[0]/Q
                         net (fo=1, routed)           0.174     0.330    control_s_axi_U/int_block_out/reg_238_reg[15]_0[0]
    SLICE_X31Y97         LUT2 (Prop_A6LUT_SLICEM_I1_O)
                                                      0.226     0.556 r  control_s_axi_U/int_block_out/reg_238[7]_i_9/O
                         net (fo=1, routed)           0.017     0.573    control_s_axi_U/int_block_out/reg_238[7]_i_9_n_0
    SLICE_X31Y97         CARRY8 (Prop_CARRY8_SLICEM_S[0]_O[4])
                                                      0.296     0.869 r  control_s_axi_U/int_block_out/reg_238_reg[7]_i_1/O[4]
                         net (fo=5, routed)           0.374     1.243    control_s_axi_U/int_block_out/O[4]
    SLICE_X28Y99         LUT3 (Prop_D6LUT_SLICEM_I2_O)
                                                      0.080     1.323 r  control_s_axi_U/int_block_out/b_6_reg_611[7]_i_5/O
                         net (fo=1, routed)           0.314     1.637    control_s_axi_U/int_block_out/b_6_reg_611[7]_i_5_n_0
    SLICE_X30Y99         CARRY8 (Prop_CARRY8_SLICEL_DI[4]_O[6])
                                                      0.169     1.806 r  control_s_axi_U/int_block_out/b_6_reg_611_reg[7]_i_1/O[6]
                         net (fo=4, routed)           0.161     1.967    control_s_axi_U/int_block_out/reg_214_reg[6][6]
    SLICE_X30Y98         LUT3 (Prop_D5LUT_SLICEL_I2_O)
                                                      0.217     2.184 r  control_s_axi_U/int_block_out/trunc_ln11_8_reg_626[6]_i_3/O
                         net (fo=1, routed)           0.495     2.679    control_s_axi_U/int_block_out/trunc_ln11_8_reg_626[6]_i_3_n_0
    SLICE_X31Y99         CARRY8 (Prop_CARRY8_SLICEM_DI[6]_CO[7])
                                                      0.092     2.771 r  control_s_axi_U/int_block_out/trunc_ln11_8_reg_626_reg[6]_i_1/CO[7]
                         net (fo=1, routed)           0.030     2.801    control_s_axi_U/int_block_out/trunc_ln11_8_reg_626_reg[6]_i_1_n_0
    SLICE_X31Y100        CARRY8 (Prop_CARRY8_SLICEM_CI_O[0])
                                                      0.086     2.887 r  control_s_axi_U/int_block_out/trunc_ln11_8_reg_626_reg[14]_i_1/O[0]
                         net (fo=2, routed)           0.330     3.217    control_s_axi_U/int_block_out/a_6_reg_581_reg[14][7]
    SLICE_X29Y96         LUT6 (Prop_G6LUT_SLICEM_I0_O)
                                                      0.152     3.369 r  control_s_axi_U/int_block_out/mem_reg_i_45/O
                         net (fo=1, routed)           0.059     3.428    control_s_axi_U/int_block_out/mem_reg_i_45_n_0
    SLICE_X29Y96         LUT6 (Prop_H6LUT_SLICEM_I4_O)
                                                      0.084     3.512 r  control_s_axi_U/int_block_out/mem_reg_i_12__0/O
                         net (fo=1, routed)           0.394     3.906    control_s_axi_U/int_block_out/mem_reg_i_12__0_n_0
    RAMB18_X0Y36         RAMB18E2                                     r  control_s_axi_U/int_block_out/mem_reg/DINADIN[8]
  -------------------------------------------------------------------    -------------------

                         (clock ap_clk rise edge)    10.000    10.000 r  
                                                      0.000    10.000 r  ap_clk (IN)
                         net (fo=427, unset)          0.049    10.049    control_s_axi_U/int_block_out/ap_clk
    RAMB18_X0Y36         RAMB18E2                                     r  control_s_axi_U/int_block_out/mem_reg/CLKBWRCLK
                         clock pessimism              0.000    10.049    
                         clock uncertainty           -0.035    10.014    
    RAMB18_X0Y36         RAMB18E2 (Setup_RAMB18E2_L_RAMB180_CLKBWRCLK_DINADIN[8])
                                                     -0.439     9.575    control_s_axi_U/int_block_out/mem_reg
  -------------------------------------------------------------------
                         required time                          9.575    
                         arrival time                          -3.906    
  -------------------------------------------------------------------
                         slack                                  5.668    

Slack (MET) :             5.707ns  (required time - arrival time)
  Source:                 reg_218_reg[0]/C
                            (rising edge-triggered cell FDRE clocked by ap_clk  {rise@0.000ns fall@5.000ns period=10.000ns})
  Destination:            control_s_axi_U/int_block_out/mem_reg/DINADIN[14]
                            (rising edge-triggered cell RAMB18E2 clocked by ap_clk  {rise@0.000ns fall@5.000ns period=10.000ns})
  Path Group:             ap_clk
  Path Type:              Setup (Max at Slow Process Corner)
  Requirement:            10.000ns  (ap_clk rise@10.000ns - ap_clk rise@0.000ns)
  Data Path Delay:        3.861ns  (logic 1.670ns (43.251%)  route 2.191ns (56.749%))
  Logic Levels:           9  (CARRY8=4 LUT2=1 LUT3=2 LUT6=2)
  Clock Path Skew:        0.008ns (DCD - SCD + CPR)
    Destination Clock Delay (DCD):    0.049ns = ( 10.049 - 10.000 ) 
    Source Clock Delay      (SCD):    0.041ns
    Clock Pessimism Removal (CPR):    0.000ns
  Clock Uncertainty:      0.035ns  ((TSJ^2 + TIJ^2)^1/2 + DJ) / 2 + PE
    Total System Jitter     (TSJ):    0.071ns
    Total Input Jitter      (TIJ):    0.000ns
    Discrete Jitter          (DJ):    0.000ns
    Phase Error              (PE):    0.000ns

    Location             Delay type                Incr(ns)  Path(ns)    Netlist Resource(s)
  -------------------------------------------------------------------    -------------------
                         (clock ap_clk rise edge)     0.000     0.000 r  
                                                      0.000     0.000 r  ap_clk (IN)
                         net (fo=427, unset)          0.041     0.041    ap_clk
    SLICE_X30Y97         FDRE                                         r  reg_218_reg[0]/C
  -------------------------------------------------------------------    -------------------
    SLICE_X30Y97         FDRE (Prop_DFF2_SLICEL_C_Q)
                                                      0.115     0.156 r  reg_218_reg[0]/Q
                         net (fo=1, routed)           0.174     0.330    control_s_axi_U/int_block_out/reg_238_reg[15]_0[0]
    SLICE_X31Y97         LUT2 (Prop_A6LUT_SLICEM_I1_O)
                                                      0.226     0.556 r  control_s_axi_U/int_block_out/reg_238[7]_i_9/O
                         net (fo=1, routed)           0.017     0.573    control_s_axi_U/int_block_out/reg_238[7]_i_9_n_0
    SLICE_X31Y97         CARRY8 (Prop_CARRY8_SLICEM_S[0]_O[4])
                                                      0.296     0.869 r  control_s_axi_U/int_block_out/reg_238_reg[7]_i_1/O[4]
                         net (fo=5, routed)           0.374     1.243    control_s_axi_U/int_block_out/O[4]
    SLICE_X28Y99         LUT3 (Prop_D6LUT_SLICEM_I2_O)
                                                      0.080     1.323 r  control_s_axi_U/int_block_out/b_6_reg_611[7]_i_5/O
                         net (fo=1, routed)           0.314     1.637    control_s_axi_U/int_block_out/b_6_reg_611[7]_i_5_n_0
    SLICE_X30Y99         CARRY8 (Prop_CARRY8_SLICEL_DI[4]_CO[7])
                                                      0.133     1.770 r  control_s_axi_U/int_block_out/b_6_reg_611_reg[7]_i_1/CO[7]
                         net (fo=1, routed)           0.030     1.800    control_s_axi_U/int_block_out/b_6_reg_611_reg[7]_i_1_n_0
    SLICE_X30Y100        CARRY8 (Prop_CARRY8_SLICEL_CI_O[3])
                                                      0.122     1.922 r  control_s_axi_U/int_block_out/b_6_reg_611_reg[15]_i_2/O[3]
                         net (fo=4, routed)           0.215     2.137    control_s_axi_U/int_block_out/reg_214_reg[14]_0[3]
    SLICE_X29Y100        LUT3 (Prop_C5LUT_SLICEM_I2_O)
                                                      0.223     2.360 r  control_s_axi_U/int_block_out/trunc_ln11_8_reg_626[14]_i_5/O
                         net (fo=1, routed)           0.474     2.834    control_s_axi_U/int_block_out/trunc_ln11_8_reg_626[14]_i_5_n_0
    SLICE_X31Y100        CARRY8 (Prop_CARRY8_SLICEM_DI[3]_O[6])
                                                      0.257     3.091 r  control_s_axi_U/int_block_out/trunc_ln11_8_reg_626_reg[14]_i_1/O[6]
                         net (fo=2, routed)           0.217     3.308    control_s_axi_U/int_block_out/a_6_reg_581_reg[14][13]
    SLICE_X31Y96         LUT6 (Prop_G6LUT_SLICEM_I0_O)
                                                      0.137     3.445 r  control_s_axi_U/int_block_out/mem_reg_i_33/O
                         net (fo=1, routed)           0.103     3.548    control_s_axi_U/int_block_out/mem_reg_i_33_n_0
    SLICE_X30Y96         LUT6 (Prop_C6LUT_SLICEL_I4_O)
                                                      0.081     3.629 r  control_s_axi_U/int_block_out/mem_reg_i_6/O
                         net (fo=1, routed)           0.273     3.902    control_s_axi_U/int_block_out/mem_reg_i_6_n_0
    RAMB18_X0Y36         RAMB18E2                                     r  control_s_axi_U/int_block_out/mem_reg/DINADIN[14]
  -------------------------------------------------------------------    -------------------

                         (clock ap_clk rise edge)    10.000    10.000 r  
                                                      0.000    10.000 r  ap_clk (IN)
                         net (fo=427, unset)          0.049    10.049    control_s_axi_U/int_block_out/ap_clk
    RAMB18_X0Y36         RAMB18E2                                     r  control_s_axi_U/int_block_out/mem_reg/CLKBWRCLK
                         clock pessimism              0.000    10.049    
                         clock uncertainty           -0.035    10.014    
    RAMB18_X0Y36         RAMB18E2 (Setup_RAMB18E2_L_RAMB180_CLKBWRCLK_DINADIN[14])
                                                     -0.404     9.610    control_s_axi_U/int_block_out/mem_reg
  -------------------------------------------------------------------
                         required time                          9.610    
                         arrival time                          -3.902    
  -------------------------------------------------------------------
                         slack                                  5.707    

Slack (MET) :             5.728ns  (required time - arrival time)
  Source:                 reg_218_reg[0]/C
                            (rising edge-triggered cell FDRE clocked by ap_clk  {rise@0.000ns fall@5.000ns period=10.000ns})
  Destination:            control_s_axi_U/int_block_out/mem_reg/DINADIN[13]
                            (rising edge-triggered cell RAMB18E2 clocked by ap_clk  {rise@0.000ns fall@5.000ns period=10.000ns})
  Path Group:             ap_clk
  Path Type:              Setup (Max at Slow Process Corner)
  Requirement:            10.000ns  (ap_clk rise@10.000ns - ap_clk rise@0.000ns)
  Data Path Delay:        3.831ns  (logic 1.586ns (41.397%)  route 2.245ns (58.603%))
  Logic Levels:           9  (CARRY8=4 LUT2=1 LUT3=2 LUT6=2)
  Clock Path Skew:        0.008ns (DCD - SCD + CPR)
    Destination Clock Delay (DCD):    0.049ns = ( 10.049 - 10.000 ) 
    Source Clock Delay      (SCD):    0.041ns
    Clock Pessimism Removal (CPR):    0.000ns
  Clock Uncertainty:      0.035ns  ((TSJ^2 + TIJ^2)^1/2 + DJ) / 2 + PE
    Total System Jitter     (TSJ):    0.071ns
    Total Input Jitter      (TIJ):    0.000ns
    Discrete Jitter          (DJ):    0.000ns
    Phase Error              (PE):    0.000ns

    Location             Delay type                Incr(ns)  Path(ns)    Netlist Resource(s)
  -------------------------------------------------------------------    -------------------
                         (clock ap_clk rise edge)     0.000     0.000 r  
                                                      0.000     0.000 r  ap_clk (IN)
                         net (fo=427, unset)          0.041     0.041    ap_clk
    SLICE_X30Y97         FDRE                                         r  reg_218_reg[0]/C
  -------------------------------------------------------------------    -------------------
    SLICE_X30Y97         FDRE (Prop_DFF2_SLICEL_C_Q)
                                                      0.115     0.156 r  reg_218_reg[0]/Q
                         net (fo=1, routed)           0.174     0.330    control_s_axi_U/int_block_out/reg_238_reg[15]_0[0]
    SLICE_X31Y97         LUT2 (Prop_A6LUT_SLICEM_I1_O)
                                                      0.226     0.556 r  control_s_axi_U/int_block_out/reg_238[7]_i_9/O
                         net (fo=1, routed)           0.017     0.573    control_s_axi_U/int_block_out/reg_238[7]_i_9_n_0
    SLICE_X31Y97         CARRY8 (Prop_CARRY8_SLICEM_S[0]_O[4])
                                                      0.296     0.869 r  control_s_axi_U/int_block_out/reg_238_reg[7]_i_1/O[4]
                         net (fo=5, routed)           0.374     1.243    control_s_axi_U/int_block_out/O[4]
    SLICE_X28Y99         LUT3 (Prop_D6LUT_SLICEM_I2_O)
                                                      0.080     1.323 r  control_s_axi_U/int_block_out/b_6_reg_611[7]_i_5/O
                         net (fo=1, routed)           0.314     1.637    control_s_axi_U/int_block_out/b_6_reg_611[7]_i_5_n_0
    SLICE_X30Y99         CARRY8 (Prop_CARRY8_SLICEL_DI[4]_CO[7])
                                                      0.133     1.770 r  control_s_axi_U/int_block_out/b_6_reg_611_reg[7]_i_1/CO[7]
                         net (fo=1, routed)           0.030     1.800    control_s_axi_U/int_block_out/b_6_reg_611_reg[7]_i_1_n_0
    SLICE_X30Y100        CARRY8 (Prop_CARRY8_SLICEL_CI_O[3])
                                                      0.122     1.922 r  control_s_axi_U/int_block_out/b_6_reg_611_reg[15]_i_2/O[3]
                         net (fo=4, routed)           0.215     2.137    control_s_axi_U/int_block_out/reg_214_reg[14]_0[3]
    SLICE_X29Y100        LUT3 (Prop_C5LUT_SLICEM_I2_O)
                                                      0.223     2.360 r  control_s_axi_U/int_block_out/trunc_ln11_8_reg_626[14]_i_5/O
                         net (fo=1, routed)           0.474     2.834    control_s_axi_U/int_block_out/trunc_ln11_8_reg_626[14]_i_5_n_0
    SLICE_X31Y100        CARRY8 (Prop_CARRY8_SLICEM_DI[3]_O[5])
                                                      0.276     3.110 r  control_s_axi_U/int_block_out/trunc_ln11_8_reg_626_reg[14]_i_1/O[5]
                         net (fo=2, routed)           0.231     3.341    control_s_axi_U/int_block_out/a_6_reg_581_reg[14][12]
    SLICE_X30Y95         LUT6 (Prop_H6LUT_SLICEL_I0_O)
                                                      0.058     3.399 r  control_s_axi_U/int_block_out/mem_reg_i_35/O
                         net (fo=1, routed)           0.094     3.493    control_s_axi_U/int_block_out/mem_reg_i_35_n_0
    SLICE_X30Y94         LUT6 (Prop_G6LUT_SLICEL_I4_O)
                                                      0.057     3.550 r  control_s_axi_U/int_block_out/mem_reg_i_7__0/O
                         net (fo=1, routed)           0.322     3.872    control_s_axi_U/int_block_out/mem_reg_i_7__0_n_0
    RAMB18_X0Y36         RAMB18E2                                     r  control_s_axi_U/int_block_out/mem_reg/DINADIN[13]
  -------------------------------------------------------------------    -------------------

                         (clock ap_clk rise edge)    10.000    10.000 r  
                                                      0.000    10.000 r  ap_clk (IN)
                         net (fo=427, unset)          0.049    10.049    control_s_axi_U/int_block_out/ap_clk
    RAMB18_X0Y36         RAMB18E2                                     r  control_s_axi_U/int_block_out/mem_reg/CLKBWRCLK
                         clock pessimism              0.000    10.049    
                         clock uncertainty           -0.035    10.014    
    RAMB18_X0Y36         RAMB18E2 (Setup_RAMB18E2_L_RAMB180_CLKBWRCLK_DINADIN[13])
                                                     -0.413     9.601    control_s_axi_U/int_block_out/mem_reg
  -------------------------------------------------------------------
                         required time                          9.601    
                         arrival time                          -3.872    
  -------------------------------------------------------------------
                         slack                                  5.728    

Slack (MET) :             5.799ns  (required time - arrival time)
  Source:                 reg_218_reg[0]/C
                            (rising edge-triggered cell FDRE clocked by ap_clk  {rise@0.000ns fall@5.000ns period=10.000ns})
  Destination:            control_s_axi_U/int_block_out/mem_reg/DINADIN[5]
                            (rising edge-triggered cell RAMB18E2 clocked by ap_clk  {rise@0.000ns fall@5.000ns period=10.000ns})
  Path Group:             ap_clk
  Path Type:              Setup (Max at Slow Process Corner)
  Requirement:            10.000ns  (ap_clk rise@10.000ns - ap_clk rise@0.000ns)
  Data Path Delay:        3.758ns  (logic 1.453ns (38.666%)  route 2.305ns (61.334%))
  Logic Levels:           8  (CARRY8=3 LUT2=1 LUT3=2 LUT6=2)
  Clock Path Skew:        0.008ns (DCD - SCD + CPR)
    Destination Clock Delay (DCD):    0.049ns = ( 10.049 - 10.000 ) 
    Source Clock Delay      (SCD):    0.041ns
    Clock Pessimism Removal (CPR):    0.000ns
  Clock Uncertainty:      0.035ns  ((TSJ^2 + TIJ^2)^1/2 + DJ) / 2 + PE
    Total System Jitter     (TSJ):    0.071ns
    Total Input Jitter      (TIJ):    0.000ns
    Discrete Jitter          (DJ):    0.000ns
    Phase Error              (PE):    0.000ns

    Location             Delay type                Incr(ns)  Path(ns)    Netlist Resource(s)
  -------------------------------------------------------------------    -------------------
                         (clock ap_clk rise edge)     0.000     0.000 r  
                                                      0.000     0.000 r  ap_clk (IN)
                         net (fo=427, unset)          0.041     0.041    ap_clk
    SLICE_X30Y97         FDRE                                         r  reg_218_reg[0]/C
  -------------------------------------------------------------------    -------------------
    SLICE_X30Y97         FDRE (Prop_DFF2_SLICEL_C_Q)
                                                      0.115     0.156 r  reg_218_reg[0]/Q
                         net (fo=1, routed)           0.174     0.330    control_s_axi_U/int_block_out/reg_238_reg[15]_0[0]
    SLICE_X31Y97         LUT2 (Prop_A6LUT_SLICEM_I1_O)
                                                      0.226     0.556 r  control_s_axi_U/int_block_out/reg_238[7]_i_9/O
                         net (fo=1, routed)           0.017     0.573    control_s_axi_U/int_block_out/reg_238[7]_i_9_n_0
    SLICE_X31Y97         CARRY8 (Prop_CARRY8_SLICEM_S[0]_O[2])
                                                      0.195     0.768 r  control_s_axi_U/int_block_out/reg_238_reg[7]_i_1/O[2]
                         net (fo=5, routed)           0.288     1.056    control_s_axi_U/int_block_out/O[2]
    SLICE_X29Y99         LUT3 (Prop_C6LUT_SLICEM_I2_O)
                                                      0.149     1.205 r  control_s_axi_U/int_block_out/b_6_reg_611[7]_i_7/O
                         net (fo=1, routed)           0.233     1.438    control_s_axi_U/int_block_out/b_6_reg_611[7]_i_7_n_0
    SLICE_X30Y99         CARRY8 (Prop_CARRY8_SLICEL_DI[2]_O[4])
                                                      0.241     1.679 r  control_s_axi_U/int_block_out/b_6_reg_611_reg[7]_i_1/O[4]
                         net (fo=4, routed)           0.219     1.898    control_s_axi_U/int_block_out/reg_214_reg[6][4]
    SLICE_X28Y99         LUT3 (Prop_D5LUT_SLICEM_I2_O)
                                                      0.190     2.088 r  control_s_axi_U/int_block_out/trunc_ln11_8_reg_626[6]_i_5/O
                         net (fo=1, routed)           0.394     2.482    control_s_axi_U/int_block_out/trunc_ln11_8_reg_626[6]_i_5_n_0
    SLICE_X31Y99         CARRY8 (Prop_CARRY8_SLICEM_DI[4]_O[5])
                                                      0.127     2.609 r  control_s_axi_U/int_block_out/trunc_ln11_8_reg_626_reg[6]_i_1/O[5]
                         net (fo=2, routed)           0.352     2.961    control_s_axi_U/int_block_out/a_6_reg_581_reg[14][4]
    SLICE_X33Y92         LUT6 (Prop_H6LUT_SLICEL_I0_O)
                                                      0.058     3.019 r  control_s_axi_U/int_block_out/mem_reg_i_51/O
                         net (fo=1, routed)           0.099     3.118    control_s_axi_U/int_block_out/mem_reg_i_51_n_0
    SLICE_X33Y92         LUT6 (Prop_D6LUT_SLICEL_I4_O)
                                                      0.152     3.270 r  control_s_axi_U/int_block_out/mem_reg_i_15__0/O
                         net (fo=2, routed)           0.529     3.799    control_s_axi_U/int_block_out/mem_reg_i_15__0_n_0
    RAMB18_X0Y36         RAMB18E2                                     r  control_s_axi_U/int_block_out/mem_reg/DINADIN[5]
  -------------------------------------------------------------------    -------------------

                         (clock ap_clk rise edge)    10.000    10.000 r  
                                                      0.000    10.000 r  ap_clk (IN)
                         net (fo=427, unset)          0.049    10.049    control_s_axi_U/int_block_out/ap_clk
    RAMB18_X0Y36         RAMB18E2                                     r  control_s_axi_U/int_block_out/mem_reg/CLKBWRCLK
                         clock pessimism              0.000    10.049    
                         clock uncertainty           -0.035    10.014    
    RAMB18_X0Y36         RAMB18E2 (Setup_RAMB18E2_L_RAMB180_CLKBWRCLK_DINADIN[5])
                                                     -0.416     9.598    control_s_axi_U/int_block_out/mem_reg
  -------------------------------------------------------------------
                         required time                          9.598    
                         arrival time                          -3.799    
  -------------------------------------------------------------------
                         slack                                  5.799    

Slack (MET) :             5.813ns  (required time - arrival time)
  Source:                 reg_218_reg[0]/C
                            (rising edge-triggered cell FDRE clocked by ap_clk  {rise@0.000ns fall@5.000ns period=10.000ns})
  Destination:            control_s_axi_U/int_block_out/mem_reg/DINADIN[9]
                            (rising edge-triggered cell RAMB18E2 clocked by ap_clk  {rise@0.000ns fall@5.000ns period=10.000ns})
  Path Group:             ap_clk
  Path Type:              Setup (Max at Slow Process Corner)
  Requirement:            10.000ns  (ap_clk rise@10.000ns - ap_clk rise@0.000ns)
  Data Path Delay:        3.745ns  (logic 1.553ns (41.467%)  route 2.192ns (58.533%))
  Logic Levels:           9  (CARRY8=4 LUT2=1 LUT3=2 LUT6=2)
  Clock Path Skew:        0.008ns (DCD - SCD + CPR)
    Destination Clock Delay (DCD):    0.049ns = ( 10.049 - 10.000 ) 
    Source Clock Delay      (SCD):    0.041ns
    Clock Pessimism Removal (CPR):    0.000ns
  Clock Uncertainty:      0.035ns  ((TSJ^2 + TIJ^2)^1/2 + DJ) / 2 + PE
    Total System Jitter     (TSJ):    0.071ns
    Total Input Jitter      (TIJ):    0.000ns
    Discrete Jitter          (DJ):    0.000ns
    Phase Error              (PE):    0.000ns

    Location             Delay type                Incr(ns)  Path(ns)    Netlist Resource(s)
  -------------------------------------------------------------------    -------------------
                         (clock ap_clk rise edge)     0.000     0.000 r  
                                                      0.000     0.000 r  ap_clk (IN)
                         net (fo=427, unset)          0.041     0.041    ap_clk
    SLICE_X30Y97         FDRE                                         r  reg_218_reg[0]/C
  -------------------------------------------------------------------    -------------------
    SLICE_X30Y97         FDRE (Prop_DFF2_SLICEL_C_Q)
                                                      0.115     0.156 r  reg_218_reg[0]/Q
                         net (fo=1, routed)           0.174     0.330    control_s_axi_U/int_block_out/reg_238_reg[15]_0[0]
    SLICE_X31Y97         LUT2 (Prop_A6LUT_SLICEM_I1_O)
                                                      0.226     0.556 r  control_s_axi_U/int_block_out/reg_238[7]_i_9/O
                         net (fo=1, routed)           0.017     0.573    control_s_axi_U/int_block_out/reg_238[7]_i_9_n_0
    SLICE_X31Y97         CARRY8 (Prop_CARRY8_SLICEM_S[0]_O[4])
                                                      0.296     0.869 r  control_s_axi_U/int_block_out/reg_238_reg[7]_i_1/O[4]
                         net (fo=5, routed)           0.374     1.243    control_s_axi_U/int_block_out/O[4]
    SLICE_X28Y99         LUT3 (Prop_D6LUT_SLICEM_I2_O)
                                                      0.080     1.323 r  control_s_axi_U/int_block_out/b_6_reg_611[7]_i_5/O
                         net (fo=1, routed)           0.314     1.637    control_s_axi_U/int_block_out/b_6_reg_611[7]_i_5_n_0
    SLICE_X30Y99         CARRY8 (Prop_CARRY8_SLICEL_DI[4]_O[6])
                                                      0.169     1.806 r  control_s_axi_U/int_block_out/b_6_reg_611_reg[7]_i_1/O[6]
                         net (fo=4, routed)           0.161     1.967    control_s_axi_U/int_block_out/reg_214_reg[6][6]
    SLICE_X30Y98         LUT3 (Prop_D5LUT_SLICEL_I2_O)
                                                      0.217     2.184 r  control_s_axi_U/int_block_out/trunc_ln11_8_reg_626[6]_i_3/O
                         net (fo=1, routed)           0.495     2.679    control_s_axi_U/int_block_out/trunc_ln11_8_reg_626[6]_i_3_n_0
    SLICE_X31Y99         CARRY8 (Prop_CARRY8_SLICEM_DI[6]_CO[7])
                                                      0.092     2.771 r  control_s_axi_U/int_block_out/trunc_ln11_8_reg_626_reg[6]_i_1/CO[7]
                         net (fo=1, routed)           0.030     2.801    control_s_axi_U/int_block_out/trunc_ln11_8_reg_626_reg[6]_i_1_n_0
    SLICE_X31Y100        CARRY8 (Prop_CARRY8_SLICEM_CI_O[1])
                                                      0.114     2.915 r  control_s_axi_U/int_block_out/trunc_ln11_8_reg_626_reg[14]_i_1/O[1]
                         net (fo=2, routed)           0.299     3.214    control_s_axi_U/int_block_out/a_6_reg_581_reg[14][8]
    SLICE_X30Y94         LUT6 (Prop_C6LUT_SLICEL_I0_O)
                                                      0.187     3.401 r  control_s_axi_U/int_block_out/mem_reg_i_43/O
                         net (fo=1, routed)           0.050     3.451    control_s_axi_U/int_block_out/mem_reg_i_43_n_0
    SLICE_X30Y94         LUT6 (Prop_D6LUT_SLICEL_I4_O)
                                                      0.057     3.508 r  control_s_axi_U/int_block_out/mem_reg_i_11__0/O
                         net (fo=1, routed)           0.278     3.786    control_s_axi_U/int_block_out/mem_reg_i_11__0_n_0
    RAMB18_X0Y36         RAMB18E2                                     r  control_s_axi_U/int_block_out/mem_reg/DINADIN[9]
  -------------------------------------------------------------------    -------------------

                         (clock ap_clk rise edge)    10.000    10.000 r  
                                                      0.000    10.000 r  ap_clk (IN)
                         net (fo=427, unset)          0.049    10.049    control_s_axi_U/int_block_out/ap_clk
    RAMB18_X0Y36         RAMB18E2                                     r  control_s_axi_U/int_block_out/mem_reg/CLKBWRCLK
                         clock pessimism              0.000    10.049    
                         clock uncertainty           -0.035    10.014    
    RAMB18_X0Y36         RAMB18E2 (Setup_RAMB18E2_L_RAMB180_CLKBWRCLK_DINADIN[9])
                                                     -0.414     9.600    control_s_axi_U/int_block_out/mem_reg
  -------------------------------------------------------------------
                         required time                          9.600    
                         arrival time                          -3.786    
  -------------------------------------------------------------------
                         slack                                  5.813    

Slack (MET) :             5.886ns  (required time - arrival time)
  Source:                 reg_218_reg[0]/C
                            (rising edge-triggered cell FDRE clocked by ap_clk  {rise@0.000ns fall@5.000ns period=10.000ns})
  Destination:            control_s_axi_U/int_block_out/mem_reg/DINBDIN[5]
                            (rising edge-triggered cell RAMB18E2 clocked by ap_clk  {rise@0.000ns fall@5.000ns period=10.000ns})
  Path Group:             ap_clk
  Path Type:              Setup (Max at Slow Process Corner)
  Requirement:            10.000ns  (ap_clk rise@10.000ns - ap_clk rise@0.000ns)
  Data Path Delay:        3.708ns  (logic 1.453ns (39.187%)  route 2.255ns (60.813%))
  Logic Levels:           8  (CARRY8=3 LUT2=1 LUT3=2 LUT6=2)
  Clock Path Skew:        0.008ns (DCD - SCD + CPR)
    Destination Clock Delay (DCD):    0.049ns = ( 10.049 - 10.000 ) 
    Source Clock Delay      (SCD):    0.041ns
    Clock Pessimism Removal (CPR):    0.000ns
  Clock Uncertainty:      0.035ns  ((TSJ^2 + TIJ^2)^1/2 + DJ) / 2 + PE
    Total System Jitter     (TSJ):    0.071ns
    Total Input Jitter      (TIJ):    0.000ns
    Discrete Jitter          (DJ):    0.000ns
    Phase Error              (PE):    0.000ns

    Location             Delay type                Incr(ns)  Path(ns)    Netlist Resource(s)
  -------------------------------------------------------------------    -------------------
                         (clock ap_clk rise edge)     0.000     0.000 r  
                                                      0.000     0.000 r  ap_clk (IN)
                         net (fo=427, unset)          0.041     0.041    ap_clk
    SLICE_X30Y97         FDRE                                         r  reg_218_reg[0]/C
  -------------------------------------------------------------------    -------------------
    SLICE_X30Y97         FDRE (Prop_DFF2_SLICEL_C_Q)
                                                      0.115     0.156 r  reg_218_reg[0]/Q
                         net (fo=1, routed)           0.174     0.330    control_s_axi_U/int_block_out/reg_238_reg[15]_0[0]
    SLICE_X31Y97         LUT2 (Prop_A6LUT_SLICEM_I1_O)
                                                      0.226     0.556 r  control_s_axi_U/int_block_out/reg_238[7]_i_9/O
                         net (fo=1, routed)           0.017     0.573    control_s_axi_U/int_block_out/reg_238[7]_i_9_n_0
    SLICE_X31Y97         CARRY8 (Prop_CARRY8_SLICEM_S[0]_O[2])
                                                      0.195     0.768 r  control_s_axi_U/int_block_out/reg_238_reg[7]_i_1/O[2]
                         net (fo=5, routed)           0.288     1.056    control_s_axi_U/int_block_out/O[2]
    SLICE_X29Y99         LUT3 (Prop_C6LUT_SLICEM_I2_O)
                                                      0.149     1.205 r  control_s_axi_U/int_block_out/b_6_reg_611[7]_i_7/O
                         net (fo=1, routed)           0.233     1.438    control_s_axi_U/int_block_out/b_6_reg_611[7]_i_7_n_0
    SLICE_X30Y99         CARRY8 (Prop_CARRY8_SLICEL_DI[2]_O[4])
                                                      0.241     1.679 r  control_s_axi_U/int_block_out/b_6_reg_611_reg[7]_i_1/O[4]
                         net (fo=4, routed)           0.219     1.898    control_s_axi_U/int_block_out/reg_214_reg[6][4]
    SLICE_X28Y99         LUT3 (Prop_D5LUT_SLICEM_I2_O)
                                                      0.190     2.088 r  control_s_axi_U/int_block_out/trunc_ln11_8_reg_626[6]_i_5/O
                         net (fo=1, routed)           0.394     2.482    control_s_axi_U/int_block_out/trunc_ln11_8_reg_626[6]_i_5_n_0
    SLICE_X31Y99         CARRY8 (Prop_CARRY8_SLICEM_DI[4]_O[5])
                                                      0.127     2.609 r  control_s_axi_U/int_block_out/trunc_ln11_8_reg_626_reg[6]_i_1/O[5]
                         net (fo=2, routed)           0.352     2.961    control_s_axi_U/int_block_out/a_6_reg_581_reg[14][4]
    SLICE_X33Y92         LUT6 (Prop_H6LUT_SLICEL_I0_O)
                                                      0.058     3.019 r  control_s_axi_U/int_block_out/mem_reg_i_51/O
                         net (fo=1, routed)           0.099     3.118    control_s_axi_U/int_block_out/mem_reg_i_51_n_0
    SLICE_X33Y92         LUT6 (Prop_D6LUT_SLICEL_I4_O)
                                                      0.152     3.270 r  control_s_axi_U/int_block_out/mem_reg_i_15__0/O
                         net (fo=2, routed)           0.479     3.749    control_s_axi_U/int_block_out/mem_reg_i_15__0_n_0
    RAMB18_X0Y36         RAMB18E2                                     r  control_s_axi_U/int_block_out/mem_reg/DINBDIN[5]
  -------------------------------------------------------------------    -------------------

                         (clock ap_clk rise edge)    10.000    10.000 r  
                                                      0.000    10.000 r  ap_clk (IN)
                         net (fo=427, unset)          0.049    10.049    control_s_axi_U/int_block_out/ap_clk
    RAMB18_X0Y36         RAMB18E2                                     r  control_s_axi_U/int_block_out/mem_reg/CLKBWRCLK
                         clock pessimism              0.000    10.049    
                         clock uncertainty           -0.035    10.014    
    RAMB18_X0Y36         RAMB18E2 (Setup_RAMB18E2_L_RAMB180_CLKBWRCLK_DINBDIN[5])
                                                     -0.379     9.635    control_s_axi_U/int_block_out/mem_reg
  -------------------------------------------------------------------
                         required time                          9.635    
                         arrival time                          -3.749    
  -------------------------------------------------------------------
                         slack                                  5.886    

Slack (MET) :             5.898ns  (required time - arrival time)
  Source:                 reg_218_reg[0]/C
                            (rising edge-triggered cell FDRE clocked by ap_clk  {rise@0.000ns fall@5.000ns period=10.000ns})
  Destination:            control_s_axi_U/int_block_out/mem_reg/DINBDIN[7]
                            (rising edge-triggered cell RAMB18E2 clocked by ap_clk  {rise@0.000ns fall@5.000ns period=10.000ns})
  Path Group:             ap_clk
  Path Type:              Setup (Max at Slow Process Corner)
  Requirement:            10.000ns  (ap_clk rise@10.000ns - ap_clk rise@0.000ns)
  Data Path Delay:        3.637ns  (logic 1.465ns (40.283%)  route 2.172ns (59.717%))
  Logic Levels:           8  (CARRY8=3 LUT2=1 LUT3=2 LUT6=2)
  Clock Path Skew:        0.008ns (DCD - SCD + CPR)
    Destination Clock Delay (DCD):    0.049ns = ( 10.049 - 10.000 ) 
    Source Clock Delay      (SCD):    0.041ns
    Clock Pessimism Removal (CPR):    0.000ns
  Clock Uncertainty:      0.035ns  ((TSJ^2 + TIJ^2)^1/2 + DJ) / 2 + PE
    Total System Jitter     (TSJ):    0.071ns
    Total Input Jitter      (TIJ):    0.000ns
    Discrete Jitter          (DJ):    0.000ns
    Phase Error              (PE):    0.000ns

    Location             Delay type                Incr(ns)  Path(ns)    Netlist Resource(s)
  -------------------------------------------------------------------    -------------------
                         (clock ap_clk rise edge)     0.000     0.000 r  
                                                      0.000     0.000 r  ap_clk (IN)
                         net (fo=427, unset)          0.041     0.041    ap_clk
    SLICE_X30Y97         FDRE                                         r  reg_218_reg[0]/C
  -------------------------------------------------------------------    -------------------
    SLICE_X30Y97         FDRE (Prop_DFF2_SLICEL_C_Q)
                                                      0.115     0.156 r  reg_218_reg[0]/Q
                         net (fo=1, routed)           0.174     0.330    control_s_axi_U/int_block_out/reg_238_reg[15]_0[0]
    SLICE_X31Y97         LUT2 (Prop_A6LUT_SLICEM_I1_O)
                                                      0.226     0.556 r  control_s_axi_U/int_block_out/reg_238[7]_i_9/O
                         net (fo=1, routed)           0.017     0.573    control_s_axi_U/int_block_out/reg_238[7]_i_9_n_0
    SLICE_X31Y97         CARRY8 (Prop_CARRY8_SLICEM_S[0]_O[4])
                                                      0.296     0.869 r  control_s_axi_U/int_block_out/reg_238_reg[7]_i_1/O[4]
                         net (fo=5, routed)           0.374     1.243    control_s_axi_U/int_block_out/O[4]
    SLICE_X28Y99         LUT3 (Prop_D6LUT_SLICEM_I2_O)
                                                      0.080     1.323 r  control_s_axi_U/int_block_out/b_6_reg_611[7]_i_5/O
                         net (fo=1, routed)           0.314     1.637    control_s_axi_U/int_block_out/b_6_reg_611[7]_i_5_n_0
    SLICE_X30Y99         CARRY8 (Prop_CARRY8_SLICEL_DI[4]_O[6])
                                                      0.169     1.806 r  control_s_axi_U/int_block_out/b_6_reg_611_reg[7]_i_1/O[6]
                         net (fo=4, routed)           0.161     1.967    control_s_axi_U/int_block_out/reg_214_reg[6][6]
    SLICE_X30Y98         LUT3 (Prop_D5LUT_SLICEL_I2_O)
                                                      0.217     2.184 r  control_s_axi_U/int_block_out/trunc_ln11_8_reg_626[6]_i_3/O
                         net (fo=1, routed)           0.495     2.679    control_s_axi_U/int_block_out/trunc_ln11_8_reg_626[6]_i_3_n_0
    SLICE_X31Y99         CARRY8 (Prop_CARRY8_SLICEM_DI[6]_O[7])
                                                      0.141     2.820 r  control_s_axi_U/int_block_out/trunc_ln11_8_reg_626_reg[6]_i_1/O[7]
                         net (fo=2, routed)           0.231     3.051    control_s_axi_U/int_block_out/a_6_reg_581_reg[14][6]
    SLICE_X31Y93         LUT6 (Prop_G6LUT_SLICEM_I0_O)
                                                      0.137     3.188 r  control_s_axi_U/int_block_out/mem_reg_i_47/O
                         net (fo=1, routed)           0.059     3.247    control_s_axi_U/int_block_out/mem_reg_i_47_n_0
    SLICE_X31Y93         LUT6 (Prop_H6LUT_SLICEM_I4_O)
                                                      0.084     3.331 r  control_s_axi_U/int_block_out/mem_reg_i_13__0/O
                         net (fo=2, routed)           0.347     3.678    control_s_axi_U/int_block_out/mem_reg_i_13__0_n_0
    RAMB18_X0Y36         RAMB18E2                                     r  control_s_axi_U/int_block_out/mem_reg/DINBDIN[7]
  -------------------------------------------------------------------    -------------------

                         (clock ap_clk rise edge)    10.000    10.000 r  
                                                      0.000    10.000 r  ap_clk (IN)
                         net (fo=427, unset)          0.049    10.049    control_s_axi_U/int_block_out/ap_clk
    RAMB18_X0Y36         RAMB18E2                                     r  control_s_axi_U/int_block_out/mem_reg/CLKBWRCLK
                         clock pessimism              0.000    10.049    
                         clock uncertainty           -0.035    10.014    
    RAMB18_X0Y36         RAMB18E2 (Setup_RAMB18E2_L_RAMB180_CLKBWRCLK_DINBDIN[7])
                                                     -0.438     9.576    control_s_axi_U/int_block_out/mem_reg
  -------------------------------------------------------------------
                         required time                          9.576    
                         arrival time                          -3.678    
  -------------------------------------------------------------------
                         slack                                  5.898    

Slack (MET) :             5.950ns  (required time - arrival time)
  Source:                 reg_218_reg[0]/C
                            (rising edge-triggered cell FDRE clocked by ap_clk  {rise@0.000ns fall@5.000ns period=10.000ns})
  Destination:            control_s_axi_U/int_block_out/mem_reg/DINADIN[10]
                            (rising edge-triggered cell RAMB18E2 clocked by ap_clk  {rise@0.000ns fall@5.000ns period=10.000ns})
  Path Group:             ap_clk
  Path Type:              Setup (Max at Slow Process Corner)
  Requirement:            10.000ns  (ap_clk rise@10.000ns - ap_clk rise@0.000ns)
  Data Path Delay:        3.619ns  (logic 1.412ns (39.014%)  route 2.207ns (60.986%))
  Logic Levels:           9  (CARRY8=4 LUT2=1 LUT3=2 LUT6=2)
  Clock Path Skew:        0.008ns (DCD - SCD + CPR)
    Destination Clock Delay (DCD):    0.049ns = ( 10.049 - 10.000 ) 
    Source Clock Delay      (SCD):    0.041ns
    Clock Pessimism Removal (CPR):    0.000ns
  Clock Uncertainty:      0.035ns  ((TSJ^2 + TIJ^2)^1/2 + DJ) / 2 + PE
    Total System Jitter     (TSJ):    0.071ns
    Total Input Jitter      (TIJ):    0.000ns
    Discrete Jitter          (DJ):    0.000ns
    Phase Error              (PE):    0.000ns

    Location             Delay type                Incr(ns)  Path(ns)    Netlist Resource(s)
  -------------------------------------------------------------------    -------------------
                         (clock ap_clk rise edge)     0.000     0.000 r  
                                                      0.000     0.000 r  ap_clk (IN)
                         net (fo=427, unset)          0.041     0.041    ap_clk
    SLICE_X30Y97         FDRE                                         r  reg_218_reg[0]/C
  -------------------------------------------------------------------    -------------------
    SLICE_X30Y97         FDRE (Prop_DFF2_SLICEL_C_Q)
                                                      0.115     0.156 r  reg_218_reg[0]/Q
                         net (fo=1, routed)           0.174     0.330    control_s_axi_U/int_block_out/reg_238_reg[15]_0[0]
    SLICE_X31Y97         LUT2 (Prop_A6LUT_SLICEM_I1_O)
                                                      0.226     0.556 r  control_s_axi_U/int_block_out/reg_238[7]_i_9/O
                         net (fo=1, routed)           0.017     0.573    control_s_axi_U/int_block_out/reg_238[7]_i_9_n_0
    SLICE_X31Y97         CARRY8 (Prop_CARRY8_SLICEM_S[0]_O[4])
                                                      0.296     0.869 r  control_s_axi_U/int_block_out/reg_238_reg[7]_i_1/O[4]
                         net (fo=5, routed)           0.374     1.243    control_s_axi_U/int_block_out/O[4]
    SLICE_X28Y99         LUT3 (Prop_D6LUT_SLICEM_I2_O)
                                                      0.080     1.323 r  control_s_axi_U/int_block_out/b_6_reg_611[7]_i_5/O
                         net (fo=1, routed)           0.314     1.637    control_s_axi_U/int_block_out/b_6_reg_611[7]_i_5_n_0
    SLICE_X30Y99         CARRY8 (Prop_CARRY8_SLICEL_DI[4]_O[6])
                                                      0.169     1.806 r  control_s_axi_U/int_block_out/b_6_reg_611_reg[7]_i_1/O[6]
                         net (fo=4, routed)           0.161     1.967    control_s_axi_U/int_block_out/reg_214_reg[6][6]
    SLICE_X30Y98         LUT3 (Prop_D5LUT_SLICEL_I2_O)
                                                      0.217     2.184 r  control_s_axi_U/int_block_out/trunc_ln11_8_reg_626[6]_i_3/O
                         net (fo=1, routed)           0.495     2.679    control_s_axi_U/int_block_out/trunc_ln11_8_reg_626[6]_i_3_n_0
    SLICE_X31Y99         CARRY8 (Prop_CARRY8_SLICEM_DI[6]_CO[7])
                                                      0.092     2.771 r  control_s_axi_U/int_block_out/trunc_ln11_8_reg_626_reg[6]_i_1/CO[7]
                         net (fo=1, routed)           0.030     2.801    control_s_axi_U/int_block_out/trunc_ln11_8_reg_626_reg[6]_i_1_n_0
    SLICE_X31Y100        CARRY8 (Prop_CARRY8_SLICEM_CI_O[2])
                                                      0.101     2.902 r  control_s_axi_U/int_block_out/trunc_ln11_8_reg_626_reg[14]_i_1/O[2]
                         net (fo=2, routed)           0.215     3.117    control_s_axi_U/int_block_out/a_6_reg_581_reg[14][9]
    SLICE_X31Y96         LUT6 (Prop_F6LUT_SLICEM_I0_O)
                                                      0.056     3.173 r  control_s_axi_U/int_block_out/mem_reg_i_41/O
                         net (fo=1, routed)           0.051     3.224    control_s_axi_U/int_block_out/mem_reg_i_41_n_0
    SLICE_X31Y96         LUT6 (Prop_H6LUT_SLICEM_I4_O)
                                                      0.060     3.284 r  control_s_axi_U/int_block_out/mem_reg_i_10__0/O
                         net (fo=1, routed)           0.376     3.660    control_s_axi_U/int_block_out/mem_reg_i_10__0_n_0
    RAMB18_X0Y36         RAMB18E2                                     r  control_s_axi_U/int_block_out/mem_reg/DINADIN[10]
  -------------------------------------------------------------------    -------------------

                         (clock ap_clk rise edge)    10.000    10.000 r  
                                                      0.000    10.000 r  ap_clk (IN)
                         net (fo=427, unset)          0.049    10.049    control_s_axi_U/int_block_out/ap_clk
    RAMB18_X0Y36         RAMB18E2                                     r  control_s_axi_U/int_block_out/mem_reg/CLKBWRCLK
                         clock pessimism              0.000    10.049    
                         clock uncertainty           -0.035    10.014    
    RAMB18_X0Y36         RAMB18E2 (Setup_RAMB18E2_L_RAMB180_CLKBWRCLK_DINADIN[10])
                                                     -0.403     9.611    control_s_axi_U/int_block_out/mem_reg
  -------------------------------------------------------------------
                         required time                          9.611    
                         arrival time                          -3.660    
  -------------------------------------------------------------------
                         slack                                  5.950    

Slack (MET) :             5.988ns  (required time - arrival time)
  Source:                 reg_218_reg[0]/C
                            (rising edge-triggered cell FDRE clocked by ap_clk  {rise@0.000ns fall@5.000ns period=10.000ns})
  Destination:            control_s_axi_U/int_block_out/mem_reg/DINADIN[7]
                            (rising edge-triggered cell RAMB18E2 clocked by ap_clk  {rise@0.000ns fall@5.000ns period=10.000ns})
  Path Group:             ap_clk
  Path Type:              Setup (Max at Slow Process Corner)
  Requirement:            10.000ns  (ap_clk rise@10.000ns - ap_clk rise@0.000ns)
  Data Path Delay:        3.578ns  (logic 1.465ns (40.948%)  route 2.113ns (59.052%))
  Logic Levels:           8  (CARRY8=3 LUT2=1 LUT3=2 LUT6=2)
  Clock Path Skew:        0.008ns (DCD - SCD + CPR)
    Destination Clock Delay (DCD):    0.049ns = ( 10.049 - 10.000 ) 
    Source Clock Delay      (SCD):    0.041ns
    Clock Pessimism Removal (CPR):    0.000ns
  Clock Uncertainty:      0.035ns  ((TSJ^2 + TIJ^2)^1/2 + DJ) / 2 + PE
    Total System Jitter     (TSJ):    0.071ns
    Total Input Jitter      (TIJ):    0.000ns
    Discrete Jitter          (DJ):    0.000ns
    Phase Error              (PE):    0.000ns

    Location             Delay type                Incr(ns)  Path(ns)    Netlist Resource(s)
  -------------------------------------------------------------------    -------------------
                         (clock ap_clk rise edge)     0.000     0.000 r  
                                                      0.000     0.000 r  ap_clk (IN)
                         net (fo=427, unset)          0.041     0.041    ap_clk
    SLICE_X30Y97         FDRE                                         r  reg_218_reg[0]/C
  -------------------------------------------------------------------    -------------------
    SLICE_X30Y97         FDRE (Prop_DFF2_SLICEL_C_Q)
                                                      0.115     0.156 r  reg_218_reg[0]/Q
                         net (fo=1, routed)           0.174     0.330    control_s_axi_U/int_block_out/reg_238_reg[15]_0[0]
    SLICE_X31Y97         LUT2 (Prop_A6LUT_SLICEM_I1_O)
                                                      0.226     0.556 r  control_s_axi_U/int_block_out/reg_238[7]_i_9/O
                         net (fo=1, routed)           0.017     0.573    control_s_axi_U/int_block_out/reg_238[7]_i_9_n_0
    SLICE_X31Y97         CARRY8 (Prop_CARRY8_SLICEM_S[0]_O[4])
                                                      0.296     0.869 r  control_s_axi_U/int_block_out/reg_238_reg[7]_i_1/O[4]
                         net (fo=5, routed)           0.374     1.243    control_s_axi_U/int_block_out/O[4]
    SLICE_X28Y99         LUT3 (Prop_D6LUT_SLICEM_I2_O)
                                                      0.080     1.323 r  control_s_axi_U/int_block_out/b_6_reg_611[7]_i_5/O
                         net (fo=1, routed)           0.314     1.637    control_s_axi_U/int_block_out/b_6_reg_611[7]_i_5_n_0
    SLICE_X30Y99         CARRY8 (Prop_CARRY8_SLICEL_DI[4]_O[6])
                                                      0.169     1.806 r  control_s_axi_U/int_block_out/b_6_reg_611_reg[7]_i_1/O[6]
                         net (fo=4, routed)           0.161     1.967    control_s_axi_U/int_block_out/reg_214_reg[6][6]
    SLICE_X30Y98         LUT3 (Prop_D5LUT_SLICEL_I2_O)
                                                      0.217     2.184 r  control_s_axi_U/int_block_out/trunc_ln11_8_reg_626[6]_i_3/O
                         net (fo=1, routed)           0.495     2.679    control_s_axi_U/int_block_out/trunc_ln11_8_reg_626[6]_i_3_n_0
    SLICE_X31Y99         CARRY8 (Prop_CARRY8_SLICEM_DI[6]_O[7])
                                                      0.141     2.820 r  control_s_axi_U/int_block_out/trunc_ln11_8_reg_626_reg[6]_i_1/O[7]
                         net (fo=2, routed)           0.231     3.051    control_s_axi_U/int_block_out/a_6_reg_581_reg[14][6]
    SLICE_X31Y93         LUT6 (Prop_G6LUT_SLICEM_I0_O)
                                                      0.137     3.188 r  control_s_axi_U/int_block_out/mem_reg_i_47/O
                         net (fo=1, routed)           0.059     3.247    control_s_axi_U/int_block_out/mem_reg_i_47_n_0
    SLICE_X31Y93         LUT6 (Prop_H6LUT_SLICEM_I4_O)
                                                      0.084     3.331 r  control_s_axi_U/int_block_out/mem_reg_i_13__0/O
                         net (fo=2, routed)           0.288     3.619    control_s_axi_U/int_block_out/mem_reg_i_13__0_n_0
    RAMB18_X0Y36         RAMB18E2                                     r  control_s_axi_U/int_block_out/mem_reg/DINADIN[7]
  -------------------------------------------------------------------    -------------------

                         (clock ap_clk rise edge)    10.000    10.000 r  
                                                      0.000    10.000 r  ap_clk (IN)
                         net (fo=427, unset)          0.049    10.049    control_s_axi_U/int_block_out/ap_clk
    RAMB18_X0Y36         RAMB18E2                                     r  control_s_axi_U/int_block_out/mem_reg/CLKBWRCLK
                         clock pessimism              0.000    10.049    
                         clock uncertainty           -0.035    10.014    
    RAMB18_X0Y36         RAMB18E2 (Setup_RAMB18E2_L_RAMB180_CLKBWRCLK_DINADIN[7])
                                                     -0.407     9.607    control_s_axi_U/int_block_out/mem_reg
  -------------------------------------------------------------------
                         required time                          9.607    
                         arrival time                          -3.619    
  -------------------------------------------------------------------
                         slack                                  5.988    

Slack (MET) :             6.018ns  (required time - arrival time)
  Source:                 reg_218_reg[0]/C
                            (rising edge-triggered cell FDRE clocked by ap_clk  {rise@0.000ns fall@5.000ns period=10.000ns})
  Destination:            control_s_axi_U/int_block_out/mem_reg/DINADIN[4]
                            (rising edge-triggered cell RAMB18E2 clocked by ap_clk  {rise@0.000ns fall@5.000ns period=10.000ns})
  Path Group:             ap_clk
  Path Type:              Setup (Max at Slow Process Corner)
  Requirement:            10.000ns  (ap_clk rise@10.000ns - ap_clk rise@0.000ns)
  Data Path Delay:        3.513ns  (logic 1.461ns (41.593%)  route 2.052ns (58.407%))
  Logic Levels:           8  (CARRY8=3 LUT2=1 LUT3=2 LUT6=2)
  Clock Path Skew:        0.008ns (DCD - SCD + CPR)
    Destination Clock Delay (DCD):    0.049ns = ( 10.049 - 10.000 ) 
    Source Clock Delay      (SCD):    0.041ns
    Clock Pessimism Removal (CPR):    0.000ns
  Clock Uncertainty:      0.035ns  ((TSJ^2 + TIJ^2)^1/2 + DJ) / 2 + PE
    Total System Jitter     (TSJ):    0.071ns
    Total Input Jitter      (TIJ):    0.000ns
    Discrete Jitter          (DJ):    0.000ns
    Phase Error              (PE):    0.000ns

    Location             Delay type                Incr(ns)  Path(ns)    Netlist Resource(s)
  -------------------------------------------------------------------    -------------------
                         (clock ap_clk rise edge)     0.000     0.000 r  
                                                      0.000     0.000 r  ap_clk (IN)
                         net (fo=427, unset)          0.041     0.041    ap_clk
    SLICE_X30Y97         FDRE                                         r  reg_218_reg[0]/C
  -------------------------------------------------------------------    -------------------
    SLICE_X30Y97         FDRE (Prop_DFF2_SLICEL_C_Q)
                                                      0.115     0.156 r  reg_218_reg[0]/Q
                         net (fo=1, routed)           0.174     0.330    control_s_axi_U/int_block_out/reg_238_reg[15]_0[0]
    SLICE_X31Y97         LUT2 (Prop_A6LUT_SLICEM_I1_O)
                                                      0.226     0.556 r  control_s_axi_U/int_block_out/reg_238[7]_i_9/O
                         net (fo=1, routed)           0.017     0.573    control_s_axi_U/int_block_out/reg_238[7]_i_9_n_0
    SLICE_X31Y97         CARRY8 (Prop_CARRY8_SLICEM_S[0]_O[2])
                                                      0.195     0.768 r  control_s_axi_U/int_block_out/reg_238_reg[7]_i_1/O[2]
                         net (fo=5, routed)           0.288     1.056    control_s_axi_U/int_block_out/O[2]
    SLICE_X29Y99         LUT3 (Prop_C6LUT_SLICEM_I2_O)
                                                      0.149     1.205 r  control_s_axi_U/int_block_out/b_6_reg_611[7]_i_7/O
                         net (fo=1, routed)           0.233     1.438    control_s_axi_U/int_block_out/b_6_reg_611[7]_i_7_n_0
    SLICE_X30Y99         CARRY8 (Prop_CARRY8_SLICEL_DI[2]_O[3])
                                                      0.134     1.572 r  control_s_axi_U/int_block_out/b_6_reg_611_reg[7]_i_1/O[3]
                         net (fo=4, routed)           0.209     1.781    control_s_axi_U/int_block_out/reg_214_reg[6][3]
    SLICE_X29Y99         LUT3 (Prop_D5LUT_SLICEM_I2_O)
                                                      0.190     1.971 r  control_s_axi_U/int_block_out/trunc_ln11_8_reg_626[6]_i_6/O
                         net (fo=1, routed)           0.215     2.186    control_s_axi_U/int_block_out/trunc_ln11_8_reg_626[6]_i_6_n_0
    SLICE_X31Y99         CARRY8 (Prop_CARRY8_SLICEM_DI[3]_O[4])
                                                      0.235     2.421 r  control_s_axi_U/int_block_out/trunc_ln11_8_reg_626_reg[6]_i_1/O[4]
                         net (fo=2, routed)           0.417     2.838    control_s_axi_U/int_block_out/a_6_reg_581_reg[14][3]
    SLICE_X33Y92         LUT6 (Prop_F6LUT_SLICEL_I0_O)
                                                      0.081     2.919 r  control_s_axi_U/int_block_out/mem_reg_i_53/O
                         net (fo=1, routed)           0.098     3.017    control_s_axi_U/int_block_out/mem_reg_i_53_n_0
    SLICE_X33Y92         LUT6 (Prop_C6LUT_SLICEL_I4_O)
                                                      0.136     3.153 r  control_s_axi_U/int_block_out/mem_reg_i_16__0/O
                         net (fo=2, routed)           0.401     3.554    control_s_axi_U/int_block_out/mem_reg_i_16__0_n_0
    RAMB18_X0Y36         RAMB18E2                                     r  control_s_axi_U/int_block_out/mem_reg/DINADIN[4]
  -------------------------------------------------------------------    -------------------

                         (clock ap_clk rise edge)    10.000    10.000 r  
                                                      0.000    10.000 r  ap_clk (IN)
                         net (fo=427, unset)          0.049    10.049    control_s_axi_U/int_block_out/ap_clk
    RAMB18_X0Y36         RAMB18E2                                     r  control_s_axi_U/int_block_out/mem_reg/CLKBWRCLK
                         clock pessimism              0.000    10.049    
                         clock uncertainty           -0.035    10.014    
    RAMB18_X0Y36         RAMB18E2 (Setup_RAMB18E2_L_RAMB180_CLKBWRCLK_DINADIN[4])
                                                     -0.442     9.572    control_s_axi_U/int_block_out/mem_reg
  -------------------------------------------------------------------
                         required time                          9.572    
                         arrival time                          -3.554    
  -------------------------------------------------------------------
                         slack                                  6.018    

Slack (MET) :             6.068ns  (required time - arrival time)
  Source:                 reg_218_reg[0]/C
                            (rising edge-triggered cell FDRE clocked by ap_clk  {rise@0.000ns fall@5.000ns period=10.000ns})
  Destination:            control_s_axi_U/int_block_out/mem_reg/DINADIN[6]
                            (rising edge-triggered cell RAMB18E2 clocked by ap_clk  {rise@0.000ns fall@5.000ns period=10.000ns})
  Path Group:             ap_clk
  Path Type:              Setup (Max at Slow Process Corner)
  Requirement:            10.000ns  (ap_clk rise@10.000ns - ap_clk rise@0.000ns)
  Data Path Delay:        3.507ns  (logic 1.510ns (43.055%)  route 1.997ns (56.945%))
  Logic Levels:           8  (CARRY8=3 LUT2=1 LUT3=2 LUT6=2)
  Clock Path Skew:        0.008ns (DCD - SCD + CPR)
    Destination Clock Delay (DCD):    0.049ns = ( 10.049 - 10.000 ) 
    Source Clock Delay      (SCD):    0.041ns
    Clock Pessimism Removal (CPR):    0.000ns
  Clock Uncertainty:      0.035ns  ((TSJ^2 + TIJ^2)^1/2 + DJ) / 2 + PE
    Total System Jitter     (TSJ):    0.071ns
    Total Input Jitter      (TIJ):    0.000ns
    Discrete Jitter          (DJ):    0.000ns
    Phase Error              (PE):    0.000ns

    Location             Delay type                Incr(ns)  Path(ns)    Netlist Resource(s)
  -------------------------------------------------------------------    -------------------
                         (clock ap_clk rise edge)     0.000     0.000 r  
                                                      0.000     0.000 r  ap_clk (IN)
                         net (fo=427, unset)          0.041     0.041    ap_clk
    SLICE_X30Y97         FDRE                                         r  reg_218_reg[0]/C
  -------------------------------------------------------------------    -------------------
    SLICE_X30Y97         FDRE (Prop_DFF2_SLICEL_C_Q)
                                                      0.115     0.156 r  reg_218_reg[0]/Q
                         net (fo=1, routed)           0.174     0.330    control_s_axi_U/int_block_out/reg_238_reg[15]_0[0]
    SLICE_X31Y97         LUT2 (Prop_A6LUT_SLICEM_I1_O)
                                                      0.226     0.556 r  control_s_axi_U/int_block_out/reg_238[7]_i_9/O
                         net (fo=1, routed)           0.017     0.573    control_s_axi_U/int_block_out/reg_238[7]_i_9_n_0
    SLICE_X31Y97         CARRY8 (Prop_CARRY8_SLICEM_S[0]_O[2])
                                                      0.195     0.768 r  control_s_axi_U/int_block_out/reg_238_reg[7]_i_1/O[2]
                         net (fo=5, routed)           0.288     1.056    control_s_axi_U/int_block_out/O[2]
    SLICE_X29Y99         LUT3 (Prop_C6LUT_SLICEM_I2_O)
                                                      0.149     1.205 r  control_s_axi_U/int_block_out/b_6_reg_611[7]_i_7/O
                         net (fo=1, routed)           0.233     1.438    control_s_axi_U/int_block_out/b_6_reg_611[7]_i_7_n_0
    SLICE_X30Y99         CARRY8 (Prop_CARRY8_SLICEL_DI[2]_O[4])
                                                      0.241     1.679 r  control_s_axi_U/int_block_out/b_6_reg_611_reg[7]_i_1/O[4]
                         net (fo=4, routed)           0.219     1.898    control_s_axi_U/int_block_out/reg_214_reg[6][4]
    SLICE_X28Y99         LUT3 (Prop_D5LUT_SLICEM_I2_O)
                                                      0.190     2.088 r  control_s_axi_U/int_block_out/trunc_ln11_8_reg_626[6]_i_5/O
                         net (fo=1, routed)           0.394     2.482    control_s_axi_U/int_block_out/trunc_ln11_8_reg_626[6]_i_5_n_0
    SLICE_X31Y99         CARRY8 (Prop_CARRY8_SLICEM_DI[4]_O[6])
                                                      0.173     2.655 r  control_s_axi_U/int_block_out/trunc_ln11_8_reg_626_reg[6]_i_1/O[6]
                         net (fo=2, routed)           0.328     2.983    control_s_axi_U/int_block_out/a_6_reg_581_reg[14][5]
    SLICE_X31Y92         LUT6 (Prop_G6LUT_SLICEM_I0_O)
                                                      0.137     3.120 r  control_s_axi_U/int_block_out/mem_reg_i_49/O
                         net (fo=1, routed)           0.059     3.179    control_s_axi_U/int_block_out/mem_reg_i_49_n_0
    SLICE_X31Y92         LUT6 (Prop_H6LUT_SLICEM_I4_O)
                                                      0.084     3.263 r  control_s_axi_U/int_block_out/mem_reg_i_14__0/O
                         net (fo=2, routed)           0.286     3.548    control_s_axi_U/int_block_out/mem_reg_i_14__0_n_0
    RAMB18_X0Y36         RAMB18E2                                     r  control_s_axi_U/int_block_out/mem_reg/DINADIN[6]
  -------------------------------------------------------------------    -------------------

                         (clock ap_clk rise edge)    10.000    10.000 r  
                                                      0.000    10.000 r  ap_clk (IN)
                         net (fo=427, unset)          0.049    10.049    control_s_axi_U/int_block_out/ap_clk
    RAMB18_X0Y36         RAMB18E2                                     r  control_s_axi_U/int_block_out/mem_reg/CLKBWRCLK
                         clock pessimism              0.000    10.049    
                         clock uncertainty           -0.035    10.014    
    RAMB18_X0Y36         RAMB18E2 (Setup_RAMB18E2_L_RAMB180_CLKBWRCLK_DINADIN[6])
                                                     -0.397     9.617    control_s_axi_U/int_block_out/mem_reg
  -------------------------------------------------------------------
                         required time                          9.617    
                         arrival time                          -3.548    
  -------------------------------------------------------------------
                         slack                                  6.068    

Slack (MET) :             6.071ns  (required time - arrival time)
  Source:                 reg_218_reg[0]/C
                            (rising edge-triggered cell FDRE clocked by ap_clk  {rise@0.000ns fall@5.000ns period=10.000ns})
  Destination:            control_s_axi_U/int_block_out/mem_reg/DINBDIN[6]
                            (rising edge-triggered cell RAMB18E2 clocked by ap_clk  {rise@0.000ns fall@5.000ns period=10.000ns})
  Path Group:             ap_clk
  Path Type:              Setup (Max at Slow Process Corner)
  Requirement:            10.000ns  (ap_clk rise@10.000ns - ap_clk rise@0.000ns)
  Data Path Delay:        3.490ns  (logic 1.510ns (43.264%)  route 1.980ns (56.736%))
  Logic Levels:           8  (CARRY8=3 LUT2=1 LUT3=2 LUT6=2)
  Clock Path Skew:        0.008ns (DCD - SCD + CPR)
    Destination Clock Delay (DCD):    0.049ns = ( 10.049 - 10.000 ) 
    Source Clock Delay      (SCD):    0.041ns
    Clock Pessimism Removal (CPR):    0.000ns
  Clock Uncertainty:      0.035ns  ((TSJ^2 + TIJ^2)^1/2 + DJ) / 2 + PE
    Total System Jitter     (TSJ):    0.071ns
    Total Input Jitter      (TIJ):    0.000ns
    Discrete Jitter          (DJ):    0.000ns
    Phase Error              (PE):    0.000ns

    Location             Delay type                Incr(ns)  Path(ns)    Netlist Resource(s)
  -------------------------------------------------------------------    -------------------
                         (clock ap_clk rise edge)     0.000     0.000 r  
                                                      0.000     0.000 r  ap_clk (IN)
                         net (fo=427, unset)          0.041     0.041    ap_clk
    SLICE_X30Y97         FDRE                                         r  reg_218_reg[0]/C
  -------------------------------------------------------------------    -------------------
    SLICE_X30Y97         FDRE (Prop_DFF2_SLICEL_C_Q)
                                                      0.115     0.156 r  reg_218_reg[0]/Q
                         net (fo=1, routed)           0.174     0.330    control_s_axi_U/int_block_out/reg_238_reg[15]_0[0]
    SLICE_X31Y97         LUT2 (Prop_A6LUT_SLICEM_I1_O)
                                                      0.226     0.556 r  control_s_axi_U/int_block_out/reg_238[7]_i_9/O
                         net (fo=1, routed)           0.017     0.573    control_s_axi_U/int_block_out/reg_238[7]_i_9_n_0
    SLICE_X31Y97         CARRY8 (Prop_CARRY8_SLICEM_S[0]_O[2])
                                                      0.195     0.768 r  control_s_axi_U/int_block_out/reg_238_reg[7]_i_1/O[2]
                         net (fo=5, routed)           0.288     1.056    control_s_axi_U/int_block_out/O[2]
    SLICE_X29Y99         LUT3 (Prop_C6LUT_SLICEM_I2_O)
                                                      0.149     1.205 r  control_s_axi_U/int_block_out/b_6_reg_611[7]_i_7/O
                         net (fo=1, routed)           0.233     1.438    control_s_axi_U/int_block_out/b_6_reg_611[7]_i_7_n_0
    SLICE_X30Y99         CARRY8 (Prop_CARRY8_SLICEL_DI[2]_O[4])
                                                      0.241     1.679 r  control_s_axi_U/int_block_out/b_6_reg_611_reg[7]_i_1/O[4]
                         net (fo=4, routed)           0.219     1.898    control_s_axi_U/int_block_out/reg_214_reg[6][4]
    SLICE_X28Y99         LUT3 (Prop_D5LUT_SLICEM_I2_O)
                                                      0.190     2.088 r  control_s_axi_U/int_block_out/trunc_ln11_8_reg_626[6]_i_5/O
                         net (fo=1, routed)           0.394     2.482    control_s_axi_U/int_block_out/trunc_ln11_8_reg_626[6]_i_5_n_0
    SLICE_X31Y99         CARRY8 (Prop_CARRY8_SLICEM_DI[4]_O[6])
                                                      0.173     2.655 r  control_s_axi_U/int_block_out/trunc_ln11_8_reg_626_reg[6]_i_1/O[6]
                         net (fo=2, routed)           0.328     2.983    control_s_axi_U/int_block_out/a_6_reg_581_reg[14][5]
    SLICE_X31Y92         LUT6 (Prop_G6LUT_SLICEM_I0_O)
                                                      0.137     3.120 r  control_s_axi_U/int_block_out/mem_reg_i_49/O
                         net (fo=1, routed)           0.059     3.179    control_s_axi_U/int_block_out/mem_reg_i_49_n_0
    SLICE_X31Y92         LUT6 (Prop_H6LUT_SLICEM_I4_O)
                                                      0.084     3.263 r  control_s_axi_U/int_block_out/mem_reg_i_14__0/O
                         net (fo=2, routed)           0.269     3.531    control_s_axi_U/int_block_out/mem_reg_i_14__0_n_0
    RAMB18_X0Y36         RAMB18E2                                     r  control_s_axi_U/int_block_out/mem_reg/DINBDIN[6]
  -------------------------------------------------------------------    -------------------

                         (clock ap_clk rise edge)    10.000    10.000 r  
                                                      0.000    10.000 r  ap_clk (IN)
                         net (fo=427, unset)          0.049    10.049    control_s_axi_U/int_block_out/ap_clk
    RAMB18_X0Y36         RAMB18E2                                     r  control_s_axi_U/int_block_out/mem_reg/CLKBWRCLK
                         clock pessimism              0.000    10.049    
                         clock uncertainty           -0.035    10.014    
    RAMB18_X0Y36         RAMB18E2 (Setup_RAMB18E2_L_RAMB180_CLKBWRCLK_DINBDIN[6])
                                                     -0.411     9.603    control_s_axi_U/int_block_out/mem_reg
  -------------------------------------------------------------------
                         required time                          9.603    
                         arrival time                          -3.531    
  -------------------------------------------------------------------
                         slack                                  6.071    

Slack (MET) :             6.088ns  (required time - arrival time)
  Source:                 reg_218_reg[0]/C
                            (rising edge-triggered cell FDRE clocked by ap_clk  {rise@0.000ns fall@5.000ns period=10.000ns})
  Destination:            control_s_axi_U/int_block_out/mem_reg/DINBDIN[4]
                            (rising edge-triggered cell RAMB18E2 clocked by ap_clk  {rise@0.000ns fall@5.000ns period=10.000ns})
  Path Group:             ap_clk
  Path Type:              Setup (Max at Slow Process Corner)
  Requirement:            10.000ns  (ap_clk rise@10.000ns - ap_clk rise@0.000ns)
  Data Path Delay:        3.504ns  (logic 1.461ns (41.700%)  route 2.043ns (58.300%))
  Logic Levels:           8  (CARRY8=3 LUT2=1 LUT3=2 LUT6=2)
  Clock Path Skew:        0.008ns (DCD - SCD + CPR)
    Destination Clock Delay (DCD):    0.049ns = ( 10.049 - 10.000 ) 
    Source Clock Delay      (SCD):    0.041ns
    Clock Pessimism Removal (CPR):    0.000ns
  Clock Uncertainty:      0.035ns  ((TSJ^2 + TIJ^2)^1/2 + DJ) / 2 + PE
    Total System Jitter     (TSJ):    0.071ns
    Total Input Jitter      (TIJ):    0.000ns
    Discrete Jitter          (DJ):    0.000ns
    Phase Error              (PE):    0.000ns

    Location             Delay type                Incr(ns)  Path(ns)    Netlist Resource(s)
  -------------------------------------------------------------------    -------------------
                         (clock ap_clk rise edge)     0.000     0.000 r  
                                                      0.000     0.000 r  ap_clk (IN)
                         net (fo=427, unset)          0.041     0.041    ap_clk
    SLICE_X30Y97         FDRE                                         r  reg_218_reg[0]/C
  -------------------------------------------------------------------    -------------------
    SLICE_X30Y97         FDRE (Prop_DFF2_SLICEL_C_Q)
                                                      0.115     0.156 r  reg_218_reg[0]/Q
                         net (fo=1, routed)           0.174     0.330    control_s_axi_U/int_block_out/reg_238_reg[15]_0[0]
    SLICE_X31Y97         LUT2 (Prop_A6LUT_SLICEM_I1_O)
                                                      0.226     0.556 r  control_s_axi_U/int_block_out/reg_238[7]_i_9/O
                         net (fo=1, routed)           0.017     0.573    control_s_axi_U/int_block_out/reg_238[7]_i_9_n_0
    SLICE_X31Y97         CARRY8 (Prop_CARRY8_SLICEM_S[0]_O[2])
                                                      0.195     0.768 r  control_s_axi_U/int_block_out/reg_238_reg[7]_i_1/O[2]
                         net (fo=5, routed)           0.288     1.056    control_s_axi_U/int_block_out/O[2]
    SLICE_X29Y99         LUT3 (Prop_C6LUT_SLICEM_I2_O)
                                                      0.149     1.205 r  control_s_axi_U/int_block_out/b_6_reg_611[7]_i_7/O
                         net (fo=1, routed)           0.233     1.438    control_s_axi_U/int_block_out/b_6_reg_611[7]_i_7_n_0
    SLICE_X30Y99         CARRY8 (Prop_CARRY8_SLICEL_DI[2]_O[3])
                                                      0.134     1.572 r  control_s_axi_U/int_block_out/b_6_reg_611_reg[7]_i_1/O[3]
                         net (fo=4, routed)           0.209     1.781    control_s_axi_U/int_block_out/reg_214_reg[6][3]
    SLICE_X29Y99         LUT3 (Prop_D5LUT_SLICEM_I2_O)
                                                      0.190     1.971 r  control_s_axi_U/int_block_out/trunc_ln11_8_reg_626[6]_i_6/O
                         net (fo=1, routed)           0.215     2.186    control_s_axi_U/int_block_out/trunc_ln11_8_reg_626[6]_i_6_n_0
    SLICE_X31Y99         CARRY8 (Prop_CARRY8_SLICEM_DI[3]_O[4])
                                                      0.235     2.421 r  control_s_axi_U/int_block_out/trunc_ln11_8_reg_626_reg[6]_i_1/O[4]
                         net (fo=2, routed)           0.417     2.838    control_s_axi_U/int_block_out/a_6_reg_581_reg[14][3]
    SLICE_X33Y92         LUT6 (Prop_F6LUT_SLICEL_I0_O)
                                                      0.081     2.919 r  control_s_axi_U/int_block_out/mem_reg_i_53/O
                         net (fo=1, routed)           0.098     3.017    control_s_axi_U/int_block_out/mem_reg_i_53_n_0
    SLICE_X33Y92         LUT6 (Prop_C6LUT_SLICEL_I4_O)
                                                      0.136     3.153 r  control_s_axi_U/int_block_out/mem_reg_i_16__0/O
                         net (fo=2, routed)           0.392     3.545    control_s_axi_U/int_block_out/mem_reg_i_16__0_n_0
    RAMB18_X0Y36         RAMB18E2                                     r  control_s_axi_U/int_block_out/mem_reg/DINBDIN[4]
  -------------------------------------------------------------------    -------------------

                         (clock ap_clk rise edge)    10.000    10.000 r  
                                                      0.000    10.000 r  ap_clk (IN)
                         net (fo=427, unset)          0.049    10.049    control_s_axi_U/int_block_out/ap_clk
    RAMB18_X0Y36         RAMB18E2                                     r  control_s_axi_U/int_block_out/mem_reg/CLKBWRCLK
                         clock pessimism              0.000    10.049    
                         clock uncertainty           -0.035    10.014    
    RAMB18_X0Y36         RAMB18E2 (Setup_RAMB18E2_L_RAMB180_CLKBWRCLK_DINBDIN[4])
                                                     -0.381     9.633    control_s_axi_U/int_block_out/mem_reg
  -------------------------------------------------------------------
                         required time                          9.633    
                         arrival time                          -3.545    
  -------------------------------------------------------------------
                         slack                                  6.088    

Slack (MET) :             6.218ns  (required time - arrival time)
  Source:                 a_7_reg_575_reg[3]/C
                            (rising edge-triggered cell FDRE clocked by ap_clk  {rise@0.000ns fall@5.000ns period=10.000ns})
  Destination:            control_s_axi_U/int_block_out/mem_reg/DINBDIN[15]
                            (rising edge-triggered cell RAMB18E2 clocked by ap_clk  {rise@0.000ns fall@5.000ns period=10.000ns})
  Path Group:             ap_clk
  Path Type:              Setup (Max at Slow Process Corner)
  Requirement:            10.000ns  (ap_clk rise@10.000ns - ap_clk rise@0.000ns)
  Data Path Delay:        3.152ns  (logic 1.303ns (41.334%)  route 1.849ns (58.666%))
  Logic Levels:           7  (CARRY8=3 LUT2=1 LUT3=1 LUT5=1 LUT6=1)
  Clock Path Skew:        0.006ns (DCD - SCD + CPR)
    Destination Clock Delay (DCD):    0.049ns = ( 10.049 - 10.000 ) 
    Source Clock Delay      (SCD):    0.043ns
    Clock Pessimism Removal (CPR):    0.000ns
  Clock Uncertainty:      0.035ns  ((TSJ^2 + TIJ^2)^1/2 + DJ) / 2 + PE
    Total System Jitter     (TSJ):    0.071ns
    Total Input Jitter      (TIJ):    0.000ns
    Discrete Jitter          (DJ):    0.000ns
    Phase Error              (PE):    0.000ns

    Location             Delay type                Incr(ns)  Path(ns)    Netlist Resource(s)
  -------------------------------------------------------------------    -------------------
                         (clock ap_clk rise edge)     0.000     0.000 r  
                                                      0.000     0.000 r  ap_clk (IN)
                         net (fo=427, unset)          0.043     0.043    ap_clk
    SLICE_X34Y101        FDRE                                         r  a_7_reg_575_reg[3]/C
  -------------------------------------------------------------------    -------------------
    SLICE_X34Y101        FDRE (Prop_DFF_SLICEM_C_Q)
                                                      0.116     0.159 r  a_7_reg_575_reg[3]/Q
                         net (fo=5, routed)           0.310     0.469    control_s_axi_U/int_block_out/b_7_reg_631_reg[15][3]
    SLICE_X34Y97         LUT2 (Prop_D6LUT_SLICEM_I0_O)
                                                      0.151     0.620 r  control_s_axi_U/int_block_out/b_7_reg_631[7]_i_6/O
                         net (fo=1, routed)           0.032     0.652    control_s_axi_U/int_block_out/b_7_reg_631[7]_i_6_n_0
    SLICE_X34Y97         CARRY8 (Prop_CARRY8_SLICEM_S[3]_CO[7])
                                                      0.232     0.884 r  control_s_axi_U/int_block_out/b_7_reg_631_reg[7]_i_1/CO[7]
                         net (fo=1, routed)           0.030     0.914    control_s_axi_U/int_block_out/b_7_reg_631_reg[7]_i_1_n_0
    SLICE_X34Y98         CARRY8 (Prop_CARRY8_SLICEM_CI_O[2])
                                                      0.101     1.015 r  control_s_axi_U/int_block_out/b_7_reg_631_reg[15]_i_1/O[2]
                         net (fo=4, routed)           0.362     1.376    control_s_axi_U/int_block_out/a_7_reg_575_reg[14]_0[2]
    SLICE_X34Y94         LUT3 (Prop_A6LUT_SLICEM_I2_O)
                                                      0.226     1.602 r  control_s_axi_U/int_block_out/mem_reg_i_90/O
                         net (fo=1, routed)           0.203     1.805    control_s_axi_U/int_block_out/mem_reg_i_90_n_0
    SLICE_X34Y96         CARRY8 (Prop_CARRY8_SLICEM_DI[2]_O[7])
                                                      0.282     2.087 r  control_s_axi_U/int_block_out/mem_reg_i_77/O[7]
                         net (fo=4, routed)           0.377     2.464    control_s_axi_U/int_block_out/a_7_reg_575_reg[14][14]
    SLICE_X30Y96         LUT5 (Prop_B6LUT_SLICEL_I2_O)
                                                      0.138     2.602 r  control_s_axi_U/int_block_out/mem_reg_i_65/O
                         net (fo=1, routed)           0.105     2.707    control_s_axi_U/int_block_out/mem_reg_i_65_n_0
    SLICE_X30Y96         LUT6 (Prop_D6LUT_SLICEL_I5_O)
                                                      0.057     2.764 r  control_s_axi_U/int_block_out/mem_reg_i_21/O
                         net (fo=1, routed)           0.431     3.195    control_s_axi_U/int_block_out/p_1_in[31]
    RAMB18_X0Y36         RAMB18E2                                     r  control_s_axi_U/int_block_out/mem_reg/DINBDIN[15]
  -------------------------------------------------------------------    -------------------

                         (clock ap_clk rise edge)    10.000    10.000 r  
                                                      0.000    10.000 r  ap_clk (IN)
                         net (fo=427, unset)          0.049    10.049    control_s_axi_U/int_block_out/ap_clk
    RAMB18_X0Y36         RAMB18E2                                     r  control_s_axi_U/int_block_out/mem_reg/CLKBWRCLK
                         clock pessimism              0.000    10.049    
                         clock uncertainty           -0.035    10.014    
    RAMB18_X0Y36         RAMB18E2 (Setup_RAMB18E2_L_RAMB180_CLKBWRCLK_DINBDIN[15])
                                                     -0.600     9.414    control_s_axi_U/int_block_out/mem_reg
  -------------------------------------------------------------------
                         required time                          9.414    
                         arrival time                          -3.195    
  -------------------------------------------------------------------
                         slack                                  6.218    

Slack (MET) :             6.334ns  (required time - arrival time)
  Source:                 reg_218_reg[0]/C
                            (rising edge-triggered cell FDRE clocked by ap_clk  {rise@0.000ns fall@5.000ns period=10.000ns})
  Destination:            control_s_axi_U/int_block_out/mem_reg/DINADIN[2]
                            (rising edge-triggered cell RAMB18E2 clocked by ap_clk  {rise@0.000ns fall@5.000ns period=10.000ns})
  Path Group:             ap_clk
  Path Type:              Setup (Max at Slow Process Corner)
  Requirement:            10.000ns  (ap_clk rise@10.000ns - ap_clk rise@0.000ns)
  Data Path Delay:        3.144ns  (logic 1.079ns (34.318%)  route 2.065ns (65.682%))
  Logic Levels:           8  (CARRY8=3 LUT2=1 LUT3=1 LUT6=3)
  Clock Path Skew:        0.008ns (DCD - SCD + CPR)
    Destination Clock Delay (DCD):    0.049ns = ( 10.049 - 10.000 ) 
    Source Clock Delay      (SCD):    0.041ns
    Clock Pessimism Removal (CPR):    0.000ns
  Clock Uncertainty:      0.035ns  ((TSJ^2 + TIJ^2)^1/2 + DJ) / 2 + PE
    Total System Jitter     (TSJ):    0.071ns
    Total Input Jitter      (TIJ):    0.000ns
    Discrete Jitter          (DJ):    0.000ns
    Phase Error              (PE):    0.000ns

    Location             Delay type                Incr(ns)  Path(ns)    Netlist Resource(s)
  -------------------------------------------------------------------    -------------------
                         (clock ap_clk rise edge)     0.000     0.000 r  
                                                      0.000     0.000 r  ap_clk (IN)
                         net (fo=427, unset)          0.041     0.041    ap_clk
    SLICE_X30Y97         FDRE                                         r  reg_218_reg[0]/C
  -------------------------------------------------------------------    -------------------
    SLICE_X30Y97         FDRE (Prop_DFF2_SLICEL_C_Q)
                                                      0.115     0.156 r  reg_218_reg[0]/Q
                         net (fo=1, routed)           0.174     0.330    control_s_axi_U/int_block_out/reg_238_reg[15]_0[0]
    SLICE_X31Y97         LUT2 (Prop_A6LUT_SLICEM_I1_O)
                                                      0.226     0.556 r  control_s_axi_U/int_block_out/reg_238[7]_i_9/O
                         net (fo=1, routed)           0.017     0.573    control_s_axi_U/int_block_out/reg_238[7]_i_9_n_0
    SLICE_X31Y97         CARRY8 (Prop_CARRY8_SLICEM_S[0]_O[2])
                                                      0.195     0.768 r  control_s_axi_U/int_block_out/reg_238_reg[7]_i_1/O[2]
                         net (fo=5, routed)           0.288     1.056    control_s_axi_U/int_block_out/O[2]
    SLICE_X29Y99         LUT3 (Prop_C6LUT_SLICEM_I2_O)
                                                      0.149     1.205 r  control_s_axi_U/int_block_out/b_6_reg_611[7]_i_7/O
                         net (fo=1, routed)           0.233     1.438    control_s_axi_U/int_block_out/b_6_reg_611[7]_i_7_n_0
    SLICE_X30Y99         CARRY8 (Prop_CARRY8_SLICEL_DI[2]_O[3])
                                                      0.134     1.572 r  control_s_axi_U/int_block_out/b_6_reg_611_reg[7]_i_1/O[3]
                         net (fo=4, routed)           0.318     1.889    control_s_axi_U/int_block_out/reg_214_reg[6][3]
    SLICE_X31Y99         LUT6 (Prop_C6LUT_SLICEM_I3_O)
                                                      0.056     1.945 r  control_s_axi_U/int_block_out/trunc_ln11_8_reg_626[6]_i_14/O
                         net (fo=1, routed)           0.029     1.974    control_s_axi_U/int_block_out/trunc_ln11_8_reg_626[6]_i_14_n_0
    SLICE_X31Y99         CARRY8 (Prop_CARRY8_SLICEM_S[2]_O[2])
                                                      0.092     2.066 r  control_s_axi_U/int_block_out/trunc_ln11_8_reg_626_reg[6]_i_1/O[2]
                         net (fo=2, routed)           0.421     2.487    control_s_axi_U/int_block_out/a_6_reg_581_reg[14][1]
    SLICE_X34Y93         LUT6 (Prop_C6LUT_SLICEM_I0_O)
                                                      0.056     2.543 r  control_s_axi_U/int_block_out/mem_reg_i_57/O
                         net (fo=1, routed)           0.051     2.594    control_s_axi_U/int_block_out/mem_reg_i_57_n_0
    SLICE_X34Y93         LUT6 (Prop_D6LUT_SLICEM_I4_O)
                                                      0.056     2.650 r  control_s_axi_U/int_block_out/mem_reg_i_18__0/O
                         net (fo=2, routed)           0.535     3.185    control_s_axi_U/int_block_out/mem_reg_i_18__0_n_0
    RAMB18_X0Y36         RAMB18E2                                     r  control_s_axi_U/int_block_out/mem_reg/DINADIN[2]
  -------------------------------------------------------------------    -------------------

                         (clock ap_clk rise edge)    10.000    10.000 r  
                                                      0.000    10.000 r  ap_clk (IN)
                         net (fo=427, unset)          0.049    10.049    control_s_axi_U/int_block_out/ap_clk
    RAMB18_X0Y36         RAMB18E2                                     r  control_s_axi_U/int_block_out/mem_reg/CLKBWRCLK
                         clock pessimism              0.000    10.049    
                         clock uncertainty           -0.035    10.014    
    RAMB18_X0Y36         RAMB18E2 (Setup_RAMB18E2_L_RAMB180_CLKBWRCLK_DINADIN[2])
                                                     -0.494     9.520    control_s_axi_U/int_block_out/mem_reg
  -------------------------------------------------------------------
                         required time                          9.520    
                         arrival time                          -3.185    
  -------------------------------------------------------------------
                         slack                                  6.334    

Slack (MET) :             6.407ns  (required time - arrival time)
  Source:                 reg_218_reg[0]/C
                            (rising edge-triggered cell FDRE clocked by ap_clk  {rise@0.000ns fall@5.000ns period=10.000ns})
  Destination:            control_s_axi_U/int_block_out/mem_reg/DINBDIN[2]
                            (rising edge-triggered cell RAMB18E2 clocked by ap_clk  {rise@0.000ns fall@5.000ns period=10.000ns})
  Path Group:             ap_clk
  Path Type:              Setup (Max at Slow Process Corner)
  Requirement:            10.000ns  (ap_clk rise@10.000ns - ap_clk rise@0.000ns)
  Data Path Delay:        3.155ns  (logic 1.079ns (34.198%)  route 2.076ns (65.802%))
  Logic Levels:           8  (CARRY8=3 LUT2=1 LUT3=1 LUT6=3)
  Clock Path Skew:        0.008ns (DCD - SCD + CPR)
    Destination Clock Delay (DCD):    0.049ns = ( 10.049 - 10.000 ) 
    Source Clock Delay      (SCD):    0.041ns
    Clock Pessimism Removal (CPR):    0.000ns
  Clock Uncertainty:      0.035ns  ((TSJ^2 + TIJ^2)^1/2 + DJ) / 2 + PE
    Total System Jitter     (TSJ):    0.071ns
    Total Input Jitter      (TIJ):    0.000ns
    Discrete Jitter          (DJ):    0.000ns
    Phase Error              (PE):    0.000ns

    Location             Delay type                Incr(ns)  Path(ns)    Netlist Resource(s)
  -------------------------------------------------------------------    -------------------
                         (clock ap_clk rise edge)     0.000     0.000 r  
                                                      0.000     0.000 r  ap_clk (IN)
                         net (fo=427, unset)          0.041     0.041    ap_clk
    SLICE_X30Y97         FDRE                                         r  reg_218_reg[0]/C
  -------------------------------------------------------------------    -------------------
    SLICE_X30Y97         FDRE (Prop_DFF2_SLICEL_C_Q)
                                                      0.115     0.156 r  reg_218_reg[0]/Q
                         net (fo=1, routed)           0.174     0.330    control_s_axi_U/int_block_out/reg_238_reg[15]_0[0]
    SLICE_X31Y97         LUT2 (Prop_A6LUT_SLICEM_I1_O)
                                                      0.226     0.556 r  control_s_axi_U/int_block_out/reg_238[7]_i_9/O
                         net (fo=1, routed)           0.017     0.573    control_s_axi_U/int_block_out/reg_238[7]_i_9_n_0
    SLICE_X31Y97         CARRY8 (Prop_CARRY8_SLICEM_S[0]_O[2])
                                                      0.195     0.768 r  control_s_axi_U/int_block_out/reg_238_reg[7]_i_1/O[2]
                         net (fo=5, routed)           0.288     1.056    control_s_axi_U/int_block_out/O[2]
    SLICE_X29Y99         LUT3 (Prop_C6LUT_SLICEM_I2_O)
                                                      0.149     1.205 r  control_s_axi_U/int_block_out/b_6_reg_611[7]_i_7/O
                         net (fo=1, routed)           0.233     1.438    control_s_axi_U/int_block_out/b_6_reg_611[7]_i_7_n_0
    SLICE_X30Y99         CARRY8 (Prop_CARRY8_SLICEL_DI[2]_O[3])
                                                      0.134     1.572 r  control_s_axi_U/int_block_out/b_6_reg_611_reg[7]_i_1/O[3]
                         net (fo=4, routed)           0.318     1.889    control_s_axi_U/int_block_out/reg_214_reg[6][3]
    SLICE_X31Y99         LUT6 (Prop_C6LUT_SLICEM_I3_O)
                                                      0.056     1.945 r  control_s_axi_U/int_block_out/trunc_ln11_8_reg_626[6]_i_14/O
                         net (fo=1, routed)           0.029     1.974    control_s_axi_U/int_block_out/trunc_ln11_8_reg_626[6]_i_14_n_0
    SLICE_X31Y99         CARRY8 (Prop_CARRY8_SLICEM_S[2]_O[2])
                                                      0.092     2.066 r  control_s_axi_U/int_block_out/trunc_ln11_8_reg_626_reg[6]_i_1/O[2]
                         net (fo=2, routed)           0.421     2.487    control_s_axi_U/int_block_out/a_6_reg_581_reg[14][1]
    SLICE_X34Y93         LUT6 (Prop_C6LUT_SLICEM_I0_O)
                                                      0.056     2.543 r  control_s_axi_U/int_block_out/mem_reg_i_57/O
                         net (fo=1, routed)           0.051     2.594    control_s_axi_U/int_block_out/mem_reg_i_57_n_0
    SLICE_X34Y93         LUT6 (Prop_D6LUT_SLICEM_I4_O)
                                                      0.056     2.650 r  control_s_axi_U/int_block_out/mem_reg_i_18__0/O
                         net (fo=2, routed)           0.546     3.196    control_s_axi_U/int_block_out/mem_reg_i_18__0_n_0
    RAMB18_X0Y36         RAMB18E2                                     r  control_s_axi_U/int_block_out/mem_reg/DINBDIN[2]
  -------------------------------------------------------------------    -------------------

                         (clock ap_clk rise edge)    10.000    10.000 r  
                                                      0.000    10.000 r  ap_clk (IN)
                         net (fo=427, unset)          0.049    10.049    control_s_axi_U/int_block_out/ap_clk
    RAMB18_X0Y36         RAMB18E2                                     r  control_s_axi_U/int_block_out/mem_reg/CLKBWRCLK
                         clock pessimism              0.000    10.049    
                         clock uncertainty           -0.035    10.014    
    RAMB18_X0Y36         RAMB18E2 (Setup_RAMB18E2_L_RAMB180_CLKBWRCLK_DINBDIN[2])
                                                     -0.410     9.604    control_s_axi_U/int_block_out/mem_reg
  -------------------------------------------------------------------
                         required time                          9.604    
                         arrival time                          -3.196    
  -------------------------------------------------------------------
                         slack                                  6.407    

Slack (MET) :             6.430ns  (required time - arrival time)
  Source:                 a_7_reg_575_reg[3]/C
                            (rising edge-triggered cell FDRE clocked by ap_clk  {rise@0.000ns fall@5.000ns period=10.000ns})
  Destination:            control_s_axi_U/int_block_out/mem_reg/DINBDIN[14]
                            (rising edge-triggered cell RAMB18E2 clocked by ap_clk  {rise@0.000ns fall@5.000ns period=10.000ns})
  Path Group:             ap_clk
  Path Type:              Setup (Max at Slow Process Corner)
  Requirement:            10.000ns  (ap_clk rise@10.000ns - ap_clk rise@0.000ns)
  Data Path Delay:        3.178ns  (logic 1.276ns (40.147%)  route 1.902ns (59.853%))
  Logic Levels:           7  (CARRY8=3 LUT2=1 LUT3=1 LUT5=1 LUT6=1)
  Clock Path Skew:        0.006ns (DCD - SCD + CPR)
    Destination Clock Delay (DCD):    0.049ns = ( 10.049 - 10.000 ) 
    Source Clock Delay      (SCD):    0.043ns
    Clock Pessimism Removal (CPR):    0.000ns
  Clock Uncertainty:      0.035ns  ((TSJ^2 + TIJ^2)^1/2 + DJ) / 2 + PE
    Total System Jitter     (TSJ):    0.071ns
    Total Input Jitter      (TIJ):    0.000ns
    Discrete Jitter          (DJ):    0.000ns
    Phase Error              (PE):    0.000ns

    Location             Delay type                Incr(ns)  Path(ns)    Netlist Resource(s)
  -------------------------------------------------------------------    -------------------
                         (clock ap_clk rise edge)     0.000     0.000 r  
                                                      0.000     0.000 r  ap_clk (IN)
                         net (fo=427, unset)          0.043     0.043    ap_clk
    SLICE_X34Y101        FDRE                                         r  a_7_reg_575_reg[3]/C
  -------------------------------------------------------------------    -------------------
    SLICE_X34Y101        FDRE (Prop_DFF_SLICEM_C_Q)
                                                      0.116     0.159 r  a_7_reg_575_reg[3]/Q
                         net (fo=5, routed)           0.310     0.469    control_s_axi_U/int_block_out/b_7_reg_631_reg[15][3]
    SLICE_X34Y97         LUT2 (Prop_D6LUT_SLICEM_I0_O)
                                                      0.151     0.620 r  control_s_axi_U/int_block_out/b_7_reg_631[7]_i_6/O
                         net (fo=1, routed)           0.032     0.652    control_s_axi_U/int_block_out/b_7_reg_631[7]_i_6_n_0
    SLICE_X34Y97         CARRY8 (Prop_CARRY8_SLICEM_S[3]_CO[7])
                                                      0.232     0.884 r  control_s_axi_U/int_block_out/b_7_reg_631_reg[7]_i_1/CO[7]
                         net (fo=1, routed)           0.030     0.914    control_s_axi_U/int_block_out/b_7_reg_631_reg[7]_i_1_n_0
    SLICE_X34Y98         CARRY8 (Prop_CARRY8_SLICEM_CI_O[2])
                                                      0.101     1.015 r  control_s_axi_U/int_block_out/b_7_reg_631_reg[15]_i_1/O[2]
                         net (fo=4, routed)           0.362     1.376    control_s_axi_U/int_block_out/a_7_reg_575_reg[14]_0[2]
    SLICE_X34Y94         LUT3 (Prop_A6LUT_SLICEM_I2_O)
                                                      0.226     1.602 r  control_s_axi_U/int_block_out/mem_reg_i_90/O
                         net (fo=1, routed)           0.203     1.805    control_s_axi_U/int_block_out/mem_reg_i_90_n_0
    SLICE_X34Y96         CARRY8 (Prop_CARRY8_SLICEM_DI[2]_O[6])
                                                      0.256     2.061 r  control_s_axi_U/int_block_out/mem_reg_i_77/O[6]
                         net (fo=3, routed)           0.265     2.326    control_s_axi_U/int_block_out/a_7_reg_575_reg[14][13]
    SLICE_X30Y96         LUT5 (Prop_E6LUT_SLICEL_I2_O)
                                                      0.057     2.383 r  control_s_axi_U/int_block_out/mem_reg_i_66/O
                         net (fo=1, routed)           0.303     2.686    control_s_axi_U/int_block_out/mem_reg_i_66_n_0
    SLICE_X30Y96         LUT6 (Prop_H6LUT_SLICEL_I5_O)
                                                      0.137     2.823 r  control_s_axi_U/int_block_out/mem_reg_i_22/O
                         net (fo=1, routed)           0.398     3.221    control_s_axi_U/int_block_out/p_1_in[30]
    RAMB18_X0Y36         RAMB18E2                                     r  control_s_axi_U/int_block_out/mem_reg/DINBDIN[14]
  -------------------------------------------------------------------    -------------------

                         (clock ap_clk rise edge)    10.000    10.000 r  
                                                      0.000    10.000 r  ap_clk (IN)
                         net (fo=427, unset)          0.049    10.049    control_s_axi_U/int_block_out/ap_clk
    RAMB18_X0Y36         RAMB18E2                                     r  control_s_axi_U/int_block_out/mem_reg/CLKBWRCLK
                         clock pessimism              0.000    10.049    
                         clock uncertainty           -0.035    10.014    
    RAMB18_X0Y36         RAMB18E2 (Setup_RAMB18E2_L_RAMB180_CLKBWRCLK_DINBDIN[14])
                                                     -0.362     9.652    control_s_axi_U/int_block_out/mem_reg
  -------------------------------------------------------------------
                         required time                          9.652    
                         arrival time                          -3.221    
  -------------------------------------------------------------------
                         slack                                  6.430    





Pulse Width Checks
--------------------------------------------------------------------------------------
Clock Name:         ap_clk
Waveform(ns):       { 0.000 5.000 }
Period(ns):         10.000
Sources:            { ap_clk }

Check Type        Corner  Lib Pin             Reference Pin  Required(ns)  Actual(ns)  Slack(ns)  Location       Pin
Min Period        n/a     RAMB36E2/CLKARDCLK  n/a            1.960         10.000      8.040      RAMB36_X0Y17   control_s_axi_U/int_block_in/mem_reg/CLKARDCLK
Min Period        n/a     RAMB18E2/CLKARDCLK  n/a            1.960         10.000      8.040      RAMB18_X0Y36   control_s_axi_U/int_block_out/mem_reg/CLKARDCLK
Min Period        n/a     RAMB18E2/CLKBWRCLK  n/a            1.960         10.000      8.040      RAMB18_X0Y36   control_s_axi_U/int_block_out/mem_reg/CLKBWRCLK
Min Period        n/a     RAMB36E2/CLKBWRCLK  n/a            1.709         10.000      8.291      RAMB36_X0Y17   control_s_axi_U/int_block_in/mem_reg/CLKBWRCLK
Min Period        n/a     FDRE/C              n/a            0.550         10.000      9.450      SLICE_X34Y94   a_10_reg_587_reg[0]/C
Min Period        n/a     FDRE/C              n/a            0.550         10.000      9.450      SLICE_X30Y102  a_10_reg_587_reg[10]/C
Min Period        n/a     FDRE/C              n/a            0.550         10.000      9.450      SLICE_X30Y102  a_10_reg_587_reg[11]/C
Min Period        n/a     FDRE/C              n/a            0.550         10.000      9.450      SLICE_X30Y102  a_10_reg_587_reg[12]/C
Min Period        n/a     FDRE/C              n/a            0.550         10.000      9.450      SLICE_X30Y102  a_10_reg_587_reg[13]/C
Min Period        n/a     FDRE/C              n/a            0.550         10.000      9.450      SLICE_X30Y102  a_10_reg_587_reg[14]/C
Min Period        n/a     FDRE/C              n/a            0.550         10.000      9.450      SLICE_X31Y96   a_10_reg_587_reg[15]/C
Min Period        n/a     FDRE/C              n/a            0.550         10.000      9.450      SLICE_X34Y94   a_10_reg_587_reg[1]/C
Min Period        n/a     FDRE/C              n/a            0.550         10.000      9.450      SLICE_X34Y94   a_10_reg_587_reg[2]/C
Min Period        n/a     FDRE/C              n/a            0.550         10.000      9.450      SLICE_X34Y94   a_10_reg_587_reg[3]/C
Min Period        n/a     FDRE/C              n/a            0.550         10.000      9.450      SLICE_X34Y94   a_10_reg_587_reg[4]/C
Min Period        n/a     FDRE/C              n/a            0.550         10.000      9.450      SLICE_X34Y94   a_10_reg_587_reg[5]/C
Min Period        n/a     FDRE/C              n/a            0.550         10.000      9.450      SLICE_X34Y94   a_10_reg_587_reg[6]/C
Min Period        n/a     FDRE/C              n/a            0.550         10.000      9.450      SLICE_X34Y94   a_10_reg_587_reg[7]/C
Min Period        n/a     FDRE/C              n/a            0.550         10.000      9.450      SLICE_X30Y102  a_10_reg_587_reg[8]/C
Min Period        n/a     FDRE/C              n/a            0.550         10.000      9.450      SLICE_X30Y102  a_10_reg_587_reg[9]/C
Low Pulse Width   Slow    RAMB36E2/CLKARDCLK  n/a            0.577         5.000       4.423      RAMB36_X0Y17   control_s_axi_U/int_block_in/mem_reg/CLKARDCLK
Low Pulse Width   Fast    RAMB36E2/CLKARDCLK  n/a            0.577         5.000       4.423      RAMB36_X0Y17   control_s_axi_U/int_block_in/mem_reg/CLKARDCLK
Low Pulse Width   Slow    RAMB36E2/CLKBWRCLK  n/a            0.577         5.000       4.423      RAMB36_X0Y17   control_s_axi_U/int_block_in/mem_reg/CLKBWRCLK
Low Pulse Width   Fast    RAMB36E2/CLKBWRCLK  n/a            0.577         5.000       4.423      RAMB36_X0Y17   control_s_axi_U/int_block_in/mem_reg/CLKBWRCLK
Low Pulse Width   Slow    RAMB18E2/CLKARDCLK  n/a            0.577         5.000       4.423      RAMB18_X0Y36   control_s_axi_U/int_block_out/mem_reg/CLKARDCLK
Low Pulse Width   Fast    RAMB18E2/CLKARDCLK  n/a            0.577         5.000       4.423      RAMB18_X0Y36   control_s_axi_U/int_block_out/mem_reg/CLKARDCLK
Low Pulse Width   Slow    RAMB18E2/CLKBWRCLK  n/a            0.577         5.000       4.423      RAMB18_X0Y36   control_s_axi_U/int_block_out/mem_reg/CLKBWRCLK
Low Pulse Width   Fast    RAMB18E2/CLKBWRCLK  n/a            0.577         5.000       4.423      RAMB18_X0Y36   control_s_axi_U/int_block_out/mem_reg/CLKBWRCLK
Low Pulse Width   Slow    FDRE/C              n/a            0.275         5.000       4.725      SLICE_X34Y94   a_10_reg_587_reg[0]/C
Low Pulse Width   Fast    FDRE/C              n/a            0.275         5.000       4.725      SLICE_X34Y94   a_10_reg_587_reg[0]/C
Low Pulse Width   Slow    FDRE/C              n/a            0.275         5.000       4.725      SLICE_X30Y102  a_10_reg_587_reg[10]/C
Low Pulse Width   Fast    FDRE/C              n/a            0.275         5.000       4.725      SLICE_X30Y102  a_10_reg_587_reg[10]/C
Low Pulse Width   Slow    FDRE/C              n/a            0.275         5.000       4.725      SLICE_X30Y102  a_10_reg_587_reg[11]/C
Low Pulse Width   Fast    FDRE/C              n/a            0.275         5.000       4.725      SLICE_X30Y102  a_10_reg_587_reg[11]/C
Low Pulse Width   Slow    FDRE/C              n/a            0.275         5.000       4.725      SLICE_X30Y102  a_10_reg_587_reg[12]/C
Low Pulse Width   Fast    FDRE/C              n/a            0.275         5.000       4.725      SLICE_X30Y102  a_10_reg_587_reg[12]/C
Low Pulse Width   Slow    FDRE/C              n/a            0.275         5.000       4.725      SLICE_X30Y102  a_10_reg_587_reg[13]/C
Low Pulse Width   Fast    FDRE/C              n/a            0.275         5.000       4.725      SLICE_X30Y102  a_10_reg_587_reg[13]/C
Low Pulse Width   Slow    FDRE/C              n/a            0.275         5.000       4.725      SLICE_X30Y102  a_10_reg_587_reg[14]/C
Low Pulse Width   Fast    FDRE/C              n/a            0.275         5.000       4.725      SLICE_X30Y102  a_10_reg_587_reg[14]/C
High Pulse Width  Slow    RAMB36E2/CLKARDCLK  n/a            0.577         5.000       4.423      RAMB36_X0Y17   control_s_axi_U/int_block_in/mem_reg/CLKARDCLK
High Pulse Width  Fast    RAMB36E2/CLKARDCLK  n/a            0.577         5.000       4.423      RAMB36_X0Y17   control_s_axi_U/int_block_in/mem_reg/CLKARDCLK
High Pulse Width  Slow    RAMB36E2/CLKBWRCLK  n/a            0.577         5.000       4.423      RAMB36_X0Y17   control_s_axi_U/int_block_in/mem_reg/CLKBWRCLK
High Pulse Width  Fast    RAMB36E2/CLKBWRCLK  n/a            0.577         5.000       4.423      RAMB36_X0Y17   control_s_axi_U/int_block_in/mem_reg/CLKBWRCLK
High Pulse Width  Slow    RAMB18E2/CLKARDCLK  n/a            0.577         5.000       4.423      RAMB18_X0Y36   control_s_axi_U/int_block_out/mem_reg/CLKARDCLK
High Pulse Width  Fast    RAMB18E2/CLKARDCLK  n/a            0.577         5.000       4.423      RAMB18_X0Y36   control_s_axi_U/int_block_out/mem_reg/CLKARDCLK
High Pulse Width  Slow    RAMB18E2/CLKBWRCLK  n/a            0.577         5.000       4.423      RAMB18_X0Y36   control_s_axi_U/int_block_out/mem_reg/CLKBWRCLK
High Pulse Width  Fast    RAMB18E2/CLKBWRCLK  n/a            0.577         5.000       4.423      RAMB18_X0Y36   control_s_axi_U/int_block_out/mem_reg/CLKBWRCLK
High Pulse Width  Slow    FDRE/C              n/a            0.275         5.000       4.725      SLICE_X34Y94   a_10_reg_587_reg[0]/C
High Pulse Width  Fast    FDRE/C              n/a            0.275         5.000       4.725      SLICE_X34Y94   a_10_reg_587_reg[0]/C
High Pulse Width  Slow    FDRE/C              n/a            0.275         5.000       4.725      SLICE_X30Y102  a_10_reg_587_reg[10]/C
High Pulse Width  Fast    FDRE/C              n/a            0.275         5.000       4.725      SLICE_X30Y102  a_10_reg_587_reg[10]/C
High Pulse Width  Slow    FDRE/C              n/a            0.275         5.000       4.725      SLICE_X30Y102  a_10_reg_587_reg[11]/C
High Pulse Width  Fast    FDRE/C              n/a            0.275         5.000       4.725      SLICE_X30Y102  a_10_reg_587_reg[11]/C
High Pulse Width  Slow    FDRE/C              n/a            0.275         5.000       4.725      SLICE_X30Y102  a_10_reg_587_reg[12]/C
High Pulse Width  Fast    FDRE/C              n/a            0.275         5.000       4.725      SLICE_X30Y102  a_10_reg_587_reg[12]/C
High Pulse Width  Slow    FDRE/C              n/a            0.275         5.000       4.725      SLICE_X30Y102  a_10_reg_587_reg[13]/C
High Pulse Width  Fast    FDRE/C              n/a            0.275         5.000       4.725      SLICE_X30Y102  a_10_reg_587_reg[13]/C
High Pulse Width  Slow    FDRE/C              n/a            0.275         5.000       4.725      SLICE_X30Y102  a_10_reg_587_reg[14]/C
High Pulse Width  Fast    FDRE/C              n/a            0.275         5.000       4.725      SLICE_X30Y102  a_10_reg_587_reg[14]/C



