Copyright 1986-2022 Xilinx, Inc. All Rights Reserved. Copyright 2022-2024 Advanced Micro Devices, Inc. All Rights Reserved.
------------------------------------------------------------------------------------------------------------------------------------------------------------------------------------------------------------------------------------------------------
| Tool Version      : Vivado v.2024.1 (lin64) Build 5076996 Wed May 22 18:36:09 MDT 2024
| Date              : Thu Aug  6 02:01:19 2026
| Host              : linux running 64-bit Ubuntu 22.04.5 LTS
| Command           : report_timing_summary -delay_type max -max_paths 20 -file ${PROJECT_ROOT}/ProyectoFinal/HLS/reports/baseline_forward/timing_sweep/3p5ns/timing_post_route.rpt
| Design            : wht_multiplier_forward
| Device            : xck26-sfvc784
| Speed File        : -2LV  PRODUCTION 1.30 05-15-2022
| Design State      : Routed
| Temperature Grade : C
------------------------------------------------------------------------------------------------------------------------------------------------------------------------------------------------------------------------------------------------------

Timing Summary Report

------------------------------------------------------------------------------------------------
| Timer Settings
| --------------
------------------------------------------------------------------------------------------------

  Enable Multi Corner Analysis               :  Yes
  Enable Pessimism Removal                   :  Yes
  Pessimism Removal Resolution               :  Nearest Common Node
  Enable Input Delay Default Clock           :  No
  Enable Preset / Clear Arcs                 :  No
  Disable Flight Delays                      :  No
  Ignore I/O Paths                           :  No
  Timing Early Launch at Borrowing Latches   :  No
  Borrow Time for Max Delay Exceptions       :  Yes
  Merge Timing Exceptions                    :  Yes
  Inter-SLR Compensation                     :  Conservative

  Corner  Analyze    Analyze    
  Name    Max Paths  Min Paths  
  ------  ---------  ---------  
  Slow    Yes        Yes        
  Fast    Yes        Yes        


------------------------------------------------------------------------------------------------
| Report Methodology
| ------------------
------------------------------------------------------------------------------------------------

No report available as report_methodology has not been run prior. Run report_methodology on the current design for the summary of methodology violations.



check_timing report

Table of Contents
-----------------
1. checking no_clock (0)
2. checking constant_clock (0)
3. checking pulse_width_clock (0)
4. checking unconstrained_internal_endpoints (0)
5. checking no_input_delay (52)
6. checking no_output_delay (38)
7. checking multiple_clock (0)
8. checking generated_clocks (0)
9. checking loops (0)
10. checking partial_input_delay (0)
11. checking partial_output_delay (0)
12. checking latch_loops (0)

1. checking no_clock (0)
------------------------
 There are 0 register/latch pins with no clock.


2. checking constant_clock (0)
------------------------------
 There are 0 register/latch pins with constant_clock.


3. checking pulse_width_clock (0)
---------------------------------
 There are 0 register/latch pins which need pulse_width check


4. checking unconstrained_internal_endpoints (0)
------------------------------------------------
 There are 0 pins that are not constrained for maximum delay.

 There are 0 pins that are not constrained for maximum delay due to constant clock.


5. checking no_input_delay (52)
-------------------------------
 There are 52 input ports with no input delay specified. (HIGH)

 There are 0 input ports with no input delay but user has a false path constraint.


6. checking no_output_delay (38)
--------------------------------
 There are 38 ports with no output delay specified. (HIGH)

 There are 0 ports with no output delay but user has a false path constraint

 There are 0 ports with no output delay but with a timing clock defined on it or propagating through it


7. checking multiple_clock (0)
------------------------------
 There are 0 register/latch pins with multiple clocks.


8. checking generated_clocks (0)
--------------------------------
 There are 0 generated clocks that are not connected to a clock source.


9. checking loops (0)
---------------------
 There are 0 combinational loops in the design.


10. checking partial_input_delay (0)
------------------------------------
 There are 0 input ports with partial input delay specified.


11. checking partial_output_delay (0)
-------------------------------------
 There are 0 ports with partial output delay specified.


12. checking latch_loops (0)
----------------------------
 There are 0 combinational latch loops in the design through latch input



------------------------------------------------------------------------------------------------
| Design Timing Summary
| ---------------------
------------------------------------------------------------------------------------------------

    WNS(ns)      TNS(ns)  TNS Failing Endpoints  TNS Total Endpoints     WPWS(ns)     TPWS(ns)  TPWS Failing Endpoints  TPWS Total Endpoints  
    -------      -------  ---------------------  -------------------     --------     --------  ----------------------  --------------------  
      0.089        0.000                      0                 1872        1.173        0.000                       0                   433  


All user specified timing constraints are met.


------------------------------------------------------------------------------------------------
| Clock Summary
| -------------
------------------------------------------------------------------------------------------------

Clock   Waveform(ns)         Period(ns)      Frequency(MHz)
-----   ------------         ----------      --------------
ap_clk  {0.000 1.750}        3.500           285.714         


------------------------------------------------------------------------------------------------
| Intra Clock Table
| -----------------
------------------------------------------------------------------------------------------------

Clock             WNS(ns)      TNS(ns)  TNS Failing Endpoints  TNS Total Endpoints     WPWS(ns)     TPWS(ns)  TPWS Failing Endpoints  TPWS Total Endpoints  
-----             -------      -------  ---------------------  -------------------     --------     --------  ----------------------  --------------------  
ap_clk              0.089        0.000                      0                 1872        1.173        0.000                       0                   433  


------------------------------------------------------------------------------------------------
| Inter Clock Table
| -----------------
------------------------------------------------------------------------------------------------

From Clock    To Clock          WNS(ns)      TNS(ns)  TNS Failing Endpoints  TNS Total Endpoints  
----------    --------          -------      -------  ---------------------  -------------------  


------------------------------------------------------------------------------------------------
| Other Path Groups Table
| -----------------------
------------------------------------------------------------------------------------------------

Path Group    From Clock    To Clock          WNS(ns)      TNS(ns)  TNS Failing Endpoints  TNS Total Endpoints  
----------    ----------    --------          -------      -------  ---------------------  -------------------  


------------------------------------------------------------------------------------------------
| Timing Details
| --------------
------------------------------------------------------------------------------------------------


---------------------------------------------------------------------------------------------------
From Clock:  ap_clk
  To Clock:  ap_clk

Setup :            0  Failing Endpoints,  Worst Slack        0.089ns,  Total Violation        0.000ns
Hold  :           NA  Failing Endpoints,  Worst Slack           NA  ,  Total Violation           NA
PW    :            0  Failing Endpoints,  Worst Slack        1.173ns,  Total Violation        0.000ns
---------------------------------------------------------------------------------------------------


Max Delay Paths
--------------------------------------------------------------------------------------
Slack (MET) :             0.089ns  (required time - arrival time)
  Source:                 control_s_axi_U/int_input_r/mem_reg/CLKBWRCLK
                            (rising edge-triggered cell RAMB36E2 clocked by ap_clk  {rise@0.000ns fall@1.750ns period=3.500ns})
  Destination:            trunc_ln_reg_615_reg/DSP_A_B_DATA_INST/A[23]
                            (rising edge-triggered cell DSP_A_B_DATA clocked by ap_clk  {rise@0.000ns fall@1.750ns period=3.500ns})
  Path Group:             ap_clk
  Path Type:              Setup (Max at Slow Process Corner)
  Requirement:            3.500ns  (ap_clk rise@3.500ns - ap_clk rise@0.000ns)
  Data Path Delay:        2.784ns  (logic 1.965ns (70.594%)  route 0.819ns (29.406%))
  Logic Levels:           3  (CARRY8=2 LUT4=1)
  Clock Path Skew:        -0.051ns (DCD - SCD + CPR)
    Destination Clock Delay (DCD):    0.055ns = ( 3.555 - 3.500 ) 
    Source Clock Delay      (SCD):    0.106ns
    Clock Pessimism Removal (CPR):    0.000ns
  Clock Uncertainty:      0.035ns  ((TSJ^2 + TIJ^2)^1/2 + DJ) / 2 + PE
    Total System Jitter     (TSJ):    0.071ns
    Total Input Jitter      (TIJ):    0.000ns
    Discrete Jitter          (DJ):    0.000ns
    Phase Error              (PE):    0.000ns

    Location             Delay type                Incr(ns)  Path(ns)    Netlist Resource(s)
  -------------------------------------------------------------------    -------------------
                         (clock ap_clk rise edge)     0.000     0.000 r  
                                                      0.000     0.000 r  ap_clk (IN)
                         net (fo=478, unset)          0.106     0.106    control_s_axi_U/int_input_r/ap_clk
    RAMB36_X0Y3          RAMB36E2                                     r  control_s_axi_U/int_input_r/mem_reg/CLKBWRCLK
  -------------------------------------------------------------------    -------------------
    RAMB36_X0Y3          RAMB36E2 (Prop_RAMB36E2_RAMB36_CLKBWRCLK_DOUTBDOUT[1])
                                                      1.331     1.437 r  control_s_axi_U/int_input_r/mem_reg/DOUTBDOUT[1]
                         net (fo=3, routed)           0.302     1.739    control_s_axi_U/int_input_r/int_input_r_q0[1]
    SLICE_X28Y16         LUT4 (Prop_B6LUT_SLICEM_I1_O)
                                                      0.188     1.927 r  control_s_axi_U/int_input_r/trunc_ln15_2_reg_676_reg_i_18/O
                         net (fo=1, routed)           0.022     1.949    control_s_axi_U/int_input_r/trunc_ln15_2_reg_676_reg_i_18_n_0
    SLICE_X28Y16         CARRY8 (Prop_CARRY8_SLICEM_S[1]_CO[7])
                                                      0.267     2.216 r  control_s_axi_U/int_input_r/trunc_ln15_2_reg_676_reg_i_3/CO[7]
                         net (fo=1, routed)           0.030     2.246    control_s_axi_U/int_input_r/trunc_ln15_2_reg_676_reg_i_3_n_0
    SLICE_X28Y17         CARRY8 (Prop_CARRY8_SLICEM_CI_O[7])
                                                      0.179     2.425 r  control_s_axi_U/int_input_r/trunc_ln15_2_reg_676_reg_i_2/O[7]
                         net (fo=31, routed)          0.464     2.890    trunc_ln_reg_615_reg/A[23]
    DSP48E2_X7Y4         DSP_A_B_DATA                                 r  trunc_ln_reg_615_reg/DSP_A_B_DATA_INST/A[23]
  -------------------------------------------------------------------    -------------------

                         (clock ap_clk rise edge)     3.500     3.500 r  
                                                      0.000     3.500 r  ap_clk (IN)
                         net (fo=478, unset)          0.055     3.555    trunc_ln_reg_615_reg/CLK
    DSP48E2_X7Y4         DSP_A_B_DATA                                 r  trunc_ln_reg_615_reg/DSP_A_B_DATA_INST/CLK
                         clock pessimism              0.000     3.555    
                         clock uncertainty           -0.035     3.520    
    DSP48E2_X7Y4         DSP_A_B_DATA (Setup_DSP_A_B_DATA_DSP48E2_CLK_A[23])
                                                     -0.541     2.979    trunc_ln_reg_615_reg/DSP_A_B_DATA_INST
  -------------------------------------------------------------------
                         required time                          2.979    
                         arrival time                          -2.890    
  -------------------------------------------------------------------
                         slack                                  0.089    

Slack (MET) :             0.121ns  (required time - arrival time)
  Source:                 control_s_axi_U/int_input_r/mem_reg/CLKBWRCLK
                            (rising edge-triggered cell RAMB36E2 clocked by ap_clk  {rise@0.000ns fall@1.750ns period=3.500ns})
  Destination:            trunc_ln_reg_615_reg/DSP_A_B_DATA_INST/A[28]
                            (rising edge-triggered cell DSP_A_B_DATA clocked by ap_clk  {rise@0.000ns fall@1.750ns period=3.500ns})
  Path Group:             ap_clk
  Path Type:              Setup (Max at Slow Process Corner)
  Requirement:            3.500ns  (ap_clk rise@3.500ns - ap_clk rise@0.000ns)
  Data Path Delay:        2.735ns  (logic 1.965ns (71.842%)  route 0.770ns (28.158%))
  Logic Levels:           3  (CARRY8=2 LUT4=1)
  Clock Path Skew:        -0.051ns (DCD - SCD + CPR)
    Destination Clock Delay (DCD):    0.055ns = ( 3.555 - 3.500 ) 
    Source Clock Delay      (SCD):    0.106ns
    Clock Pessimism Removal (CPR):    0.000ns
  Clock Uncertainty:      0.035ns  ((TSJ^2 + TIJ^2)^1/2 + DJ) / 2 + PE
    Total System Jitter     (TSJ):    0.071ns
    Total Input Jitter      (TIJ):    0.000ns
    Discrete Jitter          (DJ):    0.000ns
    Phase Error              (PE):    0.000ns

    Location             Delay type                Incr(ns)  Path(ns)    Netlist Resource(s)
  -------------------------------------------------------------------    -------------------
                         (clock ap_clk rise edge)     0.000     0.000 r  
                                                      0.000     0.000 r  ap_clk (IN)
                         net (fo=478, unset)          0.106     0.106    control_s_axi_U/int_input_r/ap_clk
    RAMB36_X0Y3          RAMB36E2                                     r  control_s_axi_U/int_input_r/mem_reg/CLKBWRCLK
  -------------------------------------------------------------------    -------------------
    RAMB36_X0Y3          RAMB36E2 (Prop_RAMB36E2_RAMB36_CLKBWRCLK_DOUTBDOUT[1])
                                                      1.331     1.437 r  control_s_axi_U/int_input_r/mem_reg/DOUTBDOUT[1]
                         net (fo=3, routed)           0.302     1.739    control_s_axi_U/int_input_r/int_input_r_q0[1]
    SLICE_X28Y16         LUT4 (Prop_B6LUT_SLICEM_I1_O)
                                                      0.188     1.927 r  control_s_axi_U/int_input_r/trunc_ln15_2_reg_676_reg_i_18/O
                         net (fo=1, routed)           0.022     1.949    control_s_axi_U/int_input_r/trunc_ln15_2_reg_676_reg_i_18_n_0
    SLICE_X28Y16         CARRY8 (Prop_CARRY8_SLICEM_S[1]_CO[7])
                                                      0.267     2.216 r  control_s_axi_U/int_input_r/trunc_ln15_2_reg_676_reg_i_3/CO[7]
                         net (fo=1, routed)           0.030     2.246    control_s_axi_U/int_input_r/trunc_ln15_2_reg_676_reg_i_3_n_0
    SLICE_X28Y17         CARRY8 (Prop_CARRY8_SLICEM_CI_O[7])
                                                      0.179     2.425 r  control_s_axi_U/int_input_r/trunc_ln15_2_reg_676_reg_i_2/O[7]
                         net (fo=31, routed)          0.416     2.841    trunc_ln_reg_615_reg/A[28]
    DSP48E2_X7Y4         DSP_A_B_DATA                                 r  trunc_ln_reg_615_reg/DSP_A_B_DATA_INST/A[28]
  -------------------------------------------------------------------    -------------------

                         (clock ap_clk rise edge)     3.500     3.500 r  
                                                      0.000     3.500 r  ap_clk (IN)
                         net (fo=478, unset)          0.055     3.555    trunc_ln_reg_615_reg/CLK
    DSP48E2_X7Y4         DSP_A_B_DATA                                 r  trunc_ln_reg_615_reg/DSP_A_B_DATA_INST/CLK
                         clock pessimism              0.000     3.555    
                         clock uncertainty           -0.035     3.520    
    DSP48E2_X7Y4         DSP_A_B_DATA (Setup_DSP_A_B_DATA_DSP48E2_CLK_A[28])
                                                     -0.557     2.963    trunc_ln_reg_615_reg/DSP_A_B_DATA_INST
  -------------------------------------------------------------------
                         required time                          2.963    
                         arrival time                          -2.841    
  -------------------------------------------------------------------
                         slack                                  0.121    

Slack (MET) :             0.135ns  (required time - arrival time)
  Source:                 control_s_axi_U/int_input_r/mem_reg/CLKBWRCLK
                            (rising edge-triggered cell RAMB36E2 clocked by ap_clk  {rise@0.000ns fall@1.750ns period=3.500ns})
  Destination:            trunc_ln_reg_615_reg/DSP_A_B_DATA_INST/A[21]
                            (rising edge-triggered cell DSP_A_B_DATA clocked by ap_clk  {rise@0.000ns fall@1.750ns period=3.500ns})
  Path Group:             ap_clk
  Path Type:              Setup (Max at Slow Process Corner)
  Requirement:            3.500ns  (ap_clk rise@3.500ns - ap_clk rise@0.000ns)
  Data Path Delay:        2.771ns  (logic 1.965ns (70.920%)  route 0.806ns (29.080%))
  Logic Levels:           3  (CARRY8=2 LUT4=1)
  Clock Path Skew:        -0.051ns (DCD - SCD + CPR)
    Destination Clock Delay (DCD):    0.055ns = ( 3.555 - 3.500 ) 
    Source Clock Delay      (SCD):    0.106ns
    Clock Pessimism Removal (CPR):    0.000ns
  Clock Uncertainty:      0.035ns  ((TSJ^2 + TIJ^2)^1/2 + DJ) / 2 + PE
    Total System Jitter     (TSJ):    0.071ns
    Total Input Jitter      (TIJ):    0.000ns
    Discrete Jitter          (DJ):    0.000ns
    Phase Error              (PE):    0.000ns

    Location             Delay type                Incr(ns)  Path(ns)    Netlist Resource(s)
  -------------------------------------------------------------------    -------------------
                         (clock ap_clk rise edge)     0.000     0.000 r  
                                                      0.000     0.000 r  ap_clk (IN)
                         net (fo=478, unset)          0.106     0.106    control_s_axi_U/int_input_r/ap_clk
    RAMB36_X0Y3          RAMB36E2                                     r  control_s_axi_U/int_input_r/mem_reg/CLKBWRCLK
  -------------------------------------------------------------------    -------------------
    RAMB36_X0Y3          RAMB36E2 (Prop_RAMB36E2_RAMB36_CLKBWRCLK_DOUTBDOUT[1])
                                                      1.331     1.437 r  control_s_axi_U/int_input_r/mem_reg/DOUTBDOUT[1]
                         net (fo=3, routed)           0.302     1.739    control_s_axi_U/int_input_r/int_input_r_q0[1]
    SLICE_X28Y16         LUT4 (Prop_B6LUT_SLICEM_I1_O)
                                                      0.188     1.927 r  control_s_axi_U/int_input_r/trunc_ln15_2_reg_676_reg_i_18/O
                         net (fo=1, routed)           0.022     1.949    control_s_axi_U/int_input_r/trunc_ln15_2_reg_676_reg_i_18_n_0
    SLICE_X28Y16         CARRY8 (Prop_CARRY8_SLICEM_S[1]_CO[7])
                                                      0.267     2.216 r  control_s_axi_U/int_input_r/trunc_ln15_2_reg_676_reg_i_3/CO[7]
                         net (fo=1, routed)           0.030     2.246    control_s_axi_U/int_input_r/trunc_ln15_2_reg_676_reg_i_3_n_0
    SLICE_X28Y17         CARRY8 (Prop_CARRY8_SLICEM_CI_O[7])
                                                      0.179     2.425 r  control_s_axi_U/int_input_r/trunc_ln15_2_reg_676_reg_i_2/O[7]
                         net (fo=31, routed)          0.451     2.877    trunc_ln_reg_615_reg/A[21]
    DSP48E2_X7Y4         DSP_A_B_DATA                                 r  trunc_ln_reg_615_reg/DSP_A_B_DATA_INST/A[21]
  -------------------------------------------------------------------    -------------------

                         (clock ap_clk rise edge)     3.500     3.500 r  
                                                      0.000     3.500 r  ap_clk (IN)
                         net (fo=478, unset)          0.055     3.555    trunc_ln_reg_615_reg/CLK
    DSP48E2_X7Y4         DSP_A_B_DATA                                 r  trunc_ln_reg_615_reg/DSP_A_B_DATA_INST/CLK
                         clock pessimism              0.000     3.555    
                         clock uncertainty           -0.035     3.520    
    DSP48E2_X7Y4         DSP_A_B_DATA (Setup_DSP_A_B_DATA_DSP48E2_CLK_A[21])
                                                     -0.508     3.012    trunc_ln_reg_615_reg/DSP_A_B_DATA_INST
  -------------------------------------------------------------------
                         required time                          3.012    
                         arrival time                          -2.877    
  -------------------------------------------------------------------
                         slack                                  0.135    

Slack (MET) :             0.137ns  (required time - arrival time)
  Source:                 control_s_axi_U/int_input_r/mem_reg/CLKBWRCLK
                            (rising edge-triggered cell RAMB36E2 clocked by ap_clk  {rise@0.000ns fall@1.750ns period=3.500ns})
  Destination:            trunc_ln15_2_reg_676_reg/DSP_A_B_DATA_INST/A[28]
                            (rising edge-triggered cell DSP_A_B_DATA clocked by ap_clk  {rise@0.000ns fall@1.750ns period=3.500ns})
  Path Group:             ap_clk
  Path Type:              Setup (Max at Slow Process Corner)
  Requirement:            3.500ns  (ap_clk rise@3.500ns - ap_clk rise@0.000ns)
  Data Path Delay:        2.720ns  (logic 1.965ns (72.247%)  route 0.755ns (27.753%))
  Logic Levels:           3  (CARRY8=2 LUT4=1)
  Clock Path Skew:        -0.051ns (DCD - SCD + CPR)
    Destination Clock Delay (DCD):    0.055ns = ( 3.555 - 3.500 ) 
    Source Clock Delay      (SCD):    0.106ns
    Clock Pessimism Removal (CPR):    0.000ns
  Clock Uncertainty:      0.035ns  ((TSJ^2 + TIJ^2)^1/2 + DJ) / 2 + PE
    Total System Jitter     (TSJ):    0.071ns
    Total Input Jitter      (TIJ):    0.000ns
    Discrete Jitter          (DJ):    0.000ns
    Phase Error              (PE):    0.000ns

    Location             Delay type                Incr(ns)  Path(ns)    Netlist Resource(s)
  -------------------------------------------------------------------    -------------------
                         (clock ap_clk rise edge)     0.000     0.000 r  
                                                      0.000     0.000 r  ap_clk (IN)
                         net (fo=478, unset)          0.106     0.106    control_s_axi_U/int_input_r/ap_clk
    RAMB36_X0Y3          RAMB36E2                                     r  control_s_axi_U/int_input_r/mem_reg/CLKBWRCLK
  -------------------------------------------------------------------    -------------------
    RAMB36_X0Y3          RAMB36E2 (Prop_RAMB36E2_RAMB36_CLKBWRCLK_DOUTBDOUT[1])
                                                      1.331     1.437 r  control_s_axi_U/int_input_r/mem_reg/DOUTBDOUT[1]
                         net (fo=3, routed)           0.302     1.739    control_s_axi_U/int_input_r/int_input_r_q0[1]
    SLICE_X28Y16         LUT4 (Prop_B6LUT_SLICEM_I1_O)
                                                      0.188     1.927 r  control_s_axi_U/int_input_r/trunc_ln15_2_reg_676_reg_i_18/O
                         net (fo=1, routed)           0.022     1.949    control_s_axi_U/int_input_r/trunc_ln15_2_reg_676_reg_i_18_n_0
    SLICE_X28Y16         CARRY8 (Prop_CARRY8_SLICEM_S[1]_CO[7])
                                                      0.267     2.216 r  control_s_axi_U/int_input_r/trunc_ln15_2_reg_676_reg_i_3/CO[7]
                         net (fo=1, routed)           0.030     2.246    control_s_axi_U/int_input_r/trunc_ln15_2_reg_676_reg_i_3_n_0
    SLICE_X28Y17         CARRY8 (Prop_CARRY8_SLICEM_CI_O[7])
                                                      0.179     2.425 r  control_s_axi_U/int_input_r/trunc_ln15_2_reg_676_reg_i_2/O[7]
                         net (fo=31, routed)          0.401     2.826    trunc_ln15_2_reg_676_reg/A[28]
    DSP48E2_X7Y7         DSP_A_B_DATA                                 r  trunc_ln15_2_reg_676_reg/DSP_A_B_DATA_INST/A[28]
  -------------------------------------------------------------------    -------------------

                         (clock ap_clk rise edge)     3.500     3.500 r  
                                                      0.000     3.500 r  ap_clk (IN)
                         net (fo=478, unset)          0.055     3.555    trunc_ln15_2_reg_676_reg/CLK
    DSP48E2_X7Y7         DSP_A_B_DATA                                 r  trunc_ln15_2_reg_676_reg/DSP_A_B_DATA_INST/CLK
                         clock pessimism              0.000     3.555    
                         clock uncertainty           -0.035     3.520    
    DSP48E2_X7Y7         DSP_A_B_DATA (Setup_DSP_A_B_DATA_DSP48E2_CLK_A[28])
                                                     -0.557     2.963    trunc_ln15_2_reg_676_reg/DSP_A_B_DATA_INST
  -------------------------------------------------------------------
                         required time                          2.963    
                         arrival time                          -2.826    
  -------------------------------------------------------------------
                         slack                                  0.137    

Slack (MET) :             0.138ns  (required time - arrival time)
  Source:                 control_s_axi_U/int_input_r/mem_reg/CLKBWRCLK
                            (rising edge-triggered cell RAMB36E2 clocked by ap_clk  {rise@0.000ns fall@1.750ns period=3.500ns})
  Destination:            mul_16s_16s_31_1_1_U7/trunc_ln15_9_reg_752_reg_i_10_psdsp_2/D
                            (rising edge-triggered cell FDRE clocked by ap_clk  {rise@0.000ns fall@1.750ns period=3.500ns})
  Path Group:             ap_clk
  Path Type:              Setup (Max at Slow Process Corner)
  Requirement:            3.500ns  (ap_clk rise@3.500ns - ap_clk rise@0.000ns)
  Data Path Delay:        3.296ns  (logic 2.287ns (69.393%)  route 1.009ns (30.607%))
  Logic Levels:           5  (CARRY8=3 LUT2=1 LUT4=1)
  Clock Path Skew:        -0.077ns (DCD - SCD + CPR)
    Destination Clock Delay (DCD):    0.029ns = ( 3.529 - 3.500 ) 
    Source Clock Delay      (SCD):    0.106ns
    Clock Pessimism Removal (CPR):    0.000ns
  Clock Uncertainty:      0.035ns  ((TSJ^2 + TIJ^2)^1/2 + DJ) / 2 + PE
    Total System Jitter     (TSJ):    0.071ns
    Total Input Jitter      (TIJ):    0.000ns
    Discrete Jitter          (DJ):    0.000ns
    Phase Error              (PE):    0.000ns

    Location             Delay type                Incr(ns)  Path(ns)    Netlist Resource(s)
  -------------------------------------------------------------------    -------------------
                         (clock ap_clk rise edge)     0.000     0.000 r  
                                                      0.000     0.000 r  ap_clk (IN)
                         net (fo=478, unset)          0.106     0.106    control_s_axi_U/int_input_r/ap_clk
    RAMB36_X0Y3          RAMB36E2                                     r  control_s_axi_U/int_input_r/mem_reg/CLKBWRCLK
  -------------------------------------------------------------------    -------------------
    RAMB36_X0Y3          RAMB36E2 (Prop_RAMB36E2_RAMB36_CLKBWRCLK_DOUTBDOUT[1])
                                                      1.331     1.437 r  control_s_axi_U/int_input_r/mem_reg/DOUTBDOUT[1]
                         net (fo=3, routed)           0.297     1.734    control_s_axi_U/int_input_r/int_input_r_q0[1]
    SLICE_X28Y18         LUT4 (Prop_B6LUT_SLICEM_I1_O)
                                                      0.152     1.886 r  control_s_axi_U/int_input_r/tmp_product_i_18__0/O
                         net (fo=1, routed)           0.022     1.908    control_s_axi_U/int_input_r/tmp_product_i_18__0_n_0
    SLICE_X28Y18         CARRY8 (Prop_CARRY8_SLICEM_S[1]_CO[7])
                                                      0.267     2.175 r  control_s_axi_U/int_input_r/tmp_product_i_3__0/CO[7]
                         net (fo=1, routed)           0.030     2.205    control_s_axi_U/int_input_r/tmp_product_i_3__0_n_0
    SLICE_X28Y19         CARRY8 (Prop_CARRY8_SLICEM_CI_O[1])
                                                      0.106     2.311 r  control_s_axi_U/int_input_r/tmp_product_i_2/O[1]
                         net (fo=2, routed)           0.311     2.622    control_s_axi_U/int_input_r/A[9]
    SLICE_X28Y15         LUT2 (Prop_B6LUT_SLICEM_I1_O)
                                                      0.082     2.704 r  control_s_axi_U/int_input_r/trunc_ln15_5_reg_648_reg_i_10/O
                         net (fo=1, routed)           0.022     2.726    control_s_axi_U/int_input_r/trunc_ln15_5_reg_648_reg_i_10_n_0
    SLICE_X28Y15         CARRY8 (Prop_CARRY8_SLICEM_S[1]_O[5])
                                                      0.349     3.075 r  control_s_axi_U/int_input_r/trunc_ln15_5_reg_648_reg_i_2/O[5]
                         net (fo=4, routed)           0.327     3.402    mul_16s_16s_31_1_1_U7/DSP_ALU_INST_0[13]
    SLICE_X27Y15         FDRE                                         r  mul_16s_16s_31_1_1_U7/trunc_ln15_9_reg_752_reg_i_10_psdsp_2/D
  -------------------------------------------------------------------    -------------------

                         (clock ap_clk rise edge)     3.500     3.500 r  
                                                      0.000     3.500 r  ap_clk (IN)
                         net (fo=478, unset)          0.029     3.529    mul_16s_16s_31_1_1_U7/ap_clk
    SLICE_X27Y15         FDRE                                         r  mul_16s_16s_31_1_1_U7/trunc_ln15_9_reg_752_reg_i_10_psdsp_2/C
                         clock pessimism              0.000     3.529    
                         clock uncertainty           -0.035     3.494    
    SLICE_X27Y15         FDRE (Setup_FFF2_SLICEL_C_D)
                                                      0.046     3.540    mul_16s_16s_31_1_1_U7/trunc_ln15_9_reg_752_reg_i_10_psdsp_2
  -------------------------------------------------------------------
                         required time                          3.540    
                         arrival time                          -3.402    
  -------------------------------------------------------------------
                         slack                                  0.138    

Slack (MET) :             0.140ns  (required time - arrival time)
  Source:                 control_s_axi_U/int_input_r/mem_reg/CLKBWRCLK
                            (rising edge-triggered cell RAMB36E2 clocked by ap_clk  {rise@0.000ns fall@1.750ns period=3.500ns})
  Destination:            trunc_ln15_2_reg_676_reg/DSP_A_B_DATA_INST/A[27]
                            (rising edge-triggered cell DSP_A_B_DATA clocked by ap_clk  {rise@0.000ns fall@1.750ns period=3.500ns})
  Path Group:             ap_clk
  Path Type:              Setup (Max at Slow Process Corner)
  Requirement:            3.500ns  (ap_clk rise@3.500ns - ap_clk rise@0.000ns)
  Data Path Delay:        2.740ns  (logic 1.965ns (71.716%)  route 0.775ns (28.284%))
  Logic Levels:           3  (CARRY8=2 LUT4=1)
  Clock Path Skew:        -0.051ns (DCD - SCD + CPR)
    Destination Clock Delay (DCD):    0.055ns = ( 3.555 - 3.500 ) 
    Source Clock Delay      (SCD):    0.106ns
    Clock Pessimism Removal (CPR):    0.000ns
  Clock Uncertainty:      0.035ns  ((TSJ^2 + TIJ^2)^1/2 + DJ) / 2 + PE
    Total System Jitter     (TSJ):    0.071ns
    Total Input Jitter      (TIJ):    0.000ns
    Discrete Jitter          (DJ):    0.000ns
    Phase Error              (PE):    0.000ns

    Location             Delay type                Incr(ns)  Path(ns)    Netlist Resource(s)
  -------------------------------------------------------------------    -------------------
                         (clock ap_clk rise edge)     0.000     0.000 r  
                                                      0.000     0.000 r  ap_clk (IN)
                         net (fo=478, unset)          0.106     0.106    control_s_axi_U/int_input_r/ap_clk
    RAMB36_X0Y3          RAMB36E2                                     r  control_s_axi_U/int_input_r/mem_reg/CLKBWRCLK
  -------------------------------------------------------------------    -------------------
    RAMB36_X0Y3          RAMB36E2 (Prop_RAMB36E2_RAMB36_CLKBWRCLK_DOUTBDOUT[1])
                                                      1.331     1.437 r  control_s_axi_U/int_input_r/mem_reg/DOUTBDOUT[1]
                         net (fo=3, routed)           0.302     1.739    control_s_axi_U/int_input_r/int_input_r_q0[1]
    SLICE_X28Y16         LUT4 (Prop_B6LUT_SLICEM_I1_O)
                                                      0.188     1.927 r  control_s_axi_U/int_input_r/trunc_ln15_2_reg_676_reg_i_18/O
                         net (fo=1, routed)           0.022     1.949    control_s_axi_U/int_input_r/trunc_ln15_2_reg_676_reg_i_18_n_0
    SLICE_X28Y16         CARRY8 (Prop_CARRY8_SLICEM_S[1]_CO[7])
                                                      0.267     2.216 r  control_s_axi_U/int_input_r/trunc_ln15_2_reg_676_reg_i_3/CO[7]
                         net (fo=1, routed)           0.030     2.246    control_s_axi_U/int_input_r/trunc_ln15_2_reg_676_reg_i_3_n_0
    SLICE_X28Y17         CARRY8 (Prop_CARRY8_SLICEM_CI_O[7])
                                                      0.179     2.425 r  control_s_axi_U/int_input_r/trunc_ln15_2_reg_676_reg_i_2/O[7]
                         net (fo=31, routed)          0.421     2.846    trunc_ln15_2_reg_676_reg/A[27]
    DSP48E2_X7Y7         DSP_A_B_DATA                                 r  trunc_ln15_2_reg_676_reg/DSP_A_B_DATA_INST/A[27]
  -------------------------------------------------------------------    -------------------

                         (clock ap_clk rise edge)     3.500     3.500 r  
                                                      0.000     3.500 r  ap_clk (IN)
                         net (fo=478, unset)          0.055     3.555    trunc_ln15_2_reg_676_reg/CLK
    DSP48E2_X7Y7         DSP_A_B_DATA                                 r  trunc_ln15_2_reg_676_reg/DSP_A_B_DATA_INST/CLK
                         clock pessimism              0.000     3.555    
                         clock uncertainty           -0.035     3.520    
    DSP48E2_X7Y7         DSP_A_B_DATA (Setup_DSP_A_B_DATA_DSP48E2_CLK_A[27])
                                                     -0.534     2.986    trunc_ln15_2_reg_676_reg/DSP_A_B_DATA_INST
  -------------------------------------------------------------------
                         required time                          2.986    
                         arrival time                          -2.846    
  -------------------------------------------------------------------
                         slack                                  0.140    

Slack (MET) :             0.158ns  (required time - arrival time)
  Source:                 control_s_axi_U/int_input_r/mem_reg/CLKBWRCLK
                            (rising edge-triggered cell RAMB36E2 clocked by ap_clk  {rise@0.000ns fall@1.750ns period=3.500ns})
  Destination:            a_9_reg_665[15]_i_2_psdsp_5/D
                            (rising edge-triggered cell FDRE clocked by ap_clk  {rise@0.000ns fall@1.750ns period=3.500ns})
  Path Group:             ap_clk
  Path Type:              Setup (Max at Slow Process Corner)
  Requirement:            3.500ns  (ap_clk rise@3.500ns - ap_clk rise@0.000ns)
  Data Path Delay:        3.276ns  (logic 2.243ns (68.470%)  route 1.033ns (31.530%))
  Logic Levels:           5  (CARRY8=3 LUT2=1 LUT4=1)
  Clock Path Skew:        -0.077ns (DCD - SCD + CPR)
    Destination Clock Delay (DCD):    0.029ns = ( 3.529 - 3.500 ) 
    Source Clock Delay      (SCD):    0.106ns
    Clock Pessimism Removal (CPR):    0.000ns
  Clock Uncertainty:      0.035ns  ((TSJ^2 + TIJ^2)^1/2 + DJ) / 2 + PE
    Total System Jitter     (TSJ):    0.071ns
    Total Input Jitter      (TIJ):    0.000ns
    Discrete Jitter          (DJ):    0.000ns
    Phase Error              (PE):    0.000ns

    Location             Delay type                Incr(ns)  Path(ns)    Netlist Resource(s)
  -------------------------------------------------------------------    -------------------
                         (clock ap_clk rise edge)     0.000     0.000 r  
                                                      0.000     0.000 r  ap_clk (IN)
                         net (fo=478, unset)          0.106     0.106    control_s_axi_U/int_input_r/ap_clk
    RAMB36_X0Y3          RAMB36E2                                     r  control_s_axi_U/int_input_r/mem_reg/CLKBWRCLK
  -------------------------------------------------------------------    -------------------
    RAMB36_X0Y3          RAMB36E2 (Prop_RAMB36E2_RAMB36_CLKBWRCLK_DOUTBDOUT[1])
                                                      1.331     1.437 r  control_s_axi_U/int_input_r/mem_reg/DOUTBDOUT[1]
                         net (fo=3, routed)           0.297     1.734    control_s_axi_U/int_input_r/int_input_r_q0[1]
    SLICE_X28Y18         LUT4 (Prop_B6LUT_SLICEM_I1_O)
                                                      0.152     1.886 r  control_s_axi_U/int_input_r/tmp_product_i_18__0/O
                         net (fo=1, routed)           0.022     1.908    control_s_axi_U/int_input_r/tmp_product_i_18__0_n_0
    SLICE_X28Y18         CARRY8 (Prop_CARRY8_SLICEM_S[1]_O[5])
                                                      0.333     2.241 r  control_s_axi_U/int_input_r/tmp_product_i_3__0/O[5]
                         net (fo=2, routed)           0.210     2.451    control_s_axi_U/int_input_r/A[5]
    SLICE_X28Y14         LUT2 (Prop_F6LUT_SLICEM_I1_O)
                                                      0.080     2.531 r  control_s_axi_U/int_input_r/trunc_ln15_5_reg_648_reg_i_14/O
                         net (fo=1, routed)           0.029     2.560    control_s_axi_U/int_input_r/trunc_ln15_5_reg_648_reg_i_14_n_0
    SLICE_X28Y14         CARRY8 (Prop_CARRY8_SLICEM_S[5]_CO[7])
                                                      0.238     2.798 r  control_s_axi_U/int_input_r/trunc_ln15_5_reg_648_reg_i_3/CO[7]
                         net (fo=1, routed)           0.030     2.828    control_s_axi_U/int_input_r/trunc_ln15_5_reg_648_reg_i_3_n_0
    SLICE_X28Y15         CARRY8 (Prop_CARRY8_SLICEM_CI_O[2])
                                                      0.109     2.937 r  control_s_axi_U/int_input_r/trunc_ln15_5_reg_648_reg_i_2/O[2]
                         net (fo=4, routed)           0.445     3.382    grp_fu_260_p2[10]
    SLICE_X27Y15         FDRE                                         r  a_9_reg_665[15]_i_2_psdsp_5/D
  -------------------------------------------------------------------    -------------------

                         (clock ap_clk rise edge)     3.500     3.500 r  
                                                      0.000     3.500 r  ap_clk (IN)
                         net (fo=478, unset)          0.029     3.529    ap_clk
    SLICE_X27Y15         FDRE                                         r  a_9_reg_665[15]_i_2_psdsp_5/C
                         clock pessimism              0.000     3.529    
                         clock uncertainty           -0.035     3.494    
    SLICE_X27Y15         FDRE (Setup_BFF2_SLICEL_C_D)
                                                      0.046     3.540    a_9_reg_665[15]_i_2_psdsp_5
  -------------------------------------------------------------------
                         required time                          3.540    
                         arrival time                          -3.382    
  -------------------------------------------------------------------
                         slack                                  0.158    

Slack (MET) :             0.158ns  (required time - arrival time)
  Source:                 control_s_axi_U/int_input_r/mem_reg/CLKBWRCLK
                            (rising edge-triggered cell RAMB36E2 clocked by ap_clk  {rise@0.000ns fall@1.750ns period=3.500ns})
  Destination:            trunc_ln_reg_615_reg/DSP_A_B_DATA_INST/A[26]
                            (rising edge-triggered cell DSP_A_B_DATA clocked by ap_clk  {rise@0.000ns fall@1.750ns period=3.500ns})
  Path Group:             ap_clk
  Path Type:              Setup (Max at Slow Process Corner)
  Requirement:            3.500ns  (ap_clk rise@3.500ns - ap_clk rise@0.000ns)
  Data Path Delay:        2.718ns  (logic 1.965ns (72.308%)  route 0.753ns (27.692%))
  Logic Levels:           3  (CARRY8=2 LUT4=1)
  Clock Path Skew:        -0.051ns (DCD - SCD + CPR)
    Destination Clock Delay (DCD):    0.055ns = ( 3.555 - 3.500 ) 
    Source Clock Delay      (SCD):    0.106ns
    Clock Pessimism Removal (CPR):    0.000ns
  Clock Uncertainty:      0.035ns  ((TSJ^2 + TIJ^2)^1/2 + DJ) / 2 + PE
    Total System Jitter     (TSJ):    0.071ns
    Total Input Jitter      (TIJ):    0.000ns
    Discrete Jitter          (DJ):    0.000ns
    Phase Error              (PE):    0.000ns

    Location             Delay type                Incr(ns)  Path(ns)    Netlist Resource(s)
  -------------------------------------------------------------------    -------------------
                         (clock ap_clk rise edge)     0.000     0.000 r  
                                                      0.000     0.000 r  ap_clk (IN)
                         net (fo=478, unset)          0.106     0.106    control_s_axi_U/int_input_r/ap_clk
    RAMB36_X0Y3          RAMB36E2                                     r  control_s_axi_U/int_input_r/mem_reg/CLKBWRCLK
  -------------------------------------------------------------------    -------------------
    RAMB36_X0Y3          RAMB36E2 (Prop_RAMB36E2_RAMB36_CLKBWRCLK_DOUTBDOUT[1])
                                                      1.331     1.437 r  control_s_axi_U/int_input_r/mem_reg/DOUTBDOUT[1]
                         net (fo=3, routed)           0.302     1.739    control_s_axi_U/int_input_r/int_input_r_q0[1]
    SLICE_X28Y16         LUT4 (Prop_B6LUT_SLICEM_I1_O)
                                                      0.188     1.927 r  control_s_axi_U/int_input_r/trunc_ln15_2_reg_676_reg_i_18/O
                         net (fo=1, routed)           0.022     1.949    control_s_axi_U/int_input_r/trunc_ln15_2_reg_676_reg_i_18_n_0
    SLICE_X28Y16         CARRY8 (Prop_CARRY8_SLICEM_S[1]_CO[7])
                                                      0.267     2.216 r  control_s_axi_U/int_input_r/trunc_ln15_2_reg_676_reg_i_3/CO[7]
                         net (fo=1, routed)           0.030     2.246    control_s_axi_U/int_input_r/trunc_ln15_2_reg_676_reg_i_3_n_0
    SLICE_X28Y17         CARRY8 (Prop_CARRY8_SLICEM_CI_O[7])
                                                      0.179     2.425 r  control_s_axi_U/int_input_r/trunc_ln15_2_reg_676_reg_i_2/O[7]
                         net (fo=31, routed)          0.398     2.824    trunc_ln_reg_615_reg/A[26]
    DSP48E2_X7Y4         DSP_A_B_DATA                                 r  trunc_ln_reg_615_reg/DSP_A_B_DATA_INST/A[26]
  -------------------------------------------------------------------    -------------------

                         (clock ap_clk rise edge)     3.500     3.500 r  
                                                      0.000     3.500 r  ap_clk (IN)
                         net (fo=478, unset)          0.055     3.555    trunc_ln_reg_615_reg/CLK
    DSP48E2_X7Y4         DSP_A_B_DATA                                 r  trunc_ln_reg_615_reg/DSP_A_B_DATA_INST/CLK
                         clock pessimism              0.000     3.555    
                         clock uncertainty           -0.035     3.520    
    DSP48E2_X7Y4         DSP_A_B_DATA (Setup_DSP_A_B_DATA_DSP48E2_CLK_A[26])
                                                     -0.538     2.982    trunc_ln_reg_615_reg/DSP_A_B_DATA_INST
  -------------------------------------------------------------------
                         required time                          2.982    
                         arrival time                          -2.824    
  -------------------------------------------------------------------
                         slack                                  0.158    

Slack (MET) :             0.158ns  (required time - arrival time)
  Source:                 control_s_axi_U/int_input_r/mem_reg/CLKBWRCLK
                            (rising edge-triggered cell RAMB36E2 clocked by ap_clk  {rise@0.000ns fall@1.750ns period=3.500ns})
  Destination:            trunc_ln_reg_615_reg/DSP_A_B_DATA_INST/A[14]
                            (rising edge-triggered cell DSP_A_B_DATA clocked by ap_clk  {rise@0.000ns fall@1.750ns period=3.500ns})
  Path Group:             ap_clk
  Path Type:              Setup (Max at Slow Process Corner)
  Requirement:            3.500ns  (ap_clk rise@3.500ns - ap_clk rise@0.000ns)
  Data Path Delay:        2.745ns  (logic 1.951ns (71.065%)  route 0.794ns (28.935%))
  Logic Levels:           3  (CARRY8=2 LUT4=1)
  Clock Path Skew:        -0.051ns (DCD - SCD + CPR)
    Destination Clock Delay (DCD):    0.055ns = ( 3.555 - 3.500 ) 
    Source Clock Delay      (SCD):    0.106ns
    Clock Pessimism Removal (CPR):    0.000ns
  Clock Uncertainty:      0.035ns  ((TSJ^2 + TIJ^2)^1/2 + DJ) / 2 + PE
    Total System Jitter     (TSJ):    0.071ns
    Total Input Jitter      (TIJ):    0.000ns
    Discrete Jitter          (DJ):    0.000ns
    Phase Error              (PE):    0.000ns

    Location             Delay type                Incr(ns)  Path(ns)    Netlist Resource(s)
  -------------------------------------------------------------------    -------------------
                         (clock ap_clk rise edge)     0.000     0.000 r  
                                                      0.000     0.000 r  ap_clk (IN)
                         net (fo=478, unset)          0.106     0.106    control_s_axi_U/int_input_r/ap_clk
    RAMB36_X0Y3          RAMB36E2                                     r  control_s_axi_U/int_input_r/mem_reg/CLKBWRCLK
  -------------------------------------------------------------------    -------------------
    RAMB36_X0Y3          RAMB36E2 (Prop_RAMB36E2_RAMB36_CLKBWRCLK_DOUTBDOUT[1])
                                                      1.331     1.437 r  control_s_axi_U/int_input_r/mem_reg/DOUTBDOUT[1]
                         net (fo=3, routed)           0.302     1.739    control_s_axi_U/int_input_r/int_input_r_q0[1]
    SLICE_X28Y16         LUT4 (Prop_B6LUT_SLICEM_I1_O)
                                                      0.188     1.927 r  control_s_axi_U/int_input_r/trunc_ln15_2_reg_676_reg_i_18/O
                         net (fo=1, routed)           0.022     1.949    control_s_axi_U/int_input_r/trunc_ln15_2_reg_676_reg_i_18_n_0
    SLICE_X28Y16         CARRY8 (Prop_CARRY8_SLICEM_S[1]_CO[7])
                                                      0.267     2.216 r  control_s_axi_U/int_input_r/trunc_ln15_2_reg_676_reg_i_3/CO[7]
                         net (fo=1, routed)           0.030     2.246    control_s_axi_U/int_input_r/trunc_ln15_2_reg_676_reg_i_3_n_0
    SLICE_X28Y17         CARRY8 (Prop_CARRY8_SLICEM_CI_O[6])
                                                      0.165     2.411 r  control_s_axi_U/int_input_r/trunc_ln15_2_reg_676_reg_i_2/O[6]
                         net (fo=3, routed)           0.440     2.851    trunc_ln_reg_615_reg/A[14]
    DSP48E2_X7Y4         DSP_A_B_DATA                                 r  trunc_ln_reg_615_reg/DSP_A_B_DATA_INST/A[14]
  -------------------------------------------------------------------    -------------------

                         (clock ap_clk rise edge)     3.500     3.500 r  
                                                      0.000     3.500 r  ap_clk (IN)
                         net (fo=478, unset)          0.055     3.555    trunc_ln_reg_615_reg/CLK
    DSP48E2_X7Y4         DSP_A_B_DATA                                 r  trunc_ln_reg_615_reg/DSP_A_B_DATA_INST/CLK
                         clock pessimism              0.000     3.555    
                         clock uncertainty           -0.035     3.520    
    DSP48E2_X7Y4         DSP_A_B_DATA (Setup_DSP_A_B_DATA_DSP48E2_CLK_A[14])
                                                     -0.510     3.010    trunc_ln_reg_615_reg/DSP_A_B_DATA_INST
  -------------------------------------------------------------------
                         required time                          3.010    
                         arrival time                          -2.851    
  -------------------------------------------------------------------
                         slack                                  0.158    

Slack (MET) :             0.161ns  (required time - arrival time)
  Source:                 control_s_axi_U/int_input_r/mem_reg/CLKBWRCLK
                            (rising edge-triggered cell RAMB36E2 clocked by ap_clk  {rise@0.000ns fall@1.750ns period=3.500ns})
  Destination:            trunc_ln_reg_615_reg/DSP_A_B_DATA_INST/A[22]
                            (rising edge-triggered cell DSP_A_B_DATA clocked by ap_clk  {rise@0.000ns fall@1.750ns period=3.500ns})
  Path Group:             ap_clk
  Path Type:              Setup (Max at Slow Process Corner)
  Requirement:            3.500ns  (ap_clk rise@3.500ns - ap_clk rise@0.000ns)
  Data Path Delay:        2.767ns  (logic 1.965ns (71.022%)  route 0.802ns (28.978%))
  Logic Levels:           3  (CARRY8=2 LUT4=1)
  Clock Path Skew:        -0.051ns (DCD - SCD + CPR)
    Destination Clock Delay (DCD):    0.055ns = ( 3.555 - 3.500 ) 
    Source Clock Delay      (SCD):    0.106ns
    Clock Pessimism Removal (CPR):    0.000ns
  Clock Uncertainty:      0.035ns  ((TSJ^2 + TIJ^2)^1/2 + DJ) / 2 + PE
    Total System Jitter     (TSJ):    0.071ns
    Total Input Jitter      (TIJ):    0.000ns
    Discrete Jitter          (DJ):    0.000ns
    Phase Error              (PE):    0.000ns

    Location             Delay type                Incr(ns)  Path(ns)    Netlist Resource(s)
  -------------------------------------------------------------------    -------------------
                         (clock ap_clk rise edge)     0.000     0.000 r  
                                                      0.000     0.000 r  ap_clk (IN)
                         net (fo=478, unset)          0.106     0.106    control_s_axi_U/int_input_r/ap_clk
    RAMB36_X0Y3          RAMB36E2                                     r  control_s_axi_U/int_input_r/mem_reg/CLKBWRCLK
  -------------------------------------------------------------------    -------------------
    RAMB36_X0Y3          RAMB36E2 (Prop_RAMB36E2_RAMB36_CLKBWRCLK_DOUTBDOUT[1])
                                                      1.331     1.437 r  control_s_axi_U/int_input_r/mem_reg/DOUTBDOUT[1]
                         net (fo=3, routed)           0.302     1.739    control_s_axi_U/int_input_r/int_input_r_q0[1]
    SLICE_X28Y16         LUT4 (Prop_B6LUT_SLICEM_I1_O)
                                                      0.188     1.927 r  control_s_axi_U/int_input_r/trunc_ln15_2_reg_676_reg_i_18/O
                         net (fo=1, routed)           0.022     1.949    control_s_axi_U/int_input_r/trunc_ln15_2_reg_676_reg_i_18_n_0
    SLICE_X28Y16         CARRY8 (Prop_CARRY8_SLICEM_S[1]_CO[7])
                                                      0.267     2.216 r  control_s_axi_U/int_input_r/trunc_ln15_2_reg_676_reg_i_3/CO[7]
                         net (fo=1, routed)           0.030     2.246    control_s_axi_U/int_input_r/trunc_ln15_2_reg_676_reg_i_3_n_0
    SLICE_X28Y17         CARRY8 (Prop_CARRY8_SLICEM_CI_O[7])
                                                      0.179     2.425 r  control_s_axi_U/int_input_r/trunc_ln15_2_reg_676_reg_i_2/O[7]
                         net (fo=31, routed)          0.447     2.873    trunc_ln_reg_615_reg/A[22]
    DSP48E2_X7Y4         DSP_A_B_DATA                                 r  trunc_ln_reg_615_reg/DSP_A_B_DATA_INST/A[22]
  -------------------------------------------------------------------    -------------------

                         (clock ap_clk rise edge)     3.500     3.500 r  
                                                      0.000     3.500 r  ap_clk (IN)
                         net (fo=478, unset)          0.055     3.555    trunc_ln_reg_615_reg/CLK
    DSP48E2_X7Y4         DSP_A_B_DATA                                 r  trunc_ln_reg_615_reg/DSP_A_B_DATA_INST/CLK
                         clock pessimism              0.000     3.555    
                         clock uncertainty           -0.035     3.520    
    DSP48E2_X7Y4         DSP_A_B_DATA (Setup_DSP_A_B_DATA_DSP48E2_CLK_A[22])
                                                     -0.486     3.034    trunc_ln_reg_615_reg/DSP_A_B_DATA_INST
  -------------------------------------------------------------------
                         required time                          3.034    
                         arrival time                          -2.873    
  -------------------------------------------------------------------
                         slack                                  0.161    

Slack (MET) :             0.162ns  (required time - arrival time)
  Source:                 control_s_axi_U/int_input_r/mem_reg/CLKBWRCLK
                            (rising edge-triggered cell RAMB36E2 clocked by ap_clk  {rise@0.000ns fall@1.750ns period=3.500ns})
  Destination:            trunc_ln_reg_615_reg/DSP_A_B_DATA_INST/A[25]
                            (rising edge-triggered cell DSP_A_B_DATA clocked by ap_clk  {rise@0.000ns fall@1.750ns period=3.500ns})
  Path Group:             ap_clk
  Path Type:              Setup (Max at Slow Process Corner)
  Requirement:            3.500ns  (ap_clk rise@3.500ns - ap_clk rise@0.000ns)
  Data Path Delay:        2.711ns  (logic 1.965ns (72.473%)  route 0.746ns (27.527%))
  Logic Levels:           3  (CARRY8=2 LUT4=1)
  Clock Path Skew:        -0.051ns (DCD - SCD + CPR)
    Destination Clock Delay (DCD):    0.055ns = ( 3.555 - 3.500 ) 
    Source Clock Delay      (SCD):    0.106ns
    Clock Pessimism Removal (CPR):    0.000ns
  Clock Uncertainty:      0.035ns  ((TSJ^2 + TIJ^2)^1/2 + DJ) / 2 + PE
    Total System Jitter     (TSJ):    0.071ns
    Total Input Jitter      (TIJ):    0.000ns
    Discrete Jitter          (DJ):    0.000ns
    Phase Error              (PE):    0.000ns

    Location             Delay type                Incr(ns)  Path(ns)    Netlist Resource(s)
  -------------------------------------------------------------------    -------------------
                         (clock ap_clk rise edge)     0.000     0.000 r  
                                                      0.000     0.000 r  ap_clk (IN)
                         net (fo=478, unset)          0.106     0.106    control_s_axi_U/int_input_r/ap_clk
    RAMB36_X0Y3          RAMB36E2                                     r  control_s_axi_U/int_input_r/mem_reg/CLKBWRCLK
  -------------------------------------------------------------------    -------------------
    RAMB36_X0Y3          RAMB36E2 (Prop_RAMB36E2_RAMB36_CLKBWRCLK_DOUTBDOUT[1])
                                                      1.331     1.437 r  control_s_axi_U/int_input_r/mem_reg/DOUTBDOUT[1]
                         net (fo=3, routed)           0.302     1.739    control_s_axi_U/int_input_r/int_input_r_q0[1]
    SLICE_X28Y16         LUT4 (Prop_B6LUT_SLICEM_I1_O)
                                                      0.188     1.927 r  control_s_axi_U/int_input_r/trunc_ln15_2_reg_676_reg_i_18/O
                         net (fo=1, routed)           0.022     1.949    control_s_axi_U/int_input_r/trunc_ln15_2_reg_676_reg_i_18_n_0
    SLICE_X28Y16         CARRY8 (Prop_CARRY8_SLICEM_S[1]_CO[7])
                                                      0.267     2.216 r  control_s_axi_U/int_input_r/trunc_ln15_2_reg_676_reg_i_3/CO[7]
                         net (fo=1, routed)           0.030     2.246    control_s_axi_U/int_input_r/trunc_ln15_2_reg_676_reg_i_3_n_0
    SLICE_X28Y17         CARRY8 (Prop_CARRY8_SLICEM_CI_O[7])
                                                      0.179     2.425 r  control_s_axi_U/int_input_r/trunc_ln15_2_reg_676_reg_i_2/O[7]
                         net (fo=31, routed)          0.392     2.817    trunc_ln_reg_615_reg/A[25]
    DSP48E2_X7Y4         DSP_A_B_DATA                                 r  trunc_ln_reg_615_reg/DSP_A_B_DATA_INST/A[25]
  -------------------------------------------------------------------    -------------------

                         (clock ap_clk rise edge)     3.500     3.500 r  
                                                      0.000     3.500 r  ap_clk (IN)
                         net (fo=478, unset)          0.055     3.555    trunc_ln_reg_615_reg/CLK
    DSP48E2_X7Y4         DSP_A_B_DATA                                 r  trunc_ln_reg_615_reg/DSP_A_B_DATA_INST/CLK
                         clock pessimism              0.000     3.555    
                         clock uncertainty           -0.035     3.520    
    DSP48E2_X7Y4         DSP_A_B_DATA (Setup_DSP_A_B_DATA_DSP48E2_CLK_A[25])
                                                     -0.540     2.980    trunc_ln_reg_615_reg/DSP_A_B_DATA_INST
  -------------------------------------------------------------------
                         required time                          2.980    
                         arrival time                          -2.817    
  -------------------------------------------------------------------
                         slack                                  0.162    

Slack (MET) :             0.162ns  (required time - arrival time)
  Source:                 control_s_axi_U/int_input_r/mem_reg/CLKBWRCLK
                            (rising edge-triggered cell RAMB36E2 clocked by ap_clk  {rise@0.000ns fall@1.750ns period=3.500ns})
  Destination:            trunc_ln_reg_615_reg/DSP_A_B_DATA_INST/A[27]
                            (rising edge-triggered cell DSP_A_B_DATA clocked by ap_clk  {rise@0.000ns fall@1.750ns period=3.500ns})
  Path Group:             ap_clk
  Path Type:              Setup (Max at Slow Process Corner)
  Requirement:            3.500ns  (ap_clk rise@3.500ns - ap_clk rise@0.000ns)
  Data Path Delay:        2.717ns  (logic 1.965ns (72.318%)  route 0.752ns (27.682%))
  Logic Levels:           3  (CARRY8=2 LUT4=1)
  Clock Path Skew:        -0.051ns (DCD - SCD + CPR)
    Destination Clock Delay (DCD):    0.055ns = ( 3.555 - 3.500 ) 
    Source Clock Delay      (SCD):    0.106ns
    Clock Pessimism Removal (CPR):    0.000ns
  Clock Uncertainty:      0.035ns  ((TSJ^2 + TIJ^2)^1/2 + DJ) / 2 + PE
    Total System Jitter     (TSJ):    0.071ns
    Total Input Jitter      (TIJ):    0.000ns
    Discrete Jitter          (DJ):    0.000ns
    Phase Error              (PE):    0.000ns

    Location             Delay type                Incr(ns)  Path(ns)    Netlist Resource(s)
  -------------------------------------------------------------------    -------------------
                         (clock ap_clk rise edge)     0.000     0.000 r  
                                                      0.000     0.000 r  ap_clk (IN)
                         net (fo=478, unset)          0.106     0.106    control_s_axi_U/int_input_r/ap_clk
    RAMB36_X0Y3          RAMB36E2                                     r  control_s_axi_U/int_input_r/mem_reg/CLKBWRCLK
  -------------------------------------------------------------------    -------------------
    RAMB36_X0Y3          RAMB36E2 (Prop_RAMB36E2_RAMB36_CLKBWRCLK_DOUTBDOUT[1])
                                                      1.331     1.437 r  control_s_axi_U/int_input_r/mem_reg/DOUTBDOUT[1]
                         net (fo=3, routed)           0.302     1.739    control_s_axi_U/int_input_r/int_input_r_q0[1]
    SLICE_X28Y16         LUT4 (Prop_B6LUT_SLICEM_I1_O)
                                                      0.188     1.927 r  control_s_axi_U/int_input_r/trunc_ln15_2_reg_676_reg_i_18/O
                         net (fo=1, routed)           0.022     1.949    control_s_axi_U/int_input_r/trunc_ln15_2_reg_676_reg_i_18_n_0
    SLICE_X28Y16         CARRY8 (Prop_CARRY8_SLICEM_S[1]_CO[7])
                                                      0.267     2.216 r  control_s_axi_U/int_input_r/trunc_ln15_2_reg_676_reg_i_3/CO[7]
                         net (fo=1, routed)           0.030     2.246    control_s_axi_U/int_input_r/trunc_ln15_2_reg_676_reg_i_3_n_0
    SLICE_X28Y17         CARRY8 (Prop_CARRY8_SLICEM_CI_O[7])
                                                      0.179     2.425 r  control_s_axi_U/int_input_r/trunc_ln15_2_reg_676_reg_i_2/O[7]
                         net (fo=31, routed)          0.398     2.823    trunc_ln_reg_615_reg/A[27]
    DSP48E2_X7Y4         DSP_A_B_DATA                                 r  trunc_ln_reg_615_reg/DSP_A_B_DATA_INST/A[27]
  -------------------------------------------------------------------    -------------------

                         (clock ap_clk rise edge)     3.500     3.500 r  
                                                      0.000     3.500 r  ap_clk (IN)
                         net (fo=478, unset)          0.055     3.555    trunc_ln_reg_615_reg/CLK
    DSP48E2_X7Y4         DSP_A_B_DATA                                 r  trunc_ln_reg_615_reg/DSP_A_B_DATA_INST/CLK
                         clock pessimism              0.000     3.555    
                         clock uncertainty           -0.035     3.520    
    DSP48E2_X7Y4         DSP_A_B_DATA (Setup_DSP_A_B_DATA_DSP48E2_CLK_A[27])
                                                     -0.534     2.986    trunc_ln_reg_615_reg/DSP_A_B_DATA_INST
  -------------------------------------------------------------------
                         required time                          2.986    
                         arrival time                          -2.823    
  -------------------------------------------------------------------
                         slack                                  0.162    

Slack (MET) :             0.176ns  (required time - arrival time)
  Source:                 control_s_axi_U/int_input_r/mem_reg/CLKBWRCLK
                            (rising edge-triggered cell RAMB36E2 clocked by ap_clk  {rise@0.000ns fall@1.750ns period=3.500ns})
  Destination:            trunc_ln_reg_615_reg/DSP_A_B_DATA_INST/A[29]
                            (rising edge-triggered cell DSP_A_B_DATA clocked by ap_clk  {rise@0.000ns fall@1.750ns period=3.500ns})
  Path Group:             ap_clk
  Path Type:              Setup (Max at Slow Process Corner)
  Requirement:            3.500ns  (ap_clk rise@3.500ns - ap_clk rise@0.000ns)
  Data Path Delay:        2.715ns  (logic 1.965ns (72.364%)  route 0.750ns (27.636%))
  Logic Levels:           3  (CARRY8=2 LUT4=1)
  Clock Path Skew:        -0.051ns (DCD - SCD + CPR)
    Destination Clock Delay (DCD):    0.055ns = ( 3.555 - 3.500 ) 
    Source Clock Delay      (SCD):    0.106ns
    Clock Pessimism Removal (CPR):    0.000ns
  Clock Uncertainty:      0.035ns  ((TSJ^2 + TIJ^2)^1/2 + DJ) / 2 + PE
    Total System Jitter     (TSJ):    0.071ns
    Total Input Jitter      (TIJ):    0.000ns
    Discrete Jitter          (DJ):    0.000ns
    Phase Error              (PE):    0.000ns

    Location             Delay type                Incr(ns)  Path(ns)    Netlist Resource(s)
  -------------------------------------------------------------------    -------------------
                         (clock ap_clk rise edge)     0.000     0.000 r  
                                                      0.000     0.000 r  ap_clk (IN)
                         net (fo=478, unset)          0.106     0.106    control_s_axi_U/int_input_r/ap_clk
    RAMB36_X0Y3          RAMB36E2                                     r  control_s_axi_U/int_input_r/mem_reg/CLKBWRCLK
  -------------------------------------------------------------------    -------------------
    RAMB36_X0Y3          RAMB36E2 (Prop_RAMB36E2_RAMB36_CLKBWRCLK_DOUTBDOUT[1])
                                                      1.331     1.437 r  control_s_axi_U/int_input_r/mem_reg/DOUTBDOUT[1]
                         net (fo=3, routed)           0.302     1.739    control_s_axi_U/int_input_r/int_input_r_q0[1]
    SLICE_X28Y16         LUT4 (Prop_B6LUT_SLICEM_I1_O)
                                                      0.188     1.927 r  control_s_axi_U/int_input_r/trunc_ln15_2_reg_676_reg_i_18/O
                         net (fo=1, routed)           0.022     1.949    control_s_axi_U/int_input_r/trunc_ln15_2_reg_676_reg_i_18_n_0
    SLICE_X28Y16         CARRY8 (Prop_CARRY8_SLICEM_S[1]_CO[7])
                                                      0.267     2.216 r  control_s_axi_U/int_input_r/trunc_ln15_2_reg_676_reg_i_3/CO[7]
                         net (fo=1, routed)           0.030     2.246    control_s_axi_U/int_input_r/trunc_ln15_2_reg_676_reg_i_3_n_0
    SLICE_X28Y17         CARRY8 (Prop_CARRY8_SLICEM_CI_O[7])
                                                      0.179     2.425 r  control_s_axi_U/int_input_r/trunc_ln15_2_reg_676_reg_i_2/O[7]
                         net (fo=31, routed)          0.396     2.821    trunc_ln_reg_615_reg/A[29]
    DSP48E2_X7Y4         DSP_A_B_DATA                                 r  trunc_ln_reg_615_reg/DSP_A_B_DATA_INST/A[29]
  -------------------------------------------------------------------    -------------------

                         (clock ap_clk rise edge)     3.500     3.500 r  
                                                      0.000     3.500 r  ap_clk (IN)
                         net (fo=478, unset)          0.055     3.555    trunc_ln_reg_615_reg/CLK
    DSP48E2_X7Y4         DSP_A_B_DATA                                 r  trunc_ln_reg_615_reg/DSP_A_B_DATA_INST/CLK
                         clock pessimism              0.000     3.555    
                         clock uncertainty           -0.035     3.520    
    DSP48E2_X7Y4         DSP_A_B_DATA (Setup_DSP_A_B_DATA_DSP48E2_CLK_A[29])
                                                     -0.522     2.998    trunc_ln_reg_615_reg/DSP_A_B_DATA_INST
  -------------------------------------------------------------------
                         required time                          2.998    
                         arrival time                          -2.821    
  -------------------------------------------------------------------
                         slack                                  0.176    

Slack (MET) :             0.178ns  (required time - arrival time)
  Source:                 control_s_axi_U/int_input_r/mem_reg/CLKBWRCLK
                            (rising edge-triggered cell RAMB36E2 clocked by ap_clk  {rise@0.000ns fall@1.750ns period=3.500ns})
  Destination:            mul_16s_16s_31_1_1_U7/trunc_ln15_9_reg_752_reg_i_10_psdsp/D
                            (rising edge-triggered cell FDRE clocked by ap_clk  {rise@0.000ns fall@1.750ns period=3.500ns})
  Path Group:             ap_clk
  Path Type:              Setup (Max at Slow Process Corner)
  Requirement:            3.500ns  (ap_clk rise@3.500ns - ap_clk rise@0.000ns)
  Data Path Delay:        3.256ns  (logic 2.288ns (70.277%)  route 0.968ns (29.723%))
  Logic Levels:           5  (CARRY8=3 LUT2=1 LUT4=1)
  Clock Path Skew:        -0.076ns (DCD - SCD + CPR)
    Destination Clock Delay (DCD):    0.030ns = ( 3.530 - 3.500 ) 
    Source Clock Delay      (SCD):    0.106ns
    Clock Pessimism Removal (CPR):    0.000ns
  Clock Uncertainty:      0.035ns  ((TSJ^2 + TIJ^2)^1/2 + DJ) / 2 + PE
    Total System Jitter     (TSJ):    0.071ns
    Total Input Jitter      (TIJ):    0.000ns
    Discrete Jitter          (DJ):    0.000ns
    Phase Error              (PE):    0.000ns

    Location             Delay type                Incr(ns)  Path(ns)    Netlist Resource(s)
  -------------------------------------------------------------------    -------------------
                         (clock ap_clk rise edge)     0.000     0.000 r  
                                                      0.000     0.000 r  ap_clk (IN)
                         net (fo=478, unset)          0.106     0.106    control_s_axi_U/int_input_r/ap_clk
    RAMB36_X0Y3          RAMB36E2                                     r  control_s_axi_U/int_input_r/mem_reg/CLKBWRCLK
  -------------------------------------------------------------------    -------------------
    RAMB36_X0Y3          RAMB36E2 (Prop_RAMB36E2_RAMB36_CLKBWRCLK_DOUTBDOUT[1])
                                                      1.331     1.437 r  control_s_axi_U/int_input_r/mem_reg/DOUTBDOUT[1]
                         net (fo=3, routed)           0.297     1.734    control_s_axi_U/int_input_r/int_input_r_q0[1]
    SLICE_X28Y18         LUT4 (Prop_B6LUT_SLICEM_I1_O)
                                                      0.152     1.886 r  control_s_axi_U/int_input_r/tmp_product_i_18__0/O
                         net (fo=1, routed)           0.022     1.908    control_s_axi_U/int_input_r/tmp_product_i_18__0_n_0
    SLICE_X28Y18         CARRY8 (Prop_CARRY8_SLICEM_S[1]_CO[7])
                                                      0.267     2.175 r  control_s_axi_U/int_input_r/tmp_product_i_3__0/CO[7]
                         net (fo=1, routed)           0.030     2.205    control_s_axi_U/int_input_r/tmp_product_i_3__0_n_0
    SLICE_X28Y19         CARRY8 (Prop_CARRY8_SLICEM_CI_O[1])
                                                      0.106     2.311 r  control_s_axi_U/int_input_r/tmp_product_i_2/O[1]
                         net (fo=2, routed)           0.311     2.622    control_s_axi_U/int_input_r/A[9]
    SLICE_X28Y15         LUT2 (Prop_B6LUT_SLICEM_I1_O)
                                                      0.082     2.704 r  control_s_axi_U/int_input_r/trunc_ln15_5_reg_648_reg_i_10/O
                         net (fo=1, routed)           0.022     2.726    control_s_axi_U/int_input_r/trunc_ln15_5_reg_648_reg_i_10_n_0
    SLICE_X28Y15         CARRY8 (Prop_CARRY8_SLICEM_S[1]_O[7])
                                                      0.350     3.076 r  control_s_axi_U/int_input_r/trunc_ln15_5_reg_648_reg_i_2/O[7]
                         net (fo=4, routed)           0.286     3.362    mul_16s_16s_31_1_1_U7/DSP_ALU_INST_0[15]
    SLICE_X28Y17         FDRE                                         r  mul_16s_16s_31_1_1_U7/trunc_ln15_9_reg_752_reg_i_10_psdsp/D
  -------------------------------------------------------------------    -------------------

                         (clock ap_clk rise edge)     3.500     3.500 r  
                                                      0.000     3.500 r  ap_clk (IN)
                         net (fo=478, unset)          0.030     3.530    mul_16s_16s_31_1_1_U7/ap_clk
    SLICE_X28Y17         FDRE                                         r  mul_16s_16s_31_1_1_U7/trunc_ln15_9_reg_752_reg_i_10_psdsp/C
                         clock pessimism              0.000     3.530    
                         clock uncertainty           -0.035     3.495    
    SLICE_X28Y17         FDRE (Setup_AFF2_SLICEM_C_D)
                                                      0.045     3.540    mul_16s_16s_31_1_1_U7/trunc_ln15_9_reg_752_reg_i_10_psdsp
  -------------------------------------------------------------------
                         required time                          3.540    
                         arrival time                          -3.362    
  -------------------------------------------------------------------
                         slack                                  0.178    

Slack (MET) :             0.178ns  (required time - arrival time)
  Source:                 control_s_axi_U/int_input_r/mem_reg/CLKBWRCLK
                            (rising edge-triggered cell RAMB36E2 clocked by ap_clk  {rise@0.000ns fall@1.750ns period=3.500ns})
  Destination:            trunc_ln_reg_615_reg/DSP_A_B_DATA_INST/A[24]
                            (rising edge-triggered cell DSP_A_B_DATA clocked by ap_clk  {rise@0.000ns fall@1.750ns period=3.500ns})
  Path Group:             ap_clk
  Path Type:              Setup (Max at Slow Process Corner)
  Requirement:            3.500ns  (ap_clk rise@3.500ns - ap_clk rise@0.000ns)
  Data Path Delay:        2.704ns  (logic 1.965ns (72.662%)  route 0.739ns (27.338%))
  Logic Levels:           3  (CARRY8=2 LUT4=1)
  Clock Path Skew:        -0.051ns (DCD - SCD + CPR)
    Destination Clock Delay (DCD):    0.055ns = ( 3.555 - 3.500 ) 
    Source Clock Delay      (SCD):    0.106ns
    Clock Pessimism Removal (CPR):    0.000ns
  Clock Uncertainty:      0.035ns  ((TSJ^2 + TIJ^2)^1/2 + DJ) / 2 + PE
    Total System Jitter     (TSJ):    0.071ns
    Total Input Jitter      (TIJ):    0.000ns
    Discrete Jitter          (DJ):    0.000ns
    Phase Error              (PE):    0.000ns

    Location             Delay type                Incr(ns)  Path(ns)    Netlist Resource(s)
  -------------------------------------------------------------------    -------------------
                         (clock ap_clk rise edge)     0.000     0.000 r  
                                                      0.000     0.000 r  ap_clk (IN)
                         net (fo=478, unset)          0.106     0.106    control_s_axi_U/int_input_r/ap_clk
    RAMB36_X0Y3          RAMB36E2                                     r  control_s_axi_U/int_input_r/mem_reg/CLKBWRCLK
  -------------------------------------------------------------------    -------------------
    RAMB36_X0Y3          RAMB36E2 (Prop_RAMB36E2_RAMB36_CLKBWRCLK_DOUTBDOUT[1])
                                                      1.331     1.437 r  control_s_axi_U/int_input_r/mem_reg/DOUTBDOUT[1]
                         net (fo=3, routed)           0.302     1.739    control_s_axi_U/int_input_r/int_input_r_q0[1]
    SLICE_X28Y16         LUT4 (Prop_B6LUT_SLICEM_I1_O)
                                                      0.188     1.927 r  control_s_axi_U/int_input_r/trunc_ln15_2_reg_676_reg_i_18/O
                         net (fo=1, routed)           0.022     1.949    control_s_axi_U/int_input_r/trunc_ln15_2_reg_676_reg_i_18_n_0
    SLICE_X28Y16         CARRY8 (Prop_CARRY8_SLICEM_S[1]_CO[7])
                                                      0.267     2.216 r  control_s_axi_U/int_input_r/trunc_ln15_2_reg_676_reg_i_3/CO[7]
                         net (fo=1, routed)           0.030     2.246    control_s_axi_U/int_input_r/trunc_ln15_2_reg_676_reg_i_3_n_0
    SLICE_X28Y17         CARRY8 (Prop_CARRY8_SLICEM_CI_O[7])
                                                      0.179     2.425 r  control_s_axi_U/int_input_r/trunc_ln15_2_reg_676_reg_i_2/O[7]
                         net (fo=31, routed)          0.385     2.810    trunc_ln_reg_615_reg/A[24]
    DSP48E2_X7Y4         DSP_A_B_DATA                                 r  trunc_ln_reg_615_reg/DSP_A_B_DATA_INST/A[24]
  -------------------------------------------------------------------    -------------------

                         (clock ap_clk rise edge)     3.500     3.500 r  
                                                      0.000     3.500 r  ap_clk (IN)
                         net (fo=478, unset)          0.055     3.555    trunc_ln_reg_615_reg/CLK
    DSP48E2_X7Y4         DSP_A_B_DATA                                 r  trunc_ln_reg_615_reg/DSP_A_B_DATA_INST/CLK
                         clock pessimism              0.000     3.555    
                         clock uncertainty           -0.035     3.520    
    DSP48E2_X7Y4         DSP_A_B_DATA (Setup_DSP_A_B_DATA_DSP48E2_CLK_A[24])
                                                     -0.531     2.989    trunc_ln_reg_615_reg/DSP_A_B_DATA_INST
  -------------------------------------------------------------------
                         required time                          2.989    
                         arrival time                          -2.810    
  -------------------------------------------------------------------
                         slack                                  0.178    

Slack (MET) :             0.181ns  (required time - arrival time)
  Source:                 control_s_axi_U/int_input_r/mem_reg/CLKBWRCLK
                            (rising edge-triggered cell RAMB36E2 clocked by ap_clk  {rise@0.000ns fall@1.750ns period=3.500ns})
  Destination:            a_9_reg_665[15]_i_2_psdsp_2/D
                            (rising edge-triggered cell FDRE clocked by ap_clk  {rise@0.000ns fall@1.750ns period=3.500ns})
  Path Group:             ap_clk
  Path Type:              Setup (Max at Slow Process Corner)
  Requirement:            3.500ns  (ap_clk rise@3.500ns - ap_clk rise@0.000ns)
  Data Path Delay:        3.255ns  (logic 2.287ns (70.267%)  route 0.968ns (29.733%))
  Logic Levels:           5  (CARRY8=3 LUT2=1 LUT4=1)
  Clock Path Skew:        -0.075ns (DCD - SCD + CPR)
    Destination Clock Delay (DCD):    0.031ns = ( 3.531 - 3.500 ) 
    Source Clock Delay      (SCD):    0.106ns
    Clock Pessimism Removal (CPR):    0.000ns
  Clock Uncertainty:      0.035ns  ((TSJ^2 + TIJ^2)^1/2 + DJ) / 2 + PE
    Total System Jitter     (TSJ):    0.071ns
    Total Input Jitter      (TIJ):    0.000ns
    Discrete Jitter          (DJ):    0.000ns
    Phase Error              (PE):    0.000ns

    Location             Delay type                Incr(ns)  Path(ns)    Netlist Resource(s)
  -------------------------------------------------------------------    -------------------
                         (clock ap_clk rise edge)     0.000     0.000 r  
                                                      0.000     0.000 r  ap_clk (IN)
                         net (fo=478, unset)          0.106     0.106    control_s_axi_U/int_input_r/ap_clk
    RAMB36_X0Y3          RAMB36E2                                     r  control_s_axi_U/int_input_r/mem_reg/CLKBWRCLK
  -------------------------------------------------------------------    -------------------
    RAMB36_X0Y3          RAMB36E2 (Prop_RAMB36E2_RAMB36_CLKBWRCLK_DOUTBDOUT[1])
                                                      1.331     1.437 r  control_s_axi_U/int_input_r/mem_reg/DOUTBDOUT[1]
                         net (fo=3, routed)           0.297     1.734    control_s_axi_U/int_input_r/int_input_r_q0[1]
    SLICE_X28Y18         LUT4 (Prop_B6LUT_SLICEM_I1_O)
                                                      0.152     1.886 r  control_s_axi_U/int_input_r/tmp_product_i_18__0/O
                         net (fo=1, routed)           0.022     1.908    control_s_axi_U/int_input_r/tmp_product_i_18__0_n_0
    SLICE_X28Y18         CARRY8 (Prop_CARRY8_SLICEM_S[1]_CO[7])
                                                      0.267     2.175 r  control_s_axi_U/int_input_r/tmp_product_i_3__0/CO[7]
                         net (fo=1, routed)           0.030     2.205    control_s_axi_U/int_input_r/tmp_product_i_3__0_n_0
    SLICE_X28Y19         CARRY8 (Prop_CARRY8_SLICEM_CI_O[1])
                                                      0.106     2.311 r  control_s_axi_U/int_input_r/tmp_product_i_2/O[1]
                         net (fo=2, routed)           0.311     2.622    control_s_axi_U/int_input_r/A[9]
    SLICE_X28Y15         LUT2 (Prop_B6LUT_SLICEM_I1_O)
                                                      0.082     2.704 r  control_s_axi_U/int_input_r/trunc_ln15_5_reg_648_reg_i_10/O
                         net (fo=1, routed)           0.022     2.726    control_s_axi_U/int_input_r/trunc_ln15_5_reg_648_reg_i_10_n_0
    SLICE_X28Y15         CARRY8 (Prop_CARRY8_SLICEM_S[1]_O[5])
                                                      0.349     3.075 r  control_s_axi_U/int_input_r/trunc_ln15_5_reg_648_reg_i_2/O[5]
                         net (fo=4, routed)           0.286     3.361    grp_fu_260_p2[13]
    SLICE_X28Y16         FDRE                                         r  a_9_reg_665[15]_i_2_psdsp_2/D
  -------------------------------------------------------------------    -------------------

                         (clock ap_clk rise edge)     3.500     3.500 r  
                                                      0.000     3.500 r  ap_clk (IN)
                         net (fo=478, unset)          0.031     3.531    ap_clk
    SLICE_X28Y16         FDRE                                         r  a_9_reg_665[15]_i_2_psdsp_2/C
                         clock pessimism              0.000     3.531    
                         clock uncertainty           -0.035     3.496    
    SLICE_X28Y16         FDRE (Setup_HFF2_SLICEM_C_D)
                                                      0.046     3.542    a_9_reg_665[15]_i_2_psdsp_2
  -------------------------------------------------------------------
                         required time                          3.542    
                         arrival time                          -3.361    
  -------------------------------------------------------------------
                         slack                                  0.181    

Slack (MET) :             0.190ns  (required time - arrival time)
  Source:                 control_s_axi_U/int_input_r/mem_reg/CLKBWRCLK
                            (rising edge-triggered cell RAMB36E2 clocked by ap_clk  {rise@0.000ns fall@1.750ns period=3.500ns})
  Destination:            a_9_reg_665[15]_i_2_psdsp/D
                            (rising edge-triggered cell FDRE clocked by ap_clk  {rise@0.000ns fall@1.750ns period=3.500ns})
  Path Group:             ap_clk
  Path Type:              Setup (Max at Slow Process Corner)
  Requirement:            3.500ns  (ap_clk rise@3.500ns - ap_clk rise@0.000ns)
  Data Path Delay:        3.244ns  (logic 2.288ns (70.537%)  route 0.956ns (29.463%))
  Logic Levels:           5  (CARRY8=3 LUT2=1 LUT4=1)
  Clock Path Skew:        -0.077ns (DCD - SCD + CPR)
    Destination Clock Delay (DCD):    0.029ns = ( 3.529 - 3.500 ) 
    Source Clock Delay      (SCD):    0.106ns
    Clock Pessimism Removal (CPR):    0.000ns
  Clock Uncertainty:      0.035ns  ((TSJ^2 + TIJ^2)^1/2 + DJ) / 2 + PE
    Total System Jitter     (TSJ):    0.071ns
    Total Input Jitter      (TIJ):    0.000ns
    Discrete Jitter          (DJ):    0.000ns
    Phase Error              (PE):    0.000ns

    Location             Delay type                Incr(ns)  Path(ns)    Netlist Resource(s)
  -------------------------------------------------------------------    -------------------
                         (clock ap_clk rise edge)     0.000     0.000 r  
                                                      0.000     0.000 r  ap_clk (IN)
                         net (fo=478, unset)          0.106     0.106    control_s_axi_U/int_input_r/ap_clk
    RAMB36_X0Y3          RAMB36E2                                     r  control_s_axi_U/int_input_r/mem_reg/CLKBWRCLK
  -------------------------------------------------------------------    -------------------
    RAMB36_X0Y3          RAMB36E2 (Prop_RAMB36E2_RAMB36_CLKBWRCLK_DOUTBDOUT[1])
                                                      1.331     1.437 r  control_s_axi_U/int_input_r/mem_reg/DOUTBDOUT[1]
                         net (fo=3, routed)           0.297     1.734    control_s_axi_U/int_input_r/int_input_r_q0[1]
    SLICE_X28Y18         LUT4 (Prop_B6LUT_SLICEM_I1_O)
                                                      0.152     1.886 r  control_s_axi_U/int_input_r/tmp_product_i_18__0/O
                         net (fo=1, routed)           0.022     1.908    control_s_axi_U/int_input_r/tmp_product_i_18__0_n_0
    SLICE_X28Y18         CARRY8 (Prop_CARRY8_SLICEM_S[1]_CO[7])
                                                      0.267     2.175 r  control_s_axi_U/int_input_r/tmp_product_i_3__0/CO[7]
                         net (fo=1, routed)           0.030     2.205    control_s_axi_U/int_input_r/tmp_product_i_3__0_n_0
    SLICE_X28Y19         CARRY8 (Prop_CARRY8_SLICEM_CI_O[1])
                                                      0.106     2.311 r  control_s_axi_U/int_input_r/tmp_product_i_2/O[1]
                         net (fo=2, routed)           0.311     2.622    control_s_axi_U/int_input_r/A[9]
    SLICE_X28Y15         LUT2 (Prop_B6LUT_SLICEM_I1_O)
                                                      0.082     2.704 r  control_s_axi_U/int_input_r/trunc_ln15_5_reg_648_reg_i_10/O
                         net (fo=1, routed)           0.022     2.726    control_s_axi_U/int_input_r/trunc_ln15_5_reg_648_reg_i_10_n_0
    SLICE_X28Y15         CARRY8 (Prop_CARRY8_SLICEM_S[1]_O[7])
                                                      0.350     3.076 r  control_s_axi_U/int_input_r/trunc_ln15_5_reg_648_reg_i_2/O[7]
                         net (fo=4, routed)           0.274     3.350    grp_fu_260_p2[15]
    SLICE_X27Y15         FDRE                                         r  a_9_reg_665[15]_i_2_psdsp/D
  -------------------------------------------------------------------    -------------------

                         (clock ap_clk rise edge)     3.500     3.500 r  
                                                      0.000     3.500 r  ap_clk (IN)
                         net (fo=478, unset)          0.029     3.529    ap_clk
    SLICE_X27Y15         FDRE                                         r  a_9_reg_665[15]_i_2_psdsp/C
                         clock pessimism              0.000     3.529    
                         clock uncertainty           -0.035     3.494    
    SLICE_X27Y15         FDRE (Setup_CFF2_SLICEL_C_D)
                                                      0.046     3.540    a_9_reg_665[15]_i_2_psdsp
  -------------------------------------------------------------------
                         required time                          3.540    
                         arrival time                          -3.350    
  -------------------------------------------------------------------
                         slack                                  0.190    

Slack (MET) :             0.191ns  (required time - arrival time)
  Source:                 control_s_axi_U/int_input_r/mem_reg/CLKBWRCLK
                            (rising edge-triggered cell RAMB36E2 clocked by ap_clk  {rise@0.000ns fall@1.750ns period=3.500ns})
  Destination:            mul_16s_16s_31_1_1_U2/tmp_product/DSP_A_B_DATA_INST/A[22]
                            (rising edge-triggered cell DSP_A_B_DATA clocked by ap_clk  {rise@0.000ns fall@1.750ns period=3.500ns})
  Path Group:             ap_clk
  Path Type:              Setup (Max at Slow Process Corner)
  Requirement:            3.500ns  (ap_clk rise@3.500ns - ap_clk rise@0.000ns)
  Data Path Delay:        2.737ns  (logic 1.921ns (70.196%)  route 0.816ns (29.804%))
  Logic Levels:           3  (CARRY8=2 LUT4=1)
  Clock Path Skew:        -0.051ns (DCD - SCD + CPR)
    Destination Clock Delay (DCD):    0.055ns = ( 3.555 - 3.500 ) 
    Source Clock Delay      (SCD):    0.106ns
    Clock Pessimism Removal (CPR):    0.000ns
  Clock Uncertainty:      0.035ns  ((TSJ^2 + TIJ^2)^1/2 + DJ) / 2 + PE
    Total System Jitter     (TSJ):    0.071ns
    Total Input Jitter      (TIJ):    0.000ns
    Discrete Jitter          (DJ):    0.000ns
    Phase Error              (PE):    0.000ns

    Location             Delay type                Incr(ns)  Path(ns)    Netlist Resource(s)
  -------------------------------------------------------------------    -------------------
                         (clock ap_clk rise edge)     0.000     0.000 r  
                                                      0.000     0.000 r  ap_clk (IN)
                         net (fo=478, unset)          0.106     0.106    control_s_axi_U/int_input_r/ap_clk
    RAMB36_X0Y3          RAMB36E2                                     r  control_s_axi_U/int_input_r/mem_reg/CLKBWRCLK
  -------------------------------------------------------------------    -------------------
    RAMB36_X0Y3          RAMB36E2 (Prop_RAMB36E2_RAMB36_CLKBWRCLK_DOUTBDOUT[1])
                                                      1.331     1.437 r  control_s_axi_U/int_input_r/mem_reg/DOUTBDOUT[1]
                         net (fo=3, routed)           0.297     1.734    control_s_axi_U/int_input_r/int_input_r_q0[1]
    SLICE_X28Y18         LUT4 (Prop_B6LUT_SLICEM_I1_O)
                                                      0.152     1.886 r  control_s_axi_U/int_input_r/tmp_product_i_18__0/O
                         net (fo=1, routed)           0.022     1.908    control_s_axi_U/int_input_r/tmp_product_i_18__0_n_0
    SLICE_X28Y18         CARRY8 (Prop_CARRY8_SLICEM_S[1]_CO[7])
                                                      0.267     2.175 r  control_s_axi_U/int_input_r/tmp_product_i_3__0/CO[7]
                         net (fo=1, routed)           0.030     2.205    control_s_axi_U/int_input_r/tmp_product_i_3__0_n_0
    SLICE_X28Y19         CARRY8 (Prop_CARRY8_SLICEM_CI_O[7])
                                                      0.171     2.376 r  control_s_axi_U/int_input_r/tmp_product_i_2/O[7]
                         net (fo=16, routed)          0.467     2.843    mul_16s_16s_31_1_1_U2/tmp_product/A[22]
    DSP48E2_X7Y6         DSP_A_B_DATA                                 r  mul_16s_16s_31_1_1_U2/tmp_product/DSP_A_B_DATA_INST/A[22]
  -------------------------------------------------------------------    -------------------

                         (clock ap_clk rise edge)     3.500     3.500 r  
                                                      0.000     3.500 r  ap_clk (IN)
                         net (fo=478, unset)          0.055     3.555    mul_16s_16s_31_1_1_U2/tmp_product/CLK
    DSP48E2_X7Y6         DSP_A_B_DATA                                 r  mul_16s_16s_31_1_1_U2/tmp_product/DSP_A_B_DATA_INST/CLK
                         clock pessimism              0.000     3.555    
                         clock uncertainty           -0.035     3.520    
    DSP48E2_X7Y6         DSP_A_B_DATA (Setup_DSP_A_B_DATA_DSP48E2_CLK_A[22])
                                                     -0.486     3.034    mul_16s_16s_31_1_1_U2/tmp_product/DSP_A_B_DATA_INST
  -------------------------------------------------------------------
                         required time                          3.034    
                         arrival time                          -2.843    
  -------------------------------------------------------------------
                         slack                                  0.191    

Slack (MET) :             0.196ns  (required time - arrival time)
  Source:                 control_s_axi_U/int_input_r/mem_reg/CLKBWRCLK
                            (rising edge-triggered cell RAMB36E2 clocked by ap_clk  {rise@0.000ns fall@1.750ns period=3.500ns})
  Destination:            mul_16s_16s_31_1_1_U7/trunc_ln15_9_reg_752_reg_i_10_psdsp_1/D
                            (rising edge-triggered cell FDRE clocked by ap_clk  {rise@0.000ns fall@1.750ns period=3.500ns})
  Path Group:             ap_clk
  Path Type:              Setup (Max at Slow Process Corner)
  Requirement:            3.500ns  (ap_clk rise@3.500ns - ap_clk rise@0.000ns)
  Data Path Delay:        3.238ns  (logic 2.267ns (70.019%)  route 0.971ns (29.981%))
  Logic Levels:           5  (CARRY8=3 LUT2=1 LUT4=1)
  Clock Path Skew:        -0.076ns (DCD - SCD + CPR)
    Destination Clock Delay (DCD):    0.030ns = ( 3.530 - 3.500 ) 
    Source Clock Delay      (SCD):    0.106ns
    Clock Pessimism Removal (CPR):    0.000ns
  Clock Uncertainty:      0.035ns  ((TSJ^2 + TIJ^2)^1/2 + DJ) / 2 + PE
    Total System Jitter     (TSJ):    0.071ns
    Total Input Jitter      (TIJ):    0.000ns
    Discrete Jitter          (DJ):    0.000ns
    Phase Error              (PE):    0.000ns

    Location             Delay type                Incr(ns)  Path(ns)    Netlist Resource(s)
  -------------------------------------------------------------------    -------------------
                         (clock ap_clk rise edge)     0.000     0.000 r  
                                                      0.000     0.000 r  ap_clk (IN)
                         net (fo=478, unset)          0.106     0.106    control_s_axi_U/int_input_r/ap_clk
    RAMB36_X0Y3          RAMB36E2                                     r  control_s_axi_U/int_input_r/mem_reg/CLKBWRCLK
  -------------------------------------------------------------------    -------------------
    RAMB36_X0Y3          RAMB36E2 (Prop_RAMB36E2_RAMB36_CLKBWRCLK_DOUTBDOUT[1])
                                                      1.331     1.437 r  control_s_axi_U/int_input_r/mem_reg/DOUTBDOUT[1]
                         net (fo=3, routed)           0.297     1.734    control_s_axi_U/int_input_r/int_input_r_q0[1]
    SLICE_X28Y18         LUT4 (Prop_B6LUT_SLICEM_I1_O)
                                                      0.152     1.886 r  control_s_axi_U/int_input_r/tmp_product_i_18__0/O
                         net (fo=1, routed)           0.022     1.908    control_s_axi_U/int_input_r/tmp_product_i_18__0_n_0
    SLICE_X28Y18         CARRY8 (Prop_CARRY8_SLICEM_S[1]_CO[7])
                                                      0.267     2.175 r  control_s_axi_U/int_input_r/tmp_product_i_3__0/CO[7]
                         net (fo=1, routed)           0.030     2.205    control_s_axi_U/int_input_r/tmp_product_i_3__0_n_0
    SLICE_X28Y19         CARRY8 (Prop_CARRY8_SLICEM_CI_O[1])
                                                      0.106     2.311 r  control_s_axi_U/int_input_r/tmp_product_i_2/O[1]
                         net (fo=2, routed)           0.311     2.622    control_s_axi_U/int_input_r/A[9]
    SLICE_X28Y15         LUT2 (Prop_B6LUT_SLICEM_I1_O)
                                                      0.082     2.704 r  control_s_axi_U/int_input_r/trunc_ln15_5_reg_648_reg_i_10/O
                         net (fo=1, routed)           0.022     2.726    control_s_axi_U/int_input_r/trunc_ln15_5_reg_648_reg_i_10_n_0
    SLICE_X28Y15         CARRY8 (Prop_CARRY8_SLICEM_S[1]_O[6])
                                                      0.329     3.055 r  control_s_axi_U/int_input_r/trunc_ln15_5_reg_648_reg_i_2/O[6]
                         net (fo=4, routed)           0.289     3.344    mul_16s_16s_31_1_1_U7/DSP_ALU_INST_0[14]
    SLICE_X28Y13         FDRE                                         r  mul_16s_16s_31_1_1_U7/trunc_ln15_9_reg_752_reg_i_10_psdsp_1/D
  -------------------------------------------------------------------    -------------------

                         (clock ap_clk rise edge)     3.500     3.500 r  
                                                      0.000     3.500 r  ap_clk (IN)
                         net (fo=478, unset)          0.030     3.530    mul_16s_16s_31_1_1_U7/ap_clk
    SLICE_X28Y13         FDRE                                         r  mul_16s_16s_31_1_1_U7/trunc_ln15_9_reg_752_reg_i_10_psdsp_1/C
                         clock pessimism              0.000     3.530    
                         clock uncertainty           -0.035     3.495    
    SLICE_X28Y13         FDRE (Setup_CFF2_SLICEM_C_D)
                                                      0.045     3.540    mul_16s_16s_31_1_1_U7/trunc_ln15_9_reg_752_reg_i_10_psdsp_1
  -------------------------------------------------------------------
                         required time                          3.540    
                         arrival time                          -3.344    
  -------------------------------------------------------------------
                         slack                                  0.196    

Slack (MET) :             0.198ns  (required time - arrival time)
  Source:                 control_s_axi_U/int_input_r/mem_reg/CLKBWRCLK
                            (rising edge-triggered cell RAMB36E2 clocked by ap_clk  {rise@0.000ns fall@1.750ns period=3.500ns})
  Destination:            trunc_ln15_2_reg_676_reg/DSP_A_B_DATA_INST/A[13]
                            (rising edge-triggered cell DSP_A_B_DATA clocked by ap_clk  {rise@0.000ns fall@1.750ns period=3.500ns})
  Path Group:             ap_clk
  Path Type:              Setup (Max at Slow Process Corner)
  Requirement:            3.500ns  (ap_clk rise@3.500ns - ap_clk rise@0.000ns)
  Data Path Delay:        2.689ns  (logic 1.955ns (72.698%)  route 0.734ns (27.302%))
  Logic Levels:           3  (CARRY8=2 LUT4=1)
  Clock Path Skew:        -0.051ns (DCD - SCD + CPR)
    Destination Clock Delay (DCD):    0.055ns = ( 3.555 - 3.500 ) 
    Source Clock Delay      (SCD):    0.106ns
    Clock Pessimism Removal (CPR):    0.000ns
  Clock Uncertainty:      0.035ns  ((TSJ^2 + TIJ^2)^1/2 + DJ) / 2 + PE
    Total System Jitter     (TSJ):    0.071ns
    Total Input Jitter      (TIJ):    0.000ns
    Discrete Jitter          (DJ):    0.000ns
    Phase Error              (PE):    0.000ns

    Location             Delay type                Incr(ns)  Path(ns)    Netlist Resource(s)
  -------------------------------------------------------------------    -------------------
                         (clock ap_clk rise edge)     0.000     0.000 r  
                                                      0.000     0.000 r  ap_clk (IN)
                         net (fo=478, unset)          0.106     0.106    control_s_axi_U/int_input_r/ap_clk
    RAMB36_X0Y3          RAMB36E2                                     r  control_s_axi_U/int_input_r/mem_reg/CLKBWRCLK
  -------------------------------------------------------------------    -------------------
    RAMB36_X0Y3          RAMB36E2 (Prop_RAMB36E2_RAMB36_CLKBWRCLK_DOUTBDOUT[1])
                                                      1.331     1.437 r  control_s_axi_U/int_input_r/mem_reg/DOUTBDOUT[1]
                         net (fo=3, routed)           0.302     1.739    control_s_axi_U/int_input_r/int_input_r_q0[1]
    SLICE_X28Y16         LUT4 (Prop_B6LUT_SLICEM_I1_O)
                                                      0.188     1.927 r  control_s_axi_U/int_input_r/trunc_ln15_2_reg_676_reg_i_18/O
                         net (fo=1, routed)           0.022     1.949    control_s_axi_U/int_input_r/trunc_ln15_2_reg_676_reg_i_18_n_0
    SLICE_X28Y16         CARRY8 (Prop_CARRY8_SLICEM_S[1]_CO[7])
                                                      0.267     2.216 r  control_s_axi_U/int_input_r/trunc_ln15_2_reg_676_reg_i_3/CO[7]
                         net (fo=1, routed)           0.030     2.246    control_s_axi_U/int_input_r/trunc_ln15_2_reg_676_reg_i_3_n_0
    SLICE_X28Y17         CARRY8 (Prop_CARRY8_SLICEM_CI_O[5])
                                                      0.169     2.415 r  control_s_axi_U/int_input_r/trunc_ln15_2_reg_676_reg_i_2/O[5]
                         net (fo=3, routed)           0.380     2.795    trunc_ln15_2_reg_676_reg/A[13]
    DSP48E2_X7Y7         DSP_A_B_DATA                                 r  trunc_ln15_2_reg_676_reg/DSP_A_B_DATA_INST/A[13]
  -------------------------------------------------------------------    -------------------

                         (clock ap_clk rise edge)     3.500     3.500 r  
                                                      0.000     3.500 r  ap_clk (IN)
                         net (fo=478, unset)          0.055     3.555    trunc_ln15_2_reg_676_reg/CLK
    DSP48E2_X7Y7         DSP_A_B_DATA                                 r  trunc_ln15_2_reg_676_reg/DSP_A_B_DATA_INST/CLK
                         clock pessimism              0.000     3.555    
                         clock uncertainty           -0.035     3.520    
    DSP48E2_X7Y7         DSP_A_B_DATA (Setup_DSP_A_B_DATA_DSP48E2_CLK_A[13])
                                                     -0.526     2.994    trunc_ln15_2_reg_676_reg/DSP_A_B_DATA_INST
  -------------------------------------------------------------------
                         required time                          2.994    
                         arrival time                          -2.795    
  -------------------------------------------------------------------
                         slack                                  0.198    





Pulse Width Checks
--------------------------------------------------------------------------------------
Clock Name:         ap_clk
Waveform(ns):       { 0.000 1.750 }
Period(ns):         3.500
Sources:            { ap_clk }

Check Type        Corner  Lib Pin             Reference Pin  Required(ns)  Actual(ns)  Slack(ns)  Location       Pin
Min Period        n/a     RAMB36E2/CLKARDCLK  n/a            1.960         3.500       1.540      RAMB36_X0Y3    control_s_axi_U/int_input_r/mem_reg/CLKARDCLK
Min Period        n/a     RAMB18E2/CLKARDCLK  n/a            1.960         3.500       1.540      RAMB18_X0Y8    control_s_axi_U/int_output_r/mem_reg/CLKARDCLK
Min Period        n/a     RAMB18E2/CLKBWRCLK  n/a            1.960         3.500       1.540      RAMB18_X0Y8    control_s_axi_U/int_output_r/mem_reg/CLKBWRCLK
Min Period        n/a     RAMB36E2/CLKBWRCLK  n/a            1.709         3.500       1.791      RAMB36_X0Y3    control_s_axi_U/int_input_r/mem_reg/CLKBWRCLK
Min Period        n/a     DSP_OUTPUT/CLK      n/a            0.850         3.500       2.650      DSP48E2_X7Y8   mul_16s_16s_31_1_1_U7/tmp_product/DSP_OUTPUT_INST/CLK
Min Period        n/a     DSP_OUTPUT/CLK      n/a            0.850         3.500       2.650      DSP48E2_X7Y10  mul_16s_16s_31_1_1_U9/tmp_product/DSP_OUTPUT_INST/CLK
Min Period        n/a     DSP_OUTPUT/CLK      n/a            0.850         3.500       2.650      DSP48E2_X8Y6   trunc_ln15_10_reg_742_reg/DSP_OUTPUT_INST/CLK
Min Period        n/a     DSP_OUTPUT/CLK      n/a            0.850         3.500       2.650      DSP48E2_X7Y7   trunc_ln15_2_reg_676_reg/DSP_OUTPUT_INST/CLK
Min Period        n/a     DSP_OUTPUT/CLK      n/a            0.850         3.500       2.650      DSP48E2_X7Y9   trunc_ln15_4_reg_681_reg/DSP_OUTPUT_INST/CLK
Min Period        n/a     DSP_OUTPUT/CLK      n/a            0.850         3.500       2.650      DSP48E2_X7Y5   trunc_ln15_5_reg_648_reg/DSP_OUTPUT_INST/CLK
Min Period        n/a     DSP_OUTPUT/CLK      n/a            0.850         3.500       2.650      DSP48E2_X7Y11  trunc_ln15_8_reg_799_reg/DSP_OUTPUT_INST/CLK
Min Period        n/a     DSP_OUTPUT/CLK      n/a            0.850         3.500       2.650      DSP48E2_X8Y8   trunc_ln15_9_reg_752_reg/DSP_OUTPUT_INST/CLK
Min Period        n/a     DSP_OUTPUT/CLK      n/a            0.850         3.500       2.650      DSP48E2_X8Y9   trunc_ln15_s_reg_784_reg/DSP_OUTPUT_INST/CLK
Min Period        n/a     DSP_OUTPUT/CLK      n/a            0.850         3.500       2.650      DSP48E2_X7Y4   trunc_ln_reg_615_reg/DSP_OUTPUT_INST/CLK
Min Period        n/a     DSP_A_B_DATA/CLK    n/a            0.700         3.500       2.800      DSP48E2_X7Y6   mul_16s_16s_31_1_1_U2/tmp_product/DSP_A_B_DATA_INST/CLK
Min Period        n/a     DSP_A_B_DATA/CLK    n/a            0.700         3.500       2.800      DSP48E2_X7Y8   mul_16s_16s_31_1_1_U7/tmp_product/DSP_A_B_DATA_INST/CLK
Min Period        n/a     DSP_A_B_DATA/CLK    n/a            0.700         3.500       2.800      DSP48E2_X7Y10  mul_16s_16s_31_1_1_U9/tmp_product/DSP_A_B_DATA_INST/CLK
Min Period        n/a     DSP_A_B_DATA/CLK    n/a            0.700         3.500       2.800      DSP48E2_X8Y6   trunc_ln15_10_reg_742_reg/DSP_A_B_DATA_INST/CLK
Min Period        n/a     DSP_A_B_DATA/CLK    n/a            0.700         3.500       2.800      DSP48E2_X7Y7   trunc_ln15_2_reg_676_reg/DSP_A_B_DATA_INST/CLK
Min Period        n/a     DSP_A_B_DATA/CLK    n/a            0.700         3.500       2.800      DSP48E2_X7Y9   trunc_ln15_4_reg_681_reg/DSP_A_B_DATA_INST/CLK
Low Pulse Width   Slow    RAMB36E2/CLKARDCLK  n/a            0.577         1.750       1.173      RAMB36_X0Y3    control_s_axi_U/int_input_r/mem_reg/CLKARDCLK
Low Pulse Width   Fast    RAMB36E2/CLKARDCLK  n/a            0.577         1.750       1.173      RAMB36_X0Y3    control_s_axi_U/int_input_r/mem_reg/CLKARDCLK
Low Pulse Width   Slow    RAMB36E2/CLKBWRCLK  n/a            0.577         1.750       1.173      RAMB36_X0Y3    control_s_axi_U/int_input_r/mem_reg/CLKBWRCLK
Low Pulse Width   Fast    RAMB36E2/CLKBWRCLK  n/a            0.577         1.750       1.173      RAMB36_X0Y3    control_s_axi_U/int_input_r/mem_reg/CLKBWRCLK
Low Pulse Width   Slow    RAMB18E2/CLKARDCLK  n/a            0.577         1.750       1.173      RAMB18_X0Y8    control_s_axi_U/int_output_r/mem_reg/CLKARDCLK
Low Pulse Width   Fast    RAMB18E2/CLKARDCLK  n/a            0.577         1.750       1.173      RAMB18_X0Y8    control_s_axi_U/int_output_r/mem_reg/CLKARDCLK
Low Pulse Width   Slow    RAMB18E2/CLKBWRCLK  n/a            0.577         1.750       1.173      RAMB18_X0Y8    control_s_axi_U/int_output_r/mem_reg/CLKBWRCLK
Low Pulse Width   Fast    RAMB18E2/CLKBWRCLK  n/a            0.577         1.750       1.173      RAMB18_X0Y8    control_s_axi_U/int_output_r/mem_reg/CLKBWRCLK
Low Pulse Width   Slow    FDRE/C              n/a            0.275         1.750       1.475      SLICE_X27Y22   a_4_reg_625_reg[0]/C
Low Pulse Width   Fast    FDRE/C              n/a            0.275         1.750       1.475      SLICE_X27Y22   a_4_reg_625_reg[0]/C
Low Pulse Width   Slow    FDRE/C              n/a            0.275         1.750       1.475      SLICE_X27Y23   a_4_reg_625_reg[10]/C
Low Pulse Width   Fast    FDRE/C              n/a            0.275         1.750       1.475      SLICE_X27Y23   a_4_reg_625_reg[10]/C
Low Pulse Width   Slow    FDRE/C              n/a            0.275         1.750       1.475      SLICE_X27Y23   a_4_reg_625_reg[11]/C
Low Pulse Width   Fast    FDRE/C              n/a            0.275         1.750       1.475      SLICE_X27Y23   a_4_reg_625_reg[11]/C
Low Pulse Width   Slow    FDRE/C              n/a            0.275         1.750       1.475      SLICE_X27Y23   a_4_reg_625_reg[12]/C
Low Pulse Width   Fast    FDRE/C              n/a            0.275         1.750       1.475      SLICE_X27Y23   a_4_reg_625_reg[12]/C
Low Pulse Width   Slow    FDRE/C              n/a            0.275         1.750       1.475      SLICE_X27Y23   a_4_reg_625_reg[13]/C
Low Pulse Width   Fast    FDRE/C              n/a            0.275         1.750       1.475      SLICE_X27Y23   a_4_reg_625_reg[13]/C
Low Pulse Width   Slow    FDRE/C              n/a            0.275         1.750       1.475      SLICE_X27Y23   a_4_reg_625_reg[14]/C
Low Pulse Width   Fast    FDRE/C              n/a            0.275         1.750       1.475      SLICE_X27Y23   a_4_reg_625_reg[14]/C
High Pulse Width  Slow    RAMB36E2/CLKARDCLK  n/a            0.577         1.750       1.173      RAMB36_X0Y3    control_s_axi_U/int_input_r/mem_reg/CLKARDCLK
High Pulse Width  Fast    RAMB36E2/CLKARDCLK  n/a            0.577         1.750       1.173      RAMB36_X0Y3    control_s_axi_U/int_input_r/mem_reg/CLKARDCLK
High Pulse Width  Slow    RAMB36E2/CLKBWRCLK  n/a            0.577         1.750       1.173      RAMB36_X0Y3    control_s_axi_U/int_input_r/mem_reg/CLKBWRCLK
High Pulse Width  Fast    RAMB36E2/CLKBWRCLK  n/a            0.577         1.750       1.173      RAMB36_X0Y3    control_s_axi_U/int_input_r/mem_reg/CLKBWRCLK
High Pulse Width  Slow    RAMB18E2/CLKARDCLK  n/a            0.577         1.750       1.173      RAMB18_X0Y8    control_s_axi_U/int_output_r/mem_reg/CLKARDCLK
High Pulse Width  Fast    RAMB18E2/CLKARDCLK  n/a            0.577         1.750       1.173      RAMB18_X0Y8    control_s_axi_U/int_output_r/mem_reg/CLKARDCLK
High Pulse Width  Slow    RAMB18E2/CLKBWRCLK  n/a            0.577         1.750       1.173      RAMB18_X0Y8    control_s_axi_U/int_output_r/mem_reg/CLKBWRCLK
High Pulse Width  Fast    RAMB18E2/CLKBWRCLK  n/a            0.577         1.750       1.173      RAMB18_X0Y8    control_s_axi_U/int_output_r/mem_reg/CLKBWRCLK
High Pulse Width  Slow    FDRE/C              n/a            0.275         1.750       1.475      SLICE_X27Y22   a_4_reg_625_reg[0]/C
High Pulse Width  Fast    FDRE/C              n/a            0.275         1.750       1.475      SLICE_X27Y22   a_4_reg_625_reg[0]/C
High Pulse Width  Slow    FDRE/C              n/a            0.275         1.750       1.475      SLICE_X27Y23   a_4_reg_625_reg[10]/C
High Pulse Width  Fast    FDRE/C              n/a            0.275         1.750       1.475      SLICE_X27Y23   a_4_reg_625_reg[10]/C
High Pulse Width  Slow    FDRE/C              n/a            0.275         1.750       1.475      SLICE_X27Y23   a_4_reg_625_reg[11]/C
High Pulse Width  Fast    FDRE/C              n/a            0.275         1.750       1.475      SLICE_X27Y23   a_4_reg_625_reg[11]/C
High Pulse Width  Slow    FDRE/C              n/a            0.275         1.750       1.475      SLICE_X27Y23   a_4_reg_625_reg[12]/C
High Pulse Width  Fast    FDRE/C              n/a            0.275         1.750       1.475      SLICE_X27Y23   a_4_reg_625_reg[12]/C
High Pulse Width  Slow    FDRE/C              n/a            0.275         1.750       1.475      SLICE_X27Y23   a_4_reg_625_reg[13]/C
High Pulse Width  Fast    FDRE/C              n/a            0.275         1.750       1.475      SLICE_X27Y23   a_4_reg_625_reg[13]/C
High Pulse Width  Slow    FDRE/C              n/a            0.275         1.750       1.475      SLICE_X27Y23   a_4_reg_625_reg[14]/C
High Pulse Width  Fast    FDRE/C              n/a            0.275         1.750       1.475      SLICE_X27Y23   a_4_reg_625_reg[14]/C



