INFO-FLOW: Workspace C:/Users/sfv02/Documents/TEC/Maestria/2026-2C/Alto_Nivel/Evaluaciones_Cortas/3-HLS/MP6160_grupo_5/hls/rgb2gray_hls_work/rgb2gray_hls/solution opened at Mon Jul 20 17:43:11 -0600 2026
Execute       send_msg_by_id INFO @200-1505@%s%s  vitis 
INFO: [HLS 200-1505] Using flow_target 'vitis'
Execute       send_msg_by_id INFO @200-435@%s%s 'open_solution -flow_target vitis' config_interface -m_axi_latency=64 
INFO: [HLS 200-435] Setting 'open_solution -flow_target vitis' configuration: config_interface -m_axi_latency=64
Execute       config_interface -m_axi_latency=64 
Execute       send_msg_by_id INFO @200-435@%s%s 'open_solution -flow_target vitis' config_interface -m_axi_alignment_byte_size=64 
INFO: [HLS 200-435] Setting 'open_solution -flow_target vitis' configuration: config_interface -m_axi_alignment_byte_size=64
Execute       config_interface -m_axi_alignment_byte_size=64 
Execute       send_msg_by_id INFO @200-435@%s%s 'open_solution -flow_target vitis' config_interface -m_axi_max_widen_bitwidth=512 
INFO: [HLS 200-435] Setting 'open_solution -flow_target vitis' configuration: config_interface -m_axi_max_widen_bitwidth=512
Execute       config_interface -m_axi_max_widen_bitwidth=512 
INFO-FLOW: Setting macro_cmd open_solution -flow_target vitis configuration: config_interface -default_interface=kernel
Execute       config_interface -default_interface=kernel 
Execute       send_msg_by_id INFO @200-435@%s%s 'open_solution -flow_target vitis' config_rtl -register_reset_num=3 
INFO: [HLS 200-435] Setting 'open_solution -flow_target vitis' configuration: config_rtl -register_reset_num=3
Execute       config_rtl -register_reset_num=3 
Execute     set_part xcvc1902-vsva2197-2MP-e-S 
INFO: [HLS 200-1510] Running: set_part xcvc1902-vsva2197-2MP-e-S 
Execute       create_platform xcvc1902-vsva2197-2MP-e-S -board  
DBG:HLSDevice: Trying to load device library: C:/Xilinx/Vitis_HLS/2024.1\lib\win64.o\xv_hlsvwrap.dll
DBG:HLSDevice: first parts/arch.xml in RDI_DATADIR: C:/Xilinx/Vivado/2024.1/data/parts/arch.xml
DBG:HLSDevice: init success
INFO: [HLS 200-1611] Setting target device to 'xcvc1902-vsva2197-2MP-e-S'
Command       create_platform done; 1.234 sec.
Execute       source C:/Xilinx/Vitis_HLS/2024.1/common/technology/xilinx/common/xilinx.gen 
Execute         source C:/Xilinx/Vitis_HLS/2024.1/common/technology/xilinx/interface/plb46.gen 
Execute         source C:/Xilinx/Vitis_HLS/2024.1/common/technology/xilinx/interface/axi4.gen 
Execute         source C:/Xilinx/Vitis_HLS/2024.1/common/technology/xilinx/interface/nativeAXI4.gen 
Execute           source C:/Xilinx/Vitis_HLS/2024.1/common/technology/xilinx/interface/saxilite.gen 
Execute         source C:/Xilinx/Vitis_HLS/2024.1/common/technology/xilinx/scripts/xilinxcoregen.gen 
Execute         source C:/Xilinx/Vitis_HLS/2024.1/common/technology/xilinx/interface/XilEDKCoreGen.gen 
Execute         source C:/Xilinx/Vitis_HLS/2024.1/common/technology/xilinx/ip/dds_compiler.gen 
Execute         source C:/Xilinx/Vitis_HLS/2024.1/common/technology/xilinx/ip/util.gen 
Execute         source C:/Xilinx/Vitis_HLS/2024.1/common/technology/xilinx/ip/xfft.gen 
Execute         source C:/Xilinx/Vitis_HLS/2024.1/common/technology/xilinx/ip/xfir.gen 
Execute         source C:/Xilinx/Vitis_HLS/2024.1/common/technology/xilinx/DSP48/dsp48.gen 
Execute       ap_part_info -name xcvc1902-vsva2197-2MP-e-S -data info 
Execute       config_compile -quiet -complex-mul-dsp=1 
Command     set_part done; 1.354 sec.
Execute     create_clock -period 250MHz -name default 
INFO: [HLS 200-1510] Running: create_clock -period 250MHz -name default 
Execute       ap_set_clock -name default -period 4 -unit ns -default=false 
INFO: [SYN 201-201] Setting up clock 'default' with a period of 4ns.
Execute     config_dataflow -strict_mode warning 
INFO: [HLS 200-1510] Running: config_dataflow -strict_mode warning 
Execute     config_rtl -deadlock_detection sim 
INFO: [HLS 200-1510] Running: config_rtl -deadlock_detection sim 
Execute     config_interface -m_axi_conservative_mode=1 
INFO: [HLS 200-1510] Running: config_interface -m_axi_conservative_mode=1 
Execute     config_interface -m_axi_addr64 
INFO: [HLS 200-1510] Running: config_interface -m_axi_addr64 
Execute     config_interface -m_axi_auto_max_ports=0 
INFO: [HLS 200-1510] Running: config_interface -m_axi_auto_max_ports=0 
Execute     config_export -format xo -ipname rgb2gray_top 
INFO: [HLS 200-1510] Running: config_export -format xo -ipname rgb2gray_top 
Execute     csim_design -clean 
INFO: [HLS 200-1510] Running: csim_design -clean 
INFO-FLOW: Running SLX 'csim' proc: ::SLX::run_csim
INFO: [SIM 211-2] *************** CSIM start ***************
INFO: [SIM 211-4] CSIM will launch CLANG as the compiler.
Execute       send_msg_by_id INFO @200-2036@%s debug 
INFO: [HLS 200-2036] Building debug C Simulation binaries
Execute       source C:/Xilinx/Vitis_HLS/2024.1/tps/tcl/tcllib1.11.1/yaml/huddle.tcl 
Execute       source C:/Xilinx/Vitis_HLS/2024.1/tps/tcl/tcllib1.11.1/yaml/json2huddle.tcl 
Execute         source C:/Xilinx/Vitis_HLS/2024.1/tps/tcl/tcllib1.11.1/try/try.tcl 
Execute       ap_part_info -name xcvc1902-vsva2197-2MP-e-S -data info 
Execute       source run_sim.tcl 
Command       ap_source done; 0.16 sec.
INFO: [SIM 211-1] CSim done with 0 errors.
INFO: [SIM 211-3] *************** CSIM finish ***************
Command     csim_design done; 6.027 sec.
INFO: [HLS 200-2161] Finished Command csim_design Elapsed time: 00:00:06; Allocated memory: 0.934 MB.
Execute     csynth_design 
INFO: [HLS 200-1510] Running: csynth_design 
INFO-FLOW: Running SLX 'csynth' proc: ::SLX::run_csynth
Execute       elaborate -effort=medium -skip_syncheck=0 -keep_printf=0 -skip_cdt=0 -skip_transform=0 -ng=0 -g=0 -opt_fp=0 -from_csynth_design=1 
INFO: [HLS 200-111] Finished File checks and directory preparation: CPU user time: 0 seconds. CPU system time: 0 seconds. Elapsed time: 0.159 seconds; current allocated memory: 188.191 MB.
Execute         set_directive_top rgb2gray_top -name=rgb2gray_top 
INFO: [HLS 200-10] Analyzing design file '../rgb2gray_kernel.cpp' ... 
INFO-FLOW: Compiling one TU...
INFO-FLOW: Handling ../rgb2gray_kernel.cpp as C++
Execute         ap_part_info -name xcvc1902-vsva2197-2MP-e-S -data info 
INFO-FLOW: Running: GCC PP 39
INFO-FLOW: Source preprocessing
INFO-FLOW: run_clang exec: C:/Xilinx/Vitis_HLS/2024.1/win64/tools/clang-3.9-csynth/bin/clang ../rgb2gray_kernel.cpp -foptimization-record-file=C:/Users/sfv02/Documents/TEC/Maestria/2026-2C/Alto_Nivel/Evaluaciones_Cortas/3-HLS/MP6160_grupo_5/hls/rgb2gray_hls_work/rgb2gray_hls/solution/.autopilot/db/rgb2gray_kernel.cpp.clang.diag.yml -mllvm -pass-remarks-missed=reflow|pasta|unroll -mllvm -pass-remarks=reflow|pasta|unroll|inline -fno-limit-debug-info --sysroot C:/Xilinx/Vitis_HLS/2024.1/tps/mingw/8.3.0/win64.o/nt -fhls -fno-exceptions -insert-hls-directive=C:/Users/sfv02/Documents/TEC/Maestria/2026-2C/Alto_Nivel/Evaluaciones_Cortas/3-HLS/MP6160_grupo_5/hls/rgb2gray_hls_work/rgb2gray_hls/solution/.autopilot/db/all.directive.json -E --std=c++14 -fno-math-errno -c -emit-llvm -mllvm -disable-llvm-optzns -Werror=implicit-function-declaration -Werror=implicit-hls-streams -Werror=return-type -Wpragmas -Wunused-parameter -Wdump-hls-pragmas -Wno-error=dump-hls-pragmas -hls-clock-period=4 -fno-threadsafe-statics -fno-use-cxa-atexit -target fpga64-xilinx-mingw32 -fno-threadsafe-statics -fno-use-cxa-atexit -D__VITIS_HLS__ -DAESL_SYN -D__SYNTHESIS__ -D__HLS_SYN__ -I C:/Xilinx/Vitis_HLS/2024.1/common/technology/autopilot -I C:/Xilinx/Vitis_HLS/2024.1/common/technology/autopilot/ap_sysc -include etc/autopilot_ssdm_op.h -D__DSP58_PRIMARY__ -I /usr/include/x86_64-linux-gnu -o C:/Users/sfv02/Documents/TEC/Maestria/2026-2C/Alto_Nivel/Evaluaciones_Cortas/3-HLS/MP6160_grupo_5/hls/rgb2gray_hls_work/rgb2gray_hls/solution/.autopilot/db/rgb2gray_kernel.pp.0.cpp {-hls-platform-db-name=C:/Xilinx/Vitis_HLS/2024.1\common/technology\xilinx/common/platform.db} -hls-platform-name=versal_medium -device-resource-info=BRAM_1934.000000_DSP_1968.000000_FF_1799680.000000_LUT_899840.000000_SLICE_112480.000000_URAM_463.000000 -device-name-info=xcvc1902-vsva2197-2MP-e-S > C:/Users/sfv02/Documents/TEC/Maestria/2026-2C/Alto_Nivel/Evaluaciones_Cortas/3-HLS/MP6160_grupo_5/hls/rgb2gray_hls_work/rgb2gray_hls/solution/.autopilot/db/rgb2gray_kernel.cpp.clang.out.log 2> C:/Users/sfv02/Documents/TEC/Maestria/2026-2C/Alto_Nivel/Evaluaciones_Cortas/3-HLS/MP6160_grupo_5/hls/rgb2gray_hls_work/rgb2gray_hls/solution/.autopilot/db/rgb2gray_kernel.cpp.clang.err.log
INFO-FLOW: Done: GCC PP 39 time: 0.4 seconds per iteration
INFO-FLOW: Source syntax check for synthesis
INFO-FLOW: run_clang exec: C:/Xilinx/Vitis_HLS/2024.1/win64/tools/clang-3.9-csynth/bin/clang -foptimization-record-file=C:/Users/sfv02/Documents/TEC/Maestria/2026-2C/Alto_Nivel/Evaluaciones_Cortas/3-HLS/MP6160_grupo_5/hls/rgb2gray_hls_work/rgb2gray_hls/solution/.autopilot/db/clang.diag.yml -mllvm -pass-remarks-missed=reflow|pasta|unroll -mllvm -pass-remarks=reflow|pasta|unroll|inline -fsyntax-only -fhls -target fpga64-xilinx-linux-gnu C:/Users/sfv02/Documents/TEC/Maestria/2026-2C/Alto_Nivel/Evaluaciones_Cortas/3-HLS/MP6160_grupo_5/hls/rgb2gray_hls_work/rgb2gray_hls/solution/.autopilot/db/rgb2gray_kernel.pp.0.cpp {-hls-platform-db-name=C:/Xilinx/Vitis_HLS/2024.1\common/technology\xilinx/common/platform.db} -hls-platform-name=versal_medium -device-resource-info=BRAM_1934.000000_DSP_1968.000000_FF_1799680.000000_LUT_899840.000000_SLICE_112480.000000_URAM_463.000000 -device-name-info=xcvc1902-vsva2197-2MP-e-S > C:/Users/sfv02/Documents/TEC/Maestria/2026-2C/Alto_Nivel/Evaluaciones_Cortas/3-HLS/MP6160_grupo_5/hls/rgb2gray_hls_work/rgb2gray_hls/solution/.autopilot/db/clang.out.log 2> C:/Users/sfv02/Documents/TEC/Maestria/2026-2C/Alto_Nivel/Evaluaciones_Cortas/3-HLS/MP6160_grupo_5/hls/rgb2gray_hls_work/rgb2gray_hls/solution/.autopilot/db/clang.err.log
Execute         clang_tidy xilinx-systemc-detector -desc systemc-detector C:/Users/sfv02/Documents/TEC/Maestria/2026-2C/Alto_Nivel/Evaluaciones_Cortas/3-HLS/MP6160_grupo_5/hls/rgb2gray_hls_work/rgb2gray_hls/solution/.autopilot/db/rgb2gray_kernel.pp.0.cpp std=c++14 -target fpga  -directive=C:/Users/sfv02/Documents/TEC/Maestria/2026-2C/Alto_Nivel/Evaluaciones_Cortas/3-HLS/MP6160_grupo_5/hls/rgb2gray_hls_work/rgb2gray_hls/solution/.autopilot/db/.systemc_flag 
INFO-FLOW: exec C:/Xilinx/Vitis_HLS/2024.1/win64/tools/clang-3.9-csynth/bin/clang-tidy -header-filter=.* --checks=-*,xilinx-systemc-detector -import-directive=C:/Users/sfv02/Documents/TEC/Maestria/2026-2C/Alto_Nivel/Evaluaciones_Cortas/3-HLS/MP6160_grupo_5/hls/rgb2gray_hls_work/rgb2gray_hls/solution/.autopilot/db/.systemc_flag -fix-errors C:/Users/sfv02/Documents/TEC/Maestria/2026-2C/Alto_Nivel/Evaluaciones_Cortas/3-HLS/MP6160_grupo_5/hls/rgb2gray_hls_work/rgb2gray_hls/solution/.autopilot/db/rgb2gray_kernel.pp.0.cpp -- -std=c++14 -target fpga -fhls -ferror-limit=0
Command         clang_tidy done; 0.528 sec.
INFO-FLOW: Running: clang-tidy CDT preprocess 39
Execute         clang_tidy xilinx-directive2pragma -desc directive2pragma C:/Users/sfv02/Documents/TEC/Maestria/2026-2C/Alto_Nivel/Evaluaciones_Cortas/3-HLS/MP6160_grupo_5/hls/rgb2gray_hls_work/rgb2gray_hls/solution/.autopilot/db/rgb2gray_kernel.pp.0.cpp std=c++14 -target fpga  -directive=C:/Users/sfv02/Documents/TEC/Maestria/2026-2C/Alto_Nivel/Evaluaciones_Cortas/3-HLS/MP6160_grupo_5/hls/rgb2gray_hls_work/rgb2gray_hls/solution/.autopilot/db/all.directive.json 
INFO-FLOW: exec C:/Xilinx/Vitis_HLS/2024.1/win64/tools/clang-3.9-csynth/bin/clang-tidy -header-filter=.* --checks=-*,xilinx-directive2pragma -import-directive=C:/Users/sfv02/Documents/TEC/Maestria/2026-2C/Alto_Nivel/Evaluaciones_Cortas/3-HLS/MP6160_grupo_5/hls/rgb2gray_hls_work/rgb2gray_hls/solution/.autopilot/db/all.directive.json -fix-errors C:/Users/sfv02/Documents/TEC/Maestria/2026-2C/Alto_Nivel/Evaluaciones_Cortas/3-HLS/MP6160_grupo_5/hls/rgb2gray_hls_work/rgb2gray_hls/solution/.autopilot/db/rgb2gray_kernel.pp.0.cpp -- -std=c++14 -target fpga -fhls -ferror-limit=0
Command         clang_tidy done; 0.789 sec.
INFO-FLOW: Done: clang-tidy CDT preprocess 39 time: 0.8 seconds per iteration
INFO-FLOW: Calling xilinx-label-all-loops ... 
INFO-FLOW: Calling xilinx-aggregate-on-hls-vector ... 
Execute         clang_tidy -errorcheck -desc loop-label xilinx-label-all-loops,xilinx-aggregate-on-hls-vector,,xilinx-warn-mayneed-no-ctor-attribute C:/Users/sfv02/Documents/TEC/Maestria/2026-2C/Alto_Nivel/Evaluaciones_Cortas/3-HLS/MP6160_grupo_5/hls/rgb2gray_hls_work/rgb2gray_hls/solution/.autopilot/db/rgb2gray_kernel.pp.0.cpp std=c++14 -target fpga  
INFO-FLOW: run_clang exec: C:/Xilinx/Vitis_HLS/2024.1/win64/tools/clang-3.9-csynth/bin/clang-tidy -export-fixes=C:/Users/sfv02/Documents/TEC/Maestria/2026-2C/Alto_Nivel/Evaluaciones_Cortas/3-HLS/MP6160_grupo_5/hls/rgb2gray_hls_work/rgb2gray_hls/solution/.autopilot/db/rgb2gray_kernel.pp.0.cpp.clang-tidy.loop-label.diag.yml -header-filter=.* --checks=-*,xilinx-label-all-loops,xilinx-aggregate-on-hls-vector,,xilinx-warn-mayneed-no-ctor-attribute -fix-errors C:/Users/sfv02/Documents/TEC/Maestria/2026-2C/Alto_Nivel/Evaluaciones_Cortas/3-HLS/MP6160_grupo_5/hls/rgb2gray_hls_work/rgb2gray_hls/solution/.autopilot/db/rgb2gray_kernel.pp.0.cpp -- -std=c++14 -target fpga -fhls -ferror-limit=0 > C:/Users/sfv02/Documents/TEC/Maestria/2026-2C/Alto_Nivel/Evaluaciones_Cortas/3-HLS/MP6160_grupo_5/hls/rgb2gray_hls_work/rgb2gray_hls/solution/.autopilot/db/rgb2gray_kernel.pp.0.cpp.clang-tidy.loop-label.out.log 2> C:/Users/sfv02/Documents/TEC/Maestria/2026-2C/Alto_Nivel/Evaluaciones_Cortas/3-HLS/MP6160_grupo_5/hls/rgb2gray_hls_work/rgb2gray_hls/solution/.autopilot/db/rgb2gray_kernel.pp.0.cpp.clang-tidy.loop-label.err.log
Execute           source C:/Xilinx/Vitis_HLS/2024.1/tps/tcl/tcllib1.11.1/yaml/yaml.tcl 
Command         clang_tidy done; 0.96 sec.
INFO-FLOW: run_clang exec: C:/Xilinx/Vitis_HLS/2024.1/win64/tools/clang-3.9-csynth/bin/xilinx-dataflow-lawyer -export-fixes=C:/Users/sfv02/Documents/TEC/Maestria/2026-2C/Alto_Nivel/Evaluaciones_Cortas/3-HLS/MP6160_grupo_5/hls/rgb2gray_hls_work/rgb2gray_hls/solution/.autopilot/db/rgb2gray_kernel.pp.0.cpp.xilinx-dataflow-lawyer.diag.yml C:/Users/sfv02/Documents/TEC/Maestria/2026-2C/Alto_Nivel/Evaluaciones_Cortas/3-HLS/MP6160_grupo_5/hls/rgb2gray_hls_work/rgb2gray_hls/solution/.autopilot/db/rgb2gray_kernel.pp.0.cpp -- -std=c++14 -target fpga -fhls -ferror-limit=0 -fstrict-dataflow > C:/Users/sfv02/Documents/TEC/Maestria/2026-2C/Alto_Nivel/Evaluaciones_Cortas/3-HLS/MP6160_grupo_5/hls/rgb2gray_hls_work/rgb2gray_hls/solution/.autopilot/db/rgb2gray_kernel.pp.0.cpp.xilinx-dataflow-lawyer.out.log 2> C:/Users/sfv02/Documents/TEC/Maestria/2026-2C/Alto_Nivel/Evaluaciones_Cortas/3-HLS/MP6160_grupo_5/hls/rgb2gray_hls_work/rgb2gray_hls/solution/.autopilot/db/rgb2gray_kernel.pp.0.cpp.xilinx-dataflow-lawyer.err.log
Execute         ap_part_info -name xcvc1902-vsva2197-2MP-e-S -data info 
INFO-FLOW: compiling source code to llvm bc
INFO-FLOW: run_clang exec: C:/Xilinx/Vitis_HLS/2024.1/win64/tools/clang-3.9-csynth/bin/clang -foptimization-record-file=C:/Users/sfv02/Documents/TEC/Maestria/2026-2C/Alto_Nivel/Evaluaciones_Cortas/3-HLS/MP6160_grupo_5/hls/rgb2gray_hls_work/rgb2gray_hls/solution/.autopilot/db/rgb2gray_kernel.pp.0.cpp.clang.diag.yml -mllvm -pass-remarks-missed=reflow|pasta|unroll -mllvm -pass-remarks=reflow|pasta|unroll|inline -fno-limit-debug-info -fhls -flto -fno-exceptions -Wno-error=c++11-narrowing -hls-emit-hint-scope C:/Users/sfv02/Documents/TEC/Maestria/2026-2C/Alto_Nivel/Evaluaciones_Cortas/3-HLS/MP6160_grupo_5/hls/rgb2gray_hls_work/rgb2gray_hls/solution/.autopilot/db/rgb2gray_kernel.pp.0.cpp --std=c++14 -fno-math-errno -c -emit-llvm -mllvm -disable-llvm-optzns -Werror=implicit-function-declaration -Werror=implicit-hls-streams -Werror=return-type -Wpragmas -Wunused-parameter -Wdump-hls-pragmas -Wno-error=dump-hls-pragmas -hls-clock-period=4 -fno-threadsafe-statics -fno-use-cxa-atexit -target fpga64-xilinx-linux-gnu -D__VITIS_HLS__ -DAESL_SYN -D__SYNTHESIS__ -D__HLS_SYN__ -I C:/Xilinx/Vitis_HLS/2024.1/common/technology/autopilot -I C:/Xilinx/Vitis_HLS/2024.1/common/technology/autopilot/ap_sysc -include etc/autopilot_ssdm_op.h -D__DSP58_PRIMARY__ -g -o C:/Users/sfv02/Documents/TEC/Maestria/2026-2C/Alto_Nivel/Evaluaciones_Cortas/3-HLS/MP6160_grupo_5/hls/rgb2gray_hls_work/rgb2gray_hls/solution/.autopilot/db/rgb2gray_kernel.bc {-hls-platform-db-name=C:/Xilinx/Vitis_HLS/2024.1\common/technology\xilinx/common/platform.db} -hls-platform-name=versal_medium -device-resource-info=BRAM_1934.000000_DSP_1968.000000_FF_1799680.000000_LUT_899840.000000_SLICE_112480.000000_URAM_463.000000 -device-name-info=xcvc1902-vsva2197-2MP-e-S > C:/Users/sfv02/Documents/TEC/Maestria/2026-2C/Alto_Nivel/Evaluaciones_Cortas/3-HLS/MP6160_grupo_5/hls/rgb2gray_hls_work/rgb2gray_hls/solution/.autopilot/db/rgb2gray_kernel.pp.0.cpp.clang.out.log 2> C:/Users/sfv02/Documents/TEC/Maestria/2026-2C/Alto_Nivel/Evaluaciones_Cortas/3-HLS/MP6160_grupo_5/hls/rgb2gray_hls_work/rgb2gray_hls/solution/.autopilot/db/rgb2gray_kernel.pp.0.cpp.clang.err.log
INFO: [HLS 200-111] Finished Source Code Analysis and Preprocessing: CPU user time: 0 seconds. CPU system time: 0 seconds. Elapsed time: 5.003 seconds; current allocated memory: 190.551 MB.
INFO-FLOW: Linking Debug ...
INFO-FLOW: Linking dut bc code.
Execute         run_link_or_opt -out C:/Users/sfv02/Documents/TEC/Maestria/2026-2C/Alto_Nivel/Evaluaciones_Cortas/3-HLS/MP6160_grupo_5/hls/rgb2gray_hls_work/rgb2gray_hls/solution/.autopilot/db/a.g.ld.0.bc -args  "C:/Users/sfv02/Documents/TEC/Maestria/2026-2C/Alto_Nivel/Evaluaciones_Cortas/3-HLS/MP6160_grupo_5/hls/rgb2gray_hls_work/rgb2gray_hls/solution/.autopilot/db/rgb2gray_kernel.g.bc"  
INFO-FLOW: run_clang exec: C:/Xilinx/Vitis_HLS/2024.1/win64/tools/clang-3.9-csynth/bin/llvm-link C:/Users/sfv02/Documents/TEC/Maestria/2026-2C/Alto_Nivel/Evaluaciones_Cortas/3-HLS/MP6160_grupo_5/hls/rgb2gray_hls_work/rgb2gray_hls/solution/.autopilot/db/rgb2gray_kernel.g.bc -o C:/Users/sfv02/Documents/TEC/Maestria/2026-2C/Alto_Nivel/Evaluaciones_Cortas/3-HLS/MP6160_grupo_5/hls/rgb2gray_hls_work/rgb2gray_hls/solution/.autopilot/db/a.g.ld.0.bc > C:/Users/sfv02/Documents/TEC/Maestria/2026-2C/Alto_Nivel/Evaluaciones_Cortas/3-HLS/MP6160_grupo_5/hls/rgb2gray_hls_work/rgb2gray_hls/solution/.autopilot/db/a.g.ld.0.bc.llvm-link.out.log 2> C:/Users/sfv02/Documents/TEC/Maestria/2026-2C/Alto_Nivel/Evaluaciones_Cortas/3-HLS/MP6160_grupo_5/hls/rgb2gray_hls_work/rgb2gray_hls/solution/.autopilot/db/a.g.ld.0.bc.llvm-link.err.log
INFO-FLOW: 
Execute         run_link_or_opt -opt -out C:/Users/sfv02/Documents/TEC/Maestria/2026-2C/Alto_Nivel/Evaluaciones_Cortas/3-HLS/MP6160_grupo_5/hls/rgb2gray_hls_work/rgb2gray_hls/solution/.autopilot/db/a.g.ld.1.lower.bc -args C:/Users/sfv02/Documents/TEC/Maestria/2026-2C/Alto_Nivel/Evaluaciones_Cortas/3-HLS/MP6160_grupo_5/hls/rgb2gray_hls_work/rgb2gray_hls/solution/.autopilot/db/a.g.ld.0.bc -reflow-lower-math-intrinsics 
INFO-FLOW: run_clang exec: C:/Xilinx/Vitis_HLS/2024.1/win64/tools/clang-3.9-csynth/bin/opt -pass-remarks-missed=reflow|pasta|unroll -pass-remarks=reflow|pasta|unroll|inline -pass-remarks-output=C:/Users/sfv02/Documents/TEC/Maestria/2026-2C/Alto_Nivel/Evaluaciones_Cortas/3-HLS/MP6160_grupo_5/hls/rgb2gray_hls_work/rgb2gray_hls/solution/.autopilot/db/a.g.ld.1.lower.bc.opt.diag.yml C:/Users/sfv02/Documents/TEC/Maestria/2026-2C/Alto_Nivel/Evaluaciones_Cortas/3-HLS/MP6160_grupo_5/hls/rgb2gray_hls_work/rgb2gray_hls/solution/.autopilot/db/a.g.ld.0.bc -reflow-lower-math-intrinsics -o C:/Users/sfv02/Documents/TEC/Maestria/2026-2C/Alto_Nivel/Evaluaciones_Cortas/3-HLS/MP6160_grupo_5/hls/rgb2gray_hls_work/rgb2gray_hls/solution/.autopilot/db/a.g.ld.1.lower.bc > C:/Users/sfv02/Documents/TEC/Maestria/2026-2C/Alto_Nivel/Evaluaciones_Cortas/3-HLS/MP6160_grupo_5/hls/rgb2gray_hls_work/rgb2gray_hls/solution/.autopilot/db/a.g.ld.1.lower.bc.opt.out.log 2> C:/Users/sfv02/Documents/TEC/Maestria/2026-2C/Alto_Nivel/Evaluaciones_Cortas/3-HLS/MP6160_grupo_5/hls/rgb2gray_hls_work/rgb2gray_hls/solution/.autopilot/db/a.g.ld.1.lower.bc.opt.err.log
INFO-FLOW: 
INFO-FLOW: Running: gen_design_size_report post-opt
INFO-FLOW: Done: gen_design_size_report post-opt time: 0 seconds per iteration
INFO-FLOW: Linking math bc lib
Execute         run_link_or_opt -out C:/Users/sfv02/Documents/TEC/Maestria/2026-2C/Alto_Nivel/Evaluaciones_Cortas/3-HLS/MP6160_grupo_5/hls/rgb2gray_hls_work/rgb2gray_hls/solution/.autopilot/db/a.g.ld.2.m1.bc -args C:/Users/sfv02/Documents/TEC/Maestria/2026-2C/Alto_Nivel/Evaluaciones_Cortas/3-HLS/MP6160_grupo_5/hls/rgb2gray_hls_work/rgb2gray_hls/solution/.autopilot/db/a.g.ld.1.lower.bc -only-needed C:/Xilinx/Vitis_HLS/2024.1/win64/lib/libhlsm_39.bc C:/Xilinx/Vitis_HLS/2024.1/win64/lib/libhlsmc++_39.bc 
INFO-FLOW: run_clang exec: C:/Xilinx/Vitis_HLS/2024.1/win64/tools/clang-3.9-csynth/bin/llvm-link C:/Users/sfv02/Documents/TEC/Maestria/2026-2C/Alto_Nivel/Evaluaciones_Cortas/3-HLS/MP6160_grupo_5/hls/rgb2gray_hls_work/rgb2gray_hls/solution/.autopilot/db/a.g.ld.1.lower.bc -only-needed C:/Xilinx/Vitis_HLS/2024.1/win64/lib/libhlsm_39.bc C:/Xilinx/Vitis_HLS/2024.1/win64/lib/libhlsmc++_39.bc -o C:/Users/sfv02/Documents/TEC/Maestria/2026-2C/Alto_Nivel/Evaluaciones_Cortas/3-HLS/MP6160_grupo_5/hls/rgb2gray_hls_work/rgb2gray_hls/solution/.autopilot/db/a.g.ld.2.m1.bc > C:/Users/sfv02/Documents/TEC/Maestria/2026-2C/Alto_Nivel/Evaluaciones_Cortas/3-HLS/MP6160_grupo_5/hls/rgb2gray_hls_work/rgb2gray_hls/solution/.autopilot/db/a.g.ld.2.m1.bc.llvm-link.out.log 2> C:/Users/sfv02/Documents/TEC/Maestria/2026-2C/Alto_Nivel/Evaluaciones_Cortas/3-HLS/MP6160_grupo_5/hls/rgb2gray_hls_work/rgb2gray_hls/solution/.autopilot/db/a.g.ld.2.m1.bc.llvm-link.err.log
INFO-FLOW: 
Command         run_link_or_opt done; 1.85 sec.
Execute         run_link_or_opt -opt -out C:/Users/sfv02/Documents/TEC/Maestria/2026-2C/Alto_Nivel/Evaluaciones_Cortas/3-HLS/MP6160_grupo_5/hls/rgb2gray_hls_work/rgb2gray_hls/solution/.autopilot/db/a.g.ld.3.fpc.bc -args C:/Users/sfv02/Documents/TEC/Maestria/2026-2C/Alto_Nivel/Evaluaciones_Cortas/3-HLS/MP6160_grupo_5/hls/rgb2gray_hls_work/rgb2gray_hls/solution/.autopilot/db/a.g.ld.2.m1.bc -reflow-globaldce -hls-top-function-name=rgb2gray_top -reflow-float-conversion 
INFO-FLOW: run_clang exec: C:/Xilinx/Vitis_HLS/2024.1/win64/tools/clang-3.9-csynth/bin/opt -pass-remarks-missed=reflow|pasta|unroll -pass-remarks=reflow|pasta|unroll|inline -pass-remarks-output=C:/Users/sfv02/Documents/TEC/Maestria/2026-2C/Alto_Nivel/Evaluaciones_Cortas/3-HLS/MP6160_grupo_5/hls/rgb2gray_hls_work/rgb2gray_hls/solution/.autopilot/db/a.g.ld.3.fpc.bc.opt.diag.yml C:/Users/sfv02/Documents/TEC/Maestria/2026-2C/Alto_Nivel/Evaluaciones_Cortas/3-HLS/MP6160_grupo_5/hls/rgb2gray_hls_work/rgb2gray_hls/solution/.autopilot/db/a.g.ld.2.m1.bc -reflow-globaldce -hls-top-function-name=rgb2gray_top -reflow-float-conversion -o C:/Users/sfv02/Documents/TEC/Maestria/2026-2C/Alto_Nivel/Evaluaciones_Cortas/3-HLS/MP6160_grupo_5/hls/rgb2gray_hls_work/rgb2gray_hls/solution/.autopilot/db/a.g.ld.3.fpc.bc > C:/Users/sfv02/Documents/TEC/Maestria/2026-2C/Alto_Nivel/Evaluaciones_Cortas/3-HLS/MP6160_grupo_5/hls/rgb2gray_hls_work/rgb2gray_hls/solution/.autopilot/db/a.g.ld.3.fpc.bc.opt.out.log 2> C:/Users/sfv02/Documents/TEC/Maestria/2026-2C/Alto_Nivel/Evaluaciones_Cortas/3-HLS/MP6160_grupo_5/hls/rgb2gray_hls_work/rgb2gray_hls/solution/.autopilot/db/a.g.ld.3.fpc.bc.opt.err.log
INFO-FLOW: 
INFO-FLOW: Running: gen_design_size_report post-opt
INFO-FLOW: Done: gen_design_size_report post-opt time: 0 seconds per iteration
Command         run_link_or_opt done; 0.791 sec.
Execute         run_link_or_opt -out C:/Users/sfv02/Documents/TEC/Maestria/2026-2C/Alto_Nivel/Evaluaciones_Cortas/3-HLS/MP6160_grupo_5/hls/rgb2gray_hls_work/rgb2gray_hls/solution/.autopilot/db/a.g.ld.4.m2.bc -args C:/Users/sfv02/Documents/TEC/Maestria/2026-2C/Alto_Nivel/Evaluaciones_Cortas/3-HLS/MP6160_grupo_5/hls/rgb2gray_hls_work/rgb2gray_hls/solution/.autopilot/db/a.g.ld.3.fpc.bc -only-needed C:/Xilinx/Vitis_HLS/2024.1/win64/lib/libfloatconversion_39.bc 
INFO-FLOW: run_clang exec: C:/Xilinx/Vitis_HLS/2024.1/win64/tools/clang-3.9-csynth/bin/llvm-link C:/Users/sfv02/Documents/TEC/Maestria/2026-2C/Alto_Nivel/Evaluaciones_Cortas/3-HLS/MP6160_grupo_5/hls/rgb2gray_hls_work/rgb2gray_hls/solution/.autopilot/db/a.g.ld.3.fpc.bc -only-needed C:/Xilinx/Vitis_HLS/2024.1/win64/lib/libfloatconversion_39.bc -o C:/Users/sfv02/Documents/TEC/Maestria/2026-2C/Alto_Nivel/Evaluaciones_Cortas/3-HLS/MP6160_grupo_5/hls/rgb2gray_hls_work/rgb2gray_hls/solution/.autopilot/db/a.g.ld.4.m2.bc > C:/Users/sfv02/Documents/TEC/Maestria/2026-2C/Alto_Nivel/Evaluaciones_Cortas/3-HLS/MP6160_grupo_5/hls/rgb2gray_hls_work/rgb2gray_hls/solution/.autopilot/db/a.g.ld.4.m2.bc.llvm-link.out.log 2> C:/Users/sfv02/Documents/TEC/Maestria/2026-2C/Alto_Nivel/Evaluaciones_Cortas/3-HLS/MP6160_grupo_5/hls/rgb2gray_hls_work/rgb2gray_hls/solution/.autopilot/db/a.g.ld.4.m2.bc.llvm-link.err.log
INFO-FLOW: 
Execute         run_link_or_opt -opt -out C:/Users/sfv02/Documents/TEC/Maestria/2026-2C/Alto_Nivel/Evaluaciones_Cortas/3-HLS/MP6160_grupo_5/hls/rgb2gray_hls_work/rgb2gray_hls/solution/.autopilot/db/a.g.ld.5.gdce.bc -args C:/Users/sfv02/Documents/TEC/Maestria/2026-2C/Alto_Nivel/Evaluaciones_Cortas/3-HLS/MP6160_grupo_5/hls/rgb2gray_hls_work/rgb2gray_hls/solution/.autopilot/db/a.g.ld.4.m2.bc -reflow-globaldce -hls-top-function-name=rgb2gray_top 
INFO-FLOW: run_clang exec: C:/Xilinx/Vitis_HLS/2024.1/win64/tools/clang-3.9-csynth/bin/opt -pass-remarks-missed=reflow|pasta|unroll -pass-remarks=reflow|pasta|unroll|inline -pass-remarks-output=C:/Users/sfv02/Documents/TEC/Maestria/2026-2C/Alto_Nivel/Evaluaciones_Cortas/3-HLS/MP6160_grupo_5/hls/rgb2gray_hls_work/rgb2gray_hls/solution/.autopilot/db/a.g.ld.5.gdce.bc.opt.diag.yml C:/Users/sfv02/Documents/TEC/Maestria/2026-2C/Alto_Nivel/Evaluaciones_Cortas/3-HLS/MP6160_grupo_5/hls/rgb2gray_hls_work/rgb2gray_hls/solution/.autopilot/db/a.g.ld.4.m2.bc -reflow-globaldce -hls-top-function-name=rgb2gray_top -o C:/Users/sfv02/Documents/TEC/Maestria/2026-2C/Alto_Nivel/Evaluaciones_Cortas/3-HLS/MP6160_grupo_5/hls/rgb2gray_hls_work/rgb2gray_hls/solution/.autopilot/db/a.g.ld.5.gdce.bc > C:/Users/sfv02/Documents/TEC/Maestria/2026-2C/Alto_Nivel/Evaluaciones_Cortas/3-HLS/MP6160_grupo_5/hls/rgb2gray_hls_work/rgb2gray_hls/solution/.autopilot/db/a.g.ld.5.gdce.bc.opt.out.log 2> C:/Users/sfv02/Documents/TEC/Maestria/2026-2C/Alto_Nivel/Evaluaciones_Cortas/3-HLS/MP6160_grupo_5/hls/rgb2gray_hls_work/rgb2gray_hls/solution/.autopilot/db/a.g.ld.5.gdce.bc.opt.err.log
INFO-FLOW: 
INFO-FLOW: Running: gen_design_size_report post-opt
INFO-FLOW: Done: gen_design_size_report post-opt time: 0 seconds per iteration
Execute         send_msg_by_id INFO @200-777@%s Vitis 
INFO: [HLS 200-777] Using interface defaults for 'Vitis' flow target.
Execute         is_m_axi_addr64 
INFO-FLOW: Doing LTO.
INFO-FLOW: run_clang (background poll_ms 5000) exec: C:/Xilinx/Vitis_HLS/2024.1/win64/tools/clang-3.9-csynth/bin/clang -foptimization-record-file=C:/Users/sfv02/Documents/TEC/Maestria/2026-2C/Alto_Nivel/Evaluaciones_Cortas/3-HLS/MP6160_grupo_5/hls/rgb2gray_hls_work/rgb2gray_hls/solution/.autopilot/db/a.g.ld.0.bc.clang.reflow.diag.yml -mllvm -pass-remarks-missed=reflow|pasta|unroll -mllvm -pass-remarks=reflow|pasta|unroll|inline -fhls -mllvm -hls-top-function-name=rgb2gray_top -mllvm -hls-db-dir -mllvm C:/Users/sfv02/Documents/TEC/Maestria/2026-2C/Alto_Nivel/Evaluaciones_Cortas/3-HLS/MP6160_grupo_5/hls/rgb2gray_hls_work/rgb2gray_hls/solution/.autopilot/db -emit-llvm -c -target fpga64-xilinx-none -mllvm -xcl-xmlinfo=C:/Users/sfv02/Documents/TEC/Maestria/2026-2C/Alto_Nivel/Evaluaciones_Cortas/3-HLS/MP6160_grupo_5/hls/rgb2gray_hls_work/rgb2gray_hls/solution/.autopilot/db/../../../kernel.xml -mllvm -top-io-mapping-info=C:/Users/sfv02/Documents/TEC/Maestria/2026-2C/Alto_Nivel/Evaluaciones_Cortas/3-HLS/MP6160_grupo_5/hls/rgb2gray_hls_work/rgb2gray_hls/solution/.autopilot/db/top-io-fe.xml -mllvm -hls-bitcode-version=3.1 -mllvm -reflow-enable-slave-interface-default-setting=true -mllvm -gen-kernel-xml=true -mllvm -default-maxi-offset=slave -mllvm -maxi-latency=64 -mllvm -hls-maxi-data-size-in-bits=8 -mllvm -hls-maxi-max-data-size-in-bits=1024 -mllvm -hls-max-widen-size-in-bits=512 -mllvm -xcl-kernel-max-mem-ports=0 -mllvm -maxi-read-trans=16 -mllvm -maxi-write-trans=16 -mllvm -maxi-read-burst-len=16 -mllvm -maxi-write-burst-len=16 -mllvm -reflow-enable-saxi-64bits=0 -mllvm -reflow-basic-block-instr-threshold=200000 -mllvm -reflow-auto-pipeline-threshold=64 -mllvm -reflow-enable-maxi-auto-id-channel=0 -mllvm -enable-fp-thr=0 -mllvm -reflow-bdd-simplify-threshold=1048576 -mllvm -reflow-fanout-threshold=16 -mllvm -reflow-complete-threshold=4 -mllvm -reflow-array-promotion-threshold=64 -mllvm -assume-maxi-align=64 -mllvm -reflow-enable-dataflow-strict-mode-checking=1 -ftime-report -mllvm -time-passes -mllvm -reflow-auto-array-partition-mode=default -mllvm -reflow-enable-auto-small-array-partition=true -mllvm -reflow-enable-auto-array-partition-for-flatten=true -mllvm -reflow-enable-auto-parallel-performance-driven=true -mllvm -reflow-enable-partition-for-automation=true -mllvm -reflow-aggregate-bitwidth-threshold=4096 -mllvm -reflow-reserved-saxilite-registers=0 -mllvm -enable-reflow-auto-loop-pipeline -mllvm -reflow-max-unroll-threshold=409600 -mllvm -auto-unroll-tripcount-threshold=0 -mllvm -reflow-assume-no-address-wrap=true -mllvm -reflow-enable-occurrence-inference=true -mllvm -reflow-emit-hint-scope=true -mllvm -reflow-enable-codegen-with-if=true -mllvm -hls -mllvm -disable-inlined-alloca-merging=true -mllvm -enable-reflow-vitis-flow-setting=true -mllvm -default-clock-period=4 -mllvm -use_read_first_ram_in_loop=1 -mllvm -default-clock-uncertainty=1.08 -x ir C:/Users/sfv02/Documents/TEC/Maestria/2026-2C/Alto_Nivel/Evaluaciones_Cortas/3-HLS/MP6160_grupo_5/hls/rgb2gray_hls_work/rgb2gray_hls/solution/.autopilot/db/a.g.ld.5.gdce.bc -o C:/Users/sfv02/Documents/TEC/Maestria/2026-2C/Alto_Nivel/Evaluaciones_Cortas/3-HLS/MP6160_grupo_5/hls/rgb2gray_hls_work/rgb2gray_hls/solution/.autopilot/db/a.g.lto.bc {-hls-platform-db-name=C:/Xilinx/Vitis_HLS/2024.1\common/technology\xilinx/common/platform.db} -hls-platform-name=versal_medium -device-resource-info=BRAM_1934.000000_DSP_1968.000000_FF_1799680.000000_LUT_899840.000000_SLICE_112480.000000_URAM_463.000000 -device-name-info=xcvc1902-vsva2197-2MP-e-S 2> C:/Users/sfv02/Documents/TEC/Maestria/2026-2C/Alto_Nivel/Evaluaciones_Cortas/3-HLS/MP6160_grupo_5/hls/rgb2gray_hls_work/rgb2gray_hls/solution/.autopilot/db/a.g.ld.0.bc.clang.reflow.err.log bg_poll_cmd: ::AP::poll_clang_39_closed_source
Execute         send_msg_by_id INFO @200-1995@%s%s%s 1,822 Compile/Link C:/Users/sfv02/Documents/TEC/Maestria/2026-2C/Alto_Nivel/Evaluaciones_Cortas/3-HLS/MP6160_grupo_5/hls/rgb2gray_hls_work/rgb2gray_hls/solution/syn/report/csynth_design_size.rpt 
INFO: [HLS 200-1995] There were 1,822 instructions in the design after the 'Compile/Link' phase of compilation. See the Design Size Report for more details: C:/Users/sfv02/Documents/TEC/Maestria/2026-2C/Alto_Nivel/Evaluaciones_Cortas/3-HLS/MP6160_grupo_5/hls/rgb2gray_hls_work/rgb2gray_hls/solution/syn/report/csynth_design_size.rpt
Execute         send_msg_by_id INFO @200-1995@%s%s%s 119 Unroll/Inline (step 1) C:/Users/sfv02/Documents/TEC/Maestria/2026-2C/Alto_Nivel/Evaluaciones_Cortas/3-HLS/MP6160_grupo_5/hls/rgb2gray_hls_work/rgb2gray_hls/solution/syn/report/csynth_design_size.rpt 
INFO: [HLS 200-1995] There were 119 instructions in the design after the 'Unroll/Inline (step 1)' phase of compilation. See the Design Size Report for more details: C:/Users/sfv02/Documents/TEC/Maestria/2026-2C/Alto_Nivel/Evaluaciones_Cortas/3-HLS/MP6160_grupo_5/hls/rgb2gray_hls_work/rgb2gray_hls/solution/syn/report/csynth_design_size.rpt
Execute         send_msg_by_id INFO @200-1995@%s%s%s 104 Unroll/Inline (step 2) C:/Users/sfv02/Documents/TEC/Maestria/2026-2C/Alto_Nivel/Evaluaciones_Cortas/3-HLS/MP6160_grupo_5/hls/rgb2gray_hls_work/rgb2gray_hls/solution/syn/report/csynth_design_size.rpt 
INFO: [HLS 200-1995] There were 104 instructions in the design after the 'Unroll/Inline (step 2)' phase of compilation. See the Design Size Report for more details: C:/Users/sfv02/Documents/TEC/Maestria/2026-2C/Alto_Nivel/Evaluaciones_Cortas/3-HLS/MP6160_grupo_5/hls/rgb2gray_hls_work/rgb2gray_hls/solution/syn/report/csynth_design_size.rpt
Execute         send_msg_by_id INFO @200-1995@%s%s%s 111 Unroll/Inline (step 3) C:/Users/sfv02/Documents/TEC/Maestria/2026-2C/Alto_Nivel/Evaluaciones_Cortas/3-HLS/MP6160_grupo_5/hls/rgb2gray_hls_work/rgb2gray_hls/solution/syn/report/csynth_design_size.rpt 
INFO: [HLS 200-1995] There were 111 instructions in the design after the 'Unroll/Inline (step 3)' phase of compilation. See the Design Size Report for more details: C:/Users/sfv02/Documents/TEC/Maestria/2026-2C/Alto_Nivel/Evaluaciones_Cortas/3-HLS/MP6160_grupo_5/hls/rgb2gray_hls_work/rgb2gray_hls/solution/syn/report/csynth_design_size.rpt
Execute         send_msg_by_id INFO @200-1995@%s%s%s 106 Unroll/Inline (step 4) C:/Users/sfv02/Documents/TEC/Maestria/2026-2C/Alto_Nivel/Evaluaciones_Cortas/3-HLS/MP6160_grupo_5/hls/rgb2gray_hls_work/rgb2gray_hls/solution/syn/report/csynth_design_size.rpt 
INFO: [HLS 200-1995] There were 106 instructions in the design after the 'Unroll/Inline (step 4)' phase of compilation. See the Design Size Report for more details: C:/Users/sfv02/Documents/TEC/Maestria/2026-2C/Alto_Nivel/Evaluaciones_Cortas/3-HLS/MP6160_grupo_5/hls/rgb2gray_hls_work/rgb2gray_hls/solution/syn/report/csynth_design_size.rpt
Execute         send_msg_by_id INFO @200-1995@%s%s%s 97 Array/Struct (step 1) C:/Users/sfv02/Documents/TEC/Maestria/2026-2C/Alto_Nivel/Evaluaciones_Cortas/3-HLS/MP6160_grupo_5/hls/rgb2gray_hls_work/rgb2gray_hls/solution/syn/report/csynth_design_size.rpt 
INFO: [HLS 200-1995] There were 97 instructions in the design after the 'Array/Struct (step 1)' phase of compilation. See the Design Size Report for more details: C:/Users/sfv02/Documents/TEC/Maestria/2026-2C/Alto_Nivel/Evaluaciones_Cortas/3-HLS/MP6160_grupo_5/hls/rgb2gray_hls_work/rgb2gray_hls/solution/syn/report/csynth_design_size.rpt
Execute         send_msg_by_id INFO @200-1995@%s%s%s 97 Array/Struct (step 2) C:/Users/sfv02/Documents/TEC/Maestria/2026-2C/Alto_Nivel/Evaluaciones_Cortas/3-HLS/MP6160_grupo_5/hls/rgb2gray_hls_work/rgb2gray_hls/solution/syn/report/csynth_design_size.rpt 
INFO: [HLS 200-1995] There were 97 instructions in the design after the 'Array/Struct (step 2)' phase of compilation. See the Design Size Report for more details: C:/Users/sfv02/Documents/TEC/Maestria/2026-2C/Alto_Nivel/Evaluaciones_Cortas/3-HLS/MP6160_grupo_5/hls/rgb2gray_hls_work/rgb2gray_hls/solution/syn/report/csynth_design_size.rpt
Execute         send_msg_by_id INFO @200-1995@%s%s%s 99 Array/Struct (step 3) C:/Users/sfv02/Documents/TEC/Maestria/2026-2C/Alto_Nivel/Evaluaciones_Cortas/3-HLS/MP6160_grupo_5/hls/rgb2gray_hls_work/rgb2gray_hls/solution/syn/report/csynth_design_size.rpt 
INFO: [HLS 200-1995] There were 99 instructions in the design after the 'Array/Struct (step 3)' phase of compilation. See the Design Size Report for more details: C:/Users/sfv02/Documents/TEC/Maestria/2026-2C/Alto_Nivel/Evaluaciones_Cortas/3-HLS/MP6160_grupo_5/hls/rgb2gray_hls_work/rgb2gray_hls/solution/syn/report/csynth_design_size.rpt
Execute         send_msg_by_id INFO @200-1995@%s%s%s 135 Array/Struct (step 4) C:/Users/sfv02/Documents/TEC/Maestria/2026-2C/Alto_Nivel/Evaluaciones_Cortas/3-HLS/MP6160_grupo_5/hls/rgb2gray_hls_work/rgb2gray_hls/solution/syn/report/csynth_design_size.rpt 
INFO: [HLS 200-1995] There were 135 instructions in the design after the 'Array/Struct (step 4)' phase of compilation. See the Design Size Report for more details: C:/Users/sfv02/Documents/TEC/Maestria/2026-2C/Alto_Nivel/Evaluaciones_Cortas/3-HLS/MP6160_grupo_5/hls/rgb2gray_hls_work/rgb2gray_hls/solution/syn/report/csynth_design_size.rpt
Execute         send_msg_by_id INFO @200-1995@%s%s%s 139 Array/Struct (step 5) C:/Users/sfv02/Documents/TEC/Maestria/2026-2C/Alto_Nivel/Evaluaciones_Cortas/3-HLS/MP6160_grupo_5/hls/rgb2gray_hls_work/rgb2gray_hls/solution/syn/report/csynth_design_size.rpt 
INFO: [HLS 200-1995] There were 139 instructions in the design after the 'Array/Struct (step 5)' phase of compilation. See the Design Size Report for more details: C:/Users/sfv02/Documents/TEC/Maestria/2026-2C/Alto_Nivel/Evaluaciones_Cortas/3-HLS/MP6160_grupo_5/hls/rgb2gray_hls_work/rgb2gray_hls/solution/syn/report/csynth_design_size.rpt
Execute         send_msg_by_id INFO @200-1995@%s%s%s 139 Performance (step 1) C:/Users/sfv02/Documents/TEC/Maestria/2026-2C/Alto_Nivel/Evaluaciones_Cortas/3-HLS/MP6160_grupo_5/hls/rgb2gray_hls_work/rgb2gray_hls/solution/syn/report/csynth_design_size.rpt 
INFO: [HLS 200-1995] There were 139 instructions in the design after the 'Performance (step 1)' phase of compilation. See the Design Size Report for more details: C:/Users/sfv02/Documents/TEC/Maestria/2026-2C/Alto_Nivel/Evaluaciones_Cortas/3-HLS/MP6160_grupo_5/hls/rgb2gray_hls_work/rgb2gray_hls/solution/syn/report/csynth_design_size.rpt
Execute         send_msg_by_id INFO @200-1995@%s%s%s 139 Performance (step 2) C:/Users/sfv02/Documents/TEC/Maestria/2026-2C/Alto_Nivel/Evaluaciones_Cortas/3-HLS/MP6160_grupo_5/hls/rgb2gray_hls_work/rgb2gray_hls/solution/syn/report/csynth_design_size.rpt 
INFO: [HLS 200-1995] There were 139 instructions in the design after the 'Performance (step 2)' phase of compilation. See the Design Size Report for more details: C:/Users/sfv02/Documents/TEC/Maestria/2026-2C/Alto_Nivel/Evaluaciones_Cortas/3-HLS/MP6160_grupo_5/hls/rgb2gray_hls_work/rgb2gray_hls/solution/syn/report/csynth_design_size.rpt
Execute         send_msg_by_id INFO @200-1995@%s%s%s 138 Performance (step 3) C:/Users/sfv02/Documents/TEC/Maestria/2026-2C/Alto_Nivel/Evaluaciones_Cortas/3-HLS/MP6160_grupo_5/hls/rgb2gray_hls_work/rgb2gray_hls/solution/syn/report/csynth_design_size.rpt 
INFO: [HLS 200-1995] There were 138 instructions in the design after the 'Performance (step 3)' phase of compilation. See the Design Size Report for more details: C:/Users/sfv02/Documents/TEC/Maestria/2026-2C/Alto_Nivel/Evaluaciones_Cortas/3-HLS/MP6160_grupo_5/hls/rgb2gray_hls_work/rgb2gray_hls/solution/syn/report/csynth_design_size.rpt
Execute         send_msg_by_id INFO @200-1995@%s%s%s 138 Performance (step 4) C:/Users/sfv02/Documents/TEC/Maestria/2026-2C/Alto_Nivel/Evaluaciones_Cortas/3-HLS/MP6160_grupo_5/hls/rgb2gray_hls_work/rgb2gray_hls/solution/syn/report/csynth_design_size.rpt 
INFO: [HLS 200-1995] There were 138 instructions in the design after the 'Performance (step 4)' phase of compilation. See the Design Size Report for more details: C:/Users/sfv02/Documents/TEC/Maestria/2026-2C/Alto_Nivel/Evaluaciones_Cortas/3-HLS/MP6160_grupo_5/hls/rgb2gray_hls_work/rgb2gray_hls/solution/syn/report/csynth_design_size.rpt
Execute         send_msg_by_id INFO @200-1995@%s%s%s 138 HW Transforms (step 1) C:/Users/sfv02/Documents/TEC/Maestria/2026-2C/Alto_Nivel/Evaluaciones_Cortas/3-HLS/MP6160_grupo_5/hls/rgb2gray_hls_work/rgb2gray_hls/solution/syn/report/csynth_design_size.rpt 
INFO: [HLS 200-1995] There were 138 instructions in the design after the 'HW Transforms (step 1)' phase of compilation. See the Design Size Report for more details: C:/Users/sfv02/Documents/TEC/Maestria/2026-2C/Alto_Nivel/Evaluaciones_Cortas/3-HLS/MP6160_grupo_5/hls/rgb2gray_hls_work/rgb2gray_hls/solution/syn/report/csynth_design_size.rpt
Execute         send_msg_by_id INFO @200-1995@%s%s%s 141 HW Transforms (step 2) C:/Users/sfv02/Documents/TEC/Maestria/2026-2C/Alto_Nivel/Evaluaciones_Cortas/3-HLS/MP6160_grupo_5/hls/rgb2gray_hls_work/rgb2gray_hls/solution/syn/report/csynth_design_size.rpt 
INFO: [HLS 200-1995] There were 141 instructions in the design after the 'HW Transforms (step 2)' phase of compilation. See the Design Size Report for more details: C:/Users/sfv02/Documents/TEC/Maestria/2026-2C/Alto_Nivel/Evaluaciones_Cortas/3-HLS/MP6160_grupo_5/hls/rgb2gray_hls_work/rgb2gray_hls/solution/syn/report/csynth_design_size.rpt
INFO: [HLS 214-178] Inlining function 'rgb_to_gray_pixel(ap_uint<8>, ap_uint<8>, ap_uint<8>)' into 'process_gray(hls::stream<rgb_t, 0>&, hls::stream<ap_uint<8>, 0>&, ap_uint<32>)' (../rgb2gray_kernel.cpp:65:0)
INFO: [HLS 214-241] Aggregating fifo (hls::stream) variable 'stream_rgb' with compact=bit mode in 24-bits (../rgb2gray_kernel.cpp:134:21)
INFO: [HLS 214-115] Multiple burst reads of variable length and bit width 32 in loop 'load_loop'(../rgb2gray_kernel.cpp:37:13) has been inferred on bundle 'gmem_in'. These burst requests might be further partitioned into multiple requests during RTL generation, based on max_read_burst_length or max_write_burst_length settings. (../rgb2gray_kernel.cpp:37:18)
INFO-FLOW: DBG:PUTS: copy_raw_kernel_xml ap_link_39: copying raw kernel.xml: C:/Users/sfv02/Documents/TEC/Maestria/2026-2C/Alto_Nivel/Evaluaciones_Cortas/3-HLS/MP6160_grupo_5/hls/rgb2gray_hls_work/rgb2gray_hls/solution/.autopilot/db/../../../kernel.xml -> C:/Users/sfv02/Documents/TEC/Maestria/2026-2C/Alto_Nivel/Evaluaciones_Cortas/3-HLS/MP6160_grupo_5/hls/rgb2gray_hls_work/rgb2gray_hls/solution/.autopilot/db/kernel.internal.xml
INFO: [HLS 200-111] Finished Compiling Optimization and Transform: CPU user time: 1 seconds. CPU system time: 1 seconds. Elapsed time: 8.412 seconds; current allocated memory: 192.660 MB.
INFO: [HLS 200-111] Finished Checking Pragmas: CPU user time: 0 seconds. CPU system time: 0 seconds. Elapsed time: 0.01 seconds; current allocated memory: 192.664 MB.
Execute         opt_and_import_c a -opt_level=2 -skip_syncheck=0 -ng=0 -keep_printf=0 
Execute           cleanup_all_models 
INFO: [HLS 200-10] Starting code transformations ...
INFO-FLOW: Running Standard Transforms...
Execute           transform -hls -share-std-xform -demangle-name -inline-byval-memcpy -always-inline -promote-dbg-pointer -interface-preproc -mem2reg -scalarrepl -mem2reg -keep-read-access -instcombine -dce -promote-dbg-pointer -bitop-raise -loop-simplify -indvarspre -indvars -loop-simplify -constprop -instcombine -simplifycfg -indvars -simplifycfg -dce -globaldce -basicaa -simplifycfg -mem2reg -globalopt -global-constprop -deadargelim -instcombine -simplifycfg -scalarrepl -instcombine -reassociate -licm -simplifycfg -loop-simplify -indvars -instcombine -simplifycfg -mem2reg -loop-simplify -indvars -instcombine -gvn -gvn -instcombine -adce -break-crit-edges -simplifycfg -loop-delete -global-array-opt -dce -dse -adce -find-syn-modules -top rgb2gray_top -deadargelim -mem2reg -instcombine -dce -presyn-prepare -interface-preproc -syn-check -check-rec-only -find-region -simplifycfg -func-extr -function-inline -globaldce -mem2reg -instcombine -dce -gvn -globaldce -adce -adse -constprop -instcombine -bit-constprop -instcombine -dce -simplifycfg -bitop-raise -simplifycfg -dce -loop-delete -reassociate -globalopt -global-privatize -mem2reg -dce -global-constprop -pointer-simplify -constprop -dce -promote-dbg-pointer -norm-name C:/Users/sfv02/Documents/TEC/Maestria/2026-2C/Alto_Nivel/Evaluaciones_Cortas/3-HLS/MP6160_grupo_5/hls/rgb2gray_hls_work/rgb2gray_hls/solution/.autopilot/db/a.g.0.bc -o C:/Users/sfv02/Documents/TEC/Maestria/2026-2C/Alto_Nivel/Evaluaciones_Cortas/3-HLS/MP6160_grupo_5/hls/rgb2gray_hls_work/rgb2gray_hls/solution/.autopilot/db/a.g.1.bc -f -phase std-opt 
INFO: [HLS 200-111] Finished Standard Transforms: CPU user time: 0 seconds. CPU system time: 0 seconds. Elapsed time: 0.064 seconds; current allocated memory: 197.453 MB.
INFO: [HLS 200-10] Checking synthesizability ...
INFO-FLOW: Checking Synthesizability 1/2..
Execute           transform -hls -syn-check -check-rec-only -scalarrepl -norm-name -dce -mem2reg -instcombine -directive-preproc -mem2reg -dse -dce -dce -pag -array-normalize -instcombine -dce -array-seg-normalize -instcombine -dce -data-pack -instcombine -dce -inst-simplify -array-flatten -instcombine -dce -array-burst -dce -deadargelim -promote-global-argument -simplifycfg -mem2reg -globaldce -dce -deadargelim -dce -instcombine -function-inline -globaldce -dce -doublePtrSimplify -doublePtrElim -dce -doublePtrSimplify -promote-dbg-pointer -dce -scalarrepl -dse -adse -instcombine -ptrLegalization -simplifycfg -dce -instcombine -pointer-simplify -ptrArgReplace -dce -instcombine -resolve-double-ptr -scalarrepl -norm-name -dce -mem2reg -instcombine -ptrLegalization -simplifycfg -deadargelim -instcombine -dce -inst-simplify -directive-preproc -mem2reg -dse -dce -globaldce C:/Users/sfv02/Documents/TEC/Maestria/2026-2C/Alto_Nivel/Evaluaciones_Cortas/3-HLS/MP6160_grupo_5/hls/rgb2gray_hls_work/rgb2gray_hls/solution/.autopilot/db/a.g.1.bc -o C:/Users/sfv02/Documents/TEC/Maestria/2026-2C/Alto_Nivel/Evaluaciones_Cortas/3-HLS/MP6160_grupo_5/hls/rgb2gray_hls_work/rgb2gray_hls/solution/.autopilot/db/a.g.2.prechk.bc -f 
INFO-FLOW: Checking Synthesizability 2/2..
Execute           transform -syn-check C:/Users/sfv02/Documents/TEC/Maestria/2026-2C/Alto_Nivel/Evaluaciones_Cortas/3-HLS/MP6160_grupo_5/hls/rgb2gray_hls_work/rgb2gray_hls/solution/.autopilot/db/a.g.2.prechk.bc -o C:/Users/sfv02/Documents/TEC/Maestria/2026-2C/Alto_Nivel/Evaluaciones_Cortas/3-HLS/MP6160_grupo_5/hls/rgb2gray_hls_work/rgb2gray_hls/solution/.autopilot/db/a.g.2.bc -f -phase syn-check 
INFO: [HLS 200-111] Finished Checking Synthesizability: CPU user time: 0 seconds. CPU system time: 0 seconds. Elapsed time: 0.051 seconds; current allocated memory: 199.520 MB.
INFO-FLOW: Compiler optimizing ...
INFO-FLOW: Share syncheck's 1.bc for syn flow: copy C:/Users/sfv02/Documents/TEC/Maestria/2026-2C/Alto_Nivel/Evaluaciones_Cortas/3-HLS/MP6160_grupo_5/hls/rgb2gray_hls_work/rgb2gray_hls/solution/.autopilot/db/a.g.1.bc to C:/Users/sfv02/Documents/TEC/Maestria/2026-2C/Alto_Nivel/Evaluaciones_Cortas/3-HLS/MP6160_grupo_5/hls/rgb2gray_hls_work/rgb2gray_hls/solution/.autopilot/db/a.o.1.bc
INFO-FLOW: Presyn 1...
Execute           transform -hls -tmp C:/Users/sfv02/Documents/TEC/Maestria/2026-2C/Alto_Nivel/Evaluaciones_Cortas/3-HLS/MP6160_grupo_5/hls/rgb2gray_hls_work/rgb2gray_hls/solution/.autopilot/db -interface-port-rename -directive-preproc -mem2reg -dse -dce -scalarrepl -norm-name -deadargelim -mem2reg -instcombine -dce -simplifycfg -dce -resource-proc -clib-intrinsic-prepare -dce -func-buffer -dce -pag -array-normalize -func-legal -instcombine -gvn -constprop -dce -simplifycfg -mem2reg -globaldce -resolve-double-ptr -dce -deadargelim -dce -instcombine -ptrArgReplace -mem2reg -dce -array-seg-normalize -deadargelim -instcombine -dce -directive-preproc -mem2reg -dse -dce -pointer-simplify -dce -port-alignment -dce -interface-preproc -data-pack -instcombine -dce -basicaa -aggr-aa -aggrmodref-aa -aggr-aa -gvn -gvn -basicaa -aggr-aa -aggrmodref-aa -aggr-aa -dse -adse -adce -loop-simplify -indvars -instcombine -gvn -loop-simplify -mem2reg -dce -find-region -instcombine -inst-simplify -interface-preproc -cfgopt -instcombine -indvars -loop-simplify -loop-bound -constprop -instcombine -simplifycfg -indvars -simplifycfg -dce -globaldce -clean-region -attach-range -gvn -inst-simplify -constprop -simplifycfg -dce -pointer-simplify -dce -globalopt -constprop -dce -array-promote -constprop -dce -ptrArgReplace -mem2reg -simplifycfg -dce -instcombine -dce -array-transform-check -array-reshape -instcombine -simplifycfg -dce -ptrArgReplace -deadargelim -mem2reg -instcombine -simplifycfg -dce -indvars -loop-simplify -loop-bound -constprop -instcombine -simplifycfg -indvars -simplifycfg -dce -globaldce -basicaa -aggr-aa -aggrmodref-aa -aggr-aa -dse -duplicate-dataflow-processes -globaldce -instcombine -array-partition -prepare-dynamic-array-partition -instcombine -simplifycfg -dce -ptrArgReplace -global-constprop -deadargelim -mem2reg -func-legal -dce -global-constprop -deadargelim -mem2reg -simplifycfg -dce -merge-param -deadargelim -globalopt -constprop -dce -array-promote -constprop -dce -ptrArgReplace -mem2reg -simplifycfg -dce -mem-intrinsic-preproc -dce -global-internalize -global-privatize -mem2reg -globaldce -lcssa -loop-simplify -phi-select-elim -promote-global-argument -ptrArgReplace -mem2reg -dce -globalopt -mergereturn -simplify-global-access -mem2reg -dce -pointer-simplify -dce -basicaa -aggr-aa -aggrmodref-aa -aggr-aa -functionattrs -basicaa -aggr-aa -aggrmodref-aa -aggr-aa -gvn -gvn -basicaa -aggr-aa -aggrmodref-aa -aggr-aa -dse -adse -adce -dce -norm-name -basicaa -aggr-aa -aggrmodref-aa -aggr-aa -accesses-merge -function-inline -complex-op-raise -inst-simplify -globaldce -func-legal -dce -loop-bound -arraycheck -bitwidthmin2 -bitwidthmin2 -on-by-dataflow -loop-delete -instcombine -simplifycfg -globaldce -dce -gvn -deadargelim -dce -loop-simplify -clean-region -simplifycfg -propagate-stable-arguments -loop-stream -instcombine -simplifycfg -dce -globaldce -duplicate-dataflow-processes -stream-intrinsic-preproc -dce -check-ap-stream -loop-simplify -eliminate-keepreads -extract-dataflow-in-loop -loop-simplify -dce -gvn -deadargelim -dse -duplicate-dataflow-processes -check-dataflow-syntax -legalize-stream-variable -globaldce -legalize-global -extract-subproc -dce -dead-channel-elimination -canonicalize-gep -globaldce -dce -gvn -hls-dead-arg-elim -deadargelim -directive-preproc -canonicalize-dataflow -dce -globaldce -scalar-preprocessing -scalar-propagation2 -scalar-stream -deadargelim -globaldce -mem2reg -check-dataflow-channels -function-stream -dce -globaldce -prop-fifo-spec -internal-stream-gen -canonicalize-gep -globaldce -dce -gvn -deadargelim -mergereturn -indvars -loop-simplify -instcombine -array-stream -array-seg-normalize -array-partition -clean-array-spec -func-legal -instcombine -simplifycfg -dce -bundle-memfifo-ops -deadargelim -directive-preproc -mem2reg -dse -dce -group-axi-access -licm -simplifycfg -dce -loop-delete -hls-display -norm-name C:/Users/sfv02/Documents/TEC/Maestria/2026-2C/Alto_Nivel/Evaluaciones_Cortas/3-HLS/MP6160_grupo_5/hls/rgb2gray_hls_work/rgb2gray_hls/solution/.autopilot/db/a.o.1.bc -o C:/Users/sfv02/Documents/TEC/Maestria/2026-2C/Alto_Nivel/Evaluaciones_Cortas/3-HLS/MP6160_grupo_5/hls/rgb2gray_hls_work/rgb2gray_hls/solution/.autopilot/db/a.o.1.tmp.bc -f 
INFO: [XFORM 203-712] Applying dataflow to function 'rgb2gray_top' (../rgb2gray_kernel.cpp:114:1), detected/extracted 4 process function(s): 
	 'entry_proc'
	 'load_rgb'
	 'process_gray'
	 'store_gray'.
INFO-FLOW: Presyn 2...
Execute           transform -hls -keep-callgraph -scalarrepl -mem2reg -port-alignment -attach-range -dce -pipe-mux-gen -indvars -loop-bound -inst-simplify -instcombine -dce -merge-array-access -mem2reg -dce -clean-region -mergereturn -if-conv -instcombine -dce -constprop -basicaa -aggr-aa -aggrmodref-aa -aggr-aa -gvn -gvn -basicaa -aggr-aa -aggrmodref-aa -aggr-aa -dse -adse -adce -scalarrepl -mem2reg -global-constprop -deadargelim -deadargelim -instcombine -dce -simplifycfg -ptrArgReplace -mem2reg -function-inline -globaldce -mem2reg -instcombine -dce -expr-balance -instcombine -dce -bitwidthmin2 -bitwidthmin2 -interface-preproc -directive-preproc -inst-rectify -instcombine -dce -basicaa -aggr-aa -aggrmodref-aa -aggr-aa -functionattrs -constprop -instcombine -bit-constprop -simplify-global-access -globalopt -globaldce -inst-simplify -instcombine -elimdeaddata -dce -loop-delete -simplifycfg -loop-simplify -barrier -norm-name C:/Users/sfv02/Documents/TEC/Maestria/2026-2C/Alto_Nivel/Evaluaciones_Cortas/3-HLS/MP6160_grupo_5/hls/rgb2gray_hls_work/rgb2gray_hls/solution/.autopilot/db/a.o.1.tmp.bc -o C:/Users/sfv02/Documents/TEC/Maestria/2026-2C/Alto_Nivel/Evaluaciones_Cortas/3-HLS/MP6160_grupo_5/hls/rgb2gray_hls_work/rgb2gray_hls/solution/.autopilot/db/a.o.2.bc -f -phase presyn 
INFO: [XFORM 203-11] Balancing expressions in function 'process_gray' (../rgb2gray_kernel.cpp:18:16)...3 expression(s) balanced.
INFO: [HLS 200-111] Finished Loop, function and other optimizations: CPU user time: 0 seconds. CPU system time: 0 seconds. Elapsed time: 0.105 seconds; current allocated memory: 221.672 MB.
Execute           transform -hls -auto-function-inline -globaldce -ptrArgReplace -mem2reg -dce -reset-lda -loop-simplify -indvars -aggr-aa -licm -loop-dep -loop-bound -licm -loop-simplify -loop-sink-hoist -flattenloopnest -array-flatten -gvn -instcombine -dce -array-map -dce -func-legal -gvn -adce -instcombine -cfgopt -simplifycfg-lite -loop-simplify -array-burst -promote-global-argument -dce -array-seg-normalize -basicaa -aggrmodref-aa -globalsmodref-aa -aggr-aa -gvn -gvn -basicaa -aggrmodref-aa -globalsmodref-aa -aggr-aa -dse -adse -adce -licm -inst-simplify -dce -globaldce -instcombine -array-stream -eliminate-keepreads -instcombine -dce -deadargelim -doublePtrSimplify -doublePtrElim -dce -doublePtrSimplify -promote-dbg-pointer -dce -scalarrepl -mem2reg -norm-name -mem2reg -instcombine -dse -adse -adce -ptrLegalization -dce -array-flatten -dce -instcombine -check-doubleptr -loop-rot -constprop -inst-simplify -cfgopt -simplifycfg-lite -loop-simplify -indvars -pointer-simplify -dce -loop-bound -loop-simplify -loop-preproc -constprop -global-constprop -gvn -mem2reg -instcombine -dce -loop-bound -loop-merge -dce -deadargelim -dce -canonicalize-dataflow -dce -deadargelim -globaldce -mem2reg -bram-byte-enable -inst-simplify -inst-rectify -instcombine -adce -deadargelim -load-elim -read-loop-dep -loop-simplify -loop-extract-inner -directive-preproc -bitwidthmin2 -bitwidthmin2 -read-loop-dep -interface-preproc -directive-preproc -interface-gen -bram-byte-enable-spec-prop -mul2addshift -deadargelim -inst-simplify -dce -mem2reg -instcombine -gvn -dce -adse -loop-bound -instcombine -cfgopt -simplifycfg-lite -loop-simplify -clean-region -io-protocol -find-region -mem2reg -bitop-raise -complex-op-raise -inst-simplify -inst-rectify -instcombine -adce -deadargelim -float-op-raise -loop-simplify -phi-opt -bitop-raise -cfgopt -simplifycfg-lite -strip-dead-prototypes -interface-lower -bitop-lower -intrinsic-lower -auto-function-inline -basicaa -aggrmodref-aa -globalsmodref-aa -aggr-aa -inst-simplify -simplifycfg-lite -loop-simplify -mergereturn -inst-simplify -inst-rectify -globaldce -dce -load-elim -bitop-lower -float-op-raise -fma-raise -loop-rewind -pointer-simplify -dce -cfgopt -dce -loop-bound -loop-dep -read-loop-dep -dce -dyn-mem-reuse -dce -recurrence-min -dce -share-scalar-alloca -deadargelim -dce -check-stream -norm-name -legalize -inst-clarity -bitwidth -dce -validate-dataflow -dump-loop-dep-to-ir -check-all-ssdm -dump-complexity-metric C:/Users/sfv02/Documents/TEC/Maestria/2026-2C/Alto_Nivel/Evaluaciones_Cortas/3-HLS/MP6160_grupo_5/hls/rgb2gray_hls_work/rgb2gray_hls/solution/.autopilot/db/a.o.2.bc -o C:/Users/sfv02/Documents/TEC/Maestria/2026-2C/Alto_Nivel/Evaluaciones_Cortas/3-HLS/MP6160_grupo_5/hls/rgb2gray_hls_work/rgb2gray_hls/solution/.autopilot/db/a.o.3.bc -f -phase build-ssdm 
WARNING: [HLS 200-1990] Performance of loop 'store_loop'(../rgb2gray_kernel.cpp:90:14) in function 'store_gray' can be improved with loop rewind inference if the loop bound can be asserted to execute at least once.
WARNING: [HLS 200-1990] Performance of loop 'load_loop'(../rgb2gray_kernel.cpp:37:13) in function 'load_rgb' can be improved with loop rewind inference if the loop bound can be asserted to execute at least once.
INFO: [XFORM 203-531] Rewinding loop 'store_loop' (../rgb2gray_kernel.cpp:90) in function 'store_gray'.
INFO: [XFORM 203-531] Rewinding loop 'load_loop' (../rgb2gray_kernel.cpp:37) in function 'load_rgb'.
Execute             auto_get_db
INFO-FLOW: Building ssdm...
Execute           transform -hls -cdfg-build C:/Users/sfv02/Documents/TEC/Maestria/2026-2C/Alto_Nivel/Evaluaciones_Cortas/3-HLS/MP6160_grupo_5/hls/rgb2gray_hls_work/rgb2gray_hls/solution/.autopilot/db/a.o.3.bc -o C:/Users/sfv02/Documents/TEC/Maestria/2026-2C/Alto_Nivel/Evaluaciones_Cortas/3-HLS/MP6160_grupo_5/hls/rgb2gray_hls_work/rgb2gray_hls/solution/.autopilot/db/a.o.3.bc -f -phase build-ssdm 
INFO: [HLS 200-111] Finished Architecture Synthesis: CPU user time: 0 seconds. CPU system time: 0 seconds. Elapsed time: 0.137 seconds; current allocated memory: 259.859 MB.
INFO-FLOW: Finish building internal data model.
Command         opt_and_import_c done; 0.364 sec.
Command       elaborate done; 13.838 sec.
Execute       ap_eval exec zip -j C:/Users/sfv02/Documents/TEC/Maestria/2026-2C/Alto_Nivel/Evaluaciones_Cortas/3-HLS/MP6160_grupo_5/hls/rgb2gray_hls_work/rgb2gray_hls/solution/.autopilot/db/dut.hcp $dbDir/a.o.3.bc $dbDir/${topname}.rtl_wrap.cfg.tcl $dbDir/apatb_${topname}.cpp $dbDir/apatb_${topname}_util.cpp $dbDir/apatb_${topname}_ir.ll $dbDir/mapper_${topname}.cpp $dbDir/top-io-fe.xml $dbDir/kernel.internal.xml $workdir/../hls.app 
Execute       autosyn -from_csynth_design=1 
INFO: [HLS 200-10] Starting hardware synthesis ...
INFO-FLOW: Synthesizing C/C++ design ...
INFO: [HLS 200-10] Synthesizing 'rgb2gray_top' ...
Execute         ap_set_top_model rgb2gray_top 
Execute         get_model_list rgb2gray_top -filter all-wo-channel -topdown 
Execute         preproc_iomode -model rgb2gray_top 
Execute         preproc_iomode -model store_gray 
Execute         preproc_iomode -model process_gray 
Execute         preproc_iomode -model process_gray_Pipeline_process_loop 
Execute         preproc_iomode -model load_rgb 
Execute         preproc_iomode -model entry_proc 
Execute         get_model_list rgb2gray_top -filter all-wo-channel 
INFO-FLOW: Model list for configure: entry_proc load_rgb process_gray_Pipeline_process_loop process_gray store_gray rgb2gray_top
INFO-FLOW: Configuring Module : entry_proc ...
Execute         set_default_model entry_proc 
Execute         apply_spec_resource_limit entry_proc 
INFO-FLOW: Configuring Module : load_rgb ...
Execute         set_default_model load_rgb 
Execute         apply_spec_resource_limit load_rgb 
INFO-FLOW: Configuring Module : process_gray_Pipeline_process_loop ...
Execute         set_default_model process_gray_Pipeline_process_loop 
Execute         apply_spec_resource_limit process_gray_Pipeline_process_loop 
INFO-FLOW: Configuring Module : process_gray ...
Execute         set_default_model process_gray 
Execute         apply_spec_resource_limit process_gray 
INFO-FLOW: Configuring Module : store_gray ...
Execute         set_default_model store_gray 
Execute         apply_spec_resource_limit store_gray 
INFO-FLOW: Configuring Module : rgb2gray_top ...
Execute         set_default_model rgb2gray_top 
Execute         apply_spec_resource_limit rgb2gray_top 
INFO-FLOW: Model list for preprocess: entry_proc load_rgb process_gray_Pipeline_process_loop process_gray store_gray rgb2gray_top
INFO-FLOW: Preprocessing Module: entry_proc ...
Execute         set_default_model entry_proc 
Execute         cdfg_preprocess -model entry_proc 
Execute         rtl_gen_preprocess entry_proc 
INFO-FLOW: Preprocessing Module: load_rgb ...
Execute         set_default_model load_rgb 
Execute         cdfg_preprocess -model load_rgb 
Execute         rtl_gen_preprocess load_rgb 
INFO-FLOW: Preprocessing Module: process_gray_Pipeline_process_loop ...
Execute         set_default_model process_gray_Pipeline_process_loop 
Execute         cdfg_preprocess -model process_gray_Pipeline_process_loop 
Execute         rtl_gen_preprocess process_gray_Pipeline_process_loop 
INFO-FLOW: Preprocessing Module: process_gray ...
Execute         set_default_model process_gray 
Execute         cdfg_preprocess -model process_gray 
Execute         rtl_gen_preprocess process_gray 
INFO-FLOW: Preprocessing Module: store_gray ...
Execute         set_default_model store_gray 
Execute         cdfg_preprocess -model store_gray 
Execute         rtl_gen_preprocess store_gray 
INFO-FLOW: Preprocessing Module: rgb2gray_top ...
Execute         set_default_model rgb2gray_top 
Execute         cdfg_preprocess -model rgb2gray_top 
Execute         rtl_gen_preprocess rgb2gray_top 
INFO-FLOW: Model list for synthesis: entry_proc load_rgb process_gray_Pipeline_process_loop process_gray store_gray rgb2gray_top
INFO: [HLS 200-10] ----------------------------------------------------------------
INFO: [HLS 200-42] -- Implementing module 'entry_proc' 
INFO: [HLS 200-10] ----------------------------------------------------------------
Execute         set_default_model entry_proc 
Execute         schedule -model entry_proc 
INFO: [SCHED 204-11] Starting scheduling ...
INFO: [SCHED 204-11] Finished scheduling.
INFO: [HLS 200-111] Finished Scheduling: CPU user time: 0 seconds. CPU system time: 0 seconds. Elapsed time: 0.189 seconds; current allocated memory: 262.484 MB.
Execute         syn_report -verbosereport -o C:/Users/sfv02/Documents/TEC/Maestria/2026-2C/Alto_Nivel/Evaluaciones_Cortas/3-HLS/MP6160_grupo_5/hls/rgb2gray_hls_work/rgb2gray_hls/solution/.autopilot/db/entry_proc.verbose.sched.rpt 
Execute           list_part -family xcvc1902-vsva2197-2MP-e-S 
Execute             ap_family_info -name xcvc1902-vsva2197-2MP-e-S -data names 
Execute             ap_part_info -quiet -name xcvc1902-vsva2197-2MP-e-S -data family 
Execute         db_write -o C:/Users/sfv02/Documents/TEC/Maestria/2026-2C/Alto_Nivel/Evaluaciones_Cortas/3-HLS/MP6160_grupo_5/hls/rgb2gray_hls_work/rgb2gray_hls/solution/.autopilot/db/entry_proc.sched.adb -f 
INFO-FLOW: Finish scheduling entry_proc.
Execute         set_default_model entry_proc 
Execute         bind -model entry_proc 
INFO: [BIND 205-100] Starting micro-architecture generation ...
INFO: [BIND 205-101] Performing variable lifetime analysis.
INFO: [BIND 205-101] Exploring resource sharing.
INFO: [BIND 205-101] Binding ...
INFO: [BIND 205-100] Finished micro-architecture generation.
INFO: [HLS 200-111] Finished Binding: CPU user time: 0 seconds. CPU system time: 0 seconds. Elapsed time: 0.069 seconds; current allocated memory: 263.656 MB.
Execute         syn_report -verbosereport -o C:/Users/sfv02/Documents/TEC/Maestria/2026-2C/Alto_Nivel/Evaluaciones_Cortas/3-HLS/MP6160_grupo_5/hls/rgb2gray_hls_work/rgb2gray_hls/solution/.autopilot/db/entry_proc.verbose.bind.rpt 
Execute           list_part -family xcvc1902-vsva2197-2MP-e-S 
Execute             ap_family_info -name xcvc1902-vsva2197-2MP-e-S -data names 
Execute             ap_part_info -quiet -name xcvc1902-vsva2197-2MP-e-S -data family 
Execute         db_write -o C:/Users/sfv02/Documents/TEC/Maestria/2026-2C/Alto_Nivel/Evaluaciones_Cortas/3-HLS/MP6160_grupo_5/hls/rgb2gray_hls_work/rgb2gray_hls/solution/.autopilot/db/entry_proc.bind.adb -f 
INFO-FLOW: Finish binding entry_proc.
INFO: [HLS 200-10] ----------------------------------------------------------------
INFO: [HLS 200-42] -- Implementing module 'load_rgb' 
INFO: [HLS 200-10] ----------------------------------------------------------------
Execute         set_default_model load_rgb 
Execute         schedule -model load_rgb 
INFO: [SCHED 204-11] Starting scheduling ...
INFO: [SCHED 204-61] Pipelining loop 'load_loop'.
WARNING: [HLS 200-880] The II Violation in module 'load_rgb' (loop 'load_loop'): Unable to enforce a carried dependence constraint (II = 1, distance = 1, offset = 1) between bus read operation ('gmem_in_addr_1_read_2', ../rgb2gray_kernel.cpp:43) on port 'gmem_in' (../rgb2gray_kernel.cpp:43) and bus read operation ('gmem_in_addr_1_read', ../rgb2gray_kernel.cpp:43) on port 'gmem_in' (../rgb2gray_kernel.cpp:43).
WARNING: [HLS 200-880] The II Violation in module 'load_rgb' (loop 'load_loop'): Unable to enforce a carried dependence constraint (II = 2, distance = 1, offset = 1) between bus read operation ('gmem_in_addr_1_read_2', ../rgb2gray_kernel.cpp:43) on port 'gmem_in' (../rgb2gray_kernel.cpp:43) and bus read operation ('gmem_in_addr_1_read', ../rgb2gray_kernel.cpp:43) on port 'gmem_in' (../rgb2gray_kernel.cpp:43).
INFO: [HLS 200-1470] Pipelining result : Target II = 1, Final II = 3, Depth = 78, loop 'load_loop'
INFO: [SCHED 204-11] Finished scheduling.
Command         schedule done; 2.09 sec.
INFO: [HLS 200-111] Finished Scheduling: CPU user time: 2 seconds. CPU system time: 0 seconds. Elapsed time: 2.139 seconds; current allocated memory: 264.898 MB.
Execute         syn_report -verbosereport -o C:/Users/sfv02/Documents/TEC/Maestria/2026-2C/Alto_Nivel/Evaluaciones_Cortas/3-HLS/MP6160_grupo_5/hls/rgb2gray_hls_work/rgb2gray_hls/solution/.autopilot/db/load_rgb.verbose.sched.rpt 
Execute           list_part -family xcvc1902-vsva2197-2MP-e-S 
Execute             ap_family_info -name xcvc1902-vsva2197-2MP-e-S -data names 
Execute             ap_part_info -quiet -name xcvc1902-vsva2197-2MP-e-S -data family 
Command         syn_report done; 0.36 sec.
Execute         db_write -o C:/Users/sfv02/Documents/TEC/Maestria/2026-2C/Alto_Nivel/Evaluaciones_Cortas/3-HLS/MP6160_grupo_5/hls/rgb2gray_hls_work/rgb2gray_hls/solution/.autopilot/db/load_rgb.sched.adb -f 
INFO-FLOW: Finish scheduling load_rgb.
Execute         set_default_model load_rgb 
Execute         bind -model load_rgb 
INFO: [BIND 205-100] Starting micro-architecture generation ...
INFO: [BIND 205-101] Performing variable lifetime analysis.
INFO: [BIND 205-101] Exploring resource sharing.
INFO: [BIND 205-101] Binding ...
INFO: [BIND 205-100] Finished micro-architecture generation.
Command         bind done; 0.552 sec.
INFO: [HLS 200-111] Finished Binding: CPU user time: 1 seconds. CPU system time: 0 seconds. Elapsed time: 0.925 seconds; current allocated memory: 265.180 MB.
Execute         syn_report -verbosereport -o C:/Users/sfv02/Documents/TEC/Maestria/2026-2C/Alto_Nivel/Evaluaciones_Cortas/3-HLS/MP6160_grupo_5/hls/rgb2gray_hls_work/rgb2gray_hls/solution/.autopilot/db/load_rgb.verbose.bind.rpt 
Execute           list_part -family xcvc1902-vsva2197-2MP-e-S 
Execute             ap_family_info -name xcvc1902-vsva2197-2MP-e-S -data names 
Execute             ap_part_info -quiet -name xcvc1902-vsva2197-2MP-e-S -data family 
Command         syn_report done; 1.519 sec.
Execute         db_write -o C:/Users/sfv02/Documents/TEC/Maestria/2026-2C/Alto_Nivel/Evaluaciones_Cortas/3-HLS/MP6160_grupo_5/hls/rgb2gray_hls_work/rgb2gray_hls/solution/.autopilot/db/load_rgb.bind.adb -f 
INFO-FLOW: Finish binding load_rgb.
INFO: [HLS 200-10] ----------------------------------------------------------------
INFO: [HLS 200-42] -- Implementing module 'process_gray_Pipeline_process_loop' 
INFO: [HLS 200-10] ----------------------------------------------------------------
Execute         set_default_model process_gray_Pipeline_process_loop 
Execute         schedule -model process_gray_Pipeline_process_loop 
INFO: [SCHED 204-11] Starting scheduling ...
INFO: [HLS 200-486] Changing DSP latency (root=mul_ln20) to 3 in order to utilize available DSP registers.
INFO: [HLS 200-486] Changing DSP latency (root=add_ln20_2) to 3 in order to utilize available DSP registers.
INFO: [HLS 200-486] Changing DSP latency (root=add_ln20_1) to 3 in order to utilize available DSP registers.
INFO: [SCHED 204-61] Pipelining loop 'process_loop'.
INFO: [HLS 200-1470] Pipelining result : Target II = 1, Final II = 1, Depth = 8, loop 'process_loop'
INFO: [SCHED 204-11] Finished scheduling.
Command         schedule done; 0.43 sec.
INFO: [HLS 200-111] Finished Scheduling: CPU user time: 1 seconds. CPU system time: 0 seconds. Elapsed time: 1.995 seconds; current allocated memory: 265.777 MB.
Execute         syn_report -verbosereport -o C:/Users/sfv02/Documents/TEC/Maestria/2026-2C/Alto_Nivel/Evaluaciones_Cortas/3-HLS/MP6160_grupo_5/hls/rgb2gray_hls_work/rgb2gray_hls/solution/.autopilot/db/process_gray_Pipeline_process_loop.verbose.sched.rpt 
Execute           list_part -family xcvc1902-vsva2197-2MP-e-S 
Execute             ap_family_info -name xcvc1902-vsva2197-2MP-e-S -data names 
Execute             ap_part_info -quiet -name xcvc1902-vsva2197-2MP-e-S -data family 
Execute         db_write -o C:/Users/sfv02/Documents/TEC/Maestria/2026-2C/Alto_Nivel/Evaluaciones_Cortas/3-HLS/MP6160_grupo_5/hls/rgb2gray_hls_work/rgb2gray_hls/solution/.autopilot/db/process_gray_Pipeline_process_loop.sched.adb -f 
INFO-FLOW: Finish scheduling process_gray_Pipeline_process_loop.
Execute         set_default_model process_gray_Pipeline_process_loop 
Execute         bind -model process_gray_Pipeline_process_loop 
INFO: [BIND 205-100] Starting micro-architecture generation ...
INFO: [BIND 205-101] Performing variable lifetime analysis.
INFO: [BIND 205-101] Exploring resource sharing.
INFO: [BIND 205-101] Binding ...
INFO: [BIND 205-100] Finished micro-architecture generation.
Command         bind done; 0.21 sec.
INFO: [HLS 200-111] Finished Binding: CPU user time: 0 seconds. CPU system time: 0 seconds. Elapsed time: 0.247 seconds; current allocated memory: 265.805 MB.
Execute         syn_report -verbosereport -o C:/Users/sfv02/Documents/TEC/Maestria/2026-2C/Alto_Nivel/Evaluaciones_Cortas/3-HLS/MP6160_grupo_5/hls/rgb2gray_hls_work/rgb2gray_hls/solution/.autopilot/db/process_gray_Pipeline_process_loop.verbose.bind.rpt 
Execute           list_part -family xcvc1902-vsva2197-2MP-e-S 
Execute             ap_family_info -name xcvc1902-vsva2197-2MP-e-S -data names 
Execute             ap_part_info -quiet -name xcvc1902-vsva2197-2MP-e-S -data family 
Command         syn_report done; 0.518 sec.
Execute         db_write -o C:/Users/sfv02/Documents/TEC/Maestria/2026-2C/Alto_Nivel/Evaluaciones_Cortas/3-HLS/MP6160_grupo_5/hls/rgb2gray_hls_work/rgb2gray_hls/solution/.autopilot/db/process_gray_Pipeline_process_loop.bind.adb -f 
INFO-FLOW: Finish binding process_gray_Pipeline_process_loop.
INFO: [HLS 200-10] ----------------------------------------------------------------
INFO: [HLS 200-42] -- Implementing module 'process_gray' 
INFO: [HLS 200-10] ----------------------------------------------------------------
Execute         set_default_model process_gray 
Execute         schedule -model process_gray 
INFO: [SCHED 204-11] Starting scheduling ...
INFO: [SCHED 204-11] Finished scheduling.
INFO: [HLS 200-111] Finished Scheduling: CPU user time: 0 seconds. CPU system time: 0 seconds. Elapsed time: 0.583 seconds; current allocated memory: 265.977 MB.
Execute         syn_report -verbosereport -o C:/Users/sfv02/Documents/TEC/Maestria/2026-2C/Alto_Nivel/Evaluaciones_Cortas/3-HLS/MP6160_grupo_5/hls/rgb2gray_hls_work/rgb2gray_hls/solution/.autopilot/db/process_gray.verbose.sched.rpt 
Execute           list_part -family xcvc1902-vsva2197-2MP-e-S 
Execute             ap_family_info -name xcvc1902-vsva2197-2MP-e-S -data names 
Execute             ap_part_info -quiet -name xcvc1902-vsva2197-2MP-e-S -data family 
Execute         db_write -o C:/Users/sfv02/Documents/TEC/Maestria/2026-2C/Alto_Nivel/Evaluaciones_Cortas/3-HLS/MP6160_grupo_5/hls/rgb2gray_hls_work/rgb2gray_hls/solution/.autopilot/db/process_gray.sched.adb -f 
INFO-FLOW: Finish scheduling process_gray.
Execute         set_default_model process_gray 
Execute         bind -model process_gray 
INFO: [BIND 205-100] Starting micro-architecture generation ...
INFO: [BIND 205-101] Performing variable lifetime analysis.
INFO: [BIND 205-101] Exploring resource sharing.
INFO: [BIND 205-101] Binding ...
INFO: [BIND 205-100] Finished micro-architecture generation.
Command         bind done; 0.204 sec.
INFO: [HLS 200-111] Finished Binding: CPU user time: 0 seconds. CPU system time: 0 seconds. Elapsed time: 0.222 seconds; current allocated memory: 266.090 MB.
Execute         syn_report -verbosereport -o C:/Users/sfv02/Documents/TEC/Maestria/2026-2C/Alto_Nivel/Evaluaciones_Cortas/3-HLS/MP6160_grupo_5/hls/rgb2gray_hls_work/rgb2gray_hls/solution/.autopilot/db/process_gray.verbose.bind.rpt 
Execute           list_part -family xcvc1902-vsva2197-2MP-e-S 
Execute             ap_family_info -name xcvc1902-vsva2197-2MP-e-S -data names 
Execute             ap_part_info -quiet -name xcvc1902-vsva2197-2MP-e-S -data family 
Command         syn_report done; 0.502 sec.
Execute         db_write -o C:/Users/sfv02/Documents/TEC/Maestria/2026-2C/Alto_Nivel/Evaluaciones_Cortas/3-HLS/MP6160_grupo_5/hls/rgb2gray_hls_work/rgb2gray_hls/solution/.autopilot/db/process_gray.bind.adb -f 
INFO-FLOW: Finish binding process_gray.
INFO: [HLS 200-10] ----------------------------------------------------------------
INFO: [HLS 200-42] -- Implementing module 'store_gray' 
INFO: [HLS 200-10] ----------------------------------------------------------------
Execute         set_default_model store_gray 
Execute         schedule -model store_gray 
INFO: [SCHED 204-11] Starting scheduling ...
INFO: [SCHED 204-61] Pipelining loop 'store_loop'.
INFO: [HLS 200-1470] Pipelining result : Target II = 1, Final II = 1, Depth = 77, loop 'store_loop'
INFO: [SCHED 204-11] Finished scheduling.
Command         schedule done; 2.408 sec.
INFO: [HLS 200-111] Finished Scheduling: CPU user time: 3 seconds. CPU system time: 0 seconds. Elapsed time: 2.948 seconds; current allocated memory: 267.137 MB.
Execute         syn_report -verbosereport -o C:/Users/sfv02/Documents/TEC/Maestria/2026-2C/Alto_Nivel/Evaluaciones_Cortas/3-HLS/MP6160_grupo_5/hls/rgb2gray_hls_work/rgb2gray_hls/solution/.autopilot/db/store_gray.verbose.sched.rpt 
Execute           list_part -family xcvc1902-vsva2197-2MP-e-S 
Execute             ap_family_info -name xcvc1902-vsva2197-2MP-e-S -data names 
Execute             ap_part_info -quiet -name xcvc1902-vsva2197-2MP-e-S -data family 
Command         syn_report done; 0.354 sec.
Execute         db_write -o C:/Users/sfv02/Documents/TEC/Maestria/2026-2C/Alto_Nivel/Evaluaciones_Cortas/3-HLS/MP6160_grupo_5/hls/rgb2gray_hls_work/rgb2gray_hls/solution/.autopilot/db/store_gray.sched.adb -f 
INFO-FLOW: Finish scheduling store_gray.
Execute         set_default_model store_gray 
Execute         bind -model store_gray 
INFO: [BIND 205-100] Starting micro-architecture generation ...
INFO: [BIND 205-101] Performing variable lifetime analysis.
INFO: [BIND 205-101] Exploring resource sharing.
INFO: [BIND 205-101] Binding ...
INFO: [BIND 205-100] Finished micro-architecture generation.
Command         bind done; 0.313 sec.
INFO: [HLS 200-111] Finished Binding: CPU user time: 1 seconds. CPU system time: 0 seconds. Elapsed time: 0.679 seconds; current allocated memory: 267.359 MB.
Execute         syn_report -verbosereport -o C:/Users/sfv02/Documents/TEC/Maestria/2026-2C/Alto_Nivel/Evaluaciones_Cortas/3-HLS/MP6160_grupo_5/hls/rgb2gray_hls_work/rgb2gray_hls/solution/.autopilot/db/store_gray.verbose.bind.rpt 
Execute           list_part -family xcvc1902-vsva2197-2MP-e-S 
Execute             ap_family_info -name xcvc1902-vsva2197-2MP-e-S -data names 
Execute             ap_part_info -quiet -name xcvc1902-vsva2197-2MP-e-S -data family 
Command         syn_report done; 0.914 sec.
Execute         db_write -o C:/Users/sfv02/Documents/TEC/Maestria/2026-2C/Alto_Nivel/Evaluaciones_Cortas/3-HLS/MP6160_grupo_5/hls/rgb2gray_hls_work/rgb2gray_hls/solution/.autopilot/db/store_gray.bind.adb -f 
INFO-FLOW: Finish binding store_gray.
INFO: [HLS 200-10] ----------------------------------------------------------------
INFO: [HLS 200-42] -- Implementing module 'rgb2gray_top' 
INFO: [HLS 200-10] ----------------------------------------------------------------
Execute         set_default_model rgb2gray_top 
Execute         schedule -model rgb2gray_top 
INFO: [SCHED 204-11] Starting scheduling ...
INFO: [SCHED 204-11] Finished scheduling.
WARNING: [HLS 200-1020] Increasing the depth of FIFO start_for_store_gray_U0 (from entry_proc_U0 to store_gray_U0) to 3 to improve performance and/or avoid deadlocks.
INFO: [HLS 200-111] Finished Scheduling: CPU user time: 1 seconds. CPU system time: 0 seconds. Elapsed time: 1.004 seconds; current allocated memory: 267.652 MB.
Execute         syn_report -verbosereport -o C:/Users/sfv02/Documents/TEC/Maestria/2026-2C/Alto_Nivel/Evaluaciones_Cortas/3-HLS/MP6160_grupo_5/hls/rgb2gray_hls_work/rgb2gray_hls/solution/.autopilot/db/rgb2gray_top.verbose.sched.rpt 
Execute           list_part -family xcvc1902-vsva2197-2MP-e-S 
Execute             ap_family_info -name xcvc1902-vsva2197-2MP-e-S -data names 
Execute             ap_part_info -quiet -name xcvc1902-vsva2197-2MP-e-S -data family 
Execute         db_write -o C:/Users/sfv02/Documents/TEC/Maestria/2026-2C/Alto_Nivel/Evaluaciones_Cortas/3-HLS/MP6160_grupo_5/hls/rgb2gray_hls_work/rgb2gray_hls/solution/.autopilot/db/rgb2gray_top.sched.adb -f 
INFO-FLOW: Finish scheduling rgb2gray_top.
Execute         set_default_model rgb2gray_top 
Execute         bind -model rgb2gray_top 
INFO: [BIND 205-100] Starting micro-architecture generation ...
INFO: [BIND 205-101] Performing variable lifetime analysis.
INFO: [BIND 205-101] Exploring resource sharing.
INFO: [BIND 205-101] Binding ...
INFO: [BIND 205-100] Finished micro-architecture generation.
Command         bind done; 0.939 sec.
INFO: [HLS 200-111] Finished Binding: CPU user time: 1 seconds. CPU system time: 0 seconds. Elapsed time: 0.961 seconds; current allocated memory: 267.863 MB.
Execute         syn_report -verbosereport -o C:/Users/sfv02/Documents/TEC/Maestria/2026-2C/Alto_Nivel/Evaluaciones_Cortas/3-HLS/MP6160_grupo_5/hls/rgb2gray_hls_work/rgb2gray_hls/solution/.autopilot/db/rgb2gray_top.verbose.bind.rpt 
Execute           list_part -family xcvc1902-vsva2197-2MP-e-S 
Execute             ap_family_info -name xcvc1902-vsva2197-2MP-e-S -data names 
Execute             ap_part_info -quiet -name xcvc1902-vsva2197-2MP-e-S -data family 
Command         syn_report done; 2.41 sec.
Execute         db_write -o C:/Users/sfv02/Documents/TEC/Maestria/2026-2C/Alto_Nivel/Evaluaciones_Cortas/3-HLS/MP6160_grupo_5/hls/rgb2gray_hls_work/rgb2gray_hls/solution/.autopilot/db/rgb2gray_top.bind.adb -f 
INFO-FLOW: Finish binding rgb2gray_top.
Execute         get_model_list rgb2gray_top -filter all-wo-channel 
INFO-FLOW: Preprocessing for RTLGen ...
Execute         rtl_gen_preprocess entry_proc 
Execute         rtl_gen_preprocess load_rgb 
Execute         rtl_gen_preprocess process_gray_Pipeline_process_loop 
Execute         rtl_gen_preprocess process_gray 
Execute         rtl_gen_preprocess store_gray 
Execute         rtl_gen_preprocess rgb2gray_top 
INFO-FLOW: Model list for RTL generation: entry_proc load_rgb process_gray_Pipeline_process_loop process_gray store_gray rgb2gray_top
INFO: [HLS 200-10] ----------------------------------------------------------------
INFO: [HLS 200-10] -- Generating RTL for module 'entry_proc' 
INFO: [HLS 200-10] ----------------------------------------------------------------
Execute         create_rtl_model entry_proc -top_prefix rgb2gray_top_ -sub_prefix rgb2gray_top_ -mg_file C:/Users/sfv02/Documents/TEC/Maestria/2026-2C/Alto_Nivel/Evaluaciones_Cortas/3-HLS/MP6160_grupo_5/hls/rgb2gray_hls_work/rgb2gray_hls/solution/.autopilot/db/entry_proc.compgen.tcl 
INFO: [RTGEN 206-100] Finished creating RTL model for 'entry_proc'.
INFO: [HLS 200-111] Finished Creating RTL model: CPU user time: 2 seconds. CPU system time: 0 seconds. Elapsed time: 2.488 seconds; current allocated memory: 269.055 MB.
Execute         source C:/Users/sfv02/Documents/TEC/Maestria/2026-2C/Alto_Nivel/Evaluaciones_Cortas/3-HLS/MP6160_grupo_5/hls/rgb2gray_hls_work/rgb2gray_hls/solution/.autopilot/db/rgb2gray_top.rtl_wrap.cfg.tcl 
Execute         gen_rtl entry_proc -style xilinx -f -lang vhdl -o C:/Users/sfv02/Documents/TEC/Maestria/2026-2C/Alto_Nivel/Evaluaciones_Cortas/3-HLS/MP6160_grupo_5/hls/rgb2gray_hls_work/rgb2gray_hls/solution/syn/vhdl/rgb2gray_top_entry_proc 
Execute         gen_rtl entry_proc -style xilinx -f -lang vlog -o C:/Users/sfv02/Documents/TEC/Maestria/2026-2C/Alto_Nivel/Evaluaciones_Cortas/3-HLS/MP6160_grupo_5/hls/rgb2gray_hls_work/rgb2gray_hls/solution/syn/verilog/rgb2gray_top_entry_proc 
Execute         syn_report -csynth -model entry_proc -o C:/Users/sfv02/Documents/TEC/Maestria/2026-2C/Alto_Nivel/Evaluaciones_Cortas/3-HLS/MP6160_grupo_5/hls/rgb2gray_hls_work/rgb2gray_hls/solution/syn/report/entry_proc_csynth.rpt 
Execute           list_part -family xcvc1902-vsva2197-2MP-e-S 
Execute             ap_family_info -name xcvc1902-vsva2197-2MP-e-S -data names 
Execute             ap_part_info -quiet -name xcvc1902-vsva2197-2MP-e-S -data family 
Execute         syn_report -rtlxml -model entry_proc -o C:/Users/sfv02/Documents/TEC/Maestria/2026-2C/Alto_Nivel/Evaluaciones_Cortas/3-HLS/MP6160_grupo_5/hls/rgb2gray_hls_work/rgb2gray_hls/solution/syn/report/entry_proc_csynth.xml 
Execute           list_part -family xcvc1902-vsva2197-2MP-e-S 
Execute             ap_family_info -name xcvc1902-vsva2197-2MP-e-S -data names 
Execute             ap_part_info -quiet -name xcvc1902-vsva2197-2MP-e-S -data family 
Execute         syn_report -verbosereport -model entry_proc -o C:/Users/sfv02/Documents/TEC/Maestria/2026-2C/Alto_Nivel/Evaluaciones_Cortas/3-HLS/MP6160_grupo_5/hls/rgb2gray_hls_work/rgb2gray_hls/solution/.autopilot/db/entry_proc.verbose.rpt 
Execute           list_part -family xcvc1902-vsva2197-2MP-e-S 
Execute             ap_family_info -name xcvc1902-vsva2197-2MP-e-S -data names 
Execute             ap_part_info -quiet -name xcvc1902-vsva2197-2MP-e-S -data family 
Execute         db_write -model entry_proc -f -o C:/Users/sfv02/Documents/TEC/Maestria/2026-2C/Alto_Nivel/Evaluaciones_Cortas/3-HLS/MP6160_grupo_5/hls/rgb2gray_hls_work/rgb2gray_hls/solution/.autopilot/db/entry_proc.adb 
Execute         db_write -model entry_proc -bindview -o C:/Users/sfv02/Documents/TEC/Maestria/2026-2C/Alto_Nivel/Evaluaciones_Cortas/3-HLS/MP6160_grupo_5/hls/rgb2gray_hls_work/rgb2gray_hls/solution/.autopilot/db/design.bindinfo.xml 
Execute         gen_tb_info entry_proc -p C:/Users/sfv02/Documents/TEC/Maestria/2026-2C/Alto_Nivel/Evaluaciones_Cortas/3-HLS/MP6160_grupo_5/hls/rgb2gray_hls_work/rgb2gray_hls/solution/.autopilot/db -o C:/Users/sfv02/Documents/TEC/Maestria/2026-2C/Alto_Nivel/Evaluaciones_Cortas/3-HLS/MP6160_grupo_5/hls/rgb2gray_hls_work/rgb2gray_hls/solution/.autopilot/db/entry_proc 
INFO: [HLS 200-10] ----------------------------------------------------------------
INFO: [HLS 200-10] -- Generating RTL for module 'load_rgb' 
INFO: [HLS 200-10] ----------------------------------------------------------------
Execute         create_rtl_model load_rgb -top_prefix rgb2gray_top_ -sub_prefix rgb2gray_top_ -mg_file C:/Users/sfv02/Documents/TEC/Maestria/2026-2C/Alto_Nivel/Evaluaciones_Cortas/3-HLS/MP6160_grupo_5/hls/rgb2gray_hls_work/rgb2gray_hls/solution/.autopilot/db/load_rgb.compgen.tcl 
INFO: [RTGEN 206-100] Finished creating RTL model for 'load_rgb'.
INFO: [HLS 200-111] Finished Creating RTL model: CPU user time: 0 seconds. CPU system time: 0 seconds. Elapsed time: 0.235 seconds; current allocated memory: 271.230 MB.
Execute         source C:/Users/sfv02/Documents/TEC/Maestria/2026-2C/Alto_Nivel/Evaluaciones_Cortas/3-HLS/MP6160_grupo_5/hls/rgb2gray_hls_work/rgb2gray_hls/solution/.autopilot/db/rgb2gray_top.rtl_wrap.cfg.tcl 
Execute         gen_rtl load_rgb -style xilinx -f -lang vhdl -o C:/Users/sfv02/Documents/TEC/Maestria/2026-2C/Alto_Nivel/Evaluaciones_Cortas/3-HLS/MP6160_grupo_5/hls/rgb2gray_hls_work/rgb2gray_hls/solution/syn/vhdl/rgb2gray_top_load_rgb 
Execute         gen_rtl load_rgb -style xilinx -f -lang vlog -o C:/Users/sfv02/Documents/TEC/Maestria/2026-2C/Alto_Nivel/Evaluaciones_Cortas/3-HLS/MP6160_grupo_5/hls/rgb2gray_hls_work/rgb2gray_hls/solution/syn/verilog/rgb2gray_top_load_rgb 
Execute         syn_report -csynth -model load_rgb -o C:/Users/sfv02/Documents/TEC/Maestria/2026-2C/Alto_Nivel/Evaluaciones_Cortas/3-HLS/MP6160_grupo_5/hls/rgb2gray_hls_work/rgb2gray_hls/solution/syn/report/load_rgb_csynth.rpt 
Execute           list_part -family xcvc1902-vsva2197-2MP-e-S 
Execute             ap_family_info -name xcvc1902-vsva2197-2MP-e-S -data names 
Execute             ap_part_info -quiet -name xcvc1902-vsva2197-2MP-e-S -data family 
Command         syn_report done; 1.816 sec.
Execute         syn_report -rtlxml -model load_rgb -o C:/Users/sfv02/Documents/TEC/Maestria/2026-2C/Alto_Nivel/Evaluaciones_Cortas/3-HLS/MP6160_grupo_5/hls/rgb2gray_hls_work/rgb2gray_hls/solution/syn/report/load_rgb_csynth.xml 
Execute           list_part -family xcvc1902-vsva2197-2MP-e-S 
Execute             ap_family_info -name xcvc1902-vsva2197-2MP-e-S -data names 
Execute             ap_part_info -quiet -name xcvc1902-vsva2197-2MP-e-S -data family 
Command         syn_report done; 0.931 sec.
Execute         syn_report -verbosereport -model load_rgb -o C:/Users/sfv02/Documents/TEC/Maestria/2026-2C/Alto_Nivel/Evaluaciones_Cortas/3-HLS/MP6160_grupo_5/hls/rgb2gray_hls_work/rgb2gray_hls/solution/.autopilot/db/load_rgb.verbose.rpt 
Execute           list_part -family xcvc1902-vsva2197-2MP-e-S 
Execute             ap_family_info -name xcvc1902-vsva2197-2MP-e-S -data names 
Execute             ap_part_info -quiet -name xcvc1902-vsva2197-2MP-e-S -data family 
Command         syn_report done; 2.424 sec.
Execute         db_write -model load_rgb -f -o C:/Users/sfv02/Documents/TEC/Maestria/2026-2C/Alto_Nivel/Evaluaciones_Cortas/3-HLS/MP6160_grupo_5/hls/rgb2gray_hls_work/rgb2gray_hls/solution/.autopilot/db/load_rgb.adb 
Command         db_write done; 0.913 sec.
Execute         db_write -model load_rgb -bindview -o C:/Users/sfv02/Documents/TEC/Maestria/2026-2C/Alto_Nivel/Evaluaciones_Cortas/3-HLS/MP6160_grupo_5/hls/rgb2gray_hls_work/rgb2gray_hls/solution/.autopilot/db/design.bindinfo.xml 
Execute         gen_tb_info load_rgb -p C:/Users/sfv02/Documents/TEC/Maestria/2026-2C/Alto_Nivel/Evaluaciones_Cortas/3-HLS/MP6160_grupo_5/hls/rgb2gray_hls_work/rgb2gray_hls/solution/.autopilot/db -o C:/Users/sfv02/Documents/TEC/Maestria/2026-2C/Alto_Nivel/Evaluaciones_Cortas/3-HLS/MP6160_grupo_5/hls/rgb2gray_hls_work/rgb2gray_hls/solution/.autopilot/db/load_rgb 
INFO: [HLS 200-10] ----------------------------------------------------------------
INFO: [HLS 200-10] -- Generating RTL for module 'process_gray_Pipeline_process_loop' 
INFO: [HLS 200-10] ----------------------------------------------------------------
Execute         create_rtl_model process_gray_Pipeline_process_loop -top_prefix rgb2gray_top_ -sub_prefix rgb2gray_top_ -mg_file C:/Users/sfv02/Documents/TEC/Maestria/2026-2C/Alto_Nivel/Evaluaciones_Cortas/3-HLS/MP6160_grupo_5/hls/rgb2gray_hls_work/rgb2gray_hls/solution/.autopilot/db/process_gray_Pipeline_process_loop.compgen.tcl 
INFO: [HLS 200-1030] Apply Unified Pipeline Control on module 'process_gray_Pipeline_process_loop' pipeline 'process_loop' pipeline type 'loop pipeline'
INFO: [RTGEN 206-100] Generating core module 'am_addmul_18ns_22ns_23ns_45_4_1': 1 instance(s).
INFO: [RTGEN 206-100] Generating core module 'mac_muladd_10ns_8ns_13ns_18_4_1': 1 instance(s).
INFO: [RTGEN 206-100] Generating core module 'mac_muladd_12ns_8ns_21ns_22_4_1': 1 instance(s).
INFO: [RTGEN 206-100] Generating core module 'mul_8ns_14ns_21_1_1': 1 instance(s).
INFO: [RTGEN 206-100] Finished creating RTL model for 'process_gray_Pipeline_process_loop'.
Command         create_rtl_model done; 0.111 sec.
INFO: [HLS 200-111] Finished Creating RTL model: CPU user time: 6 seconds. CPU system time: 0 seconds. Elapsed time: 6.374 seconds; current allocated memory: 273.445 MB.
Execute         source C:/Users/sfv02/Documents/TEC/Maestria/2026-2C/Alto_Nivel/Evaluaciones_Cortas/3-HLS/MP6160_grupo_5/hls/rgb2gray_hls_work/rgb2gray_hls/solution/.autopilot/db/rgb2gray_top.rtl_wrap.cfg.tcl 
Execute         gen_rtl process_gray_Pipeline_process_loop -style xilinx -f -lang vhdl -o C:/Users/sfv02/Documents/TEC/Maestria/2026-2C/Alto_Nivel/Evaluaciones_Cortas/3-HLS/MP6160_grupo_5/hls/rgb2gray_hls_work/rgb2gray_hls/solution/syn/vhdl/rgb2gray_top_process_gray_Pipeline_process_loop 
Execute         gen_rtl process_gray_Pipeline_process_loop -style xilinx -f -lang vlog -o C:/Users/sfv02/Documents/TEC/Maestria/2026-2C/Alto_Nivel/Evaluaciones_Cortas/3-HLS/MP6160_grupo_5/hls/rgb2gray_hls_work/rgb2gray_hls/solution/syn/verilog/rgb2gray_top_process_gray_Pipeline_process_loop 
Execute         syn_report -csynth -model process_gray_Pipeline_process_loop -o C:/Users/sfv02/Documents/TEC/Maestria/2026-2C/Alto_Nivel/Evaluaciones_Cortas/3-HLS/MP6160_grupo_5/hls/rgb2gray_hls_work/rgb2gray_hls/solution/syn/report/process_gray_Pipeline_process_loop_csynth.rpt 
Execute           list_part -family xcvc1902-vsva2197-2MP-e-S 
Execute             ap_family_info -name xcvc1902-vsva2197-2MP-e-S -data names 
Execute             ap_part_info -quiet -name xcvc1902-vsva2197-2MP-e-S -data family 
Command         syn_report done; 0.453 sec.
Execute         syn_report -rtlxml -model process_gray_Pipeline_process_loop -o C:/Users/sfv02/Documents/TEC/Maestria/2026-2C/Alto_Nivel/Evaluaciones_Cortas/3-HLS/MP6160_grupo_5/hls/rgb2gray_hls_work/rgb2gray_hls/solution/syn/report/process_gray_Pipeline_process_loop_csynth.xml 
Execute           list_part -family xcvc1902-vsva2197-2MP-e-S 
Execute             ap_family_info -name xcvc1902-vsva2197-2MP-e-S -data names 
Execute             ap_part_info -quiet -name xcvc1902-vsva2197-2MP-e-S -data family 
Command         syn_report done; 0.173 sec.
Execute         syn_report -verbosereport -model process_gray_Pipeline_process_loop -o C:/Users/sfv02/Documents/TEC/Maestria/2026-2C/Alto_Nivel/Evaluaciones_Cortas/3-HLS/MP6160_grupo_5/hls/rgb2gray_hls_work/rgb2gray_hls/solution/.autopilot/db/process_gray_Pipeline_process_loop.verbose.rpt 
Execute           list_part -family xcvc1902-vsva2197-2MP-e-S 
Execute             ap_family_info -name xcvc1902-vsva2197-2MP-e-S -data names 
Execute             ap_part_info -quiet -name xcvc1902-vsva2197-2MP-e-S -data family 
Command         syn_report done; 0.682 sec.
Execute         db_write -model process_gray_Pipeline_process_loop -f -o C:/Users/sfv02/Documents/TEC/Maestria/2026-2C/Alto_Nivel/Evaluaciones_Cortas/3-HLS/MP6160_grupo_5/hls/rgb2gray_hls_work/rgb2gray_hls/solution/.autopilot/db/process_gray_Pipeline_process_loop.adb 
Command         db_write done; 0.175 sec.
Execute         db_write -model process_gray_Pipeline_process_loop -bindview -o C:/Users/sfv02/Documents/TEC/Maestria/2026-2C/Alto_Nivel/Evaluaciones_Cortas/3-HLS/MP6160_grupo_5/hls/rgb2gray_hls_work/rgb2gray_hls/solution/.autopilot/db/design.bindinfo.xml 
Execute         gen_tb_info process_gray_Pipeline_process_loop -p C:/Users/sfv02/Documents/TEC/Maestria/2026-2C/Alto_Nivel/Evaluaciones_Cortas/3-HLS/MP6160_grupo_5/hls/rgb2gray_hls_work/rgb2gray_hls/solution/.autopilot/db -o C:/Users/sfv02/Documents/TEC/Maestria/2026-2C/Alto_Nivel/Evaluaciones_Cortas/3-HLS/MP6160_grupo_5/hls/rgb2gray_hls_work/rgb2gray_hls/solution/.autopilot/db/process_gray_Pipeline_process_loop 
INFO: [HLS 200-10] ----------------------------------------------------------------
INFO: [HLS 200-10] -- Generating RTL for module 'process_gray' 
INFO: [HLS 200-10] ----------------------------------------------------------------
Execute         create_rtl_model process_gray -top_prefix rgb2gray_top_ -sub_prefix rgb2gray_top_ -mg_file C:/Users/sfv02/Documents/TEC/Maestria/2026-2C/Alto_Nivel/Evaluaciones_Cortas/3-HLS/MP6160_grupo_5/hls/rgb2gray_hls_work/rgb2gray_hls/solution/.autopilot/db/process_gray.compgen.tcl 
INFO: [RTGEN 206-100] Finished creating RTL model for 'process_gray'.
INFO: [HLS 200-111] Finished Creating RTL model: CPU user time: 2 seconds. CPU system time: 0 seconds. Elapsed time: 1.66 seconds; current allocated memory: 274.406 MB.
Execute         source C:/Users/sfv02/Documents/TEC/Maestria/2026-2C/Alto_Nivel/Evaluaciones_Cortas/3-HLS/MP6160_grupo_5/hls/rgb2gray_hls_work/rgb2gray_hls/solution/.autopilot/db/rgb2gray_top.rtl_wrap.cfg.tcl 
Execute         gen_rtl process_gray -style xilinx -f -lang vhdl -o C:/Users/sfv02/Documents/TEC/Maestria/2026-2C/Alto_Nivel/Evaluaciones_Cortas/3-HLS/MP6160_grupo_5/hls/rgb2gray_hls_work/rgb2gray_hls/solution/syn/vhdl/rgb2gray_top_process_gray 
Execute         gen_rtl process_gray -style xilinx -f -lang vlog -o C:/Users/sfv02/Documents/TEC/Maestria/2026-2C/Alto_Nivel/Evaluaciones_Cortas/3-HLS/MP6160_grupo_5/hls/rgb2gray_hls_work/rgb2gray_hls/solution/syn/verilog/rgb2gray_top_process_gray 
Execute         syn_report -csynth -model process_gray -o C:/Users/sfv02/Documents/TEC/Maestria/2026-2C/Alto_Nivel/Evaluaciones_Cortas/3-HLS/MP6160_grupo_5/hls/rgb2gray_hls_work/rgb2gray_hls/solution/syn/report/process_gray_csynth.rpt 
Execute           list_part -family xcvc1902-vsva2197-2MP-e-S 
Execute             ap_family_info -name xcvc1902-vsva2197-2MP-e-S -data names 
Execute             ap_part_info -quiet -name xcvc1902-vsva2197-2MP-e-S -data family 
Command         syn_report done; 0.34 sec.
Execute         syn_report -rtlxml -model process_gray -o C:/Users/sfv02/Documents/TEC/Maestria/2026-2C/Alto_Nivel/Evaluaciones_Cortas/3-HLS/MP6160_grupo_5/hls/rgb2gray_hls_work/rgb2gray_hls/solution/syn/report/process_gray_csynth.xml 
Execute           list_part -family xcvc1902-vsva2197-2MP-e-S 
Execute             ap_family_info -name xcvc1902-vsva2197-2MP-e-S -data names 
Execute             ap_part_info -quiet -name xcvc1902-vsva2197-2MP-e-S -data family 
Command         syn_report done; 0.174 sec.
Execute         syn_report -verbosereport -model process_gray -o C:/Users/sfv02/Documents/TEC/Maestria/2026-2C/Alto_Nivel/Evaluaciones_Cortas/3-HLS/MP6160_grupo_5/hls/rgb2gray_hls_work/rgb2gray_hls/solution/.autopilot/db/process_gray.verbose.rpt 
Execute           list_part -family xcvc1902-vsva2197-2MP-e-S 
Execute             ap_family_info -name xcvc1902-vsva2197-2MP-e-S -data names 
Execute             ap_part_info -quiet -name xcvc1902-vsva2197-2MP-e-S -data family 
Command         syn_report done; 0.673 sec.
Execute         db_write -model process_gray -f -o C:/Users/sfv02/Documents/TEC/Maestria/2026-2C/Alto_Nivel/Evaluaciones_Cortas/3-HLS/MP6160_grupo_5/hls/rgb2gray_hls_work/rgb2gray_hls/solution/.autopilot/db/process_gray.adb 
Command         db_write done; 0.168 sec.
Execute         db_write -model process_gray -bindview -o C:/Users/sfv02/Documents/TEC/Maestria/2026-2C/Alto_Nivel/Evaluaciones_Cortas/3-HLS/MP6160_grupo_5/hls/rgb2gray_hls_work/rgb2gray_hls/solution/.autopilot/db/design.bindinfo.xml 
Execute         gen_tb_info process_gray -p C:/Users/sfv02/Documents/TEC/Maestria/2026-2C/Alto_Nivel/Evaluaciones_Cortas/3-HLS/MP6160_grupo_5/hls/rgb2gray_hls_work/rgb2gray_hls/solution/.autopilot/db -o C:/Users/sfv02/Documents/TEC/Maestria/2026-2C/Alto_Nivel/Evaluaciones_Cortas/3-HLS/MP6160_grupo_5/hls/rgb2gray_hls_work/rgb2gray_hls/solution/.autopilot/db/process_gray 
INFO: [HLS 200-10] ----------------------------------------------------------------
INFO: [HLS 200-10] -- Generating RTL for module 'store_gray' 
INFO: [HLS 200-10] ----------------------------------------------------------------
Execute         create_rtl_model store_gray -top_prefix rgb2gray_top_ -sub_prefix rgb2gray_top_ -mg_file C:/Users/sfv02/Documents/TEC/Maestria/2026-2C/Alto_Nivel/Evaluaciones_Cortas/3-HLS/MP6160_grupo_5/hls/rgb2gray_hls_work/rgb2gray_hls/solution/.autopilot/db/store_gray.compgen.tcl 
INFO: [RTGEN 206-100] Finished creating RTL model for 'store_gray'.
INFO: [HLS 200-111] Finished Creating RTL model: CPU user time: 1 seconds. CPU system time: 0 seconds. Elapsed time: 1.46 seconds; current allocated memory: 276.145 MB.
Execute         source C:/Users/sfv02/Documents/TEC/Maestria/2026-2C/Alto_Nivel/Evaluaciones_Cortas/3-HLS/MP6160_grupo_5/hls/rgb2gray_hls_work/rgb2gray_hls/solution/.autopilot/db/rgb2gray_top.rtl_wrap.cfg.tcl 
Execute         gen_rtl store_gray -style xilinx -f -lang vhdl -o C:/Users/sfv02/Documents/TEC/Maestria/2026-2C/Alto_Nivel/Evaluaciones_Cortas/3-HLS/MP6160_grupo_5/hls/rgb2gray_hls_work/rgb2gray_hls/solution/syn/vhdl/rgb2gray_top_store_gray 
Execute         gen_rtl store_gray -style xilinx -f -lang vlog -o C:/Users/sfv02/Documents/TEC/Maestria/2026-2C/Alto_Nivel/Evaluaciones_Cortas/3-HLS/MP6160_grupo_5/hls/rgb2gray_hls_work/rgb2gray_hls/solution/syn/verilog/rgb2gray_top_store_gray 
Execute         syn_report -csynth -model store_gray -o C:/Users/sfv02/Documents/TEC/Maestria/2026-2C/Alto_Nivel/Evaluaciones_Cortas/3-HLS/MP6160_grupo_5/hls/rgb2gray_hls_work/rgb2gray_hls/solution/syn/report/store_gray_csynth.rpt 
Execute           list_part -family xcvc1902-vsva2197-2MP-e-S 
Execute             ap_family_info -name xcvc1902-vsva2197-2MP-e-S -data names 
Execute             ap_part_info -quiet -name xcvc1902-vsva2197-2MP-e-S -data family 
Command         syn_report done; 2.181 sec.
Execute         syn_report -rtlxml -model store_gray -o C:/Users/sfv02/Documents/TEC/Maestria/2026-2C/Alto_Nivel/Evaluaciones_Cortas/3-HLS/MP6160_grupo_5/hls/rgb2gray_hls_work/rgb2gray_hls/solution/syn/report/store_gray_csynth.xml 
Execute           list_part -family xcvc1902-vsva2197-2MP-e-S 
Execute             ap_family_info -name xcvc1902-vsva2197-2MP-e-S -data names 
Execute             ap_part_info -quiet -name xcvc1902-vsva2197-2MP-e-S -data family 
Command         syn_report done; 1.087 sec.
Execute         syn_report -verbosereport -model store_gray -o C:/Users/sfv02/Documents/TEC/Maestria/2026-2C/Alto_Nivel/Evaluaciones_Cortas/3-HLS/MP6160_grupo_5/hls/rgb2gray_hls_work/rgb2gray_hls/solution/.autopilot/db/store_gray.verbose.rpt 
Execute           list_part -family xcvc1902-vsva2197-2MP-e-S 
Execute             ap_family_info -name xcvc1902-vsva2197-2MP-e-S -data names 
Execute             ap_part_info -quiet -name xcvc1902-vsva2197-2MP-e-S -data family 
Command         syn_report done; 2.016 sec.
Execute         db_write -model store_gray -f -o C:/Users/sfv02/Documents/TEC/Maestria/2026-2C/Alto_Nivel/Evaluaciones_Cortas/3-HLS/MP6160_grupo_5/hls/rgb2gray_hls_work/rgb2gray_hls/solution/.autopilot/db/store_gray.adb 
Command         db_write done; 1.074 sec.
Execute         db_write -model store_gray -bindview -o C:/Users/sfv02/Documents/TEC/Maestria/2026-2C/Alto_Nivel/Evaluaciones_Cortas/3-HLS/MP6160_grupo_5/hls/rgb2gray_hls_work/rgb2gray_hls/solution/.autopilot/db/design.bindinfo.xml 
Execute         gen_tb_info store_gray -p C:/Users/sfv02/Documents/TEC/Maestria/2026-2C/Alto_Nivel/Evaluaciones_Cortas/3-HLS/MP6160_grupo_5/hls/rgb2gray_hls_work/rgb2gray_hls/solution/.autopilot/db -o C:/Users/sfv02/Documents/TEC/Maestria/2026-2C/Alto_Nivel/Evaluaciones_Cortas/3-HLS/MP6160_grupo_5/hls/rgb2gray_hls_work/rgb2gray_hls/solution/.autopilot/db/store_gray 
INFO: [HLS 200-10] ----------------------------------------------------------------
INFO: [HLS 200-10] -- Generating RTL for module 'rgb2gray_top' 
INFO: [HLS 200-10] ----------------------------------------------------------------
Execute         create_rtl_model rgb2gray_top -top_prefix  -sub_prefix rgb2gray_top_ -mg_file C:/Users/sfv02/Documents/TEC/Maestria/2026-2C/Alto_Nivel/Evaluaciones_Cortas/3-HLS/MP6160_grupo_5/hls/rgb2gray_hls_work/rgb2gray_hls/solution/.autopilot/db/rgb2gray_top.compgen.tcl 
WARNING: [RTGEN 206-101] Design contains AXI ports. Reset is fixed to synchronous and active low.
INFO: [RTGEN 206-500] Setting interface mode on port 'rgb2gray_top/gmem_in' to 'm_axi'.
INFO: [RTGEN 206-500] Setting interface mode on port 'rgb2gray_top/gmem_out' to 'm_axi'.
INFO: [RTGEN 206-500] Setting interface mode on port 'rgb2gray_top/m_axi_in' to 's_axilite & ap_none'.
INFO: [RTGEN 206-500] Setting interface mode on port 'rgb2gray_top/m_axi_out' to 's_axilite & ap_none'.
INFO: [RTGEN 206-500] Setting interface mode on port 'rgb2gray_top/addr_in' to 's_axilite & ap_none'.
INFO: [RTGEN 206-500] Setting interface mode on port 'rgb2gray_top/addr_out' to 's_axilite & ap_none'.
INFO: [RTGEN 206-500] Setting interface mode on port 'rgb2gray_top/num_pixels' to 's_axilite & ap_none'.
INFO: [RTGEN 206-500] Setting interface mode on function 'rgb2gray_top' to 's_axilite & ap_ctrl_chain'.
INFO: [RTGEN 206-100] Bundling port 'm_axi_in', 'm_axi_out', 'addr_in', 'addr_out', 'num_pixels' to AXI-Lite port control.
WARNING: [HLS 200-656] Deadlocks can occur since process load_rgb is instantiated in a dataflow region with ap_ctrl_none or without start propagation and contains a rewind pipeline.
INFO: [RTGEN 206-100] Finished creating RTL model for 'rgb2gray_top'.
INFO: [RTMG 210-285] Implementing FIFO 'm_axi_out_c_U(rgb2gray_top_fifo_w64_d4_S)' using Shift Registers.
INFO: [RTMG 210-285] Implementing FIFO 'addr_out_c_U(rgb2gray_top_fifo_w32_d4_S)' using Shift Registers.
INFO: [RTMG 210-285] Implementing FIFO 'stream_rgb_U(rgb2gray_top_fifo_w24_d16_S)' using Shift Registers.
INFO: [RTMG 210-285] Implementing FIFO 'num_pixels_c1_U(rgb2gray_top_fifo_w32_d2_S)' using Shift Registers.
INFO: [RTMG 210-285] Implementing FIFO 'stream_gray_U(rgb2gray_top_fifo_w8_d16_S)' using Shift Registers.
INFO: [RTMG 210-285] Implementing FIFO 'num_pixels_c_U(rgb2gray_top_fifo_w32_d2_S)' using Shift Registers.
INFO: [RTMG 210-285] Implementing FIFO 'start_for_store_gray_U0_U(rgb2gray_top_start_for_store_gray_U0)' using Shift Registers.
INFO: [RTMG 210-285] Implementing FIFO 'start_for_process_gray_U0_U(rgb2gray_top_start_for_process_gray_U0)' using Shift Registers.
Command         create_rtl_model done; 0.306 sec.
INFO: [HLS 200-111] Finished Creating RTL model: CPU user time: 7 seconds. CPU system time: 0 seconds. Elapsed time: 6.831 seconds; current allocated memory: 279.566 MB.
Execute         source C:/Users/sfv02/Documents/TEC/Maestria/2026-2C/Alto_Nivel/Evaluaciones_Cortas/3-HLS/MP6160_grupo_5/hls/rgb2gray_hls_work/rgb2gray_hls/solution/.autopilot/db/rgb2gray_top.rtl_wrap.cfg.tcl 
Execute         gen_rtl rgb2gray_top -istop -style xilinx -f -lang vhdl -o C:/Users/sfv02/Documents/TEC/Maestria/2026-2C/Alto_Nivel/Evaluaciones_Cortas/3-HLS/MP6160_grupo_5/hls/rgb2gray_hls_work/rgb2gray_hls/solution/syn/vhdl/rgb2gray_top 
Command         gen_rtl done; 0.11 sec.
Execute         gen_rtl rgb2gray_top -istop -style xilinx -f -lang vlog -o C:/Users/sfv02/Documents/TEC/Maestria/2026-2C/Alto_Nivel/Evaluaciones_Cortas/3-HLS/MP6160_grupo_5/hls/rgb2gray_hls_work/rgb2gray_hls/solution/syn/verilog/rgb2gray_top 
Execute         syn_report -csynth -model rgb2gray_top -o C:/Users/sfv02/Documents/TEC/Maestria/2026-2C/Alto_Nivel/Evaluaciones_Cortas/3-HLS/MP6160_grupo_5/hls/rgb2gray_hls_work/rgb2gray_hls/solution/syn/report/rgb2gray_top_csynth.rpt 
Execute           list_part -family xcvc1902-vsva2197-2MP-e-S 
Execute             ap_family_info -name xcvc1902-vsva2197-2MP-e-S -data names 
Execute             ap_part_info -quiet -name xcvc1902-vsva2197-2MP-e-S -data family 
Execute         syn_report -rtlxml -model rgb2gray_top -o C:/Users/sfv02/Documents/TEC/Maestria/2026-2C/Alto_Nivel/Evaluaciones_Cortas/3-HLS/MP6160_grupo_5/hls/rgb2gray_hls_work/rgb2gray_hls/solution/syn/report/rgb2gray_top_csynth.xml 
Execute           list_part -family xcvc1902-vsva2197-2MP-e-S 
Execute             ap_family_info -name xcvc1902-vsva2197-2MP-e-S -data names 
Execute             ap_part_info -quiet -name xcvc1902-vsva2197-2MP-e-S -data family 
Execute         syn_report -verbosereport -model rgb2gray_top -o C:/Users/sfv02/Documents/TEC/Maestria/2026-2C/Alto_Nivel/Evaluaciones_Cortas/3-HLS/MP6160_grupo_5/hls/rgb2gray_hls_work/rgb2gray_hls/solution/.autopilot/db/rgb2gray_top.verbose.rpt 
Execute           list_part -family xcvc1902-vsva2197-2MP-e-S 
Execute             ap_family_info -name xcvc1902-vsva2197-2MP-e-S -data names 
Execute             ap_part_info -quiet -name xcvc1902-vsva2197-2MP-e-S -data family 
Command         syn_report done; 2.377 sec.
Execute         db_write -model rgb2gray_top -f -o C:/Users/sfv02/Documents/TEC/Maestria/2026-2C/Alto_Nivel/Evaluaciones_Cortas/3-HLS/MP6160_grupo_5/hls/rgb2gray_hls_work/rgb2gray_hls/solution/.autopilot/db/rgb2gray_top.adb 
Execute         db_write -model rgb2gray_top -bindview -o C:/Users/sfv02/Documents/TEC/Maestria/2026-2C/Alto_Nivel/Evaluaciones_Cortas/3-HLS/MP6160_grupo_5/hls/rgb2gray_hls_work/rgb2gray_hls/solution/.autopilot/db/design.bindinfo.xml 
Execute         gen_tb_info rgb2gray_top -p C:/Users/sfv02/Documents/TEC/Maestria/2026-2C/Alto_Nivel/Evaluaciones_Cortas/3-HLS/MP6160_grupo_5/hls/rgb2gray_hls_work/rgb2gray_hls/solution/.autopilot/db -o C:/Users/sfv02/Documents/TEC/Maestria/2026-2C/Alto_Nivel/Evaluaciones_Cortas/3-HLS/MP6160_grupo_5/hls/rgb2gray_hls_work/rgb2gray_hls/solution/.autopilot/db/rgb2gray_top 
Execute         export_constraint_db -f -tool general -o C:/Users/sfv02/Documents/TEC/Maestria/2026-2C/Alto_Nivel/Evaluaciones_Cortas/3-HLS/MP6160_grupo_5/hls/rgb2gray_hls_work/rgb2gray_hls/solution/.autopilot/db/rgb2gray_top.constraint.tcl 
Execute         syn_report -designview -model rgb2gray_top -o C:/Users/sfv02/Documents/TEC/Maestria/2026-2C/Alto_Nivel/Evaluaciones_Cortas/3-HLS/MP6160_grupo_5/hls/rgb2gray_hls_work/rgb2gray_hls/solution/.autopilot/db/rgb2gray_top.design.xml 
Command         syn_report done; 4.67 sec.
Execute         syn_report -csynthDesign -model rgb2gray_top -o C:/Users/sfv02/Documents/TEC/Maestria/2026-2C/Alto_Nivel/Evaluaciones_Cortas/3-HLS/MP6160_grupo_5/hls/rgb2gray_hls_work/rgb2gray_hls/solution/syn/report/csynth.rpt -MHOut C:/Users/sfv02/Documents/TEC/Maestria/2026-2C/Alto_Nivel/Evaluaciones_Cortas/3-HLS/MP6160_grupo_5/hls/rgb2gray_hls_work/rgb2gray_hls/solution/.autopilot/db/kernel_module_hierarchy.tcl 
Execute           list_part -family xcvc1902-vsva2197-2MP-e-S 
Execute             ap_family_info -name xcvc1902-vsva2197-2MP-e-S -data names 
Execute             ap_part_info -quiet -name xcvc1902-vsva2197-2MP-e-S -data family 
Execute         syn_report -wcfg -model rgb2gray_top -o C:/Users/sfv02/Documents/TEC/Maestria/2026-2C/Alto_Nivel/Evaluaciones_Cortas/3-HLS/MP6160_grupo_5/hls/rgb2gray_hls_work/rgb2gray_hls/solution/.autopilot/db/rgb2gray_top_dataflow_ana.wcfg 
Execute         syn_report -protoinst -model rgb2gray_top -o C:/Users/sfv02/Documents/TEC/Maestria/2026-2C/Alto_Nivel/Evaluaciones_Cortas/3-HLS/MP6160_grupo_5/hls/rgb2gray_hls_work/rgb2gray_hls/solution/.autopilot/db/rgb2gray_top.protoinst 
Execute         sc_get_clocks rgb2gray_top 
Execute         sc_get_portdomain rgb2gray_top 
INFO-FLOW: Model list for RTL component generation: entry_proc load_rgb process_gray_Pipeline_process_loop process_gray store_gray rgb2gray_top
INFO-FLOW: Handling components in module [entry_proc] ... 
Execute         source C:/Users/sfv02/Documents/TEC/Maestria/2026-2C/Alto_Nivel/Evaluaciones_Cortas/3-HLS/MP6160_grupo_5/hls/rgb2gray_hls_work/rgb2gray_hls/solution/.autopilot/db/entry_proc.compgen.tcl 
INFO-FLOW: Handling components in module [load_rgb] ... 
Execute         source C:/Users/sfv02/Documents/TEC/Maestria/2026-2C/Alto_Nivel/Evaluaciones_Cortas/3-HLS/MP6160_grupo_5/hls/rgb2gray_hls_work/rgb2gray_hls/solution/.autopilot/db/load_rgb.compgen.tcl 
INFO-FLOW: Handling components in module [process_gray_Pipeline_process_loop] ... 
Execute         source C:/Users/sfv02/Documents/TEC/Maestria/2026-2C/Alto_Nivel/Evaluaciones_Cortas/3-HLS/MP6160_grupo_5/hls/rgb2gray_hls_work/rgb2gray_hls/solution/.autopilot/db/process_gray_Pipeline_process_loop.compgen.tcl 
INFO-FLOW: Found component rgb2gray_top_mul_8ns_14ns_21_1_1.
INFO-FLOW: Append model rgb2gray_top_mul_8ns_14ns_21_1_1
INFO-FLOW: Found component rgb2gray_top_mac_muladd_12ns_8ns_21ns_22_4_1.
INFO-FLOW: Append model rgb2gray_top_mac_muladd_12ns_8ns_21ns_22_4_1
INFO-FLOW: Found component rgb2gray_top_mac_muladd_10ns_8ns_13ns_18_4_1.
INFO-FLOW: Append model rgb2gray_top_mac_muladd_10ns_8ns_13ns_18_4_1
INFO-FLOW: Found component rgb2gray_top_am_addmul_18ns_22ns_23ns_45_4_1.
INFO-FLOW: Append model rgb2gray_top_am_addmul_18ns_22ns_23ns_45_4_1
INFO-FLOW: Found component rgb2gray_top_flow_control_loop_pipe_sequential_init.
INFO-FLOW: Append model rgb2gray_top_flow_control_loop_pipe_sequential_init
INFO-FLOW: Handling components in module [process_gray] ... 
Execute         source C:/Users/sfv02/Documents/TEC/Maestria/2026-2C/Alto_Nivel/Evaluaciones_Cortas/3-HLS/MP6160_grupo_5/hls/rgb2gray_hls_work/rgb2gray_hls/solution/.autopilot/db/process_gray.compgen.tcl 
INFO-FLOW: Handling components in module [store_gray] ... 
Execute         source C:/Users/sfv02/Documents/TEC/Maestria/2026-2C/Alto_Nivel/Evaluaciones_Cortas/3-HLS/MP6160_grupo_5/hls/rgb2gray_hls_work/rgb2gray_hls/solution/.autopilot/db/store_gray.compgen.tcl 
INFO-FLOW: Handling components in module [rgb2gray_top] ... 
Execute         source C:/Users/sfv02/Documents/TEC/Maestria/2026-2C/Alto_Nivel/Evaluaciones_Cortas/3-HLS/MP6160_grupo_5/hls/rgb2gray_hls_work/rgb2gray_hls/solution/.autopilot/db/rgb2gray_top.compgen.tcl 
INFO-FLOW: Found component rgb2gray_top_fifo_w64_d4_S.
INFO-FLOW: Append model rgb2gray_top_fifo_w64_d4_S
INFO-FLOW: Found component rgb2gray_top_fifo_w32_d4_S.
INFO-FLOW: Append model rgb2gray_top_fifo_w32_d4_S
INFO-FLOW: Found component rgb2gray_top_fifo_w24_d16_S.
INFO-FLOW: Append model rgb2gray_top_fifo_w24_d16_S
INFO-FLOW: Found component rgb2gray_top_fifo_w32_d2_S.
INFO-FLOW: Append model rgb2gray_top_fifo_w32_d2_S
INFO-FLOW: Found component rgb2gray_top_fifo_w8_d16_S.
INFO-FLOW: Append model rgb2gray_top_fifo_w8_d16_S
INFO-FLOW: Found component rgb2gray_top_fifo_w32_d2_S.
INFO-FLOW: Append model rgb2gray_top_fifo_w32_d2_S
INFO-FLOW: Found component rgb2gray_top_start_for_store_gray_U0.
INFO-FLOW: Append model rgb2gray_top_start_for_store_gray_U0
INFO-FLOW: Found component rgb2gray_top_start_for_process_gray_U0.
INFO-FLOW: Append model rgb2gray_top_start_for_process_gray_U0
INFO-FLOW: Found component rgb2gray_top_gmem_in_m_axi.
INFO-FLOW: Append model rgb2gray_top_gmem_in_m_axi
INFO-FLOW: Found component rgb2gray_top_gmem_out_m_axi.
INFO-FLOW: Append model rgb2gray_top_gmem_out_m_axi
INFO-FLOW: Found component rgb2gray_top_control_s_axi.
INFO-FLOW: Append model rgb2gray_top_control_s_axi
INFO-FLOW: Append model entry_proc
INFO-FLOW: Append model load_rgb
INFO-FLOW: Append model process_gray_Pipeline_process_loop
INFO-FLOW: Append model process_gray
INFO-FLOW: Append model store_gray
INFO-FLOW: Append model rgb2gray_top
INFO-FLOW: Generating RTL model list ...
INFO-FLOW: All models in this session: rgb2gray_top_mul_8ns_14ns_21_1_1 rgb2gray_top_mac_muladd_12ns_8ns_21ns_22_4_1 rgb2gray_top_mac_muladd_10ns_8ns_13ns_18_4_1 rgb2gray_top_am_addmul_18ns_22ns_23ns_45_4_1 rgb2gray_top_flow_control_loop_pipe_sequential_init rgb2gray_top_fifo_w64_d4_S rgb2gray_top_fifo_w32_d4_S rgb2gray_top_fifo_w24_d16_S rgb2gray_top_fifo_w32_d2_S rgb2gray_top_fifo_w8_d16_S rgb2gray_top_fifo_w32_d2_S rgb2gray_top_start_for_store_gray_U0 rgb2gray_top_start_for_process_gray_U0 rgb2gray_top_gmem_in_m_axi rgb2gray_top_gmem_out_m_axi rgb2gray_top_control_s_axi entry_proc load_rgb process_gray_Pipeline_process_loop process_gray store_gray rgb2gray_top
INFO-FLOW: Generating C:/Users/sfv02/Documents/TEC/Maestria/2026-2C/Alto_Nivel/Evaluaciones_Cortas/3-HLS/MP6160_grupo_5/hls/rgb2gray_hls_work/rgb2gray_hls/solution/.autopilot/db/autopilot.rtl.models.txt file...
INFO-FLOW: To file: write model rgb2gray_top_mul_8ns_14ns_21_1_1
INFO-FLOW: To file: write model rgb2gray_top_mac_muladd_12ns_8ns_21ns_22_4_1
INFO-FLOW: To file: write model rgb2gray_top_mac_muladd_10ns_8ns_13ns_18_4_1
INFO-FLOW: To file: write model rgb2gray_top_am_addmul_18ns_22ns_23ns_45_4_1
INFO-FLOW: To file: write model rgb2gray_top_flow_control_loop_pipe_sequential_init
INFO-FLOW: To file: write model rgb2gray_top_fifo_w64_d4_S
INFO-FLOW: To file: write model rgb2gray_top_fifo_w32_d4_S
INFO-FLOW: To file: write model rgb2gray_top_fifo_w24_d16_S
INFO-FLOW: To file: write model rgb2gray_top_fifo_w32_d2_S
INFO-FLOW: To file: write model rgb2gray_top_fifo_w8_d16_S
INFO-FLOW: To file: write model rgb2gray_top_fifo_w32_d2_S
INFO-FLOW: To file: write model rgb2gray_top_start_for_store_gray_U0
INFO-FLOW: To file: write model rgb2gray_top_start_for_process_gray_U0
INFO-FLOW: To file: write model rgb2gray_top_gmem_in_m_axi
INFO-FLOW: To file: write model rgb2gray_top_gmem_out_m_axi
INFO-FLOW: To file: write model rgb2gray_top_control_s_axi
INFO-FLOW: To file: write model entry_proc
INFO-FLOW: To file: write model load_rgb
INFO-FLOW: To file: write model process_gray_Pipeline_process_loop
INFO-FLOW: To file: write model process_gray
INFO-FLOW: To file: write model store_gray
INFO-FLOW: To file: write model rgb2gray_top
INFO-FLOW: Generating C:/Users/sfv02/Documents/TEC/Maestria/2026-2C/Alto_Nivel/Evaluaciones_Cortas/3-HLS/MP6160_grupo_5/hls/rgb2gray_hls_work/rgb2gray_hls/solution/.autopilot/db/autopilot.rtl.models.tcl file...
INFO-FLOW: Finished generating RTL model list.


INFO-FLOW: RTL Generation done.
INFO-FLOW: CAS Generation done.
INFO-FLOW: CBC Generation done.
INFO-FLOW: DBG:PROC: ::AESL_AUTOMG::auto_generate_csynth_design
INFO-FLOW: DBG:PUTS: read_platform_lib C:/Users/sfv02/Documents/TEC/Maestria/2026-2C/Alto_Nivel/Evaluaciones_Cortas/3-HLS/MP6160_grupo_5/hls/rgb2gray_hls_work/rgb2gray_hls/solution/.autopilot/db/global.setting.tcl
Execute         source C:/Xilinx/Vitis_HLS/2024.1/common/technology/generic/autopilot/common.gen 
Execute           source C:/Xilinx/Vitis_HLS/2024.1/common/technology/generic/autopilot/APCoreGen.gen 
Execute         source C:/Xilinx/Vitis_HLS/2024.1/common/technology/generic/autopilot/op.gen 
Execute         source C:/Xilinx/Vitis_HLS/2024.1/common/technology/generic/autopilot/op_simcore.gen 
Execute         source C:/Xilinx/Vitis_HLS/2024.1/common/technology/generic/autopilot/interface.gen 
Execute         source C:/Users/sfv02/Documents/TEC/Maestria/2026-2C/Alto_Nivel/Evaluaciones_Cortas/3-HLS/MP6160_grupo_5/hls/rgb2gray_hls_work/rgb2gray_hls/solution/.autopilot/db/global.setting.tcl 
Execute         ap_family_info -name versalprimees1 -data parts 
Execute         source C:/Xilinx/Vitis_HLS/2024.1/common/technology/xilinx/common/xilinx.gen 
Execute           source C:/Xilinx/Vitis_HLS/2024.1/common/technology/xilinx/interface/plb46.gen 
Execute           source C:/Xilinx/Vitis_HLS/2024.1/common/technology/xilinx/interface/axi4.gen 
Execute           source C:/Xilinx/Vitis_HLS/2024.1/common/technology/xilinx/interface/nativeAXI4.gen 
Execute             source C:/Xilinx/Vitis_HLS/2024.1/common/technology/xilinx/interface/saxilite.gen 
Execute           source C:/Xilinx/Vitis_HLS/2024.1/common/technology/xilinx/scripts/xilinxcoregen.gen 
Execute           source C:/Xilinx/Vitis_HLS/2024.1/common/technology/xilinx/interface/XilEDKCoreGen.gen 
Execute           source C:/Xilinx/Vitis_HLS/2024.1/common/technology/xilinx/ip/dds_compiler.gen 
Execute           source C:/Xilinx/Vitis_HLS/2024.1/common/technology/xilinx/ip/util.gen 
Execute           source C:/Xilinx/Vitis_HLS/2024.1/common/technology/xilinx/ip/xfft.gen 
Execute           source C:/Xilinx/Vitis_HLS/2024.1/common/technology/xilinx/ip/xfir.gen 
Execute           source C:/Xilinx/Vitis_HLS/2024.1/common/technology/xilinx/DSP48/dsp48.gen 
INFO-FLOW: DBG:PUTS:   using AESL_AUTOCG::g_clock_period=4.000 (was NA)
INFO-FLOW: DBG:PROC: ::AESL_AUTOMG::generate_ip_cores gen_sim_model='1' gen_fp_models='0' gen_for_export='0' dstSCDir='' dstVhdlDir='C:/Users/sfv02/Documents/TEC/Maestria/2026-2C/Alto_Nivel/Evaluaciones_Cortas/3-HLS/MP6160_grupo_5/hls/rgb2gray_hls_work/rgb2gray_hls/solution/.autopilot/db/vhdl' dstVlogDir='C:/Users/sfv02/Documents/TEC/Maestria/2026-2C/Alto_Nivel/Evaluaciones_Cortas/3-HLS/MP6160_grupo_5/hls/rgb2gray_hls_work/rgb2gray_hls/solution/.autopilot/db/vlog' tclDir='C:/Users/sfv02/Documents/TEC/Maestria/2026-2C/Alto_Nivel/Evaluaciones_Cortas/3-HLS/MP6160_grupo_5/hls/rgb2gray_hls_work/rgb2gray_hls/solution/.autopilot/db' modelList='rgb2gray_top_mul_8ns_14ns_21_1_1
rgb2gray_top_mac_muladd_12ns_8ns_21ns_22_4_1
rgb2gray_top_mac_muladd_10ns_8ns_13ns_18_4_1
rgb2gray_top_am_addmul_18ns_22ns_23ns_45_4_1
rgb2gray_top_flow_control_loop_pipe_sequential_init
rgb2gray_top_fifo_w64_d4_S
rgb2gray_top_fifo_w32_d4_S
rgb2gray_top_fifo_w24_d16_S
rgb2gray_top_fifo_w32_d2_S
rgb2gray_top_fifo_w8_d16_S
rgb2gray_top_fifo_w32_d2_S
rgb2gray_top_start_for_store_gray_U0
rgb2gray_top_start_for_process_gray_U0
rgb2gray_top_gmem_in_m_axi
rgb2gray_top_gmem_out_m_axi
rgb2gray_top_control_s_axi
entry_proc
load_rgb
process_gray_Pipeline_process_loop
process_gray
store_gray
rgb2gray_top
' expOnly='0'
Execute         source C:/Users/sfv02/Documents/TEC/Maestria/2026-2C/Alto_Nivel/Evaluaciones_Cortas/3-HLS/MP6160_grupo_5/hls/rgb2gray_hls_work/rgb2gray_hls/solution/.autopilot/db/global.setting.tcl 
Execute         ap_part_info -name xcvc1902-vsva2197-2MP-e-S -data names -quiet 
Execute         ap_part_info -name xcvc1902-vsva2197-2MP-e-S -data info -quiet 
Execute         source C:/Users/sfv02/Documents/TEC/Maestria/2026-2C/Alto_Nivel/Evaluaciones_Cortas/3-HLS/MP6160_grupo_5/hls/rgb2gray_hls_work/rgb2gray_hls/solution/.autopilot/db/global.setting.tcl 
Execute         source C:/Users/sfv02/Documents/TEC/Maestria/2026-2C/Alto_Nivel/Evaluaciones_Cortas/3-HLS/MP6160_grupo_5/hls/rgb2gray_hls_work/rgb2gray_hls/solution/.autopilot/db/global.setting.tcl 
Execute         source C:/Users/sfv02/Documents/TEC/Maestria/2026-2C/Alto_Nivel/Evaluaciones_Cortas/3-HLS/MP6160_grupo_5/hls/rgb2gray_hls_work/rgb2gray_hls/solution/.autopilot/db/entry_proc.compgen.tcl 
Execute         source C:/Users/sfv02/Documents/TEC/Maestria/2026-2C/Alto_Nivel/Evaluaciones_Cortas/3-HLS/MP6160_grupo_5/hls/rgb2gray_hls_work/rgb2gray_hls/solution/.autopilot/db/load_rgb.compgen.tcl 
Execute         source C:/Users/sfv02/Documents/TEC/Maestria/2026-2C/Alto_Nivel/Evaluaciones_Cortas/3-HLS/MP6160_grupo_5/hls/rgb2gray_hls_work/rgb2gray_hls/solution/.autopilot/db/process_gray_Pipeline_process_loop.compgen.tcl 
Execute         source C:/Users/sfv02/Documents/TEC/Maestria/2026-2C/Alto_Nivel/Evaluaciones_Cortas/3-HLS/MP6160_grupo_5/hls/rgb2gray_hls_work/rgb2gray_hls/solution/.autopilot/db/process_gray.compgen.tcl 
Execute         source C:/Users/sfv02/Documents/TEC/Maestria/2026-2C/Alto_Nivel/Evaluaciones_Cortas/3-HLS/MP6160_grupo_5/hls/rgb2gray_hls_work/rgb2gray_hls/solution/.autopilot/db/store_gray.compgen.tcl 
Execute         source C:/Users/sfv02/Documents/TEC/Maestria/2026-2C/Alto_Nivel/Evaluaciones_Cortas/3-HLS/MP6160_grupo_5/hls/rgb2gray_hls_work/rgb2gray_hls/solution/.autopilot/db/rgb2gray_top.compgen.tcl 
Execute           source ./control.slave.tcl 
INFO: [HLS 200-111] Finished Generating all RTL models: CPU user time: 7 seconds. CPU system time: 1 seconds. Elapsed time: 7.942 seconds; current allocated memory: 283.168 MB.
INFO-FLOW: DBG:PROC: ::HLSREPORTS::create_csynth_xml bind_info_var='bind_info' RtlSubPrefix='rgb2gray_top_' outfile=''
INFO-FLOW: Running: create_csynth_xml read xml data
INFO-FLOW: Done: create_csynth_xml read xml data time: 0 seconds per iteration
INFO-FLOW: Running: create_csynth_xml bind info
INFO-FLOW: No bind nodes found for module_name entry_proc
INFO-FLOW: No bind nodes found for module_name process_gray
INFO-FLOW: Done: create_csynth_xml bind info time: 0 seconds per iteration
INFO-FLOW: Running: create_csynth_xml config info
INFO-FLOW: Done: create_csynth_xml config info time: 0.6 seconds per iteration
INFO-FLOW: Running: create_csynth_xml write xml
INFO-FLOW: Done: create_csynth_xml write xml time: 0 seconds per iteration
INFO-FLOW: DBG:PUTS:      create_csynth_xml wrote csynth_xml=C:/Users/sfv02/Documents/TEC/Maestria/2026-2C/Alto_Nivel/Evaluaciones_Cortas/3-HLS/MP6160_grupo_5/hls/rgb2gray_hls_work/rgb2gray_hls/solution/syn/report/csynth.xml
INFO-FLOW: DBG:PROC: ::AP::DESIGN_DATA::generate_json generate_bd_files='0' generate_xo_files='0' modelList='rgb2gray_top_mul_8ns_14ns_21_1_1
rgb2gray_top_mac_muladd_12ns_8ns_21ns_22_4_1
rgb2gray_top_mac_muladd_10ns_8ns_13ns_18_4_1
rgb2gray_top_am_addmul_18ns_22ns_23ns_45_4_1
rgb2gray_top_flow_control_loop_pipe_sequential_init
rgb2gray_top_fifo_w64_d4_S
rgb2gray_top_fifo_w32_d4_S
rgb2gray_top_fifo_w24_d16_S
rgb2gray_top_fifo_w32_d2_S
rgb2gray_top_fifo_w8_d16_S
rgb2gray_top_fifo_w32_d2_S
rgb2gray_top_start_for_store_gray_U0
rgb2gray_top_start_for_process_gray_U0
rgb2gray_top_gmem_in_m_axi
rgb2gray_top_gmem_out_m_axi
rgb2gray_top_control_s_axi
entry_proc
load_rgb
process_gray_Pipeline_process_loop
process_gray
store_gray
rgb2gray_top
' rtl_lang='both' bootstrap_tcl='false' outdir='' outfilename=''
Execute         source C:/Users/sfv02/Documents/TEC/Maestria/2026-2C/Alto_Nivel/Evaluaciones_Cortas/3-HLS/MP6160_grupo_5/hls/rgb2gray_hls_work/rgb2gray_hls/solution/.autopilot/db/global.setting.tcl 
Execute         source C:/Users/sfv02/Documents/TEC/Maestria/2026-2C/Alto_Nivel/Evaluaciones_Cortas/3-HLS/MP6160_grupo_5/hls/rgb2gray_hls_work/rgb2gray_hls/solution/.autopilot/db/global.setting.tcl 
Execute         source C:/Users/sfv02/Documents/TEC/Maestria/2026-2C/Alto_Nivel/Evaluaciones_Cortas/3-HLS/MP6160_grupo_5/hls/rgb2gray_hls_work/rgb2gray_hls/solution/.autopilot/db/top-io-be.tcl 
Execute         source C:/Users/sfv02/Documents/TEC/Maestria/2026-2C/Alto_Nivel/Evaluaciones_Cortas/3-HLS/MP6160_grupo_5/hls/rgb2gray_hls_work/rgb2gray_hls/solution/.autopilot/db/rgb2gray_top.tbgen.tcl 
Execute         source C:/Users/sfv02/Documents/TEC/Maestria/2026-2C/Alto_Nivel/Evaluaciones_Cortas/3-HLS/MP6160_grupo_5/hls/rgb2gray_hls_work/rgb2gray_hls/solution/.autopilot/db/rgb2gray_top.compgen.dataonly.tcl 
Execute         source C:/Users/sfv02/Documents/TEC/Maestria/2026-2C/Alto_Nivel/Evaluaciones_Cortas/3-HLS/MP6160_grupo_5/hls/rgb2gray_hls_work/rgb2gray_hls/solution/.autopilot/db/rgb2gray_top.compgen.dataonly.tcl 
Execute         source C:/Users/sfv02/Documents/TEC/Maestria/2026-2C/Alto_Nivel/Evaluaciones_Cortas/3-HLS/MP6160_grupo_5/hls/rgb2gray_hls_work/rgb2gray_hls/solution/.autopilot/db/rgb2gray_top.rtl_wrap.cfg.tcl 
Execute         source C:/Users/sfv02/Documents/TEC/Maestria/2026-2C/Alto_Nivel/Evaluaciones_Cortas/3-HLS/MP6160_grupo_5/hls/rgb2gray_hls_work/rgb2gray_hls/solution/.autopilot/db/rgb2gray_top.compgen.dataonly.tcl 
Execute         source C:/Users/sfv02/Documents/TEC/Maestria/2026-2C/Alto_Nivel/Evaluaciones_Cortas/3-HLS/MP6160_grupo_5/hls/rgb2gray_hls_work/rgb2gray_hls/solution/.autopilot/db/entry_proc.tbgen.tcl 
Execute         source C:/Users/sfv02/Documents/TEC/Maestria/2026-2C/Alto_Nivel/Evaluaciones_Cortas/3-HLS/MP6160_grupo_5/hls/rgb2gray_hls_work/rgb2gray_hls/solution/.autopilot/db/load_rgb.tbgen.tcl 
Execute         source C:/Users/sfv02/Documents/TEC/Maestria/2026-2C/Alto_Nivel/Evaluaciones_Cortas/3-HLS/MP6160_grupo_5/hls/rgb2gray_hls_work/rgb2gray_hls/solution/.autopilot/db/process_gray_Pipeline_process_loop.tbgen.tcl 
Execute         source C:/Users/sfv02/Documents/TEC/Maestria/2026-2C/Alto_Nivel/Evaluaciones_Cortas/3-HLS/MP6160_grupo_5/hls/rgb2gray_hls_work/rgb2gray_hls/solution/.autopilot/db/process_gray.tbgen.tcl 
Execute         source C:/Users/sfv02/Documents/TEC/Maestria/2026-2C/Alto_Nivel/Evaluaciones_Cortas/3-HLS/MP6160_grupo_5/hls/rgb2gray_hls_work/rgb2gray_hls/solution/.autopilot/db/store_gray.tbgen.tcl 
Execute         source C:/Users/sfv02/Documents/TEC/Maestria/2026-2C/Alto_Nivel/Evaluaciones_Cortas/3-HLS/MP6160_grupo_5/hls/rgb2gray_hls_work/rgb2gray_hls/solution/.autopilot/db/rgb2gray_top.tbgen.tcl 
Execute         source C:/Users/sfv02/Documents/TEC/Maestria/2026-2C/Alto_Nivel/Evaluaciones_Cortas/3-HLS/MP6160_grupo_5/hls/rgb2gray_hls_work/rgb2gray_hls/solution/.autopilot/db/global.setting.tcl 
Execute         ap_part_info -name xcvc1902-vsva2197-2MP-e-S -data names -quiet 
Execute         ap_part_info -name xcvc1902-vsva2197-2MP-e-S -data info -quiet 
Execute         source C:/Users/sfv02/Documents/TEC/Maestria/2026-2C/Alto_Nivel/Evaluaciones_Cortas/3-HLS/MP6160_grupo_5/hls/rgb2gray_hls_work/rgb2gray_hls/solution/.autopilot/db/rgb2gray_top.constraint.tcl 
Execute         sc_get_clocks rgb2gray_top 
Execute         source C:/Users/sfv02/Documents/TEC/Maestria/2026-2C/Alto_Nivel/Evaluaciones_Cortas/3-HLS/MP6160_grupo_5/hls/rgb2gray_hls_work/rgb2gray_hls/solution/.autopilot/db/global.setting.tcl 
INFO-FLOW: DBG:PROC: ::HLSREPORTS::add_csynth_report_sections bind_info_dict='adapter_nodes {{BINDTYPE adapter ID {} IMPL {} LATENCY {} OPTYPE {} PRAGMA {} RTLNAME control_s_axi_U SOURCE {} VARIABLE {} LOOP {} BUNDLEDNAME control DSP 0 BRAM 0 URAM 0 STORAGESUBTYPE s_axilite STORAGESIZE {} STORAGEUSAGE interface DISPNAME {bind_adapter }} {BINDTYPE adapter ID {} IMPL {} LATENCY {} OPTYPE {} PRAGMA {} RTLNAME gmem_in_m_axi_U SOURCE {} VARIABLE {} LOOP {} BUNDLEDNAME gmem_in DSP 0 BRAM 2 URAM 0 STORAGESUBTYPE m_axi STORAGESIZE {} STORAGEUSAGE interface DISPNAME {bind_adapter }} {BINDTYPE adapter ID {} IMPL {} LATENCY {} OPTYPE {} PRAGMA {} RTLNAME gmem_out_m_axi_U SOURCE {} VARIABLE {} LOOP {} BUNDLEDNAME gmem_out DSP 0 BRAM 2 URAM 0 STORAGESUBTYPE m_axi STORAGESIZE {} STORAGEUSAGE interface DISPNAME {bind_adapter }}} cache_nodes {} report_dict {TOPINST rgb2gray_top MODULE2INSTS {rgb2gray_top rgb2gray_top entry_proc entry_proc_U0 load_rgb load_rgb_U0 process_gray process_gray_U0 process_gray_Pipeline_process_loop grp_process_gray_Pipeline_process_loop_fu_50 store_gray store_gray_U0} INST2MODULE {rgb2gray_top rgb2gray_top entry_proc_U0 entry_proc load_rgb_U0 load_rgb process_gray_U0 process_gray grp_process_gray_Pipeline_process_loop_fu_50 process_gray_Pipeline_process_loop store_gray_U0 store_gray} INSTDATA {rgb2gray_top {DEPTH 1 CHILDREN {entry_proc_U0 load_rgb_U0 process_gray_U0 store_gray_U0}} entry_proc_U0 {DEPTH 2 CHILDREN {}} load_rgb_U0 {DEPTH 2 CHILDREN {}} process_gray_U0 {DEPTH 2 CHILDREN grp_process_gray_Pipeline_process_loop_fu_50} grp_process_gray_Pipeline_process_loop_fu_50 {DEPTH 3 CHILDREN {}} store_gray_U0 {DEPTH 2 CHILDREN {}}} MODULEDATA {load_rgb {BINDINFO {{BINDTYPE op ID {} IMPL fabric LATENCY 0 OPTYPE sub PRAGMA {} RTLNAME sub_ln37_fu_231_p2 SOURCE ../rgb2gray_kernel.cpp:37 VARIABLE sub_ln37 LOOP load_loop BUNDLEDNAME {} DSP 0 BRAM 0 URAM 0 STORAGESUBTYPE {} DISPNAME {bind_op sub} VISIBLE true} {BINDTYPE op ID {} IMPL fabric LATENCY 0 OPTYPE add PRAGMA {} RTLNAME add_ln37_fu_254_p2 SOURCE ../rgb2gray_kernel.cpp:37 VARIABLE add_ln37 LOOP load_loop BUNDLEDNAME {} DSP 0 BRAM 0 URAM 0 STORAGESUBTYPE {} DISPNAME {bind_op add} VISIBLE true} {BINDTYPE op ID {} IMPL fabric LATENCY 0 OPTYPE add PRAGMA {} RTLNAME i_3_fu_287_p2 SOURCE ../rgb2gray_kernel.cpp:37 VARIABLE i_3 LOOP load_loop BUNDLEDNAME {} DSP 0 BRAM 0 URAM 0 STORAGESUBTYPE {} DISPNAME {bind_op add} VISIBLE true} {BINDTYPE op ID {} IMPL auto LATENCY 0 OPTYPE seteq PRAGMA {} RTLNAME icmp_ln37_fu_293_p2 SOURCE ../rgb2gray_kernel.cpp:37 VARIABLE icmp_ln37 LOOP load_loop BUNDLEDNAME {} DSP 0 BRAM 0 URAM 0 STORAGESUBTYPE {} DISPNAME {bind_op seteq} VISIBLE false}} AREA {DSP 0 BRAM 0 URAM 0}} process_gray_Pipeline_process_loop {BINDINFO {{BINDTYPE op ID {} IMPL auto LATENCY 0 OPTYPE seteq PRAGMA {} RTLNAME icmp_ln68_fu_99_p2 SOURCE ../rgb2gray_kernel.cpp:68 VARIABLE icmp_ln68 LOOP process_loop BUNDLEDNAME {} DSP 0 BRAM 0 URAM 0 STORAGESUBTYPE {} DISPNAME {bind_op seteq} VISIBLE false} {BINDTYPE op ID {} IMPL fabric LATENCY 0 OPTYPE add PRAGMA {} RTLNAME i_1_fu_105_p2 SOURCE ../rgb2gray_kernel.cpp:68 VARIABLE i_1 LOOP process_loop BUNDLEDNAME {} DSP 0 BRAM 0 URAM 0 STORAGESUBTYPE {} DISPNAME {bind_op add} VISIBLE true} {BINDTYPE op ID {} IMPL dsp_slice LATENCY 3 OPTYPE mul PRAGMA {} RTLNAME mac_muladd_12ns_8ns_21ns_22_4_1_U12 SOURCE ../rgb2gray_kernel.cpp:19 VARIABLE mul_ln19 LOOP process_loop BUNDLEDNAME {} DSP 1 BRAM 0 URAM 0 STORAGESUBTYPE {} DISPNAME {bind_op mul} VISIBLE true} {BINDTYPE op ID {} IMPL dsp_slice LATENCY 3 OPTYPE zext PRAGMA {} RTLNAME mac_muladd_12ns_8ns_21ns_22_4_1_U12 SOURCE ../rgb2gray_kernel.cpp:19 VARIABLE zext_ln19_1 LOOP process_loop BUNDLEDNAME {} DSP 1 BRAM 0 URAM 0 STORAGESUBTYPE {} DISPNAME {bind_op zext} VISIBLE false} {BINDTYPE op ID {} IMPL auto LATENCY 0 OPTYPE mul PRAGMA {} RTLNAME mul_8ns_14ns_21_1_1_U11 SOURCE ../rgb2gray_kernel.cpp:19 VARIABLE mul_ln19_1 LOOP process_loop BUNDLEDNAME {} DSP 1 BRAM 0 URAM 0 STORAGESUBTYPE {} DISPNAME {bind_op mul} VISIBLE true} {BINDTYPE op ID {} IMPL dsp_slice LATENCY 3 OPTYPE mul PRAGMA {} RTLNAME mac_muladd_10ns_8ns_13ns_18_4_1_U13 SOURCE ../rgb2gray_kernel.cpp:19 VARIABLE mul_ln19_2 LOOP process_loop BUNDLEDNAME {} DSP 1 BRAM 0 URAM 0 STORAGESUBTYPE {} DISPNAME {bind_op mul} VISIBLE true} {BINDTYPE op ID {} IMPL dsp_slice LATENCY 3 OPTYPE add PRAGMA {} RTLNAME mac_muladd_12ns_8ns_21ns_22_4_1_U12 SOURCE ../rgb2gray_kernel.cpp:20 VARIABLE add_ln20_1 LOOP process_loop BUNDLEDNAME {} DSP 1 BRAM 0 URAM 0 STORAGESUBTYPE {} DISPNAME {bind_op add} VISIBLE true} {BINDTYPE op ID {} IMPL dsp_slice LATENCY 3 OPTYPE add PRAGMA {} RTLNAME mac_muladd_10ns_8ns_13ns_18_4_1_U13 SOURCE ../rgb2gray_kernel.cpp:20 VARIABLE add_ln20_2 LOOP process_loop BUNDLEDNAME {} DSP 1 BRAM 0 URAM 0 STORAGESUBTYPE {} DISPNAME {bind_op add} VISIBLE true} {BINDTYPE op ID {} IMPL dsp_slice LATENCY 3 OPTYPE add PRAGMA {} RTLNAME am_addmul_18ns_22ns_23ns_45_4_1_U14 SOURCE ../rgb2gray_kernel.cpp:20 VARIABLE add_ln20 LOOP process_loop BUNDLEDNAME {} DSP 1 BRAM 0 URAM 0 STORAGESUBTYPE {} DISPNAME {bind_op add} VISIBLE true} {BINDTYPE op ID {} IMPL dsp_slice LATENCY 3 OPTYPE zext PRAGMA {} RTLNAME am_addmul_18ns_22ns_23ns_45_4_1_U14 SOURCE ../rgb2gray_kernel.cpp:20 VARIABLE zext_ln20_1 LOOP process_loop BUNDLEDNAME {} DSP 1 BRAM 0 URAM 0 STORAGESUBTYPE {} DISPNAME {bind_op zext} VISIBLE false} {BINDTYPE op ID {} IMPL dsp_slice LATENCY 3 OPTYPE mul PRAGMA {} RTLNAME am_addmul_18ns_22ns_23ns_45_4_1_U14 SOURCE ../rgb2gray_kernel.cpp:20 VARIABLE mul_ln20 LOOP process_loop BUNDLEDNAME {} DSP 1 BRAM 0 URAM 0 STORAGESUBTYPE {} DISPNAME {bind_op mul} VISIBLE true}} AREA {DSP 4 BRAM 0 URAM 0}} store_gray {BINDINFO {{BINDTYPE op ID {} IMPL fabric LATENCY 0 OPTYPE add PRAGMA {} RTLNAME add_ln90_fu_237_p2 SOURCE ../rgb2gray_kernel.cpp:90 VARIABLE add_ln90 LOOP store_loop BUNDLEDNAME {} DSP 0 BRAM 0 URAM 0 STORAGESUBTYPE {} DISPNAME {bind_op add} VISIBLE true} {BINDTYPE op ID {} IMPL auto LATENCY 0 OPTYPE seteq PRAGMA {} RTLNAME icmp_ln90_fu_243_p2 SOURCE ../rgb2gray_kernel.cpp:90 VARIABLE icmp_ln90 LOOP store_loop BUNDLEDNAME {} DSP 0 BRAM 0 URAM 0 STORAGESUBTYPE {} DISPNAME {bind_op seteq} VISIBLE false} {BINDTYPE op ID {} IMPL fabric LATENCY 0 OPTYPE add PRAGMA {} RTLNAME out_addr_fu_249_p2 SOURCE ../rgb2gray_kernel.cpp:94 VARIABLE out_addr LOOP store_loop BUNDLEDNAME {} DSP 0 BRAM 0 URAM 0 STORAGESUBTYPE {} DISPNAME {bind_op add} VISIBLE true} {BINDTYPE op ID {} IMPL fabric LATENCY 0 OPTYPE add PRAGMA {} RTLNAME add_ln95_fu_266_p2 SOURCE ../rgb2gray_kernel.cpp:95 VARIABLE add_ln95 LOOP store_loop BUNDLEDNAME {} DSP 0 BRAM 0 URAM 0 STORAGESUBTYPE {} DISPNAME {bind_op add} VISIBLE true}} AREA {DSP 0 BRAM 0 URAM 0}} rgb2gray_top {BINDINFO {{BINDTYPE storage ID {} IMPL srl LATENCY 0 OPTYPE fifo PRAGMA {} RTLNAME m_axi_out_c_U SOURCE ../rgb2gray_kernel.cpp:133 VARIABLE m_axi_out_c LOOP {} BUNDLEDNAME {} DSP 0 BRAM 0 URAM 0 STORAGESUBTYPE {scalar prop} STORAGESIZE {64 4 1} STORAGEUSAGE {fifo channel} DISPNAME {bind_storage fifo} VISIBLE true} {BINDTYPE storage ID {} IMPL srl LATENCY 0 OPTYPE fifo PRAGMA {} RTLNAME addr_out_c_U SOURCE ../rgb2gray_kernel.cpp:133 VARIABLE addr_out_c LOOP {} BUNDLEDNAME {} DSP 0 BRAM 0 URAM 0 STORAGESUBTYPE {scalar prop} STORAGESIZE {32 4 1} STORAGEUSAGE {fifo channel} DISPNAME {bind_storage fifo} VISIBLE true} {BINDTYPE storage ID {} IMPL srl LATENCY 0 OPTYPE fifo PRAGMA {} RTLNAME stream_rgb_U SOURCE :0 VARIABLE stream_rgb LOOP {} BUNDLEDNAME {} DSP 0 BRAM 0 URAM 0 STORAGESUBTYPE stream STORAGESIZE {24 16 1} STORAGEUSAGE {fifo channel} DISPNAME {bind_storage fifo} VISIBLE true} {BINDTYPE storage ID {} IMPL srl LATENCY 0 OPTYPE fifo PRAGMA {} RTLNAME num_pixels_c1_U SOURCE ../rgb2gray_kernel.cpp:133 VARIABLE num_pixels_c1 LOOP {} BUNDLEDNAME {} DSP 0 BRAM 0 URAM 0 STORAGESUBTYPE {scalar prop} STORAGESIZE {32 2 1} STORAGEUSAGE {fifo channel} DISPNAME {bind_storage fifo} VISIBLE true} {BINDTYPE storage ID {} IMPL srl LATENCY 0 OPTYPE fifo PRAGMA {} RTLNAME stream_gray_U SOURCE ../rgb2gray_kernel.cpp:135 VARIABLE stream_gray LOOP {} BUNDLEDNAME {} DSP 0 BRAM 0 URAM 0 STORAGESUBTYPE stream STORAGESIZE {8 16 1} STORAGEUSAGE {fifo channel} DISPNAME {bind_storage fifo} VISIBLE true} {BINDTYPE storage ID {} IMPL srl LATENCY 0 OPTYPE fifo PRAGMA {} RTLNAME num_pixels_c_U SOURCE ../rgb2gray_kernel.cpp:133 VARIABLE num_pixels_c LOOP {} BUNDLEDNAME {} DSP 0 BRAM 0 URAM 0 STORAGESUBTYPE {scalar prop} STORAGESIZE {32 2 1} STORAGEUSAGE {fifo channel} DISPNAME {bind_storage fifo} VISIBLE true}} AREA {DSP 4 BRAM 4 URAM 0}} entry_proc {AREA {DSP 0 BRAM 0 URAM 0}} process_gray {AREA {DSP 4 BRAM 0 URAM 0}}}}'
INFO-FLOW: DBG:PUTS:      update_csynth_reports json2rpt_hw_sw_interfaces
Execute         send_msg_by_id INFO @200-1603@%s  and missed bursts 
INFO: [HLS 200-1603] Design has inferred MAXI bursts and missed bursts, see Vitis HLS GUI synthesis summary report for detailed information.
INFO-FLOW: Running: gen_csynth_sec_pragma
INFO-FLOW: Done: gen_csynth_sec_pragma time: 0 seconds per iteration
INFO-FLOW: DBG:PUTS:      update_csynth_reports wrote xml
INFO-FLOW: DBG:PUTS:      update_csynth_reports appended to csynth rpt file
INFO: [HLS 200-111] Finished Updating report files: CPU user time: 1 seconds. CPU system time: 0 seconds. Elapsed time: 1.842 seconds; current allocated memory: 290.469 MB.
INFO: [VHDL 208-304] Generating VHDL RTL for rgb2gray_top.
INFO: [VLOG 209-307] Generating Verilog RTL for rgb2gray_top.
Execute         syn_report -model rgb2gray_top -printsummary 
INFO: [HLS 200-790] **** Loop Constraint Status: All loop constraints were NOT satisfied.
INFO: [HLS 200-789] **** Estimated Fmax: 342.47 MHz
Command       autosyn done; 40.973 sec.
Command     csynth_design done; 54.996 sec.
INFO: [HLS 200-2161] Finished Command csynth_design Elapsed time: 00:00:54; Allocated memory: 102.652 MB.
Execute     close_project 
INFO: [HLS 200-1510] Running: close_project 
Execute       close_solution 
Execute         cleanup_all 
Execute         cleanup_all 
INFO-FLOW: Workspace C:/Users/sfv02/Documents/TEC/Maestria/2026-2C/Alto_Nivel/Evaluaciones_Cortas/3-HLS/MP6160_grupo_5/hls/rgb2gray_hls_work/rgb2gray_hls/solution opened at Mon Jul 20 18:03:50 -0600 2026
Execute       ap_set_clock -name default -period 4 -unit ns -default=false 
INFO: [SYN 201-201] Setting up clock 'default' with a period of 4ns.
Execute       set_part xcvc1902-vsva2197-2MP-e-S 
Execute         create_platform xcvc1902-vsva2197-2MP-e-S -board  
DBG:HLSDevice: Trying to load device library: C:/Xilinx/Vitis_HLS/2024.1\lib\win64.o\xv_hlsvwrap.dll
DBG:HLSDevice: first parts/arch.xml in RDI_DATADIR: C:/Xilinx/Vivado/2024.1/data/parts/arch.xml
DBG:HLSDevice: init success
INFO: [HLS 200-1611] Setting target device to 'xcvc1902-vsva2197-2MP-e-S'
Command         create_platform done; 1.225 sec.
Execute         source C:/Xilinx/Vitis_HLS/2024.1/common/technology/xilinx/common/xilinx.gen 
Execute           source C:/Xilinx/Vitis_HLS/2024.1/common/technology/xilinx/interface/plb46.gen 
Execute           source C:/Xilinx/Vitis_HLS/2024.1/common/technology/xilinx/interface/axi4.gen 
Execute           source C:/Xilinx/Vitis_HLS/2024.1/common/technology/xilinx/interface/nativeAXI4.gen 
Execute             source C:/Xilinx/Vitis_HLS/2024.1/common/technology/xilinx/interface/saxilite.gen 
Execute           source C:/Xilinx/Vitis_HLS/2024.1/common/technology/xilinx/scripts/xilinxcoregen.gen 
Execute           source C:/Xilinx/Vitis_HLS/2024.1/common/technology/xilinx/interface/XilEDKCoreGen.gen 
Execute           source C:/Xilinx/Vitis_HLS/2024.1/common/technology/xilinx/ip/dds_compiler.gen 
Execute           source C:/Xilinx/Vitis_HLS/2024.1/common/technology/xilinx/ip/util.gen 
Execute           source C:/Xilinx/Vitis_HLS/2024.1/common/technology/xilinx/ip/xfft.gen 
Execute           source C:/Xilinx/Vitis_HLS/2024.1/common/technology/xilinx/ip/xfir.gen 
Execute           source C:/Xilinx/Vitis_HLS/2024.1/common/technology/xilinx/DSP48/dsp48.gen 
Execute         ap_part_info -name xcvc1902-vsva2197-2MP-e-S -data info 
Execute         config_compile -quiet -complex-mul-dsp=1 
Command       set_part done; 1.336 sec.
Execute       send_msg_by_id INFO @200-1505@%s%s  vitis 
INFO: [HLS 200-1505] Using flow_target 'vitis'
Execute       send_msg_by_id INFO @200-1464@%s config_interface -m_axi_latency=64 
INFO: [HLS 200-1464] Running solution command: config_interface -m_axi_latency=64
Execute       config_interface -m_axi_latency=64 
Execute       send_msg_by_id INFO @200-1464@%s config_interface -m_axi_alignment_byte_size=64 
INFO: [HLS 200-1464] Running solution command: config_interface -m_axi_alignment_byte_size=64
Execute       config_interface -m_axi_alignment_byte_size=64 
Execute       send_msg_by_id INFO @200-1464@%s config_interface -m_axi_max_widen_bitwidth=512 
INFO: [HLS 200-1464] Running solution command: config_interface -m_axi_max_widen_bitwidth=512
Execute       config_interface -m_axi_max_widen_bitwidth=512 
Execute       send_msg_by_id INFO @200-1464@%s config_interface -default_interface=kernel 
INFO: [HLS 200-1464] Running solution command: config_interface -default_interface=kernel
Execute       config_interface -default_interface=kernel 
Execute       send_msg_by_id INFO @200-1464@%s config_interface -m_axi_conservative_mode=1 
INFO: [HLS 200-1464] Running solution command: config_interface -m_axi_conservative_mode=1
Execute       config_interface -m_axi_conservative_mode=1 
Execute       send_msg_by_id INFO @200-1464@%s config_interface -m_axi_addr64=1 
INFO: [HLS 200-1464] Running solution command: config_interface -m_axi_addr64=1
Execute       config_interface -m_axi_addr64=1 
Execute       send_msg_by_id INFO @200-1464@%s config_interface -m_axi_auto_max_ports=0 
INFO: [HLS 200-1464] Running solution command: config_interface -m_axi_auto_max_ports=0
Execute       config_interface -m_axi_auto_max_ports=0 
Execute       send_msg_by_id INFO @200-1464@%s config_rtl -register_reset_num=3 
INFO: [HLS 200-1464] Running solution command: config_rtl -register_reset_num=3
Execute       config_rtl -register_reset_num=3 
Execute       send_msg_by_id INFO @200-1464@%s config_rtl -deadlock_detection=sim 
INFO: [HLS 200-1464] Running solution command: config_rtl -deadlock_detection=sim
Execute       config_rtl -deadlock_detection=sim 
Execute       send_msg_by_id INFO @200-1464@%s config_dataflow -strict_mode=warning 
INFO: [HLS 200-1464] Running solution command: config_dataflow -strict_mode=warning
Execute       config_dataflow -strict_mode=warning 
Execute       send_msg_by_id INFO @200-1464@%s config_export -format=xo 
INFO: [HLS 200-1464] Running solution command: config_export -format=xo
Execute       config_export -format=xo 
Execute       send_msg_by_id INFO @200-1464@%s config_export -ipname=rgb2gray_top 
INFO: [HLS 200-1464] Running solution command: config_export -ipname=rgb2gray_top
Execute       config_export -ipname=rgb2gray_top 
Command     open_solution done; 1.396 sec.
Execute     set_part xcvc1902-vsva2197-2MP-e-S 
INFO: [HLS 200-1510] Running: set_part xcvc1902-vsva2197-2MP-e-S 
Execute       create_platform xcvc1902-vsva2197-2MP-e-S -board  
Command       create_platform done; 0.152 sec.
Execute       source C:/Xilinx/Vitis_HLS/2024.1/common/technology/xilinx/common/xilinx.gen 
Execute         source C:/Xilinx/Vitis_HLS/2024.1/common/technology/xilinx/interface/plb46.gen 
Execute         source C:/Xilinx/Vitis_HLS/2024.1/common/technology/xilinx/interface/axi4.gen 
Execute         source C:/Xilinx/Vitis_HLS/2024.1/common/technology/xilinx/interface/nativeAXI4.gen 
Execute           source C:/Xilinx/Vitis_HLS/2024.1/common/technology/xilinx/interface/saxilite.gen 
Execute         source C:/Xilinx/Vitis_HLS/2024.1/common/technology/xilinx/scripts/xilinxcoregen.gen 
Execute         source C:/Xilinx/Vitis_HLS/2024.1/common/technology/xilinx/interface/XilEDKCoreGen.gen 
Execute         source C:/Xilinx/Vitis_HLS/2024.1/common/technology/xilinx/ip/dds_compiler.gen 
Execute         source C:/Xilinx/Vitis_HLS/2024.1/common/technology/xilinx/ip/util.gen 
Execute         source C:/Xilinx/Vitis_HLS/2024.1/common/technology/xilinx/ip/xfft.gen 
Execute         source C:/Xilinx/Vitis_HLS/2024.1/common/technology/xilinx/ip/xfir.gen 
Execute         source C:/Xilinx/Vitis_HLS/2024.1/common/technology/xilinx/DSP48/dsp48.gen 
Execute       ap_part_info -name xcvc1902-vsva2197-2MP-e-S -data info 
Execute       config_compile -quiet -complex-mul-dsp=1 
Command     set_part done; 0.253 sec.
Execute     create_clock -period 250MHz -name default 
INFO: [HLS 200-1510] Running: create_clock -period 250MHz -name default 
Execute     config_dataflow -strict_mode warning 
INFO: [HLS 200-1510] Running: config_dataflow -strict_mode warning 
Execute     config_rtl -deadlock_detection sim 
INFO: [HLS 200-1510] Running: config_rtl -deadlock_detection sim 
Execute     config_interface -m_axi_conservative_mode=1 
INFO: [HLS 200-1510] Running: config_interface -m_axi_conservative_mode=1 
Execute     config_interface -m_axi_addr64 
INFO: [HLS 200-1510] Running: config_interface -m_axi_addr64 
Execute     config_interface -m_axi_auto_max_ports=0 
INFO: [HLS 200-1510] Running: config_interface -m_axi_auto_max_ports=0 
Execute     config_export -format xo -ipname rgb2gray_top 
INFO: [HLS 200-1510] Running: config_export -format xo -ipname rgb2gray_top 
Execute     csim_design -clean 
INFO: [HLS 200-1510] Running: csim_design -clean 
INFO-FLOW: Running SLX 'csim' proc: ::SLX::run_csim
Execute       source C:/Users/sfv02/Documents/TEC/Maestria/2026-2C/Alto_Nivel/Evaluaciones_Cortas/3-HLS/MP6160_grupo_5/hls/rgb2gray_hls_work/rgb2gray_hls/solution/.autopilot/db/global.setting.tcl 
INFO: [SIM 211-2] *************** CSIM start ***************
INFO: [SIM 211-4] CSIM will launch CLANG as the compiler.
Execute       source csim/.lst_opt.tcl 
Execute       send_msg_by_id INFO @200-2036@%s debug 
INFO: [HLS 200-2036] Building debug C Simulation binaries
Execute       source C:/Xilinx/Vitis_HLS/2024.1/tps/tcl/tcllib1.11.1/yaml/huddle.tcl 
Execute       source C:/Xilinx/Vitis_HLS/2024.1/tps/tcl/tcllib1.11.1/yaml/json2huddle.tcl 
Execute         source C:/Xilinx/Vitis_HLS/2024.1/tps/tcl/tcllib1.11.1/try/try.tcl 
Execute       ap_part_info -name xcvc1902-vsva2197-2MP-e-S -data info 
Execute       source run_sim.tcl 
Command       ap_source done; 6.808 sec.
INFO: [SIM 211-1] CSim done with 0 errors.
INFO: [SIM 211-3] *************** CSIM finish ***************
Command     csim_design done; 12.709 sec.
INFO: [HLS 200-2161] Finished Command csim_design Elapsed time: 00:00:12; Allocated memory: 0.434 MB.
Execute     csynth_design 
INFO: [HLS 200-1510] Running: csynth_design 
INFO-FLOW: Running SLX 'csynth' proc: ::SLX::run_csynth
Execute       elaborate -effort=medium -skip_syncheck=0 -keep_printf=0 -skip_cdt=0 -skip_transform=0 -ng=0 -g=0 -opt_fp=0 -from_csynth_design=1 
INFO: [HLS 200-111] Finished File checks and directory preparation: CPU user time: 1 seconds. CPU system time: 0 seconds. Elapsed time: 0.213 seconds; current allocated memory: 241.215 MB.
Execute         set_directive_top rgb2gray_top -name=rgb2gray_top 
INFO: [HLS 200-10] Analyzing design file '../rgb2gray_kernel.cpp' ... 
INFO-FLOW: Compiling one TU...
INFO-FLOW: Handling ../rgb2gray_kernel.cpp as C++
Execute         ap_part_info -name xcvc1902-vsva2197-2MP-e-S -data info 
INFO-FLOW: Running: GCC PP 39
INFO-FLOW: Source preprocessing
INFO-FLOW: run_clang exec: C:/Xilinx/Vitis_HLS/2024.1/win64/tools/clang-3.9-csynth/bin/clang ../rgb2gray_kernel.cpp -foptimization-record-file=C:/Users/sfv02/Documents/TEC/Maestria/2026-2C/Alto_Nivel/Evaluaciones_Cortas/3-HLS/MP6160_grupo_5/hls/rgb2gray_hls_work/rgb2gray_hls/solution/.autopilot/db/rgb2gray_kernel.cpp.clang.diag.yml -mllvm -pass-remarks-missed=reflow|pasta|unroll -mllvm -pass-remarks=reflow|pasta|unroll|inline -fno-limit-debug-info --sysroot C:/Xilinx/Vitis_HLS/2024.1/tps/mingw/8.3.0/win64.o/nt -fhls -fno-exceptions -insert-hls-directive=C:/Users/sfv02/Documents/TEC/Maestria/2026-2C/Alto_Nivel/Evaluaciones_Cortas/3-HLS/MP6160_grupo_5/hls/rgb2gray_hls_work/rgb2gray_hls/solution/.autopilot/db/all.directive.json -E --std=c++14 -fno-math-errno -c -emit-llvm -mllvm -disable-llvm-optzns -Werror=implicit-function-declaration -Werror=implicit-hls-streams -Werror=return-type -Wpragmas -Wunused-parameter -Wdump-hls-pragmas -Wno-error=dump-hls-pragmas -hls-clock-period=4 -fno-threadsafe-statics -fno-use-cxa-atexit -target fpga64-xilinx-mingw32 -fno-threadsafe-statics -fno-use-cxa-atexit -D__VITIS_HLS__ -DAESL_SYN -D__SYNTHESIS__ -D__HLS_SYN__ -I C:/Xilinx/Vitis_HLS/2024.1/common/technology/autopilot -I C:/Xilinx/Vitis_HLS/2024.1/common/technology/autopilot/ap_sysc -include etc/autopilot_ssdm_op.h -D__DSP58_PRIMARY__ -I /usr/include/x86_64-linux-gnu -o C:/Users/sfv02/Documents/TEC/Maestria/2026-2C/Alto_Nivel/Evaluaciones_Cortas/3-HLS/MP6160_grupo_5/hls/rgb2gray_hls_work/rgb2gray_hls/solution/.autopilot/db/rgb2gray_kernel.pp.0.cpp {-hls-platform-db-name=C:/Xilinx/Vitis_HLS/2024.1\common/technology\xilinx/common/platform.db} -hls-platform-name=versal_medium -device-resource-info=BRAM_1934.000000_DSP_1968.000000_FF_1799680.000000_LUT_899840.000000_SLICE_112480.000000_URAM_463.000000 -device-name-info=xcvc1902-vsva2197-2MP-e-S > C:/Users/sfv02/Documents/TEC/Maestria/2026-2C/Alto_Nivel/Evaluaciones_Cortas/3-HLS/MP6160_grupo_5/hls/rgb2gray_hls_work/rgb2gray_hls/solution/.autopilot/db/rgb2gray_kernel.cpp.clang.out.log 2> C:/Users/sfv02/Documents/TEC/Maestria/2026-2C/Alto_Nivel/Evaluaciones_Cortas/3-HLS/MP6160_grupo_5/hls/rgb2gray_hls_work/rgb2gray_hls/solution/.autopilot/db/rgb2gray_kernel.cpp.clang.err.log
INFO-FLOW: Done: GCC PP 39 time: 0.4 seconds per iteration
INFO-FLOW: Source syntax check for synthesis
INFO-FLOW: run_clang exec: C:/Xilinx/Vitis_HLS/2024.1/win64/tools/clang-3.9-csynth/bin/clang -foptimization-record-file=C:/Users/sfv02/Documents/TEC/Maestria/2026-2C/Alto_Nivel/Evaluaciones_Cortas/3-HLS/MP6160_grupo_5/hls/rgb2gray_hls_work/rgb2gray_hls/solution/.autopilot/db/clang.diag.yml -mllvm -pass-remarks-missed=reflow|pasta|unroll -mllvm -pass-remarks=reflow|pasta|unroll|inline -fsyntax-only -fhls -target fpga64-xilinx-linux-gnu C:/Users/sfv02/Documents/TEC/Maestria/2026-2C/Alto_Nivel/Evaluaciones_Cortas/3-HLS/MP6160_grupo_5/hls/rgb2gray_hls_work/rgb2gray_hls/solution/.autopilot/db/rgb2gray_kernel.pp.0.cpp {-hls-platform-db-name=C:/Xilinx/Vitis_HLS/2024.1\common/technology\xilinx/common/platform.db} -hls-platform-name=versal_medium -device-resource-info=BRAM_1934.000000_DSP_1968.000000_FF_1799680.000000_LUT_899840.000000_SLICE_112480.000000_URAM_463.000000 -device-name-info=xcvc1902-vsva2197-2MP-e-S > C:/Users/sfv02/Documents/TEC/Maestria/2026-2C/Alto_Nivel/Evaluaciones_Cortas/3-HLS/MP6160_grupo_5/hls/rgb2gray_hls_work/rgb2gray_hls/solution/.autopilot/db/clang.out.log 2> C:/Users/sfv02/Documents/TEC/Maestria/2026-2C/Alto_Nivel/Evaluaciones_Cortas/3-HLS/MP6160_grupo_5/hls/rgb2gray_hls_work/rgb2gray_hls/solution/.autopilot/db/clang.err.log
Execute         clang_tidy xilinx-systemc-detector -desc systemc-detector C:/Users/sfv02/Documents/TEC/Maestria/2026-2C/Alto_Nivel/Evaluaciones_Cortas/3-HLS/MP6160_grupo_5/hls/rgb2gray_hls_work/rgb2gray_hls/solution/.autopilot/db/rgb2gray_kernel.pp.0.cpp std=c++14 -target fpga  -directive=C:/Users/sfv02/Documents/TEC/Maestria/2026-2C/Alto_Nivel/Evaluaciones_Cortas/3-HLS/MP6160_grupo_5/hls/rgb2gray_hls_work/rgb2gray_hls/solution/.autopilot/db/.systemc_flag 
INFO-FLOW: exec C:/Xilinx/Vitis_HLS/2024.1/win64/tools/clang-3.9-csynth/bin/clang-tidy -header-filter=.* --checks=-*,xilinx-systemc-detector -import-directive=C:/Users/sfv02/Documents/TEC/Maestria/2026-2C/Alto_Nivel/Evaluaciones_Cortas/3-HLS/MP6160_grupo_5/hls/rgb2gray_hls_work/rgb2gray_hls/solution/.autopilot/db/.systemc_flag -fix-errors C:/Users/sfv02/Documents/TEC/Maestria/2026-2C/Alto_Nivel/Evaluaciones_Cortas/3-HLS/MP6160_grupo_5/hls/rgb2gray_hls_work/rgb2gray_hls/solution/.autopilot/db/rgb2gray_kernel.pp.0.cpp -- -std=c++14 -target fpga -fhls -ferror-limit=0
Command         clang_tidy done; 0.531 sec.
INFO-FLOW: Running: clang-tidy CDT preprocess 39
Execute         clang_tidy xilinx-directive2pragma -desc directive2pragma C:/Users/sfv02/Documents/TEC/Maestria/2026-2C/Alto_Nivel/Evaluaciones_Cortas/3-HLS/MP6160_grupo_5/hls/rgb2gray_hls_work/rgb2gray_hls/solution/.autopilot/db/rgb2gray_kernel.pp.0.cpp std=c++14 -target fpga  -directive=C:/Users/sfv02/Documents/TEC/Maestria/2026-2C/Alto_Nivel/Evaluaciones_Cortas/3-HLS/MP6160_grupo_5/hls/rgb2gray_hls_work/rgb2gray_hls/solution/.autopilot/db/all.directive.json 
INFO-FLOW: exec C:/Xilinx/Vitis_HLS/2024.1/win64/tools/clang-3.9-csynth/bin/clang-tidy -header-filter=.* --checks=-*,xilinx-directive2pragma -import-directive=C:/Users/sfv02/Documents/TEC/Maestria/2026-2C/Alto_Nivel/Evaluaciones_Cortas/3-HLS/MP6160_grupo_5/hls/rgb2gray_hls_work/rgb2gray_hls/solution/.autopilot/db/all.directive.json -fix-errors C:/Users/sfv02/Documents/TEC/Maestria/2026-2C/Alto_Nivel/Evaluaciones_Cortas/3-HLS/MP6160_grupo_5/hls/rgb2gray_hls_work/rgb2gray_hls/solution/.autopilot/db/rgb2gray_kernel.pp.0.cpp -- -std=c++14 -target fpga -fhls -ferror-limit=0
Command         clang_tidy done; 0.791 sec.
INFO-FLOW: Done: clang-tidy CDT preprocess 39 time: 0.8 seconds per iteration
INFO-FLOW: Calling xilinx-label-all-loops ... 
INFO-FLOW: Calling xilinx-aggregate-on-hls-vector ... 
Execute         clang_tidy -errorcheck -desc loop-label xilinx-label-all-loops,xilinx-aggregate-on-hls-vector,,xilinx-warn-mayneed-no-ctor-attribute C:/Users/sfv02/Documents/TEC/Maestria/2026-2C/Alto_Nivel/Evaluaciones_Cortas/3-HLS/MP6160_grupo_5/hls/rgb2gray_hls_work/rgb2gray_hls/solution/.autopilot/db/rgb2gray_kernel.pp.0.cpp std=c++14 -target fpga  
INFO-FLOW: run_clang exec: C:/Xilinx/Vitis_HLS/2024.1/win64/tools/clang-3.9-csynth/bin/clang-tidy -export-fixes=C:/Users/sfv02/Documents/TEC/Maestria/2026-2C/Alto_Nivel/Evaluaciones_Cortas/3-HLS/MP6160_grupo_5/hls/rgb2gray_hls_work/rgb2gray_hls/solution/.autopilot/db/rgb2gray_kernel.pp.0.cpp.clang-tidy.loop-label.diag.yml -header-filter=.* --checks=-*,xilinx-label-all-loops,xilinx-aggregate-on-hls-vector,,xilinx-warn-mayneed-no-ctor-attribute -fix-errors C:/Users/sfv02/Documents/TEC/Maestria/2026-2C/Alto_Nivel/Evaluaciones_Cortas/3-HLS/MP6160_grupo_5/hls/rgb2gray_hls_work/rgb2gray_hls/solution/.autopilot/db/rgb2gray_kernel.pp.0.cpp -- -std=c++14 -target fpga -fhls -ferror-limit=0 > C:/Users/sfv02/Documents/TEC/Maestria/2026-2C/Alto_Nivel/Evaluaciones_Cortas/3-HLS/MP6160_grupo_5/hls/rgb2gray_hls_work/rgb2gray_hls/solution/.autopilot/db/rgb2gray_kernel.pp.0.cpp.clang-tidy.loop-label.out.log 2> C:/Users/sfv02/Documents/TEC/Maestria/2026-2C/Alto_Nivel/Evaluaciones_Cortas/3-HLS/MP6160_grupo_5/hls/rgb2gray_hls_work/rgb2gray_hls/solution/.autopilot/db/rgb2gray_kernel.pp.0.cpp.clang-tidy.loop-label.err.log
Execute           source C:/Xilinx/Vitis_HLS/2024.1/tps/tcl/tcllib1.11.1/yaml/yaml.tcl 
Command         clang_tidy done; 0.984 sec.
INFO-FLOW: run_clang exec: C:/Xilinx/Vitis_HLS/2024.1/win64/tools/clang-3.9-csynth/bin/xilinx-dataflow-lawyer -export-fixes=C:/Users/sfv02/Documents/TEC/Maestria/2026-2C/Alto_Nivel/Evaluaciones_Cortas/3-HLS/MP6160_grupo_5/hls/rgb2gray_hls_work/rgb2gray_hls/solution/.autopilot/db/rgb2gray_kernel.pp.0.cpp.xilinx-dataflow-lawyer.diag.yml C:/Users/sfv02/Documents/TEC/Maestria/2026-2C/Alto_Nivel/Evaluaciones_Cortas/3-HLS/MP6160_grupo_5/hls/rgb2gray_hls_work/rgb2gray_hls/solution/.autopilot/db/rgb2gray_kernel.pp.0.cpp -- -std=c++14 -target fpga -fhls -ferror-limit=0 -fstrict-dataflow > C:/Users/sfv02/Documents/TEC/Maestria/2026-2C/Alto_Nivel/Evaluaciones_Cortas/3-HLS/MP6160_grupo_5/hls/rgb2gray_hls_work/rgb2gray_hls/solution/.autopilot/db/rgb2gray_kernel.pp.0.cpp.xilinx-dataflow-lawyer.out.log 2> C:/Users/sfv02/Documents/TEC/Maestria/2026-2C/Alto_Nivel/Evaluaciones_Cortas/3-HLS/MP6160_grupo_5/hls/rgb2gray_hls_work/rgb2gray_hls/solution/.autopilot/db/rgb2gray_kernel.pp.0.cpp.xilinx-dataflow-lawyer.err.log
Execute         ap_part_info -name xcvc1902-vsva2197-2MP-e-S -data info 
INFO-FLOW: compiling source code to llvm bc
INFO-FLOW: run_clang exec: C:/Xilinx/Vitis_HLS/2024.1/win64/tools/clang-3.9-csynth/bin/clang -foptimization-record-file=C:/Users/sfv02/Documents/TEC/Maestria/2026-2C/Alto_Nivel/Evaluaciones_Cortas/3-HLS/MP6160_grupo_5/hls/rgb2gray_hls_work/rgb2gray_hls/solution/.autopilot/db/rgb2gray_kernel.pp.0.cpp.clang.diag.yml -mllvm -pass-remarks-missed=reflow|pasta|unroll -mllvm -pass-remarks=reflow|pasta|unroll|inline -fno-limit-debug-info -fhls -flto -fno-exceptions -Wno-error=c++11-narrowing -hls-emit-hint-scope C:/Users/sfv02/Documents/TEC/Maestria/2026-2C/Alto_Nivel/Evaluaciones_Cortas/3-HLS/MP6160_grupo_5/hls/rgb2gray_hls_work/rgb2gray_hls/solution/.autopilot/db/rgb2gray_kernel.pp.0.cpp --std=c++14 -fno-math-errno -c -emit-llvm -mllvm -disable-llvm-optzns -Werror=implicit-function-declaration -Werror=implicit-hls-streams -Werror=return-type -Wpragmas -Wunused-parameter -Wdump-hls-pragmas -Wno-error=dump-hls-pragmas -hls-clock-period=4 -fno-threadsafe-statics -fno-use-cxa-atexit -target fpga64-xilinx-linux-gnu -D__VITIS_HLS__ -DAESL_SYN -D__SYNTHESIS__ -D__HLS_SYN__ -I C:/Xilinx/Vitis_HLS/2024.1/common/technology/autopilot -I C:/Xilinx/Vitis_HLS/2024.1/common/technology/autopilot/ap_sysc -include etc/autopilot_ssdm_op.h -D__DSP58_PRIMARY__ -g -o C:/Users/sfv02/Documents/TEC/Maestria/2026-2C/Alto_Nivel/Evaluaciones_Cortas/3-HLS/MP6160_grupo_5/hls/rgb2gray_hls_work/rgb2gray_hls/solution/.autopilot/db/rgb2gray_kernel.bc {-hls-platform-db-name=C:/Xilinx/Vitis_HLS/2024.1\common/technology\xilinx/common/platform.db} -hls-platform-name=versal_medium -device-resource-info=BRAM_1934.000000_DSP_1968.000000_FF_1799680.000000_LUT_899840.000000_SLICE_112480.000000_URAM_463.000000 -device-name-info=xcvc1902-vsva2197-2MP-e-S > C:/Users/sfv02/Documents/TEC/Maestria/2026-2C/Alto_Nivel/Evaluaciones_Cortas/3-HLS/MP6160_grupo_5/hls/rgb2gray_hls_work/rgb2gray_hls/solution/.autopilot/db/rgb2gray_kernel.pp.0.cpp.clang.out.log 2> C:/Users/sfv02/Documents/TEC/Maestria/2026-2C/Alto_Nivel/Evaluaciones_Cortas/3-HLS/MP6160_grupo_5/hls/rgb2gray_hls_work/rgb2gray_hls/solution/.autopilot/db/rgb2gray_kernel.pp.0.cpp.clang.err.log
INFO: [HLS 200-111] Finished Source Code Analysis and Preprocessing: CPU user time: 0 seconds. CPU system time: 0 seconds. Elapsed time: 5.086 seconds; current allocated memory: 242.949 MB.
INFO-FLOW: Linking Debug ...
INFO-FLOW: Linking dut bc code.
Execute         run_link_or_opt -out C:/Users/sfv02/Documents/TEC/Maestria/2026-2C/Alto_Nivel/Evaluaciones_Cortas/3-HLS/MP6160_grupo_5/hls/rgb2gray_hls_work/rgb2gray_hls/solution/.autopilot/db/a.g.ld.0.bc -args  "C:/Users/sfv02/Documents/TEC/Maestria/2026-2C/Alto_Nivel/Evaluaciones_Cortas/3-HLS/MP6160_grupo_5/hls/rgb2gray_hls_work/rgb2gray_hls/solution/.autopilot/db/rgb2gray_kernel.g.bc"  
INFO-FLOW: run_clang exec: C:/Xilinx/Vitis_HLS/2024.1/win64/tools/clang-3.9-csynth/bin/llvm-link C:/Users/sfv02/Documents/TEC/Maestria/2026-2C/Alto_Nivel/Evaluaciones_Cortas/3-HLS/MP6160_grupo_5/hls/rgb2gray_hls_work/rgb2gray_hls/solution/.autopilot/db/rgb2gray_kernel.g.bc -o C:/Users/sfv02/Documents/TEC/Maestria/2026-2C/Alto_Nivel/Evaluaciones_Cortas/3-HLS/MP6160_grupo_5/hls/rgb2gray_hls_work/rgb2gray_hls/solution/.autopilot/db/a.g.ld.0.bc > C:/Users/sfv02/Documents/TEC/Maestria/2026-2C/Alto_Nivel/Evaluaciones_Cortas/3-HLS/MP6160_grupo_5/hls/rgb2gray_hls_work/rgb2gray_hls/solution/.autopilot/db/a.g.ld.0.bc.llvm-link.out.log 2> C:/Users/sfv02/Documents/TEC/Maestria/2026-2C/Alto_Nivel/Evaluaciones_Cortas/3-HLS/MP6160_grupo_5/hls/rgb2gray_hls_work/rgb2gray_hls/solution/.autopilot/db/a.g.ld.0.bc.llvm-link.err.log
INFO-FLOW: 
Execute         run_link_or_opt -opt -out C:/Users/sfv02/Documents/TEC/Maestria/2026-2C/Alto_Nivel/Evaluaciones_Cortas/3-HLS/MP6160_grupo_5/hls/rgb2gray_hls_work/rgb2gray_hls/solution/.autopilot/db/a.g.ld.1.lower.bc -args C:/Users/sfv02/Documents/TEC/Maestria/2026-2C/Alto_Nivel/Evaluaciones_Cortas/3-HLS/MP6160_grupo_5/hls/rgb2gray_hls_work/rgb2gray_hls/solution/.autopilot/db/a.g.ld.0.bc -reflow-lower-math-intrinsics 
INFO-FLOW: run_clang exec: C:/Xilinx/Vitis_HLS/2024.1/win64/tools/clang-3.9-csynth/bin/opt -pass-remarks-missed=reflow|pasta|unroll -pass-remarks=reflow|pasta|unroll|inline -pass-remarks-output=C:/Users/sfv02/Documents/TEC/Maestria/2026-2C/Alto_Nivel/Evaluaciones_Cortas/3-HLS/MP6160_grupo_5/hls/rgb2gray_hls_work/rgb2gray_hls/solution/.autopilot/db/a.g.ld.1.lower.bc.opt.diag.yml C:/Users/sfv02/Documents/TEC/Maestria/2026-2C/Alto_Nivel/Evaluaciones_Cortas/3-HLS/MP6160_grupo_5/hls/rgb2gray_hls_work/rgb2gray_hls/solution/.autopilot/db/a.g.ld.0.bc -reflow-lower-math-intrinsics -o C:/Users/sfv02/Documents/TEC/Maestria/2026-2C/Alto_Nivel/Evaluaciones_Cortas/3-HLS/MP6160_grupo_5/hls/rgb2gray_hls_work/rgb2gray_hls/solution/.autopilot/db/a.g.ld.1.lower.bc > C:/Users/sfv02/Documents/TEC/Maestria/2026-2C/Alto_Nivel/Evaluaciones_Cortas/3-HLS/MP6160_grupo_5/hls/rgb2gray_hls_work/rgb2gray_hls/solution/.autopilot/db/a.g.ld.1.lower.bc.opt.out.log 2> C:/Users/sfv02/Documents/TEC/Maestria/2026-2C/Alto_Nivel/Evaluaciones_Cortas/3-HLS/MP6160_grupo_5/hls/rgb2gray_hls_work/rgb2gray_hls/solution/.autopilot/db/a.g.ld.1.lower.bc.opt.err.log
INFO-FLOW: 
INFO-FLOW: Running: gen_design_size_report post-opt
INFO-FLOW: Done: gen_design_size_report post-opt time: 0 seconds per iteration
INFO-FLOW: Linking math bc lib
Execute         run_link_or_opt -out C:/Users/sfv02/Documents/TEC/Maestria/2026-2C/Alto_Nivel/Evaluaciones_Cortas/3-HLS/MP6160_grupo_5/hls/rgb2gray_hls_work/rgb2gray_hls/solution/.autopilot/db/a.g.ld.2.m1.bc -args C:/Users/sfv02/Documents/TEC/Maestria/2026-2C/Alto_Nivel/Evaluaciones_Cortas/3-HLS/MP6160_grupo_5/hls/rgb2gray_hls_work/rgb2gray_hls/solution/.autopilot/db/a.g.ld.1.lower.bc -only-needed C:/Xilinx/Vitis_HLS/2024.1/win64/lib/libhlsm_39.bc C:/Xilinx/Vitis_HLS/2024.1/win64/lib/libhlsmc++_39.bc 
INFO-FLOW: run_clang exec: C:/Xilinx/Vitis_HLS/2024.1/win64/tools/clang-3.9-csynth/bin/llvm-link C:/Users/sfv02/Documents/TEC/Maestria/2026-2C/Alto_Nivel/Evaluaciones_Cortas/3-HLS/MP6160_grupo_5/hls/rgb2gray_hls_work/rgb2gray_hls/solution/.autopilot/db/a.g.ld.1.lower.bc -only-needed C:/Xilinx/Vitis_HLS/2024.1/win64/lib/libhlsm_39.bc C:/Xilinx/Vitis_HLS/2024.1/win64/lib/libhlsmc++_39.bc -o C:/Users/sfv02/Documents/TEC/Maestria/2026-2C/Alto_Nivel/Evaluaciones_Cortas/3-HLS/MP6160_grupo_5/hls/rgb2gray_hls_work/rgb2gray_hls/solution/.autopilot/db/a.g.ld.2.m1.bc > C:/Users/sfv02/Documents/TEC/Maestria/2026-2C/Alto_Nivel/Evaluaciones_Cortas/3-HLS/MP6160_grupo_5/hls/rgb2gray_hls_work/rgb2gray_hls/solution/.autopilot/db/a.g.ld.2.m1.bc.llvm-link.out.log 2> C:/Users/sfv02/Documents/TEC/Maestria/2026-2C/Alto_Nivel/Evaluaciones_Cortas/3-HLS/MP6160_grupo_5/hls/rgb2gray_hls_work/rgb2gray_hls/solution/.autopilot/db/a.g.ld.2.m1.bc.llvm-link.err.log
INFO-FLOW: 
Command         run_link_or_opt done; 1.851 sec.
Execute         run_link_or_opt -opt -out C:/Users/sfv02/Documents/TEC/Maestria/2026-2C/Alto_Nivel/Evaluaciones_Cortas/3-HLS/MP6160_grupo_5/hls/rgb2gray_hls_work/rgb2gray_hls/solution/.autopilot/db/a.g.ld.3.fpc.bc -args C:/Users/sfv02/Documents/TEC/Maestria/2026-2C/Alto_Nivel/Evaluaciones_Cortas/3-HLS/MP6160_grupo_5/hls/rgb2gray_hls_work/rgb2gray_hls/solution/.autopilot/db/a.g.ld.2.m1.bc -reflow-globaldce -hls-top-function-name=rgb2gray_top -reflow-float-conversion 
INFO-FLOW: run_clang exec: C:/Xilinx/Vitis_HLS/2024.1/win64/tools/clang-3.9-csynth/bin/opt -pass-remarks-missed=reflow|pasta|unroll -pass-remarks=reflow|pasta|unroll|inline -pass-remarks-output=C:/Users/sfv02/Documents/TEC/Maestria/2026-2C/Alto_Nivel/Evaluaciones_Cortas/3-HLS/MP6160_grupo_5/hls/rgb2gray_hls_work/rgb2gray_hls/solution/.autopilot/db/a.g.ld.3.fpc.bc.opt.diag.yml C:/Users/sfv02/Documents/TEC/Maestria/2026-2C/Alto_Nivel/Evaluaciones_Cortas/3-HLS/MP6160_grupo_5/hls/rgb2gray_hls_work/rgb2gray_hls/solution/.autopilot/db/a.g.ld.2.m1.bc -reflow-globaldce -hls-top-function-name=rgb2gray_top -reflow-float-conversion -o C:/Users/sfv02/Documents/TEC/Maestria/2026-2C/Alto_Nivel/Evaluaciones_Cortas/3-HLS/MP6160_grupo_5/hls/rgb2gray_hls_work/rgb2gray_hls/solution/.autopilot/db/a.g.ld.3.fpc.bc > C:/Users/sfv02/Documents/TEC/Maestria/2026-2C/Alto_Nivel/Evaluaciones_Cortas/3-HLS/MP6160_grupo_5/hls/rgb2gray_hls_work/rgb2gray_hls/solution/.autopilot/db/a.g.ld.3.fpc.bc.opt.out.log 2> C:/Users/sfv02/Documents/TEC/Maestria/2026-2C/Alto_Nivel/Evaluaciones_Cortas/3-HLS/MP6160_grupo_5/hls/rgb2gray_hls_work/rgb2gray_hls/solution/.autopilot/db/a.g.ld.3.fpc.bc.opt.err.log
INFO-FLOW: 
INFO-FLOW: Running: gen_design_size_report post-opt
INFO-FLOW: Done: gen_design_size_report post-opt time: 0 seconds per iteration
Command         run_link_or_opt done; 0.81 sec.
Execute         run_link_or_opt -out C:/Users/sfv02/Documents/TEC/Maestria/2026-2C/Alto_Nivel/Evaluaciones_Cortas/3-HLS/MP6160_grupo_5/hls/rgb2gray_hls_work/rgb2gray_hls/solution/.autopilot/db/a.g.ld.4.m2.bc -args C:/Users/sfv02/Documents/TEC/Maestria/2026-2C/Alto_Nivel/Evaluaciones_Cortas/3-HLS/MP6160_grupo_5/hls/rgb2gray_hls_work/rgb2gray_hls/solution/.autopilot/db/a.g.ld.3.fpc.bc -only-needed C:/Xilinx/Vitis_HLS/2024.1/win64/lib/libfloatconversion_39.bc 
INFO-FLOW: run_clang exec: C:/Xilinx/Vitis_HLS/2024.1/win64/tools/clang-3.9-csynth/bin/llvm-link C:/Users/sfv02/Documents/TEC/Maestria/2026-2C/Alto_Nivel/Evaluaciones_Cortas/3-HLS/MP6160_grupo_5/hls/rgb2gray_hls_work/rgb2gray_hls/solution/.autopilot/db/a.g.ld.3.fpc.bc -only-needed C:/Xilinx/Vitis_HLS/2024.1/win64/lib/libfloatconversion_39.bc -o C:/Users/sfv02/Documents/TEC/Maestria/2026-2C/Alto_Nivel/Evaluaciones_Cortas/3-HLS/MP6160_grupo_5/hls/rgb2gray_hls_work/rgb2gray_hls/solution/.autopilot/db/a.g.ld.4.m2.bc > C:/Users/sfv02/Documents/TEC/Maestria/2026-2C/Alto_Nivel/Evaluaciones_Cortas/3-HLS/MP6160_grupo_5/hls/rgb2gray_hls_work/rgb2gray_hls/solution/.autopilot/db/a.g.ld.4.m2.bc.llvm-link.out.log 2> C:/Users/sfv02/Documents/TEC/Maestria/2026-2C/Alto_Nivel/Evaluaciones_Cortas/3-HLS/MP6160_grupo_5/hls/rgb2gray_hls_work/rgb2gray_hls/solution/.autopilot/db/a.g.ld.4.m2.bc.llvm-link.err.log
INFO-FLOW: 
Execute         run_link_or_opt -opt -out C:/Users/sfv02/Documents/TEC/Maestria/2026-2C/Alto_Nivel/Evaluaciones_Cortas/3-HLS/MP6160_grupo_5/hls/rgb2gray_hls_work/rgb2gray_hls/solution/.autopilot/db/a.g.ld.5.gdce.bc -args C:/Users/sfv02/Documents/TEC/Maestria/2026-2C/Alto_Nivel/Evaluaciones_Cortas/3-HLS/MP6160_grupo_5/hls/rgb2gray_hls_work/rgb2gray_hls/solution/.autopilot/db/a.g.ld.4.m2.bc -reflow-globaldce -hls-top-function-name=rgb2gray_top 
INFO-FLOW: run_clang exec: C:/Xilinx/Vitis_HLS/2024.1/win64/tools/clang-3.9-csynth/bin/opt -pass-remarks-missed=reflow|pasta|unroll -pass-remarks=reflow|pasta|unroll|inline -pass-remarks-output=C:/Users/sfv02/Documents/TEC/Maestria/2026-2C/Alto_Nivel/Evaluaciones_Cortas/3-HLS/MP6160_grupo_5/hls/rgb2gray_hls_work/rgb2gray_hls/solution/.autopilot/db/a.g.ld.5.gdce.bc.opt.diag.yml C:/Users/sfv02/Documents/TEC/Maestria/2026-2C/Alto_Nivel/Evaluaciones_Cortas/3-HLS/MP6160_grupo_5/hls/rgb2gray_hls_work/rgb2gray_hls/solution/.autopilot/db/a.g.ld.4.m2.bc -reflow-globaldce -hls-top-function-name=rgb2gray_top -o C:/Users/sfv02/Documents/TEC/Maestria/2026-2C/Alto_Nivel/Evaluaciones_Cortas/3-HLS/MP6160_grupo_5/hls/rgb2gray_hls_work/rgb2gray_hls/solution/.autopilot/db/a.g.ld.5.gdce.bc > C:/Users/sfv02/Documents/TEC/Maestria/2026-2C/Alto_Nivel/Evaluaciones_Cortas/3-HLS/MP6160_grupo_5/hls/rgb2gray_hls_work/rgb2gray_hls/solution/.autopilot/db/a.g.ld.5.gdce.bc.opt.out.log 2> C:/Users/sfv02/Documents/TEC/Maestria/2026-2C/Alto_Nivel/Evaluaciones_Cortas/3-HLS/MP6160_grupo_5/hls/rgb2gray_hls_work/rgb2gray_hls/solution/.autopilot/db/a.g.ld.5.gdce.bc.opt.err.log
INFO-FLOW: 
INFO-FLOW: Running: gen_design_size_report post-opt
INFO-FLOW: Done: gen_design_size_report post-opt time: 0 seconds per iteration
Execute         send_msg_by_id INFO @200-777@%s Vitis 
INFO: [HLS 200-777] Using interface defaults for 'Vitis' flow target.
Execute         is_m_axi_addr64 
INFO-FLOW: Doing LTO.
INFO-FLOW: run_clang (background poll_ms 5000) exec: C:/Xilinx/Vitis_HLS/2024.1/win64/tools/clang-3.9-csynth/bin/clang -foptimization-record-file=C:/Users/sfv02/Documents/TEC/Maestria/2026-2C/Alto_Nivel/Evaluaciones_Cortas/3-HLS/MP6160_grupo_5/hls/rgb2gray_hls_work/rgb2gray_hls/solution/.autopilot/db/a.g.ld.0.bc.clang.reflow.diag.yml -mllvm -pass-remarks-missed=reflow|pasta|unroll -mllvm -pass-remarks=reflow|pasta|unroll|inline -fhls -mllvm -hls-top-function-name=rgb2gray_top -mllvm -hls-db-dir -mllvm C:/Users/sfv02/Documents/TEC/Maestria/2026-2C/Alto_Nivel/Evaluaciones_Cortas/3-HLS/MP6160_grupo_5/hls/rgb2gray_hls_work/rgb2gray_hls/solution/.autopilot/db -emit-llvm -c -target fpga64-xilinx-none -mllvm -xcl-xmlinfo=C:/Users/sfv02/Documents/TEC/Maestria/2026-2C/Alto_Nivel/Evaluaciones_Cortas/3-HLS/MP6160_grupo_5/hls/rgb2gray_hls_work/rgb2gray_hls/solution/.autopilot/db/../../../kernel.xml -mllvm -top-io-mapping-info=C:/Users/sfv02/Documents/TEC/Maestria/2026-2C/Alto_Nivel/Evaluaciones_Cortas/3-HLS/MP6160_grupo_5/hls/rgb2gray_hls_work/rgb2gray_hls/solution/.autopilot/db/top-io-fe.xml -mllvm -hls-bitcode-version=3.1 -mllvm -reflow-enable-slave-interface-default-setting=true -mllvm -gen-kernel-xml=true -mllvm -default-maxi-offset=slave -mllvm -maxi-latency=64 -mllvm -hls-maxi-data-size-in-bits=8 -mllvm -hls-maxi-max-data-size-in-bits=1024 -mllvm -hls-max-widen-size-in-bits=512 -mllvm -xcl-kernel-max-mem-ports=0 -mllvm -maxi-read-trans=16 -mllvm -maxi-write-trans=16 -mllvm -maxi-read-burst-len=16 -mllvm -maxi-write-burst-len=16 -mllvm -reflow-enable-saxi-64bits=0 -mllvm -reflow-basic-block-instr-threshold=200000 -mllvm -reflow-auto-pipeline-threshold=64 -mllvm -reflow-enable-maxi-auto-id-channel=0 -mllvm -enable-fp-thr=0 -mllvm -reflow-bdd-simplify-threshold=1048576 -mllvm -reflow-fanout-threshold=16 -mllvm -reflow-complete-threshold=4 -mllvm -reflow-array-promotion-threshold=64 -mllvm -assume-maxi-align=64 -mllvm -reflow-enable-dataflow-strict-mode-checking=1 -ftime-report -mllvm -time-passes -mllvm -reflow-auto-array-partition-mode=default -mllvm -reflow-enable-auto-small-array-partition=true -mllvm -reflow-enable-auto-array-partition-for-flatten=true -mllvm -reflow-enable-auto-parallel-performance-driven=true -mllvm -reflow-enable-partition-for-automation=true -mllvm -reflow-aggregate-bitwidth-threshold=4096 -mllvm -reflow-reserved-saxilite-registers=0 -mllvm -enable-reflow-auto-loop-pipeline -mllvm -reflow-max-unroll-threshold=409600 -mllvm -auto-unroll-tripcount-threshold=0 -mllvm -reflow-assume-no-address-wrap=true -mllvm -reflow-enable-occurrence-inference=true -mllvm -reflow-emit-hint-scope=true -mllvm -reflow-enable-codegen-with-if=true -mllvm -hls -mllvm -disable-inlined-alloca-merging=true -mllvm -enable-reflow-vitis-flow-setting=true -mllvm -default-clock-period=4 -mllvm -use_read_first_ram_in_loop=1 -mllvm -default-clock-uncertainty=1.08 -x ir C:/Users/sfv02/Documents/TEC/Maestria/2026-2C/Alto_Nivel/Evaluaciones_Cortas/3-HLS/MP6160_grupo_5/hls/rgb2gray_hls_work/rgb2gray_hls/solution/.autopilot/db/a.g.ld.5.gdce.bc -o C:/Users/sfv02/Documents/TEC/Maestria/2026-2C/Alto_Nivel/Evaluaciones_Cortas/3-HLS/MP6160_grupo_5/hls/rgb2gray_hls_work/rgb2gray_hls/solution/.autopilot/db/a.g.lto.bc {-hls-platform-db-name=C:/Xilinx/Vitis_HLS/2024.1\common/technology\xilinx/common/platform.db} -hls-platform-name=versal_medium -device-resource-info=BRAM_1934.000000_DSP_1968.000000_FF_1799680.000000_LUT_899840.000000_SLICE_112480.000000_URAM_463.000000 -device-name-info=xcvc1902-vsva2197-2MP-e-S 2> C:/Users/sfv02/Documents/TEC/Maestria/2026-2C/Alto_Nivel/Evaluaciones_Cortas/3-HLS/MP6160_grupo_5/hls/rgb2gray_hls_work/rgb2gray_hls/solution/.autopilot/db/a.g.ld.0.bc.clang.reflow.err.log bg_poll_cmd: ::AP::poll_clang_39_closed_source
Execute         send_msg_by_id INFO @200-1995@%s%s%s 1,822 Compile/Link C:/Users/sfv02/Documents/TEC/Maestria/2026-2C/Alto_Nivel/Evaluaciones_Cortas/3-HLS/MP6160_grupo_5/hls/rgb2gray_hls_work/rgb2gray_hls/solution/syn/report/csynth_design_size.rpt 
INFO: [HLS 200-1995] There were 1,822 instructions in the design after the 'Compile/Link' phase of compilation. See the Design Size Report for more details: C:/Users/sfv02/Documents/TEC/Maestria/2026-2C/Alto_Nivel/Evaluaciones_Cortas/3-HLS/MP6160_grupo_5/hls/rgb2gray_hls_work/rgb2gray_hls/solution/syn/report/csynth_design_size.rpt
Execute         send_msg_by_id INFO @200-1995@%s%s%s 119 Unroll/Inline (step 1) C:/Users/sfv02/Documents/TEC/Maestria/2026-2C/Alto_Nivel/Evaluaciones_Cortas/3-HLS/MP6160_grupo_5/hls/rgb2gray_hls_work/rgb2gray_hls/solution/syn/report/csynth_design_size.rpt 
INFO: [HLS 200-1995] There were 119 instructions in the design after the 'Unroll/Inline (step 1)' phase of compilation. See the Design Size Report for more details: C:/Users/sfv02/Documents/TEC/Maestria/2026-2C/Alto_Nivel/Evaluaciones_Cortas/3-HLS/MP6160_grupo_5/hls/rgb2gray_hls_work/rgb2gray_hls/solution/syn/report/csynth_design_size.rpt
Execute         send_msg_by_id INFO @200-1995@%s%s%s 104 Unroll/Inline (step 2) C:/Users/sfv02/Documents/TEC/Maestria/2026-2C/Alto_Nivel/Evaluaciones_Cortas/3-HLS/MP6160_grupo_5/hls/rgb2gray_hls_work/rgb2gray_hls/solution/syn/report/csynth_design_size.rpt 
INFO: [HLS 200-1995] There were 104 instructions in the design after the 'Unroll/Inline (step 2)' phase of compilation. See the Design Size Report for more details: C:/Users/sfv02/Documents/TEC/Maestria/2026-2C/Alto_Nivel/Evaluaciones_Cortas/3-HLS/MP6160_grupo_5/hls/rgb2gray_hls_work/rgb2gray_hls/solution/syn/report/csynth_design_size.rpt
Execute         send_msg_by_id INFO @200-1995@%s%s%s 111 Unroll/Inline (step 3) C:/Users/sfv02/Documents/TEC/Maestria/2026-2C/Alto_Nivel/Evaluaciones_Cortas/3-HLS/MP6160_grupo_5/hls/rgb2gray_hls_work/rgb2gray_hls/solution/syn/report/csynth_design_size.rpt 
INFO: [HLS 200-1995] There were 111 instructions in the design after the 'Unroll/Inline (step 3)' phase of compilation. See the Design Size Report for more details: C:/Users/sfv02/Documents/TEC/Maestria/2026-2C/Alto_Nivel/Evaluaciones_Cortas/3-HLS/MP6160_grupo_5/hls/rgb2gray_hls_work/rgb2gray_hls/solution/syn/report/csynth_design_size.rpt
Execute         send_msg_by_id INFO @200-1995@%s%s%s 106 Unroll/Inline (step 4) C:/Users/sfv02/Documents/TEC/Maestria/2026-2C/Alto_Nivel/Evaluaciones_Cortas/3-HLS/MP6160_grupo_5/hls/rgb2gray_hls_work/rgb2gray_hls/solution/syn/report/csynth_design_size.rpt 
INFO: [HLS 200-1995] There were 106 instructions in the design after the 'Unroll/Inline (step 4)' phase of compilation. See the Design Size Report for more details: C:/Users/sfv02/Documents/TEC/Maestria/2026-2C/Alto_Nivel/Evaluaciones_Cortas/3-HLS/MP6160_grupo_5/hls/rgb2gray_hls_work/rgb2gray_hls/solution/syn/report/csynth_design_size.rpt
Execute         send_msg_by_id INFO @200-1995@%s%s%s 97 Array/Struct (step 1) C:/Users/sfv02/Documents/TEC/Maestria/2026-2C/Alto_Nivel/Evaluaciones_Cortas/3-HLS/MP6160_grupo_5/hls/rgb2gray_hls_work/rgb2gray_hls/solution/syn/report/csynth_design_size.rpt 
INFO: [HLS 200-1995] There were 97 instructions in the design after the 'Array/Struct (step 1)' phase of compilation. See the Design Size Report for more details: C:/Users/sfv02/Documents/TEC/Maestria/2026-2C/Alto_Nivel/Evaluaciones_Cortas/3-HLS/MP6160_grupo_5/hls/rgb2gray_hls_work/rgb2gray_hls/solution/syn/report/csynth_design_size.rpt
Execute         send_msg_by_id INFO @200-1995@%s%s%s 97 Array/Struct (step 2) C:/Users/sfv02/Documents/TEC/Maestria/2026-2C/Alto_Nivel/Evaluaciones_Cortas/3-HLS/MP6160_grupo_5/hls/rgb2gray_hls_work/rgb2gray_hls/solution/syn/report/csynth_design_size.rpt 
INFO: [HLS 200-1995] There were 97 instructions in the design after the 'Array/Struct (step 2)' phase of compilation. See the Design Size Report for more details: C:/Users/sfv02/Documents/TEC/Maestria/2026-2C/Alto_Nivel/Evaluaciones_Cortas/3-HLS/MP6160_grupo_5/hls/rgb2gray_hls_work/rgb2gray_hls/solution/syn/report/csynth_design_size.rpt
Execute         send_msg_by_id INFO @200-1995@%s%s%s 99 Array/Struct (step 3) C:/Users/sfv02/Documents/TEC/Maestria/2026-2C/Alto_Nivel/Evaluaciones_Cortas/3-HLS/MP6160_grupo_5/hls/rgb2gray_hls_work/rgb2gray_hls/solution/syn/report/csynth_design_size.rpt 
INFO: [HLS 200-1995] There were 99 instructions in the design after the 'Array/Struct (step 3)' phase of compilation. See the Design Size Report for more details: C:/Users/sfv02/Documents/TEC/Maestria/2026-2C/Alto_Nivel/Evaluaciones_Cortas/3-HLS/MP6160_grupo_5/hls/rgb2gray_hls_work/rgb2gray_hls/solution/syn/report/csynth_design_size.rpt
Execute         send_msg_by_id INFO @200-1995@%s%s%s 135 Array/Struct (step 4) C:/Users/sfv02/Documents/TEC/Maestria/2026-2C/Alto_Nivel/Evaluaciones_Cortas/3-HLS/MP6160_grupo_5/hls/rgb2gray_hls_work/rgb2gray_hls/solution/syn/report/csynth_design_size.rpt 
INFO: [HLS 200-1995] There were 135 instructions in the design after the 'Array/Struct (step 4)' phase of compilation. See the Design Size Report for more details: C:/Users/sfv02/Documents/TEC/Maestria/2026-2C/Alto_Nivel/Evaluaciones_Cortas/3-HLS/MP6160_grupo_5/hls/rgb2gray_hls_work/rgb2gray_hls/solution/syn/report/csynth_design_size.rpt
Execute         send_msg_by_id INFO @200-1995@%s%s%s 139 Array/Struct (step 5) C:/Users/sfv02/Documents/TEC/Maestria/2026-2C/Alto_Nivel/Evaluaciones_Cortas/3-HLS/MP6160_grupo_5/hls/rgb2gray_hls_work/rgb2gray_hls/solution/syn/report/csynth_design_size.rpt 
INFO: [HLS 200-1995] There were 139 instructions in the design after the 'Array/Struct (step 5)' phase of compilation. See the Design Size Report for more details: C:/Users/sfv02/Documents/TEC/Maestria/2026-2C/Alto_Nivel/Evaluaciones_Cortas/3-HLS/MP6160_grupo_5/hls/rgb2gray_hls_work/rgb2gray_hls/solution/syn/report/csynth_design_size.rpt
Execute         send_msg_by_id INFO @200-1995@%s%s%s 139 Performance (step 1) C:/Users/sfv02/Documents/TEC/Maestria/2026-2C/Alto_Nivel/Evaluaciones_Cortas/3-HLS/MP6160_grupo_5/hls/rgb2gray_hls_work/rgb2gray_hls/solution/syn/report/csynth_design_size.rpt 
INFO: [HLS 200-1995] There were 139 instructions in the design after the 'Performance (step 1)' phase of compilation. See the Design Size Report for more details: C:/Users/sfv02/Documents/TEC/Maestria/2026-2C/Alto_Nivel/Evaluaciones_Cortas/3-HLS/MP6160_grupo_5/hls/rgb2gray_hls_work/rgb2gray_hls/solution/syn/report/csynth_design_size.rpt
Execute         send_msg_by_id INFO @200-1995@%s%s%s 139 Performance (step 2) C:/Users/sfv02/Documents/TEC/Maestria/2026-2C/Alto_Nivel/Evaluaciones_Cortas/3-HLS/MP6160_grupo_5/hls/rgb2gray_hls_work/rgb2gray_hls/solution/syn/report/csynth_design_size.rpt 
INFO: [HLS 200-1995] There were 139 instructions in the design after the 'Performance (step 2)' phase of compilation. See the Design Size Report for more details: C:/Users/sfv02/Documents/TEC/Maestria/2026-2C/Alto_Nivel/Evaluaciones_Cortas/3-HLS/MP6160_grupo_5/hls/rgb2gray_hls_work/rgb2gray_hls/solution/syn/report/csynth_design_size.rpt
Execute         send_msg_by_id INFO @200-1995@%s%s%s 138 Performance (step 3) C:/Users/sfv02/Documents/TEC/Maestria/2026-2C/Alto_Nivel/Evaluaciones_Cortas/3-HLS/MP6160_grupo_5/hls/rgb2gray_hls_work/rgb2gray_hls/solution/syn/report/csynth_design_size.rpt 
INFO: [HLS 200-1995] There were 138 instructions in the design after the 'Performance (step 3)' phase of compilation. See the Design Size Report for more details: C:/Users/sfv02/Documents/TEC/Maestria/2026-2C/Alto_Nivel/Evaluaciones_Cortas/3-HLS/MP6160_grupo_5/hls/rgb2gray_hls_work/rgb2gray_hls/solution/syn/report/csynth_design_size.rpt
Execute         send_msg_by_id INFO @200-1995@%s%s%s 138 Performance (step 4) C:/Users/sfv02/Documents/TEC/Maestria/2026-2C/Alto_Nivel/Evaluaciones_Cortas/3-HLS/MP6160_grupo_5/hls/rgb2gray_hls_work/rgb2gray_hls/solution/syn/report/csynth_design_size.rpt 
INFO: [HLS 200-1995] There were 138 instructions in the design after the 'Performance (step 4)' phase of compilation. See the Design Size Report for more details: C:/Users/sfv02/Documents/TEC/Maestria/2026-2C/Alto_Nivel/Evaluaciones_Cortas/3-HLS/MP6160_grupo_5/hls/rgb2gray_hls_work/rgb2gray_hls/solution/syn/report/csynth_design_size.rpt
Execute         send_msg_by_id INFO @200-1995@%s%s%s 138 HW Transforms (step 1) C:/Users/sfv02/Documents/TEC/Maestria/2026-2C/Alto_Nivel/Evaluaciones_Cortas/3-HLS/MP6160_grupo_5/hls/rgb2gray_hls_work/rgb2gray_hls/solution/syn/report/csynth_design_size.rpt 
INFO: [HLS 200-1995] There were 138 instructions in the design after the 'HW Transforms (step 1)' phase of compilation. See the Design Size Report for more details: C:/Users/sfv02/Documents/TEC/Maestria/2026-2C/Alto_Nivel/Evaluaciones_Cortas/3-HLS/MP6160_grupo_5/hls/rgb2gray_hls_work/rgb2gray_hls/solution/syn/report/csynth_design_size.rpt
Execute         send_msg_by_id INFO @200-1995@%s%s%s 141 HW Transforms (step 2) C:/Users/sfv02/Documents/TEC/Maestria/2026-2C/Alto_Nivel/Evaluaciones_Cortas/3-HLS/MP6160_grupo_5/hls/rgb2gray_hls_work/rgb2gray_hls/solution/syn/report/csynth_design_size.rpt 
INFO: [HLS 200-1995] There were 141 instructions in the design after the 'HW Transforms (step 2)' phase of compilation. See the Design Size Report for more details: C:/Users/sfv02/Documents/TEC/Maestria/2026-2C/Alto_Nivel/Evaluaciones_Cortas/3-HLS/MP6160_grupo_5/hls/rgb2gray_hls_work/rgb2gray_hls/solution/syn/report/csynth_design_size.rpt
INFO: [HLS 214-178] Inlining function 'rgb_to_gray_pixel(ap_uint<8>, ap_uint<8>, ap_uint<8>)' into 'process_gray(hls::stream<rgb_t, 0>&, hls::stream<ap_uint<8>, 0>&, ap_uint<32>)' (../rgb2gray_kernel.cpp:65:0)
INFO: [HLS 214-241] Aggregating fifo (hls::stream) variable 'stream_rgb' with compact=bit mode in 24-bits (../rgb2gray_kernel.cpp:134:21)
INFO: [HLS 214-115] Multiple burst reads of variable length and bit width 32 in loop 'load_loop'(../rgb2gray_kernel.cpp:37:13) has been inferred on bundle 'gmem_in'. These burst requests might be further partitioned into multiple requests during RTL generation, based on max_read_burst_length or max_write_burst_length settings. (../rgb2gray_kernel.cpp:37:18)
INFO-FLOW: DBG:PUTS: copy_raw_kernel_xml ap_link_39: copying raw kernel.xml: C:/Users/sfv02/Documents/TEC/Maestria/2026-2C/Alto_Nivel/Evaluaciones_Cortas/3-HLS/MP6160_grupo_5/hls/rgb2gray_hls_work/rgb2gray_hls/solution/.autopilot/db/../../../kernel.xml -> C:/Users/sfv02/Documents/TEC/Maestria/2026-2C/Alto_Nivel/Evaluaciones_Cortas/3-HLS/MP6160_grupo_5/hls/rgb2gray_hls_work/rgb2gray_hls/solution/.autopilot/db/kernel.internal.xml
INFO: [HLS 200-111] Finished Compiling Optimization and Transform: CPU user time: 0 seconds. CPU system time: 1 seconds. Elapsed time: 8.346 seconds; current allocated memory: 244.727 MB.
INFO: [HLS 200-111] Finished Checking Pragmas: CPU user time: 0 seconds. CPU system time: 0 seconds. Elapsed time: 0.009 seconds; current allocated memory: 244.727 MB.
Execute         opt_and_import_c a -opt_level=2 -skip_syncheck=0 -ng=0 -keep_printf=0 
Execute           cleanup_all_models 
INFO: [HLS 200-10] Starting code transformations ...
INFO-FLOW: Running Standard Transforms...
Execute           transform -hls -share-std-xform -demangle-name -inline-byval-memcpy -always-inline -promote-dbg-pointer -interface-preproc -mem2reg -scalarrepl -mem2reg -keep-read-access -instcombine -dce -promote-dbg-pointer -bitop-raise -loop-simplify -indvarspre -indvars -loop-simplify -constprop -instcombine -simplifycfg -indvars -simplifycfg -dce -globaldce -basicaa -simplifycfg -mem2reg -globalopt -global-constprop -deadargelim -instcombine -simplifycfg -scalarrepl -instcombine -reassociate -licm -simplifycfg -loop-simplify -indvars -instcombine -simplifycfg -mem2reg -loop-simplify -indvars -instcombine -gvn -gvn -instcombine -adce -break-crit-edges -simplifycfg -loop-delete -global-array-opt -dce -dse -adce -find-syn-modules -top rgb2gray_top -deadargelim -mem2reg -instcombine -dce -presyn-prepare -interface-preproc -syn-check -check-rec-only -find-region -simplifycfg -func-extr -function-inline -globaldce -mem2reg -instcombine -dce -gvn -globaldce -adce -adse -constprop -instcombine -bit-constprop -instcombine -dce -simplifycfg -bitop-raise -simplifycfg -dce -loop-delete -reassociate -globalopt -global-privatize -mem2reg -dce -global-constprop -pointer-simplify -constprop -dce -promote-dbg-pointer -norm-name C:/Users/sfv02/Documents/TEC/Maestria/2026-2C/Alto_Nivel/Evaluaciones_Cortas/3-HLS/MP6160_grupo_5/hls/rgb2gray_hls_work/rgb2gray_hls/solution/.autopilot/db/a.g.0.bc -o C:/Users/sfv02/Documents/TEC/Maestria/2026-2C/Alto_Nivel/Evaluaciones_Cortas/3-HLS/MP6160_grupo_5/hls/rgb2gray_hls_work/rgb2gray_hls/solution/.autopilot/db/a.g.1.bc -f -phase std-opt 
INFO: [HLS 200-111] Finished Standard Transforms: CPU user time: 0 seconds. CPU system time: 0 seconds. Elapsed time: 0.056 seconds; current allocated memory: 249.527 MB.
INFO: [HLS 200-10] Checking synthesizability ...
INFO-FLOW: Checking Synthesizability 1/2..
Execute           transform -hls -syn-check -check-rec-only -scalarrepl -norm-name -dce -mem2reg -instcombine -directive-preproc -mem2reg -dse -dce -dce -pag -array-normalize -instcombine -dce -array-seg-normalize -instcombine -dce -data-pack -instcombine -dce -inst-simplify -array-flatten -instcombine -dce -array-burst -dce -deadargelim -promote-global-argument -simplifycfg -mem2reg -globaldce -dce -deadargelim -dce -instcombine -function-inline -globaldce -dce -doublePtrSimplify -doublePtrElim -dce -doublePtrSimplify -promote-dbg-pointer -dce -scalarrepl -dse -adse -instcombine -ptrLegalization -simplifycfg -dce -instcombine -pointer-simplify -ptrArgReplace -dce -instcombine -resolve-double-ptr -scalarrepl -norm-name -dce -mem2reg -instcombine -ptrLegalization -simplifycfg -deadargelim -instcombine -dce -inst-simplify -directive-preproc -mem2reg -dse -dce -globaldce C:/Users/sfv02/Documents/TEC/Maestria/2026-2C/Alto_Nivel/Evaluaciones_Cortas/3-HLS/MP6160_grupo_5/hls/rgb2gray_hls_work/rgb2gray_hls/solution/.autopilot/db/a.g.1.bc -o C:/Users/sfv02/Documents/TEC/Maestria/2026-2C/Alto_Nivel/Evaluaciones_Cortas/3-HLS/MP6160_grupo_5/hls/rgb2gray_hls_work/rgb2gray_hls/solution/.autopilot/db/a.g.2.prechk.bc -f 
INFO-FLOW: Checking Synthesizability 2/2..
Execute           transform -syn-check C:/Users/sfv02/Documents/TEC/Maestria/2026-2C/Alto_Nivel/Evaluaciones_Cortas/3-HLS/MP6160_grupo_5/hls/rgb2gray_hls_work/rgb2gray_hls/solution/.autopilot/db/a.g.2.prechk.bc -o C:/Users/sfv02/Documents/TEC/Maestria/2026-2C/Alto_Nivel/Evaluaciones_Cortas/3-HLS/MP6160_grupo_5/hls/rgb2gray_hls_work/rgb2gray_hls/solution/.autopilot/db/a.g.2.bc -f -phase syn-check 
INFO: [HLS 200-111] Finished Checking Synthesizability: CPU user time: 0 seconds. CPU system time: 0 seconds. Elapsed time: 0.039 seconds; current allocated memory: 251.465 MB.
INFO-FLOW: Compiler optimizing ...
INFO-FLOW: Share syncheck's 1.bc for syn flow: copy C:/Users/sfv02/Documents/TEC/Maestria/2026-2C/Alto_Nivel/Evaluaciones_Cortas/3-HLS/MP6160_grupo_5/hls/rgb2gray_hls_work/rgb2gray_hls/solution/.autopilot/db/a.g.1.bc to C:/Users/sfv02/Documents/TEC/Maestria/2026-2C/Alto_Nivel/Evaluaciones_Cortas/3-HLS/MP6160_grupo_5/hls/rgb2gray_hls_work/rgb2gray_hls/solution/.autopilot/db/a.o.1.bc
INFO-FLOW: Presyn 1...
Execute           transform -hls -tmp C:/Users/sfv02/Documents/TEC/Maestria/2026-2C/Alto_Nivel/Evaluaciones_Cortas/3-HLS/MP6160_grupo_5/hls/rgb2gray_hls_work/rgb2gray_hls/solution/.autopilot/db -interface-port-rename -directive-preproc -mem2reg -dse -dce -scalarrepl -norm-name -deadargelim -mem2reg -instcombine -dce -simplifycfg -dce -resource-proc -clib-intrinsic-prepare -dce -func-buffer -dce -pag -array-normalize -func-legal -instcombine -gvn -constprop -dce -simplifycfg -mem2reg -globaldce -resolve-double-ptr -dce -deadargelim -dce -instcombine -ptrArgReplace -mem2reg -dce -array-seg-normalize -deadargelim -instcombine -dce -directive-preproc -mem2reg -dse -dce -pointer-simplify -dce -port-alignment -dce -interface-preproc -data-pack -instcombine -dce -basicaa -aggr-aa -aggrmodref-aa -aggr-aa -gvn -gvn -basicaa -aggr-aa -aggrmodref-aa -aggr-aa -dse -adse -adce -loop-simplify -indvars -instcombine -gvn -loop-simplify -mem2reg -dce -find-region -instcombine -inst-simplify -interface-preproc -cfgopt -instcombine -indvars -loop-simplify -loop-bound -constprop -instcombine -simplifycfg -indvars -simplifycfg -dce -globaldce -clean-region -attach-range -gvn -inst-simplify -constprop -simplifycfg -dce -pointer-simplify -dce -globalopt -constprop -dce -array-promote -constprop -dce -ptrArgReplace -mem2reg -simplifycfg -dce -instcombine -dce -array-transform-check -array-reshape -instcombine -simplifycfg -dce -ptrArgReplace -deadargelim -mem2reg -instcombine -simplifycfg -dce -indvars -loop-simplify -loop-bound -constprop -instcombine -simplifycfg -indvars -simplifycfg -dce -globaldce -basicaa -aggr-aa -aggrmodref-aa -aggr-aa -dse -duplicate-dataflow-processes -globaldce -instcombine -array-partition -prepare-dynamic-array-partition -instcombine -simplifycfg -dce -ptrArgReplace -global-constprop -deadargelim -mem2reg -func-legal -dce -global-constprop -deadargelim -mem2reg -simplifycfg -dce -merge-param -deadargelim -globalopt -constprop -dce -array-promote -constprop -dce -ptrArgReplace -mem2reg -simplifycfg -dce -mem-intrinsic-preproc -dce -global-internalize -global-privatize -mem2reg -globaldce -lcssa -loop-simplify -phi-select-elim -promote-global-argument -ptrArgReplace -mem2reg -dce -globalopt -mergereturn -simplify-global-access -mem2reg -dce -pointer-simplify -dce -basicaa -aggr-aa -aggrmodref-aa -aggr-aa -functionattrs -basicaa -aggr-aa -aggrmodref-aa -aggr-aa -gvn -gvn -basicaa -aggr-aa -aggrmodref-aa -aggr-aa -dse -adse -adce -dce -norm-name -basicaa -aggr-aa -aggrmodref-aa -aggr-aa -accesses-merge -function-inline -complex-op-raise -inst-simplify -globaldce -func-legal -dce -loop-bound -arraycheck -bitwidthmin2 -bitwidthmin2 -on-by-dataflow -loop-delete -instcombine -simplifycfg -globaldce -dce -gvn -deadargelim -dce -loop-simplify -clean-region -simplifycfg -propagate-stable-arguments -loop-stream -instcombine -simplifycfg -dce -globaldce -duplicate-dataflow-processes -stream-intrinsic-preproc -dce -check-ap-stream -loop-simplify -eliminate-keepreads -extract-dataflow-in-loop -loop-simplify -dce -gvn -deadargelim -dse -duplicate-dataflow-processes -check-dataflow-syntax -legalize-stream-variable -globaldce -legalize-global -extract-subproc -dce -dead-channel-elimination -canonicalize-gep -globaldce -dce -gvn -hls-dead-arg-elim -deadargelim -directive-preproc -canonicalize-dataflow -dce -globaldce -scalar-preprocessing -scalar-propagation2 -scalar-stream -deadargelim -globaldce -mem2reg -check-dataflow-channels -function-stream -dce -globaldce -prop-fifo-spec -internal-stream-gen -canonicalize-gep -globaldce -dce -gvn -deadargelim -mergereturn -indvars -loop-simplify -instcombine -array-stream -array-seg-normalize -array-partition -clean-array-spec -func-legal -instcombine -simplifycfg -dce -bundle-memfifo-ops -deadargelim -directive-preproc -mem2reg -dse -dce -group-axi-access -licm -simplifycfg -dce -loop-delete -hls-display -norm-name C:/Users/sfv02/Documents/TEC/Maestria/2026-2C/Alto_Nivel/Evaluaciones_Cortas/3-HLS/MP6160_grupo_5/hls/rgb2gray_hls_work/rgb2gray_hls/solution/.autopilot/db/a.o.1.bc -o C:/Users/sfv02/Documents/TEC/Maestria/2026-2C/Alto_Nivel/Evaluaciones_Cortas/3-HLS/MP6160_grupo_5/hls/rgb2gray_hls_work/rgb2gray_hls/solution/.autopilot/db/a.o.1.tmp.bc -f 
INFO: [XFORM 203-712] Applying dataflow to function 'rgb2gray_top' (../rgb2gray_kernel.cpp:114:1), detected/extracted 4 process function(s): 
	 'entry_proc'
	 'load_rgb'
	 'process_gray'
	 'store_gray'.
INFO-FLOW: Presyn 2...
Execute           transform -hls -keep-callgraph -scalarrepl -mem2reg -port-alignment -attach-range -dce -pipe-mux-gen -indvars -loop-bound -inst-simplify -instcombine -dce -merge-array-access -mem2reg -dce -clean-region -mergereturn -if-conv -instcombine -dce -constprop -basicaa -aggr-aa -aggrmodref-aa -aggr-aa -gvn -gvn -basicaa -aggr-aa -aggrmodref-aa -aggr-aa -dse -adse -adce -scalarrepl -mem2reg -global-constprop -deadargelim -deadargelim -instcombine -dce -simplifycfg -ptrArgReplace -mem2reg -function-inline -globaldce -mem2reg -instcombine -dce -expr-balance -instcombine -dce -bitwidthmin2 -bitwidthmin2 -interface-preproc -directive-preproc -inst-rectify -instcombine -dce -basicaa -aggr-aa -aggrmodref-aa -aggr-aa -functionattrs -constprop -instcombine -bit-constprop -simplify-global-access -globalopt -globaldce -inst-simplify -instcombine -elimdeaddata -dce -loop-delete -simplifycfg -loop-simplify -barrier -norm-name C:/Users/sfv02/Documents/TEC/Maestria/2026-2C/Alto_Nivel/Evaluaciones_Cortas/3-HLS/MP6160_grupo_5/hls/rgb2gray_hls_work/rgb2gray_hls/solution/.autopilot/db/a.o.1.tmp.bc -o C:/Users/sfv02/Documents/TEC/Maestria/2026-2C/Alto_Nivel/Evaluaciones_Cortas/3-HLS/MP6160_grupo_5/hls/rgb2gray_hls_work/rgb2gray_hls/solution/.autopilot/db/a.o.2.bc -f -phase presyn 
INFO: [XFORM 203-11] Balancing expressions in function 'process_gray' (../rgb2gray_kernel.cpp:18:16)...3 expression(s) balanced.
INFO: [HLS 200-111] Finished Loop, function and other optimizations: CPU user time: 0 seconds. CPU system time: 0 seconds. Elapsed time: 0.1 seconds; current allocated memory: 274.148 MB.
Execute           transform -hls -auto-function-inline -globaldce -ptrArgReplace -mem2reg -dce -reset-lda -loop-simplify -indvars -aggr-aa -licm -loop-dep -loop-bound -licm -loop-simplify -loop-sink-hoist -flattenloopnest -array-flatten -gvn -instcombine -dce -array-map -dce -func-legal -gvn -adce -instcombine -cfgopt -simplifycfg-lite -loop-simplify -array-burst -promote-global-argument -dce -array-seg-normalize -basicaa -aggrmodref-aa -globalsmodref-aa -aggr-aa -gvn -gvn -basicaa -aggrmodref-aa -globalsmodref-aa -aggr-aa -dse -adse -adce -licm -inst-simplify -dce -globaldce -instcombine -array-stream -eliminate-keepreads -instcombine -dce -deadargelim -doublePtrSimplify -doublePtrElim -dce -doublePtrSimplify -promote-dbg-pointer -dce -scalarrepl -mem2reg -norm-name -mem2reg -instcombine -dse -adse -adce -ptrLegalization -dce -array-flatten -dce -instcombine -check-doubleptr -loop-rot -constprop -inst-simplify -cfgopt -simplifycfg-lite -loop-simplify -indvars -pointer-simplify -dce -loop-bound -loop-simplify -loop-preproc -constprop -global-constprop -gvn -mem2reg -instcombine -dce -loop-bound -loop-merge -dce -deadargelim -dce -canonicalize-dataflow -dce -deadargelim -globaldce -mem2reg -bram-byte-enable -inst-simplify -inst-rectify -instcombine -adce -deadargelim -load-elim -read-loop-dep -loop-simplify -loop-extract-inner -directive-preproc -bitwidthmin2 -bitwidthmin2 -read-loop-dep -interface-preproc -directive-preproc -interface-gen -bram-byte-enable-spec-prop -mul2addshift -deadargelim -inst-simplify -dce -mem2reg -instcombine -gvn -dce -adse -loop-bound -instcombine -cfgopt -simplifycfg-lite -loop-simplify -clean-region -io-protocol -find-region -mem2reg -bitop-raise -complex-op-raise -inst-simplify -inst-rectify -instcombine -adce -deadargelim -float-op-raise -loop-simplify -phi-opt -bitop-raise -cfgopt -simplifycfg-lite -strip-dead-prototypes -interface-lower -bitop-lower -intrinsic-lower -auto-function-inline -basicaa -aggrmodref-aa -globalsmodref-aa -aggr-aa -inst-simplify -simplifycfg-lite -loop-simplify -mergereturn -inst-simplify -inst-rectify -globaldce -dce -load-elim -bitop-lower -float-op-raise -fma-raise -loop-rewind -pointer-simplify -dce -cfgopt -dce -loop-bound -loop-dep -read-loop-dep -dce -dyn-mem-reuse -dce -recurrence-min -dce -share-scalar-alloca -deadargelim -dce -check-stream -norm-name -legalize -inst-clarity -bitwidth -dce -validate-dataflow -dump-loop-dep-to-ir -check-all-ssdm -dump-complexity-metric C:/Users/sfv02/Documents/TEC/Maestria/2026-2C/Alto_Nivel/Evaluaciones_Cortas/3-HLS/MP6160_grupo_5/hls/rgb2gray_hls_work/rgb2gray_hls/solution/.autopilot/db/a.o.2.bc -o C:/Users/sfv02/Documents/TEC/Maestria/2026-2C/Alto_Nivel/Evaluaciones_Cortas/3-HLS/MP6160_grupo_5/hls/rgb2gray_hls_work/rgb2gray_hls/solution/.autopilot/db/a.o.3.bc -f -phase build-ssdm 
WARNING: [HLS 200-1990] Performance of loop 'store_loop'(../rgb2gray_kernel.cpp:90:14) in function 'store_gray' can be improved with loop rewind inference if the loop bound can be asserted to execute at least once.
WARNING: [HLS 200-1990] Performance of loop 'load_loop'(../rgb2gray_kernel.cpp:37:13) in function 'load_rgb' can be improved with loop rewind inference if the loop bound can be asserted to execute at least once.
INFO: [XFORM 203-531] Rewinding loop 'store_loop' (../rgb2gray_kernel.cpp:90) in function 'store_gray'.
INFO: [XFORM 203-531] Rewinding loop 'load_loop' (../rgb2gray_kernel.cpp:37) in function 'load_rgb'.
Execute             auto_get_db
INFO-FLOW: Building ssdm...
Execute           transform -hls -cdfg-build C:/Users/sfv02/Documents/TEC/Maestria/2026-2C/Alto_Nivel/Evaluaciones_Cortas/3-HLS/MP6160_grupo_5/hls/rgb2gray_hls_work/rgb2gray_hls/solution/.autopilot/db/a.o.3.bc -o C:/Users/sfv02/Documents/TEC/Maestria/2026-2C/Alto_Nivel/Evaluaciones_Cortas/3-HLS/MP6160_grupo_5/hls/rgb2gray_hls_work/rgb2gray_hls/solution/.autopilot/db/a.o.3.bc -f -phase build-ssdm 
INFO: [HLS 200-111] Finished Architecture Synthesis: CPU user time: 0 seconds. CPU system time: 0 seconds. Elapsed time: 0.131 seconds; current allocated memory: 311.926 MB.
INFO-FLOW: Finish building internal data model.
Command         opt_and_import_c done; 0.333 sec.
Command       elaborate done; 13.831 sec.
Execute       ap_eval exec zip -j C:/Users/sfv02/Documents/TEC/Maestria/2026-2C/Alto_Nivel/Evaluaciones_Cortas/3-HLS/MP6160_grupo_5/hls/rgb2gray_hls_work/rgb2gray_hls/solution/.autopilot/db/dut.hcp $dbDir/a.o.3.bc $dbDir/${topname}.rtl_wrap.cfg.tcl $dbDir/apatb_${topname}.cpp $dbDir/apatb_${topname}_util.cpp $dbDir/apatb_${topname}_ir.ll $dbDir/mapper_${topname}.cpp $dbDir/top-io-fe.xml $dbDir/kernel.internal.xml $workdir/../hls.app 
Execute       autosyn -from_csynth_design=1 
INFO: [HLS 200-10] Starting hardware synthesis ...
INFO-FLOW: Synthesizing C/C++ design ...
INFO: [HLS 200-10] Synthesizing 'rgb2gray_top' ...
Execute         ap_set_top_model rgb2gray_top 
Execute         get_model_list rgb2gray_top -filter all-wo-channel -topdown 
Execute         preproc_iomode -model rgb2gray_top 
Execute         preproc_iomode -model store_gray 
Execute         preproc_iomode -model process_gray 
Execute         preproc_iomode -model process_gray_Pipeline_process_loop 
Execute         preproc_iomode -model load_rgb 
Execute         preproc_iomode -model entry_proc 
Execute         get_model_list rgb2gray_top -filter all-wo-channel 
INFO-FLOW: Model list for configure: entry_proc load_rgb process_gray_Pipeline_process_loop process_gray store_gray rgb2gray_top
INFO-FLOW: Configuring Module : entry_proc ...
Execute         set_default_model entry_proc 
Execute         apply_spec_resource_limit entry_proc 
INFO-FLOW: Configuring Module : load_rgb ...
Execute         set_default_model load_rgb 
Execute         apply_spec_resource_limit load_rgb 
INFO-FLOW: Configuring Module : process_gray_Pipeline_process_loop ...
Execute         set_default_model process_gray_Pipeline_process_loop 
Execute         apply_spec_resource_limit process_gray_Pipeline_process_loop 
INFO-FLOW: Configuring Module : process_gray ...
Execute         set_default_model process_gray 
Execute         apply_spec_resource_limit process_gray 
INFO-FLOW: Configuring Module : store_gray ...
Execute         set_default_model store_gray 
Execute         apply_spec_resource_limit store_gray 
INFO-FLOW: Configuring Module : rgb2gray_top ...
Execute         set_default_model rgb2gray_top 
Execute         apply_spec_resource_limit rgb2gray_top 
INFO-FLOW: Model list for preprocess: entry_proc load_rgb process_gray_Pipeline_process_loop process_gray store_gray rgb2gray_top
INFO-FLOW: Preprocessing Module: entry_proc ...
Execute         set_default_model entry_proc 
Execute         cdfg_preprocess -model entry_proc 
Execute         rtl_gen_preprocess entry_proc 
INFO-FLOW: Preprocessing Module: load_rgb ...
Execute         set_default_model load_rgb 
Execute         cdfg_preprocess -model load_rgb 
Execute         rtl_gen_preprocess load_rgb 
INFO-FLOW: Preprocessing Module: process_gray_Pipeline_process_loop ...
Execute         set_default_model process_gray_Pipeline_process_loop 
Execute         cdfg_preprocess -model process_gray_Pipeline_process_loop 
Execute         rtl_gen_preprocess process_gray_Pipeline_process_loop 
INFO-FLOW: Preprocessing Module: process_gray ...
Execute         set_default_model process_gray 
Execute         cdfg_preprocess -model process_gray 
Execute         rtl_gen_preprocess process_gray 
INFO-FLOW: Preprocessing Module: store_gray ...
Execute         set_default_model store_gray 
Execute         cdfg_preprocess -model store_gray 
Execute         rtl_gen_preprocess store_gray 
INFO-FLOW: Preprocessing Module: rgb2gray_top ...
Execute         set_default_model rgb2gray_top 
Execute         cdfg_preprocess -model rgb2gray_top 
Execute         rtl_gen_preprocess rgb2gray_top 
INFO-FLOW: Model list for synthesis: entry_proc load_rgb process_gray_Pipeline_process_loop process_gray store_gray rgb2gray_top
INFO: [HLS 200-10] ----------------------------------------------------------------
INFO: [HLS 200-42] -- Implementing module 'entry_proc' 
INFO: [HLS 200-10] ----------------------------------------------------------------
Execute         set_default_model entry_proc 
Execute         schedule -model entry_proc 
INFO: [SCHED 204-11] Starting scheduling ...
INFO: [SCHED 204-11] Finished scheduling.
INFO: [HLS 200-111] Finished Scheduling: CPU user time: 0 seconds. CPU system time: 0 seconds. Elapsed time: 0.172 seconds; current allocated memory: 314.566 MB.
Execute         syn_report -verbosereport -o C:/Users/sfv02/Documents/TEC/Maestria/2026-2C/Alto_Nivel/Evaluaciones_Cortas/3-HLS/MP6160_grupo_5/hls/rgb2gray_hls_work/rgb2gray_hls/solution/.autopilot/db/entry_proc.verbose.sched.rpt 
Execute           list_part -family xcvc1902-vsva2197-2MP-e-S 
Execute             ap_family_info -name xcvc1902-vsva2197-2MP-e-S -data names 
Execute             ap_part_info -quiet -name xcvc1902-vsva2197-2MP-e-S -data family 
Execute         db_write -o C:/Users/sfv02/Documents/TEC/Maestria/2026-2C/Alto_Nivel/Evaluaciones_Cortas/3-HLS/MP6160_grupo_5/hls/rgb2gray_hls_work/rgb2gray_hls/solution/.autopilot/db/entry_proc.sched.adb -f 
INFO-FLOW: Finish scheduling entry_proc.
Execute         set_default_model entry_proc 
Execute         bind -model entry_proc 
INFO: [BIND 205-100] Starting micro-architecture generation ...
INFO: [BIND 205-101] Performing variable lifetime analysis.
INFO: [BIND 205-101] Exploring resource sharing.
INFO: [BIND 205-101] Binding ...
INFO: [BIND 205-100] Finished micro-architecture generation.
INFO: [HLS 200-111] Finished Binding: CPU user time: 0 seconds. CPU system time: 0 seconds. Elapsed time: 0.064 seconds; current allocated memory: 315.723 MB.
Execute         syn_report -verbosereport -o C:/Users/sfv02/Documents/TEC/Maestria/2026-2C/Alto_Nivel/Evaluaciones_Cortas/3-HLS/MP6160_grupo_5/hls/rgb2gray_hls_work/rgb2gray_hls/solution/.autopilot/db/entry_proc.verbose.bind.rpt 
Execute           list_part -family xcvc1902-vsva2197-2MP-e-S 
Execute             ap_family_info -name xcvc1902-vsva2197-2MP-e-S -data names 
Execute             ap_part_info -quiet -name xcvc1902-vsva2197-2MP-e-S -data family 
Execute         db_write -o C:/Users/sfv02/Documents/TEC/Maestria/2026-2C/Alto_Nivel/Evaluaciones_Cortas/3-HLS/MP6160_grupo_5/hls/rgb2gray_hls_work/rgb2gray_hls/solution/.autopilot/db/entry_proc.bind.adb -f 
INFO-FLOW: Finish binding entry_proc.
INFO: [HLS 200-10] ----------------------------------------------------------------
INFO: [HLS 200-42] -- Implementing module 'load_rgb' 
INFO: [HLS 200-10] ----------------------------------------------------------------
Execute         set_default_model load_rgb 
Execute         schedule -model load_rgb 
INFO: [SCHED 204-11] Starting scheduling ...
INFO: [SCHED 204-61] Pipelining loop 'load_loop'.
WARNING: [HLS 200-880] The II Violation in module 'load_rgb' (loop 'load_loop'): Unable to enforce a carried dependence constraint (II = 1, distance = 1, offset = 1) between bus read operation ('gmem_in_addr_1_read_2', ../rgb2gray_kernel.cpp:43) on port 'gmem_in' (../rgb2gray_kernel.cpp:43) and bus read operation ('gmem_in_addr_1_read', ../rgb2gray_kernel.cpp:43) on port 'gmem_in' (../rgb2gray_kernel.cpp:43).
WARNING: [HLS 200-880] The II Violation in module 'load_rgb' (loop 'load_loop'): Unable to enforce a carried dependence constraint (II = 2, distance = 1, offset = 1) between bus read operation ('gmem_in_addr_1_read_2', ../rgb2gray_kernel.cpp:43) on port 'gmem_in' (../rgb2gray_kernel.cpp:43) and bus read operation ('gmem_in_addr_1_read', ../rgb2gray_kernel.cpp:43) on port 'gmem_in' (../rgb2gray_kernel.cpp:43).
INFO: [HLS 200-1470] Pipelining result : Target II = 1, Final II = 3, Depth = 78, loop 'load_loop'
INFO: [SCHED 204-11] Finished scheduling.
Command         schedule done; 2.13 sec.
INFO: [HLS 200-111] Finished Scheduling: CPU user time: 2 seconds. CPU system time: 0 seconds. Elapsed time: 2.175 seconds; current allocated memory: 317.008 MB.
Execute         syn_report -verbosereport -o C:/Users/sfv02/Documents/TEC/Maestria/2026-2C/Alto_Nivel/Evaluaciones_Cortas/3-HLS/MP6160_grupo_5/hls/rgb2gray_hls_work/rgb2gray_hls/solution/.autopilot/db/load_rgb.verbose.sched.rpt 
Execute           list_part -family xcvc1902-vsva2197-2MP-e-S 
Execute             ap_family_info -name xcvc1902-vsva2197-2MP-e-S -data names 
Execute             ap_part_info -quiet -name xcvc1902-vsva2197-2MP-e-S -data family 
Command         syn_report done; 0.347 sec.
Execute         db_write -o C:/Users/sfv02/Documents/TEC/Maestria/2026-2C/Alto_Nivel/Evaluaciones_Cortas/3-HLS/MP6160_grupo_5/hls/rgb2gray_hls_work/rgb2gray_hls/solution/.autopilot/db/load_rgb.sched.adb -f 
INFO-FLOW: Finish scheduling load_rgb.
Execute         set_default_model load_rgb 
Execute         bind -model load_rgb 
INFO: [BIND 205-100] Starting micro-architecture generation ...
INFO: [BIND 205-101] Performing variable lifetime analysis.
INFO: [BIND 205-101] Exploring resource sharing.
INFO: [BIND 205-101] Binding ...
INFO: [BIND 205-100] Finished micro-architecture generation.
Command         bind done; 0.528 sec.
INFO: [HLS 200-111] Finished Binding: CPU user time: 1 seconds. CPU system time: 0 seconds. Elapsed time: 0.888 seconds; current allocated memory: 317.113 MB.
Execute         syn_report -verbosereport -o C:/Users/sfv02/Documents/TEC/Maestria/2026-2C/Alto_Nivel/Evaluaciones_Cortas/3-HLS/MP6160_grupo_5/hls/rgb2gray_hls_work/rgb2gray_hls/solution/.autopilot/db/load_rgb.verbose.bind.rpt 
Execute           list_part -family xcvc1902-vsva2197-2MP-e-S 
Execute             ap_family_info -name xcvc1902-vsva2197-2MP-e-S -data names 
Execute             ap_part_info -quiet -name xcvc1902-vsva2197-2MP-e-S -data family 
Command         syn_report done; 1.469 sec.
Execute         db_write -o C:/Users/sfv02/Documents/TEC/Maestria/2026-2C/Alto_Nivel/Evaluaciones_Cortas/3-HLS/MP6160_grupo_5/hls/rgb2gray_hls_work/rgb2gray_hls/solution/.autopilot/db/load_rgb.bind.adb -f 
INFO-FLOW: Finish binding load_rgb.
INFO: [HLS 200-10] ----------------------------------------------------------------
INFO: [HLS 200-42] -- Implementing module 'process_gray_Pipeline_process_loop' 
INFO: [HLS 200-10] ----------------------------------------------------------------
Execute         set_default_model process_gray_Pipeline_process_loop 
Execute         schedule -model process_gray_Pipeline_process_loop 
INFO: [SCHED 204-11] Starting scheduling ...
INFO: [HLS 200-486] Changing DSP latency (root=mul_ln20) to 3 in order to utilize available DSP registers.
INFO: [HLS 200-486] Changing DSP latency (root=add_ln20_2) to 3 in order to utilize available DSP registers.
INFO: [HLS 200-486] Changing DSP latency (root=add_ln20_1) to 3 in order to utilize available DSP registers.
INFO: [SCHED 204-61] Pipelining loop 'process_loop'.
INFO: [HLS 200-1470] Pipelining result : Target II = 1, Final II = 1, Depth = 8, loop 'process_loop'
INFO: [SCHED 204-11] Finished scheduling.
Command         schedule done; 0.432 sec.
INFO: [HLS 200-111] Finished Scheduling: CPU user time: 2 seconds. CPU system time: 0 seconds. Elapsed time: 1.948 seconds; current allocated memory: 317.512 MB.
Execute         syn_report -verbosereport -o C:/Users/sfv02/Documents/TEC/Maestria/2026-2C/Alto_Nivel/Evaluaciones_Cortas/3-HLS/MP6160_grupo_5/hls/rgb2gray_hls_work/rgb2gray_hls/solution/.autopilot/db/process_gray_Pipeline_process_loop.verbose.sched.rpt 
Execute           list_part -family xcvc1902-vsva2197-2MP-e-S 
Execute             ap_family_info -name xcvc1902-vsva2197-2MP-e-S -data names 
Execute             ap_part_info -quiet -name xcvc1902-vsva2197-2MP-e-S -data family 
Execute         db_write -o C:/Users/sfv02/Documents/TEC/Maestria/2026-2C/Alto_Nivel/Evaluaciones_Cortas/3-HLS/MP6160_grupo_5/hls/rgb2gray_hls_work/rgb2gray_hls/solution/.autopilot/db/process_gray_Pipeline_process_loop.sched.adb -f 
INFO-FLOW: Finish scheduling process_gray_Pipeline_process_loop.
Execute         set_default_model process_gray_Pipeline_process_loop 
Execute         bind -model process_gray_Pipeline_process_loop 
INFO: [BIND 205-100] Starting micro-architecture generation ...
INFO: [BIND 205-101] Performing variable lifetime analysis.
INFO: [BIND 205-101] Exploring resource sharing.
INFO: [BIND 205-101] Binding ...
INFO: [BIND 205-100] Finished micro-architecture generation.
Command         bind done; 0.21 sec.
INFO: [HLS 200-111] Finished Binding: CPU user time: 0 seconds. CPU system time: 0 seconds. Elapsed time: 0.234 seconds; current allocated memory: 317.621 MB.
Execute         syn_report -verbosereport -o C:/Users/sfv02/Documents/TEC/Maestria/2026-2C/Alto_Nivel/Evaluaciones_Cortas/3-HLS/MP6160_grupo_5/hls/rgb2gray_hls_work/rgb2gray_hls/solution/.autopilot/db/process_gray_Pipeline_process_loop.verbose.bind.rpt 
Execute           list_part -family xcvc1902-vsva2197-2MP-e-S 
Execute             ap_family_info -name xcvc1902-vsva2197-2MP-e-S -data names 
Execute             ap_part_info -quiet -name xcvc1902-vsva2197-2MP-e-S -data family 
Command         syn_report done; 0.501 sec.
Execute         db_write -o C:/Users/sfv02/Documents/TEC/Maestria/2026-2C/Alto_Nivel/Evaluaciones_Cortas/3-HLS/MP6160_grupo_5/hls/rgb2gray_hls_work/rgb2gray_hls/solution/.autopilot/db/process_gray_Pipeline_process_loop.bind.adb -f 
INFO-FLOW: Finish binding process_gray_Pipeline_process_loop.
INFO: [HLS 200-10] ----------------------------------------------------------------
INFO: [HLS 200-42] -- Implementing module 'process_gray' 
INFO: [HLS 200-10] ----------------------------------------------------------------
Execute         set_default_model process_gray 
Execute         schedule -model process_gray 
INFO: [SCHED 204-11] Starting scheduling ...
INFO: [SCHED 204-11] Finished scheduling.
INFO: [HLS 200-111] Finished Scheduling: CPU user time: 0 seconds. CPU system time: 0 seconds. Elapsed time: 0.566 seconds; current allocated memory: 317.738 MB.
Execute         syn_report -verbosereport -o C:/Users/sfv02/Documents/TEC/Maestria/2026-2C/Alto_Nivel/Evaluaciones_Cortas/3-HLS/MP6160_grupo_5/hls/rgb2gray_hls_work/rgb2gray_hls/solution/.autopilot/db/process_gray.verbose.sched.rpt 
Execute           list_part -family xcvc1902-vsva2197-2MP-e-S 
Execute             ap_family_info -name xcvc1902-vsva2197-2MP-e-S -data names 
Execute             ap_part_info -quiet -name xcvc1902-vsva2197-2MP-e-S -data family 
Execute         db_write -o C:/Users/sfv02/Documents/TEC/Maestria/2026-2C/Alto_Nivel/Evaluaciones_Cortas/3-HLS/MP6160_grupo_5/hls/rgb2gray_hls_work/rgb2gray_hls/solution/.autopilot/db/process_gray.sched.adb -f 
INFO-FLOW: Finish scheduling process_gray.
Execute         set_default_model process_gray 
Execute         bind -model process_gray 
INFO: [BIND 205-100] Starting micro-architecture generation ...
INFO: [BIND 205-101] Performing variable lifetime analysis.
INFO: [BIND 205-101] Exploring resource sharing.
INFO: [BIND 205-101] Binding ...
INFO: [BIND 205-100] Finished micro-architecture generation.
Command         bind done; 0.208 sec.
INFO: [HLS 200-111] Finished Binding: CPU user time: 1 seconds. CPU system time: 0 seconds. Elapsed time: 0.223 seconds; current allocated memory: 317.750 MB.
Execute         syn_report -verbosereport -o C:/Users/sfv02/Documents/TEC/Maestria/2026-2C/Alto_Nivel/Evaluaciones_Cortas/3-HLS/MP6160_grupo_5/hls/rgb2gray_hls_work/rgb2gray_hls/solution/.autopilot/db/process_gray.verbose.bind.rpt 
Execute           list_part -family xcvc1902-vsva2197-2MP-e-S 
Execute             ap_family_info -name xcvc1902-vsva2197-2MP-e-S -data names 
Execute             ap_part_info -quiet -name xcvc1902-vsva2197-2MP-e-S -data family 
Command         syn_report done; 0.509 sec.
Execute         db_write -o C:/Users/sfv02/Documents/TEC/Maestria/2026-2C/Alto_Nivel/Evaluaciones_Cortas/3-HLS/MP6160_grupo_5/hls/rgb2gray_hls_work/rgb2gray_hls/solution/.autopilot/db/process_gray.bind.adb -f 
INFO-FLOW: Finish binding process_gray.
INFO: [HLS 200-10] ----------------------------------------------------------------
INFO: [HLS 200-42] -- Implementing module 'store_gray' 
INFO: [HLS 200-10] ----------------------------------------------------------------
Execute         set_default_model store_gray 
Execute         schedule -model store_gray 
INFO: [SCHED 204-11] Starting scheduling ...
INFO: [SCHED 204-61] Pipelining loop 'store_loop'.
INFO: [HLS 200-1470] Pipelining result : Target II = 1, Final II = 1, Depth = 77, loop 'store_loop'
INFO: [SCHED 204-11] Finished scheduling.
Command         schedule done; 2.403 sec.
INFO: [HLS 200-111] Finished Scheduling: CPU user time: 3 seconds. CPU system time: 0 seconds. Elapsed time: 2.946 seconds; current allocated memory: 318.922 MB.
Execute         syn_report -verbosereport -o C:/Users/sfv02/Documents/TEC/Maestria/2026-2C/Alto_Nivel/Evaluaciones_Cortas/3-HLS/MP6160_grupo_5/hls/rgb2gray_hls_work/rgb2gray_hls/solution/.autopilot/db/store_gray.verbose.sched.rpt 
Execute           list_part -family xcvc1902-vsva2197-2MP-e-S 
Execute             ap_family_info -name xcvc1902-vsva2197-2MP-e-S -data names 
Execute             ap_part_info -quiet -name xcvc1902-vsva2197-2MP-e-S -data family 
Command         syn_report done; 0.342 sec.
Execute         db_write -o C:/Users/sfv02/Documents/TEC/Maestria/2026-2C/Alto_Nivel/Evaluaciones_Cortas/3-HLS/MP6160_grupo_5/hls/rgb2gray_hls_work/rgb2gray_hls/solution/.autopilot/db/store_gray.sched.adb -f 
INFO-FLOW: Finish scheduling store_gray.
Execute         set_default_model store_gray 
Execute         bind -model store_gray 
INFO: [BIND 205-100] Starting micro-architecture generation ...
INFO: [BIND 205-101] Performing variable lifetime analysis.
INFO: [BIND 205-101] Exploring resource sharing.
INFO: [BIND 205-101] Binding ...
INFO: [BIND 205-100] Finished micro-architecture generation.
Command         bind done; 0.287 sec.
INFO: [HLS 200-111] Finished Binding: CPU user time: 0 seconds. CPU system time: 0 seconds. Elapsed time: 0.641 seconds; current allocated memory: 319.121 MB.
Execute         syn_report -verbosereport -o C:/Users/sfv02/Documents/TEC/Maestria/2026-2C/Alto_Nivel/Evaluaciones_Cortas/3-HLS/MP6160_grupo_5/hls/rgb2gray_hls_work/rgb2gray_hls/solution/.autopilot/db/store_gray.verbose.bind.rpt 
Execute           list_part -family xcvc1902-vsva2197-2MP-e-S 
Execute             ap_family_info -name xcvc1902-vsva2197-2MP-e-S -data names 
Execute             ap_part_info -quiet -name xcvc1902-vsva2197-2MP-e-S -data family 
Command         syn_report done; 0.912 sec.
Execute         db_write -o C:/Users/sfv02/Documents/TEC/Maestria/2026-2C/Alto_Nivel/Evaluaciones_Cortas/3-HLS/MP6160_grupo_5/hls/rgb2gray_hls_work/rgb2gray_hls/solution/.autopilot/db/store_gray.bind.adb -f 
INFO-FLOW: Finish binding store_gray.
INFO: [HLS 200-10] ----------------------------------------------------------------
INFO: [HLS 200-42] -- Implementing module 'rgb2gray_top' 
INFO: [HLS 200-10] ----------------------------------------------------------------
Execute         set_default_model rgb2gray_top 
Execute         schedule -model rgb2gray_top 
INFO: [SCHED 204-11] Starting scheduling ...
INFO: [SCHED 204-11] Finished scheduling.
WARNING: [HLS 200-1020] Increasing the depth of FIFO start_for_store_gray_U0 (from entry_proc_U0 to store_gray_U0) to 3 to improve performance and/or avoid deadlocks.
INFO: [HLS 200-111] Finished Scheduling: CPU user time: 1 seconds. CPU system time: 0 seconds. Elapsed time: 1.015 seconds; current allocated memory: 319.398 MB.
Execute         syn_report -verbosereport -o C:/Users/sfv02/Documents/TEC/Maestria/2026-2C/Alto_Nivel/Evaluaciones_Cortas/3-HLS/MP6160_grupo_5/hls/rgb2gray_hls_work/rgb2gray_hls/solution/.autopilot/db/rgb2gray_top.verbose.sched.rpt 
Execute           list_part -family xcvc1902-vsva2197-2MP-e-S 
Execute             ap_family_info -name xcvc1902-vsva2197-2MP-e-S -data names 
Execute             ap_part_info -quiet -name xcvc1902-vsva2197-2MP-e-S -data family 
Execute         db_write -o C:/Users/sfv02/Documents/TEC/Maestria/2026-2C/Alto_Nivel/Evaluaciones_Cortas/3-HLS/MP6160_grupo_5/hls/rgb2gray_hls_work/rgb2gray_hls/solution/.autopilot/db/rgb2gray_top.sched.adb -f 
INFO-FLOW: Finish scheduling rgb2gray_top.
Execute         set_default_model rgb2gray_top 
Execute         bind -model rgb2gray_top 
INFO: [BIND 205-100] Starting micro-architecture generation ...
INFO: [BIND 205-101] Performing variable lifetime analysis.
INFO: [BIND 205-101] Exploring resource sharing.
INFO: [BIND 205-101] Binding ...
INFO: [BIND 205-100] Finished micro-architecture generation.
Command         bind done; 0.935 sec.
INFO: [HLS 200-111] Finished Binding: CPU user time: 1 seconds. CPU system time: 0 seconds. Elapsed time: 0.956 seconds; current allocated memory: 319.504 MB.
Execute         syn_report -verbosereport -o C:/Users/sfv02/Documents/TEC/Maestria/2026-2C/Alto_Nivel/Evaluaciones_Cortas/3-HLS/MP6160_grupo_5/hls/rgb2gray_hls_work/rgb2gray_hls/solution/.autopilot/db/rgb2gray_top.verbose.bind.rpt 
Execute           list_part -family xcvc1902-vsva2197-2MP-e-S 
Execute             ap_family_info -name xcvc1902-vsva2197-2MP-e-S -data names 
Execute             ap_part_info -quiet -name xcvc1902-vsva2197-2MP-e-S -data family 
Command         syn_report done; 2.396 sec.
Execute         db_write -o C:/Users/sfv02/Documents/TEC/Maestria/2026-2C/Alto_Nivel/Evaluaciones_Cortas/3-HLS/MP6160_grupo_5/hls/rgb2gray_hls_work/rgb2gray_hls/solution/.autopilot/db/rgb2gray_top.bind.adb -f 
INFO-FLOW: Finish binding rgb2gray_top.
Execute         get_model_list rgb2gray_top -filter all-wo-channel 
INFO-FLOW: Preprocessing for RTLGen ...
Execute         rtl_gen_preprocess entry_proc 
Execute         rtl_gen_preprocess load_rgb 
Execute         rtl_gen_preprocess process_gray_Pipeline_process_loop 
Execute         rtl_gen_preprocess process_gray 
Execute         rtl_gen_preprocess store_gray 
Execute         rtl_gen_preprocess rgb2gray_top 
INFO-FLOW: Model list for RTL generation: entry_proc load_rgb process_gray_Pipeline_process_loop process_gray store_gray rgb2gray_top
INFO: [HLS 200-10] ----------------------------------------------------------------
INFO: [HLS 200-10] -- Generating RTL for module 'entry_proc' 
INFO: [HLS 200-10] ----------------------------------------------------------------
Execute         create_rtl_model entry_proc -top_prefix rgb2gray_top_ -sub_prefix rgb2gray_top_ -mg_file C:/Users/sfv02/Documents/TEC/Maestria/2026-2C/Alto_Nivel/Evaluaciones_Cortas/3-HLS/MP6160_grupo_5/hls/rgb2gray_hls_work/rgb2gray_hls/solution/.autopilot/db/entry_proc.compgen.tcl 
INFO: [RTGEN 206-100] Finished creating RTL model for 'entry_proc'.
INFO: [HLS 200-111] Finished Creating RTL model: CPU user time: 2 seconds. CPU system time: 0 seconds. Elapsed time: 2.463 seconds; current allocated memory: 320.750 MB.
Execute         source C:/Users/sfv02/Documents/TEC/Maestria/2026-2C/Alto_Nivel/Evaluaciones_Cortas/3-HLS/MP6160_grupo_5/hls/rgb2gray_hls_work/rgb2gray_hls/solution/.autopilot/db/rgb2gray_top.rtl_wrap.cfg.tcl 
Execute         gen_rtl entry_proc -style xilinx -f -lang vhdl -o C:/Users/sfv02/Documents/TEC/Maestria/2026-2C/Alto_Nivel/Evaluaciones_Cortas/3-HLS/MP6160_grupo_5/hls/rgb2gray_hls_work/rgb2gray_hls/solution/syn/vhdl/rgb2gray_top_entry_proc 
Execute         gen_rtl entry_proc -style xilinx -f -lang vlog -o C:/Users/sfv02/Documents/TEC/Maestria/2026-2C/Alto_Nivel/Evaluaciones_Cortas/3-HLS/MP6160_grupo_5/hls/rgb2gray_hls_work/rgb2gray_hls/solution/syn/verilog/rgb2gray_top_entry_proc 
Execute         syn_report -csynth -model entry_proc -o C:/Users/sfv02/Documents/TEC/Maestria/2026-2C/Alto_Nivel/Evaluaciones_Cortas/3-HLS/MP6160_grupo_5/hls/rgb2gray_hls_work/rgb2gray_hls/solution/syn/report/entry_proc_csynth.rpt 
Execute           list_part -family xcvc1902-vsva2197-2MP-e-S 
Execute             ap_family_info -name xcvc1902-vsva2197-2MP-e-S -data names 
Execute             ap_part_info -quiet -name xcvc1902-vsva2197-2MP-e-S -data family 
Execute         syn_report -rtlxml -model entry_proc -o C:/Users/sfv02/Documents/TEC/Maestria/2026-2C/Alto_Nivel/Evaluaciones_Cortas/3-HLS/MP6160_grupo_5/hls/rgb2gray_hls_work/rgb2gray_hls/solution/syn/report/entry_proc_csynth.xml 
Execute           list_part -family xcvc1902-vsva2197-2MP-e-S 
Execute             ap_family_info -name xcvc1902-vsva2197-2MP-e-S -data names 
Execute             ap_part_info -quiet -name xcvc1902-vsva2197-2MP-e-S -data family 
Execute         syn_report -verbosereport -model entry_proc -o C:/Users/sfv02/Documents/TEC/Maestria/2026-2C/Alto_Nivel/Evaluaciones_Cortas/3-HLS/MP6160_grupo_5/hls/rgb2gray_hls_work/rgb2gray_hls/solution/.autopilot/db/entry_proc.verbose.rpt 
Execute           list_part -family xcvc1902-vsva2197-2MP-e-S 
Execute             ap_family_info -name xcvc1902-vsva2197-2MP-e-S -data names 
Execute             ap_part_info -quiet -name xcvc1902-vsva2197-2MP-e-S -data family 
Execute         db_write -model entry_proc -f -o C:/Users/sfv02/Documents/TEC/Maestria/2026-2C/Alto_Nivel/Evaluaciones_Cortas/3-HLS/MP6160_grupo_5/hls/rgb2gray_hls_work/rgb2gray_hls/solution/.autopilot/db/entry_proc.adb 
Execute         db_write -model entry_proc -bindview -o C:/Users/sfv02/Documents/TEC/Maestria/2026-2C/Alto_Nivel/Evaluaciones_Cortas/3-HLS/MP6160_grupo_5/hls/rgb2gray_hls_work/rgb2gray_hls/solution/.autopilot/db/design.bindinfo.xml 
Execute         gen_tb_info entry_proc -p C:/Users/sfv02/Documents/TEC/Maestria/2026-2C/Alto_Nivel/Evaluaciones_Cortas/3-HLS/MP6160_grupo_5/hls/rgb2gray_hls_work/rgb2gray_hls/solution/.autopilot/db -o C:/Users/sfv02/Documents/TEC/Maestria/2026-2C/Alto_Nivel/Evaluaciones_Cortas/3-HLS/MP6160_grupo_5/hls/rgb2gray_hls_work/rgb2gray_hls/solution/.autopilot/db/entry_proc 
INFO: [HLS 200-10] ----------------------------------------------------------------
INFO: [HLS 200-10] -- Generating RTL for module 'load_rgb' 
INFO: [HLS 200-10] ----------------------------------------------------------------
Execute         create_rtl_model load_rgb -top_prefix rgb2gray_top_ -sub_prefix rgb2gray_top_ -mg_file C:/Users/sfv02/Documents/TEC/Maestria/2026-2C/Alto_Nivel/Evaluaciones_Cortas/3-HLS/MP6160_grupo_5/hls/rgb2gray_hls_work/rgb2gray_hls/solution/.autopilot/db/load_rgb.compgen.tcl 
INFO: [RTGEN 206-100] Finished creating RTL model for 'load_rgb'.
INFO: [HLS 200-111] Finished Creating RTL model: CPU user time: 1 seconds. CPU system time: 0 seconds. Elapsed time: 0.227 seconds; current allocated memory: 322.895 MB.
Execute         source C:/Users/sfv02/Documents/TEC/Maestria/2026-2C/Alto_Nivel/Evaluaciones_Cortas/3-HLS/MP6160_grupo_5/hls/rgb2gray_hls_work/rgb2gray_hls/solution/.autopilot/db/rgb2gray_top.rtl_wrap.cfg.tcl 
Execute         gen_rtl load_rgb -style xilinx -f -lang vhdl -o C:/Users/sfv02/Documents/TEC/Maestria/2026-2C/Alto_Nivel/Evaluaciones_Cortas/3-HLS/MP6160_grupo_5/hls/rgb2gray_hls_work/rgb2gray_hls/solution/syn/vhdl/rgb2gray_top_load_rgb 
Execute         gen_rtl load_rgb -style xilinx -f -lang vlog -o C:/Users/sfv02/Documents/TEC/Maestria/2026-2C/Alto_Nivel/Evaluaciones_Cortas/3-HLS/MP6160_grupo_5/hls/rgb2gray_hls_work/rgb2gray_hls/solution/syn/verilog/rgb2gray_top_load_rgb 
Execute         syn_report -csynth -model load_rgb -o C:/Users/sfv02/Documents/TEC/Maestria/2026-2C/Alto_Nivel/Evaluaciones_Cortas/3-HLS/MP6160_grupo_5/hls/rgb2gray_hls_work/rgb2gray_hls/solution/syn/report/load_rgb_csynth.rpt 
Execute           list_part -family xcvc1902-vsva2197-2MP-e-S 
Execute             ap_family_info -name xcvc1902-vsva2197-2MP-e-S -data names 
Execute             ap_part_info -quiet -name xcvc1902-vsva2197-2MP-e-S -data family 
Command         syn_report done; 1.837 sec.
Execute         syn_report -rtlxml -model load_rgb -o C:/Users/sfv02/Documents/TEC/Maestria/2026-2C/Alto_Nivel/Evaluaciones_Cortas/3-HLS/MP6160_grupo_5/hls/rgb2gray_hls_work/rgb2gray_hls/solution/syn/report/load_rgb_csynth.xml 
Execute           list_part -family xcvc1902-vsva2197-2MP-e-S 
Execute             ap_family_info -name xcvc1902-vsva2197-2MP-e-S -data names 
Execute             ap_part_info -quiet -name xcvc1902-vsva2197-2MP-e-S -data family 
Command         syn_report done; 0.925 sec.
Execute         syn_report -verbosereport -model load_rgb -o C:/Users/sfv02/Documents/TEC/Maestria/2026-2C/Alto_Nivel/Evaluaciones_Cortas/3-HLS/MP6160_grupo_5/hls/rgb2gray_hls_work/rgb2gray_hls/solution/.autopilot/db/load_rgb.verbose.rpt 
Execute           list_part -family xcvc1902-vsva2197-2MP-e-S 
Execute             ap_family_info -name xcvc1902-vsva2197-2MP-e-S -data names 
Execute             ap_part_info -quiet -name xcvc1902-vsva2197-2MP-e-S -data family 
Command         syn_report done; 2.387 sec.
Execute         db_write -model load_rgb -f -o C:/Users/sfv02/Documents/TEC/Maestria/2026-2C/Alto_Nivel/Evaluaciones_Cortas/3-HLS/MP6160_grupo_5/hls/rgb2gray_hls_work/rgb2gray_hls/solution/.autopilot/db/load_rgb.adb 
Command         db_write done; 0.916 sec.
Execute         db_write -model load_rgb -bindview -o C:/Users/sfv02/Documents/TEC/Maestria/2026-2C/Alto_Nivel/Evaluaciones_Cortas/3-HLS/MP6160_grupo_5/hls/rgb2gray_hls_work/rgb2gray_hls/solution/.autopilot/db/design.bindinfo.xml 
Execute         gen_tb_info load_rgb -p C:/Users/sfv02/Documents/TEC/Maestria/2026-2C/Alto_Nivel/Evaluaciones_Cortas/3-HLS/MP6160_grupo_5/hls/rgb2gray_hls_work/rgb2gray_hls/solution/.autopilot/db -o C:/Users/sfv02/Documents/TEC/Maestria/2026-2C/Alto_Nivel/Evaluaciones_Cortas/3-HLS/MP6160_grupo_5/hls/rgb2gray_hls_work/rgb2gray_hls/solution/.autopilot/db/load_rgb 
INFO: [HLS 200-10] ----------------------------------------------------------------
INFO: [HLS 200-10] -- Generating RTL for module 'process_gray_Pipeline_process_loop' 
INFO: [HLS 200-10] ----------------------------------------------------------------
Execute         create_rtl_model process_gray_Pipeline_process_loop -top_prefix rgb2gray_top_ -sub_prefix rgb2gray_top_ -mg_file C:/Users/sfv02/Documents/TEC/Maestria/2026-2C/Alto_Nivel/Evaluaciones_Cortas/3-HLS/MP6160_grupo_5/hls/rgb2gray_hls_work/rgb2gray_hls/solution/.autopilot/db/process_gray_Pipeline_process_loop.compgen.tcl 
INFO: [HLS 200-1030] Apply Unified Pipeline Control on module 'process_gray_Pipeline_process_loop' pipeline 'process_loop' pipeline type 'loop pipeline'
INFO: [RTGEN 206-100] Generating core module 'am_addmul_18ns_22ns_23ns_45_4_1': 1 instance(s).
INFO: [RTGEN 206-100] Generating core module 'mac_muladd_10ns_8ns_13ns_18_4_1': 1 instance(s).
INFO: [RTGEN 206-100] Generating core module 'mac_muladd_12ns_8ns_21ns_22_4_1': 1 instance(s).
INFO: [RTGEN 206-100] Generating core module 'mul_8ns_14ns_21_1_1': 1 instance(s).
INFO: [RTGEN 206-100] Finished creating RTL model for 'process_gray_Pipeline_process_loop'.
INFO: [HLS 200-111] Finished Creating RTL model: CPU user time: 6 seconds. CPU system time: 0 seconds. Elapsed time: 6.338 seconds; current allocated memory: 325.223 MB.
Execute         source C:/Users/sfv02/Documents/TEC/Maestria/2026-2C/Alto_Nivel/Evaluaciones_Cortas/3-HLS/MP6160_grupo_5/hls/rgb2gray_hls_work/rgb2gray_hls/solution/.autopilot/db/rgb2gray_top.rtl_wrap.cfg.tcl 
Execute         gen_rtl process_gray_Pipeline_process_loop -style xilinx -f -lang vhdl -o C:/Users/sfv02/Documents/TEC/Maestria/2026-2C/Alto_Nivel/Evaluaciones_Cortas/3-HLS/MP6160_grupo_5/hls/rgb2gray_hls_work/rgb2gray_hls/solution/syn/vhdl/rgb2gray_top_process_gray_Pipeline_process_loop 
Execute         gen_rtl process_gray_Pipeline_process_loop -style xilinx -f -lang vlog -o C:/Users/sfv02/Documents/TEC/Maestria/2026-2C/Alto_Nivel/Evaluaciones_Cortas/3-HLS/MP6160_grupo_5/hls/rgb2gray_hls_work/rgb2gray_hls/solution/syn/verilog/rgb2gray_top_process_gray_Pipeline_process_loop 
Execute         syn_report -csynth -model process_gray_Pipeline_process_loop -o C:/Users/sfv02/Documents/TEC/Maestria/2026-2C/Alto_Nivel/Evaluaciones_Cortas/3-HLS/MP6160_grupo_5/hls/rgb2gray_hls_work/rgb2gray_hls/solution/syn/report/process_gray_Pipeline_process_loop_csynth.rpt 
Execute           list_part -family xcvc1902-vsva2197-2MP-e-S 
Execute             ap_family_info -name xcvc1902-vsva2197-2MP-e-S -data names 
Execute             ap_part_info -quiet -name xcvc1902-vsva2197-2MP-e-S -data family 
Command         syn_report done; 0.444 sec.
Execute         syn_report -rtlxml -model process_gray_Pipeline_process_loop -o C:/Users/sfv02/Documents/TEC/Maestria/2026-2C/Alto_Nivel/Evaluaciones_Cortas/3-HLS/MP6160_grupo_5/hls/rgb2gray_hls_work/rgb2gray_hls/solution/syn/report/process_gray_Pipeline_process_loop_csynth.xml 
Execute           list_part -family xcvc1902-vsva2197-2MP-e-S 
Execute             ap_family_info -name xcvc1902-vsva2197-2MP-e-S -data names 
Execute             ap_part_info -quiet -name xcvc1902-vsva2197-2MP-e-S -data family 
Command         syn_report done; 0.178 sec.
Execute         syn_report -verbosereport -model process_gray_Pipeline_process_loop -o C:/Users/sfv02/Documents/TEC/Maestria/2026-2C/Alto_Nivel/Evaluaciones_Cortas/3-HLS/MP6160_grupo_5/hls/rgb2gray_hls_work/rgb2gray_hls/solution/.autopilot/db/process_gray_Pipeline_process_loop.verbose.rpt 
Execute           list_part -family xcvc1902-vsva2197-2MP-e-S 
Execute             ap_family_info -name xcvc1902-vsva2197-2MP-e-S -data names 
Execute             ap_part_info -quiet -name xcvc1902-vsva2197-2MP-e-S -data family 
Command         syn_report done; 0.676 sec.
Execute         db_write -model process_gray_Pipeline_process_loop -f -o C:/Users/sfv02/Documents/TEC/Maestria/2026-2C/Alto_Nivel/Evaluaciones_Cortas/3-HLS/MP6160_grupo_5/hls/rgb2gray_hls_work/rgb2gray_hls/solution/.autopilot/db/process_gray_Pipeline_process_loop.adb 
Command         db_write done; 0.178 sec.
Execute         db_write -model process_gray_Pipeline_process_loop -bindview -o C:/Users/sfv02/Documents/TEC/Maestria/2026-2C/Alto_Nivel/Evaluaciones_Cortas/3-HLS/MP6160_grupo_5/hls/rgb2gray_hls_work/rgb2gray_hls/solution/.autopilot/db/design.bindinfo.xml 
Execute         gen_tb_info process_gray_Pipeline_process_loop -p C:/Users/sfv02/Documents/TEC/Maestria/2026-2C/Alto_Nivel/Evaluaciones_Cortas/3-HLS/MP6160_grupo_5/hls/rgb2gray_hls_work/rgb2gray_hls/solution/.autopilot/db -o C:/Users/sfv02/Documents/TEC/Maestria/2026-2C/Alto_Nivel/Evaluaciones_Cortas/3-HLS/MP6160_grupo_5/hls/rgb2gray_hls_work/rgb2gray_hls/solution/.autopilot/db/process_gray_Pipeline_process_loop 
INFO: [HLS 200-10] ----------------------------------------------------------------
INFO: [HLS 200-10] -- Generating RTL for module 'process_gray' 
INFO: [HLS 200-10] ----------------------------------------------------------------
Execute         create_rtl_model process_gray -top_prefix rgb2gray_top_ -sub_prefix rgb2gray_top_ -mg_file C:/Users/sfv02/Documents/TEC/Maestria/2026-2C/Alto_Nivel/Evaluaciones_Cortas/3-HLS/MP6160_grupo_5/hls/rgb2gray_hls_work/rgb2gray_hls/solution/.autopilot/db/process_gray.compgen.tcl 
INFO: [RTGEN 206-100] Finished creating RTL model for 'process_gray'.
INFO: [HLS 200-111] Finished Creating RTL model: CPU user time: 1 seconds. CPU system time: 0 seconds. Elapsed time: 1.645 seconds; current allocated memory: 326.148 MB.
Execute         source C:/Users/sfv02/Documents/TEC/Maestria/2026-2C/Alto_Nivel/Evaluaciones_Cortas/3-HLS/MP6160_grupo_5/hls/rgb2gray_hls_work/rgb2gray_hls/solution/.autopilot/db/rgb2gray_top.rtl_wrap.cfg.tcl 
Execute         gen_rtl process_gray -style xilinx -f -lang vhdl -o C:/Users/sfv02/Documents/TEC/Maestria/2026-2C/Alto_Nivel/Evaluaciones_Cortas/3-HLS/MP6160_grupo_5/hls/rgb2gray_hls_work/rgb2gray_hls/solution/syn/vhdl/rgb2gray_top_process_gray 
Execute         gen_rtl process_gray -style xilinx -f -lang vlog -o C:/Users/sfv02/Documents/TEC/Maestria/2026-2C/Alto_Nivel/Evaluaciones_Cortas/3-HLS/MP6160_grupo_5/hls/rgb2gray_hls_work/rgb2gray_hls/solution/syn/verilog/rgb2gray_top_process_gray 
Execute         syn_report -csynth -model process_gray -o C:/Users/sfv02/Documents/TEC/Maestria/2026-2C/Alto_Nivel/Evaluaciones_Cortas/3-HLS/MP6160_grupo_5/hls/rgb2gray_hls_work/rgb2gray_hls/solution/syn/report/process_gray_csynth.rpt 
Execute           list_part -family xcvc1902-vsva2197-2MP-e-S 
Execute             ap_family_info -name xcvc1902-vsva2197-2MP-e-S -data names 
Execute             ap_part_info -quiet -name xcvc1902-vsva2197-2MP-e-S -data family 
Command         syn_report done; 0.348 sec.
Execute         syn_report -rtlxml -model process_gray -o C:/Users/sfv02/Documents/TEC/Maestria/2026-2C/Alto_Nivel/Evaluaciones_Cortas/3-HLS/MP6160_grupo_5/hls/rgb2gray_hls_work/rgb2gray_hls/solution/syn/report/process_gray_csynth.xml 
Execute           list_part -family xcvc1902-vsva2197-2MP-e-S 
Execute             ap_family_info -name xcvc1902-vsva2197-2MP-e-S -data names 
Execute             ap_part_info -quiet -name xcvc1902-vsva2197-2MP-e-S -data family 
Command         syn_report done; 0.189 sec.
Execute         syn_report -verbosereport -model process_gray -o C:/Users/sfv02/Documents/TEC/Maestria/2026-2C/Alto_Nivel/Evaluaciones_Cortas/3-HLS/MP6160_grupo_5/hls/rgb2gray_hls_work/rgb2gray_hls/solution/.autopilot/db/process_gray.verbose.rpt 
Execute           list_part -family xcvc1902-vsva2197-2MP-e-S 
Execute             ap_family_info -name xcvc1902-vsva2197-2MP-e-S -data names 
Execute             ap_part_info -quiet -name xcvc1902-vsva2197-2MP-e-S -data family 
Command         syn_report done; 0.7 sec.
Execute         db_write -model process_gray -f -o C:/Users/sfv02/Documents/TEC/Maestria/2026-2C/Alto_Nivel/Evaluaciones_Cortas/3-HLS/MP6160_grupo_5/hls/rgb2gray_hls_work/rgb2gray_hls/solution/.autopilot/db/process_gray.adb 
Command         db_write done; 0.17 sec.
Execute         db_write -model process_gray -bindview -o C:/Users/sfv02/Documents/TEC/Maestria/2026-2C/Alto_Nivel/Evaluaciones_Cortas/3-HLS/MP6160_grupo_5/hls/rgb2gray_hls_work/rgb2gray_hls/solution/.autopilot/db/design.bindinfo.xml 
Execute         gen_tb_info process_gray -p C:/Users/sfv02/Documents/TEC/Maestria/2026-2C/Alto_Nivel/Evaluaciones_Cortas/3-HLS/MP6160_grupo_5/hls/rgb2gray_hls_work/rgb2gray_hls/solution/.autopilot/db -o C:/Users/sfv02/Documents/TEC/Maestria/2026-2C/Alto_Nivel/Evaluaciones_Cortas/3-HLS/MP6160_grupo_5/hls/rgb2gray_hls_work/rgb2gray_hls/solution/.autopilot/db/process_gray 
INFO: [HLS 200-10] ----------------------------------------------------------------
INFO: [HLS 200-10] -- Generating RTL for module 'store_gray' 
INFO: [HLS 200-10] ----------------------------------------------------------------
Execute         create_rtl_model store_gray -top_prefix rgb2gray_top_ -sub_prefix rgb2gray_top_ -mg_file C:/Users/sfv02/Documents/TEC/Maestria/2026-2C/Alto_Nivel/Evaluaciones_Cortas/3-HLS/MP6160_grupo_5/hls/rgb2gray_hls_work/rgb2gray_hls/solution/.autopilot/db/store_gray.compgen.tcl 
INFO: [RTGEN 206-100] Finished creating RTL model for 'store_gray'.
INFO: [HLS 200-111] Finished Creating RTL model: CPU user time: 2 seconds. CPU system time: 0 seconds. Elapsed time: 1.515 seconds; current allocated memory: 328.035 MB.
Execute         source C:/Users/sfv02/Documents/TEC/Maestria/2026-2C/Alto_Nivel/Evaluaciones_Cortas/3-HLS/MP6160_grupo_5/hls/rgb2gray_hls_work/rgb2gray_hls/solution/.autopilot/db/rgb2gray_top.rtl_wrap.cfg.tcl 
Execute         gen_rtl store_gray -style xilinx -f -lang vhdl -o C:/Users/sfv02/Documents/TEC/Maestria/2026-2C/Alto_Nivel/Evaluaciones_Cortas/3-HLS/MP6160_grupo_5/hls/rgb2gray_hls_work/rgb2gray_hls/solution/syn/vhdl/rgb2gray_top_store_gray 
Execute         gen_rtl store_gray -style xilinx -f -lang vlog -o C:/Users/sfv02/Documents/TEC/Maestria/2026-2C/Alto_Nivel/Evaluaciones_Cortas/3-HLS/MP6160_grupo_5/hls/rgb2gray_hls_work/rgb2gray_hls/solution/syn/verilog/rgb2gray_top_store_gray 
Execute         syn_report -csynth -model store_gray -o C:/Users/sfv02/Documents/TEC/Maestria/2026-2C/Alto_Nivel/Evaluaciones_Cortas/3-HLS/MP6160_grupo_5/hls/rgb2gray_hls_work/rgb2gray_hls/solution/syn/report/store_gray_csynth.rpt 
Execute           list_part -family xcvc1902-vsva2197-2MP-e-S 
Execute             ap_family_info -name xcvc1902-vsva2197-2MP-e-S -data names 
Execute             ap_part_info -quiet -name xcvc1902-vsva2197-2MP-e-S -data family 
Command         syn_report done; 2.186 sec.
Execute         syn_report -rtlxml -model store_gray -o C:/Users/sfv02/Documents/TEC/Maestria/2026-2C/Alto_Nivel/Evaluaciones_Cortas/3-HLS/MP6160_grupo_5/hls/rgb2gray_hls_work/rgb2gray_hls/solution/syn/report/store_gray_csynth.xml 
Execute           list_part -family xcvc1902-vsva2197-2MP-e-S 
Execute             ap_family_info -name xcvc1902-vsva2197-2MP-e-S -data names 
Execute             ap_part_info -quiet -name xcvc1902-vsva2197-2MP-e-S -data family 
Command         syn_report done; 1.074 sec.
Execute         syn_report -verbosereport -model store_gray -o C:/Users/sfv02/Documents/TEC/Maestria/2026-2C/Alto_Nivel/Evaluaciones_Cortas/3-HLS/MP6160_grupo_5/hls/rgb2gray_hls_work/rgb2gray_hls/solution/.autopilot/db/store_gray.verbose.rpt 
Execute           list_part -family xcvc1902-vsva2197-2MP-e-S 
Execute             ap_family_info -name xcvc1902-vsva2197-2MP-e-S -data names 
Execute             ap_part_info -quiet -name xcvc1902-vsva2197-2MP-e-S -data family 
Command         syn_report done; 2.014 sec.
Execute         db_write -model store_gray -f -o C:/Users/sfv02/Documents/TEC/Maestria/2026-2C/Alto_Nivel/Evaluaciones_Cortas/3-HLS/MP6160_grupo_5/hls/rgb2gray_hls_work/rgb2gray_hls/solution/.autopilot/db/store_gray.adb 
Command         db_write done; 1.073 sec.
Execute         db_write -model store_gray -bindview -o C:/Users/sfv02/Documents/TEC/Maestria/2026-2C/Alto_Nivel/Evaluaciones_Cortas/3-HLS/MP6160_grupo_5/hls/rgb2gray_hls_work/rgb2gray_hls/solution/.autopilot/db/design.bindinfo.xml 
Execute         gen_tb_info store_gray -p C:/Users/sfv02/Documents/TEC/Maestria/2026-2C/Alto_Nivel/Evaluaciones_Cortas/3-HLS/MP6160_grupo_5/hls/rgb2gray_hls_work/rgb2gray_hls/solution/.autopilot/db -o C:/Users/sfv02/Documents/TEC/Maestria/2026-2C/Alto_Nivel/Evaluaciones_Cortas/3-HLS/MP6160_grupo_5/hls/rgb2gray_hls_work/rgb2gray_hls/solution/.autopilot/db/store_gray 
INFO: [HLS 200-10] ----------------------------------------------------------------
INFO: [HLS 200-10] -- Generating RTL for module 'rgb2gray_top' 
INFO: [HLS 200-10] ----------------------------------------------------------------
Execute         create_rtl_model rgb2gray_top -top_prefix  -sub_prefix rgb2gray_top_ -mg_file C:/Users/sfv02/Documents/TEC/Maestria/2026-2C/Alto_Nivel/Evaluaciones_Cortas/3-HLS/MP6160_grupo_5/hls/rgb2gray_hls_work/rgb2gray_hls/solution/.autopilot/db/rgb2gray_top.compgen.tcl 
WARNING: [RTGEN 206-101] Design contains AXI ports. Reset is fixed to synchronous and active low.
INFO: [RTGEN 206-500] Setting interface mode on port 'rgb2gray_top/gmem_in' to 'm_axi'.
INFO: [RTGEN 206-500] Setting interface mode on port 'rgb2gray_top/gmem_out' to 'm_axi'.
INFO: [RTGEN 206-500] Setting interface mode on port 'rgb2gray_top/m_axi_in' to 's_axilite & ap_none'.
INFO: [RTGEN 206-500] Setting interface mode on port 'rgb2gray_top/m_axi_out' to 's_axilite & ap_none'.
INFO: [RTGEN 206-500] Setting interface mode on port 'rgb2gray_top/addr_in' to 's_axilite & ap_none'.
INFO: [RTGEN 206-500] Setting interface mode on port 'rgb2gray_top/addr_out' to 's_axilite & ap_none'.
INFO: [RTGEN 206-500] Setting interface mode on port 'rgb2gray_top/num_pixels' to 's_axilite & ap_none'.
INFO: [RTGEN 206-500] Setting interface mode on function 'rgb2gray_top' to 's_axilite & ap_ctrl_chain'.
INFO: [RTGEN 206-100] Bundling port 'm_axi_in', 'm_axi_out', 'addr_in', 'addr_out', 'num_pixels' to AXI-Lite port control.
WARNING: [HLS 200-656] Deadlocks can occur since process load_rgb is instantiated in a dataflow region with ap_ctrl_none or without start propagation and contains a rewind pipeline.
INFO: [RTGEN 206-100] Finished creating RTL model for 'rgb2gray_top'.
INFO: [RTMG 210-285] Implementing FIFO 'm_axi_out_c_U(rgb2gray_top_fifo_w64_d4_S)' using Shift Registers.
INFO: [RTMG 210-285] Implementing FIFO 'addr_out_c_U(rgb2gray_top_fifo_w32_d4_S)' using Shift Registers.
INFO: [RTMG 210-285] Implementing FIFO 'stream_rgb_U(rgb2gray_top_fifo_w24_d16_S)' using Shift Registers.
INFO: [RTMG 210-285] Implementing FIFO 'num_pixels_c1_U(rgb2gray_top_fifo_w32_d2_S)' using Shift Registers.
INFO: [RTMG 210-285] Implementing FIFO 'stream_gray_U(rgb2gray_top_fifo_w8_d16_S)' using Shift Registers.
INFO: [RTMG 210-285] Implementing FIFO 'num_pixels_c_U(rgb2gray_top_fifo_w32_d2_S)' using Shift Registers.
INFO: [RTMG 210-285] Implementing FIFO 'start_for_store_gray_U0_U(rgb2gray_top_start_for_store_gray_U0)' using Shift Registers.
INFO: [RTMG 210-285] Implementing FIFO 'start_for_process_gray_U0_U(rgb2gray_top_start_for_process_gray_U0)' using Shift Registers.
Command         create_rtl_model done; 0.291 sec.
INFO: [HLS 200-111] Finished Creating RTL model: CPU user time: 6 seconds. CPU system time: 0 seconds. Elapsed time: 6.793 seconds; current allocated memory: 331.270 MB.
Execute         source C:/Users/sfv02/Documents/TEC/Maestria/2026-2C/Alto_Nivel/Evaluaciones_Cortas/3-HLS/MP6160_grupo_5/hls/rgb2gray_hls_work/rgb2gray_hls/solution/.autopilot/db/rgb2gray_top.rtl_wrap.cfg.tcl 
Execute         gen_rtl rgb2gray_top -istop -style xilinx -f -lang vhdl -o C:/Users/sfv02/Documents/TEC/Maestria/2026-2C/Alto_Nivel/Evaluaciones_Cortas/3-HLS/MP6160_grupo_5/hls/rgb2gray_hls_work/rgb2gray_hls/solution/syn/vhdl/rgb2gray_top 
Command         gen_rtl done; 0.112 sec.
Execute         gen_rtl rgb2gray_top -istop -style xilinx -f -lang vlog -o C:/Users/sfv02/Documents/TEC/Maestria/2026-2C/Alto_Nivel/Evaluaciones_Cortas/3-HLS/MP6160_grupo_5/hls/rgb2gray_hls_work/rgb2gray_hls/solution/syn/verilog/rgb2gray_top 
Execute         syn_report -csynth -model rgb2gray_top -o C:/Users/sfv02/Documents/TEC/Maestria/2026-2C/Alto_Nivel/Evaluaciones_Cortas/3-HLS/MP6160_grupo_5/hls/rgb2gray_hls_work/rgb2gray_hls/solution/syn/report/rgb2gray_top_csynth.rpt 
Execute           list_part -family xcvc1902-vsva2197-2MP-e-S 
Execute             ap_family_info -name xcvc1902-vsva2197-2MP-e-S -data names 
Execute             ap_part_info -quiet -name xcvc1902-vsva2197-2MP-e-S -data family 
Execute         syn_report -rtlxml -model rgb2gray_top -o C:/Users/sfv02/Documents/TEC/Maestria/2026-2C/Alto_Nivel/Evaluaciones_Cortas/3-HLS/MP6160_grupo_5/hls/rgb2gray_hls_work/rgb2gray_hls/solution/syn/report/rgb2gray_top_csynth.xml 
Execute           list_part -family xcvc1902-vsva2197-2MP-e-S 
Execute             ap_family_info -name xcvc1902-vsva2197-2MP-e-S -data names 
Execute             ap_part_info -quiet -name xcvc1902-vsva2197-2MP-e-S -data family 
Execute         syn_report -verbosereport -model rgb2gray_top -o C:/Users/sfv02/Documents/TEC/Maestria/2026-2C/Alto_Nivel/Evaluaciones_Cortas/3-HLS/MP6160_grupo_5/hls/rgb2gray_hls_work/rgb2gray_hls/solution/.autopilot/db/rgb2gray_top.verbose.rpt 
Execute           list_part -family xcvc1902-vsva2197-2MP-e-S 
Execute             ap_family_info -name xcvc1902-vsva2197-2MP-e-S -data names 
Execute             ap_part_info -quiet -name xcvc1902-vsva2197-2MP-e-S -data family 
Command         syn_report done; 2.424 sec.
Execute         db_write -model rgb2gray_top -f -o C:/Users/sfv02/Documents/TEC/Maestria/2026-2C/Alto_Nivel/Evaluaciones_Cortas/3-HLS/MP6160_grupo_5/hls/rgb2gray_hls_work/rgb2gray_hls/solution/.autopilot/db/rgb2gray_top.adb 
Execute         db_write -model rgb2gray_top -bindview -o C:/Users/sfv02/Documents/TEC/Maestria/2026-2C/Alto_Nivel/Evaluaciones_Cortas/3-HLS/MP6160_grupo_5/hls/rgb2gray_hls_work/rgb2gray_hls/solution/.autopilot/db/design.bindinfo.xml 
Execute         gen_tb_info rgb2gray_top -p C:/Users/sfv02/Documents/TEC/Maestria/2026-2C/Alto_Nivel/Evaluaciones_Cortas/3-HLS/MP6160_grupo_5/hls/rgb2gray_hls_work/rgb2gray_hls/solution/.autopilot/db -o C:/Users/sfv02/Documents/TEC/Maestria/2026-2C/Alto_Nivel/Evaluaciones_Cortas/3-HLS/MP6160_grupo_5/hls/rgb2gray_hls_work/rgb2gray_hls/solution/.autopilot/db/rgb2gray_top 
Execute         export_constraint_db -f -tool general -o C:/Users/sfv02/Documents/TEC/Maestria/2026-2C/Alto_Nivel/Evaluaciones_Cortas/3-HLS/MP6160_grupo_5/hls/rgb2gray_hls_work/rgb2gray_hls/solution/.autopilot/db/rgb2gray_top.constraint.tcl 
Execute         syn_report -designview -model rgb2gray_top -o C:/Users/sfv02/Documents/TEC/Maestria/2026-2C/Alto_Nivel/Evaluaciones_Cortas/3-HLS/MP6160_grupo_5/hls/rgb2gray_hls_work/rgb2gray_hls/solution/.autopilot/db/rgb2gray_top.design.xml 
Command         syn_report done; 4.635 sec.
Execute         syn_report -csynthDesign -model rgb2gray_top -o C:/Users/sfv02/Documents/TEC/Maestria/2026-2C/Alto_Nivel/Evaluaciones_Cortas/3-HLS/MP6160_grupo_5/hls/rgb2gray_hls_work/rgb2gray_hls/solution/syn/report/csynth.rpt -MHOut C:/Users/sfv02/Documents/TEC/Maestria/2026-2C/Alto_Nivel/Evaluaciones_Cortas/3-HLS/MP6160_grupo_5/hls/rgb2gray_hls_work/rgb2gray_hls/solution/.autopilot/db/kernel_module_hierarchy.tcl 
Execute           list_part -family xcvc1902-vsva2197-2MP-e-S 
Execute             ap_family_info -name xcvc1902-vsva2197-2MP-e-S -data names 
Execute             ap_part_info -quiet -name xcvc1902-vsva2197-2MP-e-S -data family 
Execute         syn_report -wcfg -model rgb2gray_top -o C:/Users/sfv02/Documents/TEC/Maestria/2026-2C/Alto_Nivel/Evaluaciones_Cortas/3-HLS/MP6160_grupo_5/hls/rgb2gray_hls_work/rgb2gray_hls/solution/.autopilot/db/rgb2gray_top_dataflow_ana.wcfg 
Execute         syn_report -protoinst -model rgb2gray_top -o C:/Users/sfv02/Documents/TEC/Maestria/2026-2C/Alto_Nivel/Evaluaciones_Cortas/3-HLS/MP6160_grupo_5/hls/rgb2gray_hls_work/rgb2gray_hls/solution/.autopilot/db/rgb2gray_top.protoinst 
Execute         sc_get_clocks rgb2gray_top 
Execute         sc_get_portdomain rgb2gray_top 
INFO-FLOW: Model list for RTL component generation: entry_proc load_rgb process_gray_Pipeline_process_loop process_gray store_gray rgb2gray_top
INFO-FLOW: Handling components in module [entry_proc] ... 
Execute         source C:/Users/sfv02/Documents/TEC/Maestria/2026-2C/Alto_Nivel/Evaluaciones_Cortas/3-HLS/MP6160_grupo_5/hls/rgb2gray_hls_work/rgb2gray_hls/solution/.autopilot/db/entry_proc.compgen.tcl 
INFO-FLOW: Handling components in module [load_rgb] ... 
Execute         source C:/Users/sfv02/Documents/TEC/Maestria/2026-2C/Alto_Nivel/Evaluaciones_Cortas/3-HLS/MP6160_grupo_5/hls/rgb2gray_hls_work/rgb2gray_hls/solution/.autopilot/db/load_rgb.compgen.tcl 
INFO-FLOW: Handling components in module [process_gray_Pipeline_process_loop] ... 
Execute         source C:/Users/sfv02/Documents/TEC/Maestria/2026-2C/Alto_Nivel/Evaluaciones_Cortas/3-HLS/MP6160_grupo_5/hls/rgb2gray_hls_work/rgb2gray_hls/solution/.autopilot/db/process_gray_Pipeline_process_loop.compgen.tcl 
INFO-FLOW: Found component rgb2gray_top_mul_8ns_14ns_21_1_1.
INFO-FLOW: Append model rgb2gray_top_mul_8ns_14ns_21_1_1
INFO-FLOW: Found component rgb2gray_top_mac_muladd_12ns_8ns_21ns_22_4_1.
INFO-FLOW: Append model rgb2gray_top_mac_muladd_12ns_8ns_21ns_22_4_1
INFO-FLOW: Found component rgb2gray_top_mac_muladd_10ns_8ns_13ns_18_4_1.
INFO-FLOW: Append model rgb2gray_top_mac_muladd_10ns_8ns_13ns_18_4_1
INFO-FLOW: Found component rgb2gray_top_am_addmul_18ns_22ns_23ns_45_4_1.
INFO-FLOW: Append model rgb2gray_top_am_addmul_18ns_22ns_23ns_45_4_1
INFO-FLOW: Found component rgb2gray_top_flow_control_loop_pipe_sequential_init.
INFO-FLOW: Append model rgb2gray_top_flow_control_loop_pipe_sequential_init
INFO-FLOW: Handling components in module [process_gray] ... 
Execute         source C:/Users/sfv02/Documents/TEC/Maestria/2026-2C/Alto_Nivel/Evaluaciones_Cortas/3-HLS/MP6160_grupo_5/hls/rgb2gray_hls_work/rgb2gray_hls/solution/.autopilot/db/process_gray.compgen.tcl 
INFO-FLOW: Handling components in module [store_gray] ... 
Execute         source C:/Users/sfv02/Documents/TEC/Maestria/2026-2C/Alto_Nivel/Evaluaciones_Cortas/3-HLS/MP6160_grupo_5/hls/rgb2gray_hls_work/rgb2gray_hls/solution/.autopilot/db/store_gray.compgen.tcl 
INFO-FLOW: Handling components in module [rgb2gray_top] ... 
Execute         source C:/Users/sfv02/Documents/TEC/Maestria/2026-2C/Alto_Nivel/Evaluaciones_Cortas/3-HLS/MP6160_grupo_5/hls/rgb2gray_hls_work/rgb2gray_hls/solution/.autopilot/db/rgb2gray_top.compgen.tcl 
INFO-FLOW: Found component rgb2gray_top_fifo_w64_d4_S.
INFO-FLOW: Append model rgb2gray_top_fifo_w64_d4_S
INFO-FLOW: Found component rgb2gray_top_fifo_w32_d4_S.
INFO-FLOW: Append model rgb2gray_top_fifo_w32_d4_S
INFO-FLOW: Found component rgb2gray_top_fifo_w24_d16_S.
INFO-FLOW: Append model rgb2gray_top_fifo_w24_d16_S
INFO-FLOW: Found component rgb2gray_top_fifo_w32_d2_S.
INFO-FLOW: Append model rgb2gray_top_fifo_w32_d2_S
INFO-FLOW: Found component rgb2gray_top_fifo_w8_d16_S.
INFO-FLOW: Append model rgb2gray_top_fifo_w8_d16_S
INFO-FLOW: Found component rgb2gray_top_fifo_w32_d2_S.
INFO-FLOW: Append model rgb2gray_top_fifo_w32_d2_S
INFO-FLOW: Found component rgb2gray_top_start_for_store_gray_U0.
INFO-FLOW: Append model rgb2gray_top_start_for_store_gray_U0
INFO-FLOW: Found component rgb2gray_top_start_for_process_gray_U0.
INFO-FLOW: Append model rgb2gray_top_start_for_process_gray_U0
INFO-FLOW: Found component rgb2gray_top_gmem_in_m_axi.
INFO-FLOW: Append model rgb2gray_top_gmem_in_m_axi
INFO-FLOW: Found component rgb2gray_top_gmem_out_m_axi.
INFO-FLOW: Append model rgb2gray_top_gmem_out_m_axi
INFO-FLOW: Found component rgb2gray_top_control_s_axi.
INFO-FLOW: Append model rgb2gray_top_control_s_axi
INFO-FLOW: Append model entry_proc
INFO-FLOW: Append model load_rgb
INFO-FLOW: Append model process_gray_Pipeline_process_loop
INFO-FLOW: Append model process_gray
INFO-FLOW: Append model store_gray
INFO-FLOW: Append model rgb2gray_top
INFO-FLOW: Generating RTL model list ...
INFO-FLOW: All models in this session: rgb2gray_top_mul_8ns_14ns_21_1_1 rgb2gray_top_mac_muladd_12ns_8ns_21ns_22_4_1 rgb2gray_top_mac_muladd_10ns_8ns_13ns_18_4_1 rgb2gray_top_am_addmul_18ns_22ns_23ns_45_4_1 rgb2gray_top_flow_control_loop_pipe_sequential_init rgb2gray_top_fifo_w64_d4_S rgb2gray_top_fifo_w32_d4_S rgb2gray_top_fifo_w24_d16_S rgb2gray_top_fifo_w32_d2_S rgb2gray_top_fifo_w8_d16_S rgb2gray_top_fifo_w32_d2_S rgb2gray_top_start_for_store_gray_U0 rgb2gray_top_start_for_process_gray_U0 rgb2gray_top_gmem_in_m_axi rgb2gray_top_gmem_out_m_axi rgb2gray_top_control_s_axi entry_proc load_rgb process_gray_Pipeline_process_loop process_gray store_gray rgb2gray_top
INFO-FLOW: Generating C:/Users/sfv02/Documents/TEC/Maestria/2026-2C/Alto_Nivel/Evaluaciones_Cortas/3-HLS/MP6160_grupo_5/hls/rgb2gray_hls_work/rgb2gray_hls/solution/.autopilot/db/autopilot.rtl.models.txt file...
INFO-FLOW: To file: write model rgb2gray_top_mul_8ns_14ns_21_1_1
INFO-FLOW: To file: write model rgb2gray_top_mac_muladd_12ns_8ns_21ns_22_4_1
INFO-FLOW: To file: write model rgb2gray_top_mac_muladd_10ns_8ns_13ns_18_4_1
INFO-FLOW: To file: write model rgb2gray_top_am_addmul_18ns_22ns_23ns_45_4_1
INFO-FLOW: To file: write model rgb2gray_top_flow_control_loop_pipe_sequential_init
INFO-FLOW: To file: write model rgb2gray_top_fifo_w64_d4_S
INFO-FLOW: To file: write model rgb2gray_top_fifo_w32_d4_S
INFO-FLOW: To file: write model rgb2gray_top_fifo_w24_d16_S
INFO-FLOW: To file: write model rgb2gray_top_fifo_w32_d2_S
INFO-FLOW: To file: write model rgb2gray_top_fifo_w8_d16_S
INFO-FLOW: To file: write model rgb2gray_top_fifo_w32_d2_S
INFO-FLOW: To file: write model rgb2gray_top_start_for_store_gray_U0
INFO-FLOW: To file: write model rgb2gray_top_start_for_process_gray_U0
INFO-FLOW: To file: write model rgb2gray_top_gmem_in_m_axi
INFO-FLOW: To file: write model rgb2gray_top_gmem_out_m_axi
INFO-FLOW: To file: write model rgb2gray_top_control_s_axi
INFO-FLOW: To file: write model entry_proc
INFO-FLOW: To file: write model load_rgb
INFO-FLOW: To file: write model process_gray_Pipeline_process_loop
INFO-FLOW: To file: write model process_gray
INFO-FLOW: To file: write model store_gray
INFO-FLOW: To file: write model rgb2gray_top
INFO-FLOW: Generating C:/Users/sfv02/Documents/TEC/Maestria/2026-2C/Alto_Nivel/Evaluaciones_Cortas/3-HLS/MP6160_grupo_5/hls/rgb2gray_hls_work/rgb2gray_hls/solution/.autopilot/db/autopilot.rtl.models.tcl file...
INFO-FLOW: Finished generating RTL model list.


INFO-FLOW: RTL Generation done.
INFO-FLOW: CAS Generation done.
INFO-FLOW: CBC Generation done.
INFO-FLOW: DBG:PROC: ::AESL_AUTOMG::auto_generate_csynth_design
INFO-FLOW: DBG:PUTS: read_platform_lib C:/Users/sfv02/Documents/TEC/Maestria/2026-2C/Alto_Nivel/Evaluaciones_Cortas/3-HLS/MP6160_grupo_5/hls/rgb2gray_hls_work/rgb2gray_hls/solution/.autopilot/db/global.setting.tcl
Execute         source C:/Xilinx/Vitis_HLS/2024.1/common/technology/generic/autopilot/common.gen 
Execute           source C:/Xilinx/Vitis_HLS/2024.1/common/technology/generic/autopilot/APCoreGen.gen 
Execute         source C:/Xilinx/Vitis_HLS/2024.1/common/technology/generic/autopilot/op.gen 
Execute         source C:/Xilinx/Vitis_HLS/2024.1/common/technology/generic/autopilot/op_simcore.gen 
Execute         source C:/Xilinx/Vitis_HLS/2024.1/common/technology/generic/autopilot/interface.gen 
Execute         source C:/Users/sfv02/Documents/TEC/Maestria/2026-2C/Alto_Nivel/Evaluaciones_Cortas/3-HLS/MP6160_grupo_5/hls/rgb2gray_hls_work/rgb2gray_hls/solution/.autopilot/db/global.setting.tcl 
Execute         ap_family_info -name versalprimees1 -data parts 
Execute         source C:/Xilinx/Vitis_HLS/2024.1/common/technology/xilinx/common/xilinx.gen 
Execute           source C:/Xilinx/Vitis_HLS/2024.1/common/technology/xilinx/interface/plb46.gen 
Execute           source C:/Xilinx/Vitis_HLS/2024.1/common/technology/xilinx/interface/axi4.gen 
Execute           source C:/Xilinx/Vitis_HLS/2024.1/common/technology/xilinx/interface/nativeAXI4.gen 
Execute             source C:/Xilinx/Vitis_HLS/2024.1/common/technology/xilinx/interface/saxilite.gen 
Execute           source C:/Xilinx/Vitis_HLS/2024.1/common/technology/xilinx/scripts/xilinxcoregen.gen 
Execute           source C:/Xilinx/Vitis_HLS/2024.1/common/technology/xilinx/interface/XilEDKCoreGen.gen 
Execute           source C:/Xilinx/Vitis_HLS/2024.1/common/technology/xilinx/ip/dds_compiler.gen 
Execute           source C:/Xilinx/Vitis_HLS/2024.1/common/technology/xilinx/ip/util.gen 
Execute           source C:/Xilinx/Vitis_HLS/2024.1/common/technology/xilinx/ip/xfft.gen 
Execute           source C:/Xilinx/Vitis_HLS/2024.1/common/technology/xilinx/ip/xfir.gen 
Execute           source C:/Xilinx/Vitis_HLS/2024.1/common/technology/xilinx/DSP48/dsp48.gen 
INFO-FLOW: DBG:PUTS:   using AESL_AUTOCG::g_clock_period=4.000 (was NA)
INFO-FLOW: DBG:PROC: ::AESL_AUTOMG::generate_ip_cores gen_sim_model='1' gen_fp_models='0' gen_for_export='0' dstSCDir='' dstVhdlDir='C:/Users/sfv02/Documents/TEC/Maestria/2026-2C/Alto_Nivel/Evaluaciones_Cortas/3-HLS/MP6160_grupo_5/hls/rgb2gray_hls_work/rgb2gray_hls/solution/.autopilot/db/vhdl' dstVlogDir='C:/Users/sfv02/Documents/TEC/Maestria/2026-2C/Alto_Nivel/Evaluaciones_Cortas/3-HLS/MP6160_grupo_5/hls/rgb2gray_hls_work/rgb2gray_hls/solution/.autopilot/db/vlog' tclDir='C:/Users/sfv02/Documents/TEC/Maestria/2026-2C/Alto_Nivel/Evaluaciones_Cortas/3-HLS/MP6160_grupo_5/hls/rgb2gray_hls_work/rgb2gray_hls/solution/.autopilot/db' modelList='rgb2gray_top_mul_8ns_14ns_21_1_1
rgb2gray_top_mac_muladd_12ns_8ns_21ns_22_4_1
rgb2gray_top_mac_muladd_10ns_8ns_13ns_18_4_1
rgb2gray_top_am_addmul_18ns_22ns_23ns_45_4_1
rgb2gray_top_flow_control_loop_pipe_sequential_init
rgb2gray_top_fifo_w64_d4_S
rgb2gray_top_fifo_w32_d4_S
rgb2gray_top_fifo_w24_d16_S
rgb2gray_top_fifo_w32_d2_S
rgb2gray_top_fifo_w8_d16_S
rgb2gray_top_fifo_w32_d2_S
rgb2gray_top_start_for_store_gray_U0
rgb2gray_top_start_for_process_gray_U0
rgb2gray_top_gmem_in_m_axi
rgb2gray_top_gmem_out_m_axi
rgb2gray_top_control_s_axi
entry_proc
load_rgb
process_gray_Pipeline_process_loop
process_gray
store_gray
rgb2gray_top
' expOnly='0'
Execute         source C:/Users/sfv02/Documents/TEC/Maestria/2026-2C/Alto_Nivel/Evaluaciones_Cortas/3-HLS/MP6160_grupo_5/hls/rgb2gray_hls_work/rgb2gray_hls/solution/.autopilot/db/global.setting.tcl 
Execute         ap_part_info -name xcvc1902-vsva2197-2MP-e-S -data names -quiet 
Execute         ap_part_info -name xcvc1902-vsva2197-2MP-e-S -data info -quiet 
Execute         source C:/Users/sfv02/Documents/TEC/Maestria/2026-2C/Alto_Nivel/Evaluaciones_Cortas/3-HLS/MP6160_grupo_5/hls/rgb2gray_hls_work/rgb2gray_hls/solution/.autopilot/db/global.setting.tcl 
Execute         source C:/Users/sfv02/Documents/TEC/Maestria/2026-2C/Alto_Nivel/Evaluaciones_Cortas/3-HLS/MP6160_grupo_5/hls/rgb2gray_hls_work/rgb2gray_hls/solution/.autopilot/db/global.setting.tcl 
Execute         source C:/Users/sfv02/Documents/TEC/Maestria/2026-2C/Alto_Nivel/Evaluaciones_Cortas/3-HLS/MP6160_grupo_5/hls/rgb2gray_hls_work/rgb2gray_hls/solution/.autopilot/db/entry_proc.compgen.tcl 
Execute         source C:/Users/sfv02/Documents/TEC/Maestria/2026-2C/Alto_Nivel/Evaluaciones_Cortas/3-HLS/MP6160_grupo_5/hls/rgb2gray_hls_work/rgb2gray_hls/solution/.autopilot/db/load_rgb.compgen.tcl 
Execute         source C:/Users/sfv02/Documents/TEC/Maestria/2026-2C/Alto_Nivel/Evaluaciones_Cortas/3-HLS/MP6160_grupo_5/hls/rgb2gray_hls_work/rgb2gray_hls/solution/.autopilot/db/process_gray_Pipeline_process_loop.compgen.tcl 
Execute         source C:/Users/sfv02/Documents/TEC/Maestria/2026-2C/Alto_Nivel/Evaluaciones_Cortas/3-HLS/MP6160_grupo_5/hls/rgb2gray_hls_work/rgb2gray_hls/solution/.autopilot/db/process_gray.compgen.tcl 
Execute         source C:/Users/sfv02/Documents/TEC/Maestria/2026-2C/Alto_Nivel/Evaluaciones_Cortas/3-HLS/MP6160_grupo_5/hls/rgb2gray_hls_work/rgb2gray_hls/solution/.autopilot/db/store_gray.compgen.tcl 
Execute         source C:/Users/sfv02/Documents/TEC/Maestria/2026-2C/Alto_Nivel/Evaluaciones_Cortas/3-HLS/MP6160_grupo_5/hls/rgb2gray_hls_work/rgb2gray_hls/solution/.autopilot/db/rgb2gray_top.compgen.tcl 
Execute           source ./control.slave.tcl 
INFO: [HLS 200-111] Finished Generating all RTL models: CPU user time: 7 seconds. CPU system time: 1 seconds. Elapsed time: 7.863 seconds; current allocated memory: 335.105 MB.
INFO-FLOW: DBG:PROC: ::HLSREPORTS::create_csynth_xml bind_info_var='bind_info' RtlSubPrefix='rgb2gray_top_' outfile=''
INFO-FLOW: Running: create_csynth_xml read xml data
INFO-FLOW: Done: create_csynth_xml read xml data time: 0 seconds per iteration
INFO-FLOW: Running: create_csynth_xml bind info
INFO-FLOW: No bind nodes found for module_name entry_proc
INFO-FLOW: No bind nodes found for module_name process_gray
INFO-FLOW: Done: create_csynth_xml bind info time: 0 seconds per iteration
INFO-FLOW: Running: create_csynth_xml config info
INFO-FLOW: Done: create_csynth_xml config info time: 0.6 seconds per iteration
INFO-FLOW: Running: create_csynth_xml write xml
INFO-FLOW: Done: create_csynth_xml write xml time: 0 seconds per iteration
INFO-FLOW: DBG:PUTS:      create_csynth_xml wrote csynth_xml=C:/Users/sfv02/Documents/TEC/Maestria/2026-2C/Alto_Nivel/Evaluaciones_Cortas/3-HLS/MP6160_grupo_5/hls/rgb2gray_hls_work/rgb2gray_hls/solution/syn/report/csynth.xml
INFO-FLOW: DBG:PROC: ::AP::DESIGN_DATA::generate_json generate_bd_files='0' generate_xo_files='0' modelList='rgb2gray_top_mul_8ns_14ns_21_1_1
rgb2gray_top_mac_muladd_12ns_8ns_21ns_22_4_1
rgb2gray_top_mac_muladd_10ns_8ns_13ns_18_4_1
rgb2gray_top_am_addmul_18ns_22ns_23ns_45_4_1
rgb2gray_top_flow_control_loop_pipe_sequential_init
rgb2gray_top_fifo_w64_d4_S
rgb2gray_top_fifo_w32_d4_S
rgb2gray_top_fifo_w24_d16_S
rgb2gray_top_fifo_w32_d2_S
rgb2gray_top_fifo_w8_d16_S
rgb2gray_top_fifo_w32_d2_S
rgb2gray_top_start_for_store_gray_U0
rgb2gray_top_start_for_process_gray_U0
rgb2gray_top_gmem_in_m_axi
rgb2gray_top_gmem_out_m_axi
rgb2gray_top_control_s_axi
entry_proc
load_rgb
process_gray_Pipeline_process_loop
process_gray
store_gray
rgb2gray_top
' rtl_lang='both' bootstrap_tcl='false' outdir='' outfilename=''
Execute         source C:/Users/sfv02/Documents/TEC/Maestria/2026-2C/Alto_Nivel/Evaluaciones_Cortas/3-HLS/MP6160_grupo_5/hls/rgb2gray_hls_work/rgb2gray_hls/solution/.autopilot/db/global.setting.tcl 
Execute         source C:/Users/sfv02/Documents/TEC/Maestria/2026-2C/Alto_Nivel/Evaluaciones_Cortas/3-HLS/MP6160_grupo_5/hls/rgb2gray_hls_work/rgb2gray_hls/solution/.autopilot/db/global.setting.tcl 
Execute         source C:/Users/sfv02/Documents/TEC/Maestria/2026-2C/Alto_Nivel/Evaluaciones_Cortas/3-HLS/MP6160_grupo_5/hls/rgb2gray_hls_work/rgb2gray_hls/solution/.autopilot/db/top-io-be.tcl 
Execute         source C:/Users/sfv02/Documents/TEC/Maestria/2026-2C/Alto_Nivel/Evaluaciones_Cortas/3-HLS/MP6160_grupo_5/hls/rgb2gray_hls_work/rgb2gray_hls/solution/.autopilot/db/rgb2gray_top.tbgen.tcl 
Execute         source C:/Users/sfv02/Documents/TEC/Maestria/2026-2C/Alto_Nivel/Evaluaciones_Cortas/3-HLS/MP6160_grupo_5/hls/rgb2gray_hls_work/rgb2gray_hls/solution/.autopilot/db/rgb2gray_top.compgen.dataonly.tcl 
Execute         source C:/Users/sfv02/Documents/TEC/Maestria/2026-2C/Alto_Nivel/Evaluaciones_Cortas/3-HLS/MP6160_grupo_5/hls/rgb2gray_hls_work/rgb2gray_hls/solution/.autopilot/db/rgb2gray_top.compgen.dataonly.tcl 
Execute         source C:/Users/sfv02/Documents/TEC/Maestria/2026-2C/Alto_Nivel/Evaluaciones_Cortas/3-HLS/MP6160_grupo_5/hls/rgb2gray_hls_work/rgb2gray_hls/solution/.autopilot/db/rgb2gray_top.rtl_wrap.cfg.tcl 
Execute         source C:/Users/sfv02/Documents/TEC/Maestria/2026-2C/Alto_Nivel/Evaluaciones_Cortas/3-HLS/MP6160_grupo_5/hls/rgb2gray_hls_work/rgb2gray_hls/solution/.autopilot/db/rgb2gray_top.compgen.dataonly.tcl 
Execute         source C:/Users/sfv02/Documents/TEC/Maestria/2026-2C/Alto_Nivel/Evaluaciones_Cortas/3-HLS/MP6160_grupo_5/hls/rgb2gray_hls_work/rgb2gray_hls/solution/.autopilot/db/entry_proc.tbgen.tcl 
Execute         source C:/Users/sfv02/Documents/TEC/Maestria/2026-2C/Alto_Nivel/Evaluaciones_Cortas/3-HLS/MP6160_grupo_5/hls/rgb2gray_hls_work/rgb2gray_hls/solution/.autopilot/db/load_rgb.tbgen.tcl 
Execute         source C:/Users/sfv02/Documents/TEC/Maestria/2026-2C/Alto_Nivel/Evaluaciones_Cortas/3-HLS/MP6160_grupo_5/hls/rgb2gray_hls_work/rgb2gray_hls/solution/.autopilot/db/process_gray_Pipeline_process_loop.tbgen.tcl 
Execute         source C:/Users/sfv02/Documents/TEC/Maestria/2026-2C/Alto_Nivel/Evaluaciones_Cortas/3-HLS/MP6160_grupo_5/hls/rgb2gray_hls_work/rgb2gray_hls/solution/.autopilot/db/process_gray.tbgen.tcl 
Execute         source C:/Users/sfv02/Documents/TEC/Maestria/2026-2C/Alto_Nivel/Evaluaciones_Cortas/3-HLS/MP6160_grupo_5/hls/rgb2gray_hls_work/rgb2gray_hls/solution/.autopilot/db/store_gray.tbgen.tcl 
Execute         source C:/Users/sfv02/Documents/TEC/Maestria/2026-2C/Alto_Nivel/Evaluaciones_Cortas/3-HLS/MP6160_grupo_5/hls/rgb2gray_hls_work/rgb2gray_hls/solution/.autopilot/db/rgb2gray_top.tbgen.tcl 
Execute         source C:/Users/sfv02/Documents/TEC/Maestria/2026-2C/Alto_Nivel/Evaluaciones_Cortas/3-HLS/MP6160_grupo_5/hls/rgb2gray_hls_work/rgb2gray_hls/solution/.autopilot/db/global.setting.tcl 
Execute         ap_part_info -name xcvc1902-vsva2197-2MP-e-S -data names -quiet 
Execute         ap_part_info -name xcvc1902-vsva2197-2MP-e-S -data info -quiet 
Execute         source C:/Users/sfv02/Documents/TEC/Maestria/2026-2C/Alto_Nivel/Evaluaciones_Cortas/3-HLS/MP6160_grupo_5/hls/rgb2gray_hls_work/rgb2gray_hls/solution/.autopilot/db/rgb2gray_top.constraint.tcl 
Execute         sc_get_clocks rgb2gray_top 
Execute         source C:/Users/sfv02/Documents/TEC/Maestria/2026-2C/Alto_Nivel/Evaluaciones_Cortas/3-HLS/MP6160_grupo_5/hls/rgb2gray_hls_work/rgb2gray_hls/solution/.autopilot/db/global.setting.tcl 
INFO-FLOW: DBG:PROC: ::HLSREPORTS::add_csynth_report_sections bind_info_dict='adapter_nodes {{BINDTYPE adapter ID {} IMPL {} LATENCY {} OPTYPE {} PRAGMA {} RTLNAME control_s_axi_U SOURCE {} VARIABLE {} LOOP {} BUNDLEDNAME control DSP 0 BRAM 0 URAM 0 STORAGESUBTYPE s_axilite STORAGESIZE {} STORAGEUSAGE interface DISPNAME {bind_adapter }} {BINDTYPE adapter ID {} IMPL {} LATENCY {} OPTYPE {} PRAGMA {} RTLNAME gmem_in_m_axi_U SOURCE {} VARIABLE {} LOOP {} BUNDLEDNAME gmem_in DSP 0 BRAM 2 URAM 0 STORAGESUBTYPE m_axi STORAGESIZE {} STORAGEUSAGE interface DISPNAME {bind_adapter }} {BINDTYPE adapter ID {} IMPL {} LATENCY {} OPTYPE {} PRAGMA {} RTLNAME gmem_out_m_axi_U SOURCE {} VARIABLE {} LOOP {} BUNDLEDNAME gmem_out DSP 0 BRAM 2 URAM 0 STORAGESUBTYPE m_axi STORAGESIZE {} STORAGEUSAGE interface DISPNAME {bind_adapter }}} cache_nodes {} report_dict {TOPINST rgb2gray_top MODULE2INSTS {rgb2gray_top rgb2gray_top entry_proc entry_proc_U0 load_rgb load_rgb_U0 process_gray process_gray_U0 process_gray_Pipeline_process_loop grp_process_gray_Pipeline_process_loop_fu_50 store_gray store_gray_U0} INST2MODULE {rgb2gray_top rgb2gray_top entry_proc_U0 entry_proc load_rgb_U0 load_rgb process_gray_U0 process_gray grp_process_gray_Pipeline_process_loop_fu_50 process_gray_Pipeline_process_loop store_gray_U0 store_gray} INSTDATA {rgb2gray_top {DEPTH 1 CHILDREN {entry_proc_U0 load_rgb_U0 process_gray_U0 store_gray_U0}} entry_proc_U0 {DEPTH 2 CHILDREN {}} load_rgb_U0 {DEPTH 2 CHILDREN {}} process_gray_U0 {DEPTH 2 CHILDREN grp_process_gray_Pipeline_process_loop_fu_50} grp_process_gray_Pipeline_process_loop_fu_50 {DEPTH 3 CHILDREN {}} store_gray_U0 {DEPTH 2 CHILDREN {}}} MODULEDATA {load_rgb {BINDINFO {{BINDTYPE op ID {} IMPL fabric LATENCY 0 OPTYPE sub PRAGMA {} RTLNAME sub_ln37_fu_231_p2 SOURCE ../rgb2gray_kernel.cpp:37 VARIABLE sub_ln37 LOOP load_loop BUNDLEDNAME {} DSP 0 BRAM 0 URAM 0 STORAGESUBTYPE {} DISPNAME {bind_op sub} VISIBLE true} {BINDTYPE op ID {} IMPL fabric LATENCY 0 OPTYPE add PRAGMA {} RTLNAME add_ln37_fu_254_p2 SOURCE ../rgb2gray_kernel.cpp:37 VARIABLE add_ln37 LOOP load_loop BUNDLEDNAME {} DSP 0 BRAM 0 URAM 0 STORAGESUBTYPE {} DISPNAME {bind_op add} VISIBLE true} {BINDTYPE op ID {} IMPL fabric LATENCY 0 OPTYPE add PRAGMA {} RTLNAME i_3_fu_287_p2 SOURCE ../rgb2gray_kernel.cpp:37 VARIABLE i_3 LOOP load_loop BUNDLEDNAME {} DSP 0 BRAM 0 URAM 0 STORAGESUBTYPE {} DISPNAME {bind_op add} VISIBLE true} {BINDTYPE op ID {} IMPL auto LATENCY 0 OPTYPE seteq PRAGMA {} RTLNAME icmp_ln37_fu_293_p2 SOURCE ../rgb2gray_kernel.cpp:37 VARIABLE icmp_ln37 LOOP load_loop BUNDLEDNAME {} DSP 0 BRAM 0 URAM 0 STORAGESUBTYPE {} DISPNAME {bind_op seteq} VISIBLE false}} AREA {DSP 0 BRAM 0 URAM 0}} process_gray_Pipeline_process_loop {BINDINFO {{BINDTYPE op ID {} IMPL auto LATENCY 0 OPTYPE seteq PRAGMA {} RTLNAME icmp_ln68_fu_99_p2 SOURCE ../rgb2gray_kernel.cpp:68 VARIABLE icmp_ln68 LOOP process_loop BUNDLEDNAME {} DSP 0 BRAM 0 URAM 0 STORAGESUBTYPE {} DISPNAME {bind_op seteq} VISIBLE false} {BINDTYPE op ID {} IMPL fabric LATENCY 0 OPTYPE add PRAGMA {} RTLNAME i_1_fu_105_p2 SOURCE ../rgb2gray_kernel.cpp:68 VARIABLE i_1 LOOP process_loop BUNDLEDNAME {} DSP 0 BRAM 0 URAM 0 STORAGESUBTYPE {} DISPNAME {bind_op add} VISIBLE true} {BINDTYPE op ID {} IMPL dsp_slice LATENCY 3 OPTYPE mul PRAGMA {} RTLNAME mac_muladd_12ns_8ns_21ns_22_4_1_U12 SOURCE ../rgb2gray_kernel.cpp:19 VARIABLE mul_ln19 LOOP process_loop BUNDLEDNAME {} DSP 1 BRAM 0 URAM 0 STORAGESUBTYPE {} DISPNAME {bind_op mul} VISIBLE true} {BINDTYPE op ID {} IMPL dsp_slice LATENCY 3 OPTYPE zext PRAGMA {} RTLNAME mac_muladd_12ns_8ns_21ns_22_4_1_U12 SOURCE ../rgb2gray_kernel.cpp:19 VARIABLE zext_ln19_1 LOOP process_loop BUNDLEDNAME {} DSP 1 BRAM 0 URAM 0 STORAGESUBTYPE {} DISPNAME {bind_op zext} VISIBLE false} {BINDTYPE op ID {} IMPL auto LATENCY 0 OPTYPE mul PRAGMA {} RTLNAME mul_8ns_14ns_21_1_1_U11 SOURCE ../rgb2gray_kernel.cpp:19 VARIABLE mul_ln19_1 LOOP process_loop BUNDLEDNAME {} DSP 1 BRAM 0 URAM 0 STORAGESUBTYPE {} DISPNAME {bind_op mul} VISIBLE true} {BINDTYPE op ID {} IMPL dsp_slice LATENCY 3 OPTYPE mul PRAGMA {} RTLNAME mac_muladd_10ns_8ns_13ns_18_4_1_U13 SOURCE ../rgb2gray_kernel.cpp:19 VARIABLE mul_ln19_2 LOOP process_loop BUNDLEDNAME {} DSP 1 BRAM 0 URAM 0 STORAGESUBTYPE {} DISPNAME {bind_op mul} VISIBLE true} {BINDTYPE op ID {} IMPL dsp_slice LATENCY 3 OPTYPE add PRAGMA {} RTLNAME mac_muladd_12ns_8ns_21ns_22_4_1_U12 SOURCE ../rgb2gray_kernel.cpp:20 VARIABLE add_ln20_1 LOOP process_loop BUNDLEDNAME {} DSP 1 BRAM 0 URAM 0 STORAGESUBTYPE {} DISPNAME {bind_op add} VISIBLE true} {BINDTYPE op ID {} IMPL dsp_slice LATENCY 3 OPTYPE add PRAGMA {} RTLNAME mac_muladd_10ns_8ns_13ns_18_4_1_U13 SOURCE ../rgb2gray_kernel.cpp:20 VARIABLE add_ln20_2 LOOP process_loop BUNDLEDNAME {} DSP 1 BRAM 0 URAM 0 STORAGESUBTYPE {} DISPNAME {bind_op add} VISIBLE true} {BINDTYPE op ID {} IMPL dsp_slice LATENCY 3 OPTYPE add PRAGMA {} RTLNAME am_addmul_18ns_22ns_23ns_45_4_1_U14 SOURCE ../rgb2gray_kernel.cpp:20 VARIABLE add_ln20 LOOP process_loop BUNDLEDNAME {} DSP 1 BRAM 0 URAM 0 STORAGESUBTYPE {} DISPNAME {bind_op add} VISIBLE true} {BINDTYPE op ID {} IMPL dsp_slice LATENCY 3 OPTYPE zext PRAGMA {} RTLNAME am_addmul_18ns_22ns_23ns_45_4_1_U14 SOURCE ../rgb2gray_kernel.cpp:20 VARIABLE zext_ln20_1 LOOP process_loop BUNDLEDNAME {} DSP 1 BRAM 0 URAM 0 STORAGESUBTYPE {} DISPNAME {bind_op zext} VISIBLE false} {BINDTYPE op ID {} IMPL dsp_slice LATENCY 3 OPTYPE mul PRAGMA {} RTLNAME am_addmul_18ns_22ns_23ns_45_4_1_U14 SOURCE ../rgb2gray_kernel.cpp:20 VARIABLE mul_ln20 LOOP process_loop BUNDLEDNAME {} DSP 1 BRAM 0 URAM 0 STORAGESUBTYPE {} DISPNAME {bind_op mul} VISIBLE true}} AREA {DSP 4 BRAM 0 URAM 0}} store_gray {BINDINFO {{BINDTYPE op ID {} IMPL fabric LATENCY 0 OPTYPE add PRAGMA {} RTLNAME add_ln90_fu_237_p2 SOURCE ../rgb2gray_kernel.cpp:90 VARIABLE add_ln90 LOOP store_loop BUNDLEDNAME {} DSP 0 BRAM 0 URAM 0 STORAGESUBTYPE {} DISPNAME {bind_op add} VISIBLE true} {BINDTYPE op ID {} IMPL auto LATENCY 0 OPTYPE seteq PRAGMA {} RTLNAME icmp_ln90_fu_243_p2 SOURCE ../rgb2gray_kernel.cpp:90 VARIABLE icmp_ln90 LOOP store_loop BUNDLEDNAME {} DSP 0 BRAM 0 URAM 0 STORAGESUBTYPE {} DISPNAME {bind_op seteq} VISIBLE false} {BINDTYPE op ID {} IMPL fabric LATENCY 0 OPTYPE add PRAGMA {} RTLNAME out_addr_fu_249_p2 SOURCE ../rgb2gray_kernel.cpp:94 VARIABLE out_addr LOOP store_loop BUNDLEDNAME {} DSP 0 BRAM 0 URAM 0 STORAGESUBTYPE {} DISPNAME {bind_op add} VISIBLE true} {BINDTYPE op ID {} IMPL fabric LATENCY 0 OPTYPE add PRAGMA {} RTLNAME add_ln95_fu_266_p2 SOURCE ../rgb2gray_kernel.cpp:95 VARIABLE add_ln95 LOOP store_loop BUNDLEDNAME {} DSP 0 BRAM 0 URAM 0 STORAGESUBTYPE {} DISPNAME {bind_op add} VISIBLE true}} AREA {DSP 0 BRAM 0 URAM 0}} rgb2gray_top {BINDINFO {{BINDTYPE storage ID {} IMPL srl LATENCY 0 OPTYPE fifo PRAGMA {} RTLNAME m_axi_out_c_U SOURCE ../rgb2gray_kernel.cpp:133 VARIABLE m_axi_out_c LOOP {} BUNDLEDNAME {} DSP 0 BRAM 0 URAM 0 STORAGESUBTYPE {scalar prop} STORAGESIZE {64 4 1} STORAGEUSAGE {fifo channel} DISPNAME {bind_storage fifo} VISIBLE true} {BINDTYPE storage ID {} IMPL srl LATENCY 0 OPTYPE fifo PRAGMA {} RTLNAME addr_out_c_U SOURCE ../rgb2gray_kernel.cpp:133 VARIABLE addr_out_c LOOP {} BUNDLEDNAME {} DSP 0 BRAM 0 URAM 0 STORAGESUBTYPE {scalar prop} STORAGESIZE {32 4 1} STORAGEUSAGE {fifo channel} DISPNAME {bind_storage fifo} VISIBLE true} {BINDTYPE storage ID {} IMPL srl LATENCY 0 OPTYPE fifo PRAGMA {} RTLNAME stream_rgb_U SOURCE :0 VARIABLE stream_rgb LOOP {} BUNDLEDNAME {} DSP 0 BRAM 0 URAM 0 STORAGESUBTYPE stream STORAGESIZE {24 16 1} STORAGEUSAGE {fifo channel} DISPNAME {bind_storage fifo} VISIBLE true} {BINDTYPE storage ID {} IMPL srl LATENCY 0 OPTYPE fifo PRAGMA {} RTLNAME num_pixels_c1_U SOURCE ../rgb2gray_kernel.cpp:133 VARIABLE num_pixels_c1 LOOP {} BUNDLEDNAME {} DSP 0 BRAM 0 URAM 0 STORAGESUBTYPE {scalar prop} STORAGESIZE {32 2 1} STORAGEUSAGE {fifo channel} DISPNAME {bind_storage fifo} VISIBLE true} {BINDTYPE storage ID {} IMPL srl LATENCY 0 OPTYPE fifo PRAGMA {} RTLNAME stream_gray_U SOURCE ../rgb2gray_kernel.cpp:135 VARIABLE stream_gray LOOP {} BUNDLEDNAME {} DSP 0 BRAM 0 URAM 0 STORAGESUBTYPE stream STORAGESIZE {8 16 1} STORAGEUSAGE {fifo channel} DISPNAME {bind_storage fifo} VISIBLE true} {BINDTYPE storage ID {} IMPL srl LATENCY 0 OPTYPE fifo PRAGMA {} RTLNAME num_pixels_c_U SOURCE ../rgb2gray_kernel.cpp:133 VARIABLE num_pixels_c LOOP {} BUNDLEDNAME {} DSP 0 BRAM 0 URAM 0 STORAGESUBTYPE {scalar prop} STORAGESIZE {32 2 1} STORAGEUSAGE {fifo channel} DISPNAME {bind_storage fifo} VISIBLE true}} AREA {DSP 4 BRAM 4 URAM 0}} entry_proc {AREA {DSP 0 BRAM 0 URAM 0}} process_gray {AREA {DSP 4 BRAM 0 URAM 0}}}}'
INFO-FLOW: DBG:PUTS:      update_csynth_reports json2rpt_hw_sw_interfaces
Execute         send_msg_by_id INFO @200-1603@%s  and missed bursts 
INFO: [HLS 200-1603] Design has inferred MAXI bursts and missed bursts, see Vitis HLS GUI synthesis summary report for detailed information.
INFO-FLOW: Running: gen_csynth_sec_pragma
INFO-FLOW: Done: gen_csynth_sec_pragma time: 0 seconds per iteration
INFO-FLOW: DBG:PUTS:      update_csynth_reports wrote xml
INFO-FLOW: DBG:PUTS:      update_csynth_reports appended to csynth rpt file
INFO: [HLS 200-111] Finished Updating report files: CPU user time: 1 seconds. CPU system time: 1 seconds. Elapsed time: 1.652 seconds; current allocated memory: 342.195 MB.
INFO: [VHDL 208-304] Generating VHDL RTL for rgb2gray_top.
INFO: [VLOG 209-307] Generating Verilog RTL for rgb2gray_top.
Execute         syn_report -model rgb2gray_top -printsummary 
INFO: [HLS 200-790] **** Loop Constraint Status: All loop constraints were NOT satisfied.
INFO: [HLS 200-789] **** Estimated Fmax: 342.47 MHz
Command       autosyn done; 40.502 sec.
Command     csynth_design done; 54.565 sec.
INFO: [HLS 200-2161] Finished Command csynth_design Elapsed time: 00:00:54; Allocated memory: 100.984 MB.
Execute     close_project 
INFO: [HLS 200-1510] Running: close_project 
Execute       close_solution 
Execute         cleanup_all 
Execute         cleanup_all 
INFO-FLOW: Workspace C:/Users/sfv02/Documents/TEC/Maestria/2026-2C/Alto_Nivel/Evaluaciones_Cortas/3-HLS/MP6160_grupo_5/hls/rgb2gray_hls_work/rgb2gray_hls/solution opened at Mon Jul 20 18:47:46 -0600 2026
Execute       ap_set_clock -name default -period 4 -unit ns -default=false 
INFO: [SYN 201-201] Setting up clock 'default' with a period of 4ns.
Execute       set_part xcvc1902-vsva2197-2MP-e-S 
Execute         create_platform xcvc1902-vsva2197-2MP-e-S -board  
DBG:HLSDevice: Trying to load device library: C:/Xilinx/Vitis_HLS/2024.1\lib\win64.o\xv_hlsvwrap.dll
DBG:HLSDevice: first parts/arch.xml in RDI_DATADIR: C:/Xilinx/Vivado/2024.1/data/parts/arch.xml
DBG:HLSDevice: init success
INFO: [HLS 200-1611] Setting target device to 'xcvc1902-vsva2197-2MP-e-S'
Command         create_platform done; 1.269 sec.
Execute         source C:/Xilinx/Vitis_HLS/2024.1/common/technology/xilinx/common/xilinx.gen 
Execute           source C:/Xilinx/Vitis_HLS/2024.1/common/technology/xilinx/interface/plb46.gen 
Execute           source C:/Xilinx/Vitis_HLS/2024.1/common/technology/xilinx/interface/axi4.gen 
Execute           source C:/Xilinx/Vitis_HLS/2024.1/common/technology/xilinx/interface/nativeAXI4.gen 
Execute             source C:/Xilinx/Vitis_HLS/2024.1/common/technology/xilinx/interface/saxilite.gen 
Execute           source C:/Xilinx/Vitis_HLS/2024.1/common/technology/xilinx/scripts/xilinxcoregen.gen 
Execute           source C:/Xilinx/Vitis_HLS/2024.1/common/technology/xilinx/interface/XilEDKCoreGen.gen 
Execute           source C:/Xilinx/Vitis_HLS/2024.1/common/technology/xilinx/ip/dds_compiler.gen 
Execute           source C:/Xilinx/Vitis_HLS/2024.1/common/technology/xilinx/ip/util.gen 
Execute           source C:/Xilinx/Vitis_HLS/2024.1/common/technology/xilinx/ip/xfft.gen 
Execute           source C:/Xilinx/Vitis_HLS/2024.1/common/technology/xilinx/ip/xfir.gen 
Execute           source C:/Xilinx/Vitis_HLS/2024.1/common/technology/xilinx/DSP48/dsp48.gen 
Execute         ap_part_info -name xcvc1902-vsva2197-2MP-e-S -data info 
Execute         config_compile -quiet -complex-mul-dsp=1 
Command       set_part done; 1.384 sec.
Execute       send_msg_by_id INFO @200-1505@%s%s  vitis 
INFO: [HLS 200-1505] Using flow_target 'vitis'
Execute       send_msg_by_id INFO @200-1464@%s config_interface -m_axi_latency=64 
INFO: [HLS 200-1464] Running solution command: config_interface -m_axi_latency=64
Execute       config_interface -m_axi_latency=64 
Execute       send_msg_by_id INFO @200-1464@%s config_interface -m_axi_alignment_byte_size=64 
INFO: [HLS 200-1464] Running solution command: config_interface -m_axi_alignment_byte_size=64
Execute       config_interface -m_axi_alignment_byte_size=64 
Execute       send_msg_by_id INFO @200-1464@%s config_interface -m_axi_max_widen_bitwidth=512 
INFO: [HLS 200-1464] Running solution command: config_interface -m_axi_max_widen_bitwidth=512
Execute       config_interface -m_axi_max_widen_bitwidth=512 
Execute       send_msg_by_id INFO @200-1464@%s config_interface -default_interface=kernel 
INFO: [HLS 200-1464] Running solution command: config_interface -default_interface=kernel
Execute       config_interface -default_interface=kernel 
Execute       send_msg_by_id INFO @200-1464@%s config_interface -m_axi_conservative_mode=1 
INFO: [HLS 200-1464] Running solution command: config_interface -m_axi_conservative_mode=1
Execute       config_interface -m_axi_conservative_mode=1 
Execute       send_msg_by_id INFO @200-1464@%s config_interface -m_axi_addr64=1 
INFO: [HLS 200-1464] Running solution command: config_interface -m_axi_addr64=1
Execute       config_interface -m_axi_addr64=1 
Execute       send_msg_by_id INFO @200-1464@%s config_interface -m_axi_auto_max_ports=0 
INFO: [HLS 200-1464] Running solution command: config_interface -m_axi_auto_max_ports=0
Execute       config_interface -m_axi_auto_max_ports=0 
Execute       send_msg_by_id INFO @200-1464@%s config_rtl -register_reset_num=3 
INFO: [HLS 200-1464] Running solution command: config_rtl -register_reset_num=3
Execute       config_rtl -register_reset_num=3 
Execute       send_msg_by_id INFO @200-1464@%s config_rtl -deadlock_detection=sim 
INFO: [HLS 200-1464] Running solution command: config_rtl -deadlock_detection=sim
Execute       config_rtl -deadlock_detection=sim 
Execute       send_msg_by_id INFO @200-1464@%s config_dataflow -strict_mode=warning 
INFO: [HLS 200-1464] Running solution command: config_dataflow -strict_mode=warning
Execute       config_dataflow -strict_mode=warning 
Execute       send_msg_by_id INFO @200-1464@%s config_export -format=xo 
INFO: [HLS 200-1464] Running solution command: config_export -format=xo
Execute       config_export -format=xo 
Execute       send_msg_by_id INFO @200-1464@%s config_export -ipname=rgb2gray_top 
INFO: [HLS 200-1464] Running solution command: config_export -ipname=rgb2gray_top
Execute       config_export -ipname=rgb2gray_top 
Command     open_solution done; 1.435 sec.
Execute     set_part xcvc1902-vsva2197-2MP-e-S 
INFO: [HLS 200-1510] Running: set_part xcvc1902-vsva2197-2MP-e-S 
Execute       create_platform xcvc1902-vsva2197-2MP-e-S -board  
Command       create_platform done; 0.145 sec.
Execute       source C:/Xilinx/Vitis_HLS/2024.1/common/technology/xilinx/common/xilinx.gen 
Execute         source C:/Xilinx/Vitis_HLS/2024.1/common/technology/xilinx/interface/plb46.gen 
Execute         source C:/Xilinx/Vitis_HLS/2024.1/common/technology/xilinx/interface/axi4.gen 
Execute         source C:/Xilinx/Vitis_HLS/2024.1/common/technology/xilinx/interface/nativeAXI4.gen 
Execute           source C:/Xilinx/Vitis_HLS/2024.1/common/technology/xilinx/interface/saxilite.gen 
Execute         source C:/Xilinx/Vitis_HLS/2024.1/common/technology/xilinx/scripts/xilinxcoregen.gen 
Execute         source C:/Xilinx/Vitis_HLS/2024.1/common/technology/xilinx/interface/XilEDKCoreGen.gen 
Execute         source C:/Xilinx/Vitis_HLS/2024.1/common/technology/xilinx/ip/dds_compiler.gen 
Execute         source C:/Xilinx/Vitis_HLS/2024.1/common/technology/xilinx/ip/util.gen 
Execute         source C:/Xilinx/Vitis_HLS/2024.1/common/technology/xilinx/ip/xfft.gen 
Execute         source C:/Xilinx/Vitis_HLS/2024.1/common/technology/xilinx/ip/xfir.gen 
Execute         source C:/Xilinx/Vitis_HLS/2024.1/common/technology/xilinx/DSP48/dsp48.gen 
Execute       ap_part_info -name xcvc1902-vsva2197-2MP-e-S -data info 
Execute       config_compile -quiet -complex-mul-dsp=1 
Command     set_part done; 0.248 sec.
Execute     create_clock -period 250MHz -name default 
INFO: [HLS 200-1510] Running: create_clock -period 250MHz -name default 
Execute     config_dataflow -strict_mode warning 
INFO: [HLS 200-1510] Running: config_dataflow -strict_mode warning 
Execute     config_rtl -deadlock_detection sim 
INFO: [HLS 200-1510] Running: config_rtl -deadlock_detection sim 
Execute     config_interface -m_axi_conservative_mode=1 
INFO: [HLS 200-1510] Running: config_interface -m_axi_conservative_mode=1 
Execute     config_interface -m_axi_addr64 
INFO: [HLS 200-1510] Running: config_interface -m_axi_addr64 
Execute     config_interface -m_axi_auto_max_ports=0 
INFO: [HLS 200-1510] Running: config_interface -m_axi_auto_max_ports=0 
Execute     config_export -format xo -ipname rgb2gray_top 
INFO: [HLS 200-1510] Running: config_export -format xo -ipname rgb2gray_top 
Execute     csim_design -clean 
INFO: [HLS 200-1510] Running: csim_design -clean 
INFO-FLOW: Running SLX 'csim' proc: ::SLX::run_csim
Execute       source C:/Users/sfv02/Documents/TEC/Maestria/2026-2C/Alto_Nivel/Evaluaciones_Cortas/3-HLS/MP6160_grupo_5/hls/rgb2gray_hls_work/rgb2gray_hls/solution/.autopilot/db/global.setting.tcl 
INFO: [SIM 211-2] *************** CSIM start ***************
INFO: [SIM 211-4] CSIM will launch CLANG as the compiler.
Execute       source csim/.lst_opt.tcl 
Execute       send_msg_by_id INFO @200-2036@%s debug 
INFO: [HLS 200-2036] Building debug C Simulation binaries
Execute       source C:/Xilinx/Vitis_HLS/2024.1/tps/tcl/tcllib1.11.1/yaml/huddle.tcl 
Execute       source C:/Xilinx/Vitis_HLS/2024.1/tps/tcl/tcllib1.11.1/yaml/json2huddle.tcl 
Execute         source C:/Xilinx/Vitis_HLS/2024.1/tps/tcl/tcllib1.11.1/try/try.tcl 
Execute       ap_part_info -name xcvc1902-vsva2197-2MP-e-S -data info 
Execute       source run_sim.tcl 
Command       ap_source done; 6.828 sec.
INFO: [SIM 211-1] CSim done with 0 errors.
INFO: [SIM 211-3] *************** CSIM finish ***************
Command     csim_design done; 12.714 sec.
INFO: [HLS 200-2161] Finished Command csim_design Elapsed time: 00:00:12; Allocated memory: 0.379 MB.
Execute     csynth_design 
INFO: [HLS 200-1510] Running: csynth_design 
INFO-FLOW: Running SLX 'csynth' proc: ::SLX::run_csynth
Execute       elaborate -effort=medium -skip_syncheck=0 -keep_printf=0 -skip_cdt=0 -skip_transform=0 -ng=0 -g=0 -opt_fp=0 -from_csynth_design=1 
INFO: [HLS 200-111] Finished File checks and directory preparation: CPU user time: 0 seconds. CPU system time: 0 seconds. Elapsed time: 0.19 seconds; current allocated memory: 240.594 MB.
Execute         set_directive_top rgb2gray_top -name=rgb2gray_top 
INFO: [HLS 200-10] Analyzing design file '../rgb2gray_kernel.cpp' ... 
INFO-FLOW: Compiling one TU...
INFO-FLOW: Handling ../rgb2gray_kernel.cpp as C++
Execute         ap_part_info -name xcvc1902-vsva2197-2MP-e-S -data info 
INFO-FLOW: Running: GCC PP 39
INFO-FLOW: Source preprocessing
INFO-FLOW: run_clang exec: C:/Xilinx/Vitis_HLS/2024.1/win64/tools/clang-3.9-csynth/bin/clang ../rgb2gray_kernel.cpp -foptimization-record-file=C:/Users/sfv02/Documents/TEC/Maestria/2026-2C/Alto_Nivel/Evaluaciones_Cortas/3-HLS/MP6160_grupo_5/hls/rgb2gray_hls_work/rgb2gray_hls/solution/.autopilot/db/rgb2gray_kernel.cpp.clang.diag.yml -mllvm -pass-remarks-missed=reflow|pasta|unroll -mllvm -pass-remarks=reflow|pasta|unroll|inline -fno-limit-debug-info --sysroot C:/Xilinx/Vitis_HLS/2024.1/tps/mingw/8.3.0/win64.o/nt -fhls -fno-exceptions -insert-hls-directive=C:/Users/sfv02/Documents/TEC/Maestria/2026-2C/Alto_Nivel/Evaluaciones_Cortas/3-HLS/MP6160_grupo_5/hls/rgb2gray_hls_work/rgb2gray_hls/solution/.autopilot/db/all.directive.json -E --std=c++14 -fno-math-errno -c -emit-llvm -mllvm -disable-llvm-optzns -Werror=implicit-function-declaration -Werror=implicit-hls-streams -Werror=return-type -Wpragmas -Wunused-parameter -Wdump-hls-pragmas -Wno-error=dump-hls-pragmas -hls-clock-period=4 -fno-threadsafe-statics -fno-use-cxa-atexit -target fpga64-xilinx-mingw32 -fno-threadsafe-statics -fno-use-cxa-atexit -D__VITIS_HLS__ -DAESL_SYN -D__SYNTHESIS__ -D__HLS_SYN__ -I C:/Xilinx/Vitis_HLS/2024.1/common/technology/autopilot -I C:/Xilinx/Vitis_HLS/2024.1/common/technology/autopilot/ap_sysc -include etc/autopilot_ssdm_op.h -D__DSP58_PRIMARY__ -I /usr/include/x86_64-linux-gnu -o C:/Users/sfv02/Documents/TEC/Maestria/2026-2C/Alto_Nivel/Evaluaciones_Cortas/3-HLS/MP6160_grupo_5/hls/rgb2gray_hls_work/rgb2gray_hls/solution/.autopilot/db/rgb2gray_kernel.pp.0.cpp {-hls-platform-db-name=C:/Xilinx/Vitis_HLS/2024.1\common/technology\xilinx/common/platform.db} -hls-platform-name=versal_medium -device-resource-info=BRAM_1934.000000_DSP_1968.000000_FF_1799680.000000_LUT_899840.000000_SLICE_112480.000000_URAM_463.000000 -device-name-info=xcvc1902-vsva2197-2MP-e-S > C:/Users/sfv02/Documents/TEC/Maestria/2026-2C/Alto_Nivel/Evaluaciones_Cortas/3-HLS/MP6160_grupo_5/hls/rgb2gray_hls_work/rgb2gray_hls/solution/.autopilot/db/rgb2gray_kernel.cpp.clang.out.log 2> C:/Users/sfv02/Documents/TEC/Maestria/2026-2C/Alto_Nivel/Evaluaciones_Cortas/3-HLS/MP6160_grupo_5/hls/rgb2gray_hls_work/rgb2gray_hls/solution/.autopilot/db/rgb2gray_kernel.cpp.clang.err.log
INFO-FLOW: Done: GCC PP 39 time: 0.4 seconds per iteration
INFO-FLOW: Source syntax check for synthesis
INFO-FLOW: run_clang exec: C:/Xilinx/Vitis_HLS/2024.1/win64/tools/clang-3.9-csynth/bin/clang -foptimization-record-file=C:/Users/sfv02/Documents/TEC/Maestria/2026-2C/Alto_Nivel/Evaluaciones_Cortas/3-HLS/MP6160_grupo_5/hls/rgb2gray_hls_work/rgb2gray_hls/solution/.autopilot/db/clang.diag.yml -mllvm -pass-remarks-missed=reflow|pasta|unroll -mllvm -pass-remarks=reflow|pasta|unroll|inline -fsyntax-only -fhls -target fpga64-xilinx-linux-gnu C:/Users/sfv02/Documents/TEC/Maestria/2026-2C/Alto_Nivel/Evaluaciones_Cortas/3-HLS/MP6160_grupo_5/hls/rgb2gray_hls_work/rgb2gray_hls/solution/.autopilot/db/rgb2gray_kernel.pp.0.cpp {-hls-platform-db-name=C:/Xilinx/Vitis_HLS/2024.1\common/technology\xilinx/common/platform.db} -hls-platform-name=versal_medium -device-resource-info=BRAM_1934.000000_DSP_1968.000000_FF_1799680.000000_LUT_899840.000000_SLICE_112480.000000_URAM_463.000000 -device-name-info=xcvc1902-vsva2197-2MP-e-S > C:/Users/sfv02/Documents/TEC/Maestria/2026-2C/Alto_Nivel/Evaluaciones_Cortas/3-HLS/MP6160_grupo_5/hls/rgb2gray_hls_work/rgb2gray_hls/solution/.autopilot/db/clang.out.log 2> C:/Users/sfv02/Documents/TEC/Maestria/2026-2C/Alto_Nivel/Evaluaciones_Cortas/3-HLS/MP6160_grupo_5/hls/rgb2gray_hls_work/rgb2gray_hls/solution/.autopilot/db/clang.err.log
Execute         clang_tidy xilinx-systemc-detector -desc systemc-detector C:/Users/sfv02/Documents/TEC/Maestria/2026-2C/Alto_Nivel/Evaluaciones_Cortas/3-HLS/MP6160_grupo_5/hls/rgb2gray_hls_work/rgb2gray_hls/solution/.autopilot/db/rgb2gray_kernel.pp.0.cpp std=c++14 -target fpga  -directive=C:/Users/sfv02/Documents/TEC/Maestria/2026-2C/Alto_Nivel/Evaluaciones_Cortas/3-HLS/MP6160_grupo_5/hls/rgb2gray_hls_work/rgb2gray_hls/solution/.autopilot/db/.systemc_flag 
INFO-FLOW: exec C:/Xilinx/Vitis_HLS/2024.1/win64/tools/clang-3.9-csynth/bin/clang-tidy -header-filter=.* --checks=-*,xilinx-systemc-detector -import-directive=C:/Users/sfv02/Documents/TEC/Maestria/2026-2C/Alto_Nivel/Evaluaciones_Cortas/3-HLS/MP6160_grupo_5/hls/rgb2gray_hls_work/rgb2gray_hls/solution/.autopilot/db/.systemc_flag -fix-errors C:/Users/sfv02/Documents/TEC/Maestria/2026-2C/Alto_Nivel/Evaluaciones_Cortas/3-HLS/MP6160_grupo_5/hls/rgb2gray_hls_work/rgb2gray_hls/solution/.autopilot/db/rgb2gray_kernel.pp.0.cpp -- -std=c++14 -target fpga -fhls -ferror-limit=0
Command         clang_tidy done; 0.536 sec.
INFO-FLOW: Running: clang-tidy CDT preprocess 39
Execute         clang_tidy xilinx-directive2pragma -desc directive2pragma C:/Users/sfv02/Documents/TEC/Maestria/2026-2C/Alto_Nivel/Evaluaciones_Cortas/3-HLS/MP6160_grupo_5/hls/rgb2gray_hls_work/rgb2gray_hls/solution/.autopilot/db/rgb2gray_kernel.pp.0.cpp std=c++14 -target fpga  -directive=C:/Users/sfv02/Documents/TEC/Maestria/2026-2C/Alto_Nivel/Evaluaciones_Cortas/3-HLS/MP6160_grupo_5/hls/rgb2gray_hls_work/rgb2gray_hls/solution/.autopilot/db/all.directive.json 
INFO-FLOW: exec C:/Xilinx/Vitis_HLS/2024.1/win64/tools/clang-3.9-csynth/bin/clang-tidy -header-filter=.* --checks=-*,xilinx-directive2pragma -import-directive=C:/Users/sfv02/Documents/TEC/Maestria/2026-2C/Alto_Nivel/Evaluaciones_Cortas/3-HLS/MP6160_grupo_5/hls/rgb2gray_hls_work/rgb2gray_hls/solution/.autopilot/db/all.directive.json -fix-errors C:/Users/sfv02/Documents/TEC/Maestria/2026-2C/Alto_Nivel/Evaluaciones_Cortas/3-HLS/MP6160_grupo_5/hls/rgb2gray_hls_work/rgb2gray_hls/solution/.autopilot/db/rgb2gray_kernel.pp.0.cpp -- -std=c++14 -target fpga -fhls -ferror-limit=0
Command         clang_tidy done; 0.816 sec.
INFO-FLOW: Done: clang-tidy CDT preprocess 39 time: 0.8 seconds per iteration
INFO-FLOW: Calling xilinx-label-all-loops ... 
INFO-FLOW: Calling xilinx-aggregate-on-hls-vector ... 
Execute         clang_tidy -errorcheck -desc loop-label xilinx-label-all-loops,xilinx-aggregate-on-hls-vector,,xilinx-warn-mayneed-no-ctor-attribute C:/Users/sfv02/Documents/TEC/Maestria/2026-2C/Alto_Nivel/Evaluaciones_Cortas/3-HLS/MP6160_grupo_5/hls/rgb2gray_hls_work/rgb2gray_hls/solution/.autopilot/db/rgb2gray_kernel.pp.0.cpp std=c++14 -target fpga  
INFO-FLOW: run_clang exec: C:/Xilinx/Vitis_HLS/2024.1/win64/tools/clang-3.9-csynth/bin/clang-tidy -export-fixes=C:/Users/sfv02/Documents/TEC/Maestria/2026-2C/Alto_Nivel/Evaluaciones_Cortas/3-HLS/MP6160_grupo_5/hls/rgb2gray_hls_work/rgb2gray_hls/solution/.autopilot/db/rgb2gray_kernel.pp.0.cpp.clang-tidy.loop-label.diag.yml -header-filter=.* --checks=-*,xilinx-label-all-loops,xilinx-aggregate-on-hls-vector,,xilinx-warn-mayneed-no-ctor-attribute -fix-errors C:/Users/sfv02/Documents/TEC/Maestria/2026-2C/Alto_Nivel/Evaluaciones_Cortas/3-HLS/MP6160_grupo_5/hls/rgb2gray_hls_work/rgb2gray_hls/solution/.autopilot/db/rgb2gray_kernel.pp.0.cpp -- -std=c++14 -target fpga -fhls -ferror-limit=0 > C:/Users/sfv02/Documents/TEC/Maestria/2026-2C/Alto_Nivel/Evaluaciones_Cortas/3-HLS/MP6160_grupo_5/hls/rgb2gray_hls_work/rgb2gray_hls/solution/.autopilot/db/rgb2gray_kernel.pp.0.cpp.clang-tidy.loop-label.out.log 2> C:/Users/sfv02/Documents/TEC/Maestria/2026-2C/Alto_Nivel/Evaluaciones_Cortas/3-HLS/MP6160_grupo_5/hls/rgb2gray_hls_work/rgb2gray_hls/solution/.autopilot/db/rgb2gray_kernel.pp.0.cpp.clang-tidy.loop-label.err.log
Execute           source C:/Xilinx/Vitis_HLS/2024.1/tps/tcl/tcllib1.11.1/yaml/yaml.tcl 
Command         clang_tidy done; 0.991 sec.
INFO-FLOW: run_clang exec: C:/Xilinx/Vitis_HLS/2024.1/win64/tools/clang-3.9-csynth/bin/xilinx-dataflow-lawyer -export-fixes=C:/Users/sfv02/Documents/TEC/Maestria/2026-2C/Alto_Nivel/Evaluaciones_Cortas/3-HLS/MP6160_grupo_5/hls/rgb2gray_hls_work/rgb2gray_hls/solution/.autopilot/db/rgb2gray_kernel.pp.0.cpp.xilinx-dataflow-lawyer.diag.yml C:/Users/sfv02/Documents/TEC/Maestria/2026-2C/Alto_Nivel/Evaluaciones_Cortas/3-HLS/MP6160_grupo_5/hls/rgb2gray_hls_work/rgb2gray_hls/solution/.autopilot/db/rgb2gray_kernel.pp.0.cpp -- -std=c++14 -target fpga -fhls -ferror-limit=0 -fstrict-dataflow > C:/Users/sfv02/Documents/TEC/Maestria/2026-2C/Alto_Nivel/Evaluaciones_Cortas/3-HLS/MP6160_grupo_5/hls/rgb2gray_hls_work/rgb2gray_hls/solution/.autopilot/db/rgb2gray_kernel.pp.0.cpp.xilinx-dataflow-lawyer.out.log 2> C:/Users/sfv02/Documents/TEC/Maestria/2026-2C/Alto_Nivel/Evaluaciones_Cortas/3-HLS/MP6160_grupo_5/hls/rgb2gray_hls_work/rgb2gray_hls/solution/.autopilot/db/rgb2gray_kernel.pp.0.cpp.xilinx-dataflow-lawyer.err.log
Execute         ap_part_info -name xcvc1902-vsva2197-2MP-e-S -data info 
INFO-FLOW: compiling source code to llvm bc
INFO-FLOW: run_clang exec: C:/Xilinx/Vitis_HLS/2024.1/win64/tools/clang-3.9-csynth/bin/clang -foptimization-record-file=C:/Users/sfv02/Documents/TEC/Maestria/2026-2C/Alto_Nivel/Evaluaciones_Cortas/3-HLS/MP6160_grupo_5/hls/rgb2gray_hls_work/rgb2gray_hls/solution/.autopilot/db/rgb2gray_kernel.pp.0.cpp.clang.diag.yml -mllvm -pass-remarks-missed=reflow|pasta|unroll -mllvm -pass-remarks=reflow|pasta|unroll|inline -fno-limit-debug-info -fhls -flto -fno-exceptions -Wno-error=c++11-narrowing -hls-emit-hint-scope C:/Users/sfv02/Documents/TEC/Maestria/2026-2C/Alto_Nivel/Evaluaciones_Cortas/3-HLS/MP6160_grupo_5/hls/rgb2gray_hls_work/rgb2gray_hls/solution/.autopilot/db/rgb2gray_kernel.pp.0.cpp --std=c++14 -fno-math-errno -c -emit-llvm -mllvm -disable-llvm-optzns -Werror=implicit-function-declaration -Werror=implicit-hls-streams -Werror=return-type -Wpragmas -Wunused-parameter -Wdump-hls-pragmas -Wno-error=dump-hls-pragmas -hls-clock-period=4 -fno-threadsafe-statics -fno-use-cxa-atexit -target fpga64-xilinx-linux-gnu -D__VITIS_HLS__ -DAESL_SYN -D__SYNTHESIS__ -D__HLS_SYN__ -I C:/Xilinx/Vitis_HLS/2024.1/common/technology/autopilot -I C:/Xilinx/Vitis_HLS/2024.1/common/technology/autopilot/ap_sysc -include etc/autopilot_ssdm_op.h -D__DSP58_PRIMARY__ -g -o C:/Users/sfv02/Documents/TEC/Maestria/2026-2C/Alto_Nivel/Evaluaciones_Cortas/3-HLS/MP6160_grupo_5/hls/rgb2gray_hls_work/rgb2gray_hls/solution/.autopilot/db/rgb2gray_kernel.bc {-hls-platform-db-name=C:/Xilinx/Vitis_HLS/2024.1\common/technology\xilinx/common/platform.db} -hls-platform-name=versal_medium -device-resource-info=BRAM_1934.000000_DSP_1968.000000_FF_1799680.000000_LUT_899840.000000_SLICE_112480.000000_URAM_463.000000 -device-name-info=xcvc1902-vsva2197-2MP-e-S > C:/Users/sfv02/Documents/TEC/Maestria/2026-2C/Alto_Nivel/Evaluaciones_Cortas/3-HLS/MP6160_grupo_5/hls/rgb2gray_hls_work/rgb2gray_hls/solution/.autopilot/db/rgb2gray_kernel.pp.0.cpp.clang.out.log 2> C:/Users/sfv02/Documents/TEC/Maestria/2026-2C/Alto_Nivel/Evaluaciones_Cortas/3-HLS/MP6160_grupo_5/hls/rgb2gray_hls_work/rgb2gray_hls/solution/.autopilot/db/rgb2gray_kernel.pp.0.cpp.clang.err.log
INFO: [HLS 200-111] Finished Source Code Analysis and Preprocessing: CPU user time: 0 seconds. CPU system time: 0 seconds. Elapsed time: 5.117 seconds; current allocated memory: 242.602 MB.
INFO-FLOW: Linking Debug ...
INFO-FLOW: Linking dut bc code.
Execute         run_link_or_opt -out C:/Users/sfv02/Documents/TEC/Maestria/2026-2C/Alto_Nivel/Evaluaciones_Cortas/3-HLS/MP6160_grupo_5/hls/rgb2gray_hls_work/rgb2gray_hls/solution/.autopilot/db/a.g.ld.0.bc -args  "C:/Users/sfv02/Documents/TEC/Maestria/2026-2C/Alto_Nivel/Evaluaciones_Cortas/3-HLS/MP6160_grupo_5/hls/rgb2gray_hls_work/rgb2gray_hls/solution/.autopilot/db/rgb2gray_kernel.g.bc"  
INFO-FLOW: run_clang exec: C:/Xilinx/Vitis_HLS/2024.1/win64/tools/clang-3.9-csynth/bin/llvm-link C:/Users/sfv02/Documents/TEC/Maestria/2026-2C/Alto_Nivel/Evaluaciones_Cortas/3-HLS/MP6160_grupo_5/hls/rgb2gray_hls_work/rgb2gray_hls/solution/.autopilot/db/rgb2gray_kernel.g.bc -o C:/Users/sfv02/Documents/TEC/Maestria/2026-2C/Alto_Nivel/Evaluaciones_Cortas/3-HLS/MP6160_grupo_5/hls/rgb2gray_hls_work/rgb2gray_hls/solution/.autopilot/db/a.g.ld.0.bc > C:/Users/sfv02/Documents/TEC/Maestria/2026-2C/Alto_Nivel/Evaluaciones_Cortas/3-HLS/MP6160_grupo_5/hls/rgb2gray_hls_work/rgb2gray_hls/solution/.autopilot/db/a.g.ld.0.bc.llvm-link.out.log 2> C:/Users/sfv02/Documents/TEC/Maestria/2026-2C/Alto_Nivel/Evaluaciones_Cortas/3-HLS/MP6160_grupo_5/hls/rgb2gray_hls_work/rgb2gray_hls/solution/.autopilot/db/a.g.ld.0.bc.llvm-link.err.log
INFO-FLOW: 
Execute         run_link_or_opt -opt -out C:/Users/sfv02/Documents/TEC/Maestria/2026-2C/Alto_Nivel/Evaluaciones_Cortas/3-HLS/MP6160_grupo_5/hls/rgb2gray_hls_work/rgb2gray_hls/solution/.autopilot/db/a.g.ld.1.lower.bc -args C:/Users/sfv02/Documents/TEC/Maestria/2026-2C/Alto_Nivel/Evaluaciones_Cortas/3-HLS/MP6160_grupo_5/hls/rgb2gray_hls_work/rgb2gray_hls/solution/.autopilot/db/a.g.ld.0.bc -reflow-lower-math-intrinsics 
INFO-FLOW: run_clang exec: C:/Xilinx/Vitis_HLS/2024.1/win64/tools/clang-3.9-csynth/bin/opt -pass-remarks-missed=reflow|pasta|unroll -pass-remarks=reflow|pasta|unroll|inline -pass-remarks-output=C:/Users/sfv02/Documents/TEC/Maestria/2026-2C/Alto_Nivel/Evaluaciones_Cortas/3-HLS/MP6160_grupo_5/hls/rgb2gray_hls_work/rgb2gray_hls/solution/.autopilot/db/a.g.ld.1.lower.bc.opt.diag.yml C:/Users/sfv02/Documents/TEC/Maestria/2026-2C/Alto_Nivel/Evaluaciones_Cortas/3-HLS/MP6160_grupo_5/hls/rgb2gray_hls_work/rgb2gray_hls/solution/.autopilot/db/a.g.ld.0.bc -reflow-lower-math-intrinsics -o C:/Users/sfv02/Documents/TEC/Maestria/2026-2C/Alto_Nivel/Evaluaciones_Cortas/3-HLS/MP6160_grupo_5/hls/rgb2gray_hls_work/rgb2gray_hls/solution/.autopilot/db/a.g.ld.1.lower.bc > C:/Users/sfv02/Documents/TEC/Maestria/2026-2C/Alto_Nivel/Evaluaciones_Cortas/3-HLS/MP6160_grupo_5/hls/rgb2gray_hls_work/rgb2gray_hls/solution/.autopilot/db/a.g.ld.1.lower.bc.opt.out.log 2> C:/Users/sfv02/Documents/TEC/Maestria/2026-2C/Alto_Nivel/Evaluaciones_Cortas/3-HLS/MP6160_grupo_5/hls/rgb2gray_hls_work/rgb2gray_hls/solution/.autopilot/db/a.g.ld.1.lower.bc.opt.err.log
INFO-FLOW: 
INFO-FLOW: Running: gen_design_size_report post-opt
INFO-FLOW: Done: gen_design_size_report post-opt time: 0 seconds per iteration
INFO-FLOW: Linking math bc lib
Execute         run_link_or_opt -out C:/Users/sfv02/Documents/TEC/Maestria/2026-2C/Alto_Nivel/Evaluaciones_Cortas/3-HLS/MP6160_grupo_5/hls/rgb2gray_hls_work/rgb2gray_hls/solution/.autopilot/db/a.g.ld.2.m1.bc -args C:/Users/sfv02/Documents/TEC/Maestria/2026-2C/Alto_Nivel/Evaluaciones_Cortas/3-HLS/MP6160_grupo_5/hls/rgb2gray_hls_work/rgb2gray_hls/solution/.autopilot/db/a.g.ld.1.lower.bc -only-needed C:/Xilinx/Vitis_HLS/2024.1/win64/lib/libhlsm_39.bc C:/Xilinx/Vitis_HLS/2024.1/win64/lib/libhlsmc++_39.bc 
INFO-FLOW: run_clang exec: C:/Xilinx/Vitis_HLS/2024.1/win64/tools/clang-3.9-csynth/bin/llvm-link C:/Users/sfv02/Documents/TEC/Maestria/2026-2C/Alto_Nivel/Evaluaciones_Cortas/3-HLS/MP6160_grupo_5/hls/rgb2gray_hls_work/rgb2gray_hls/solution/.autopilot/db/a.g.ld.1.lower.bc -only-needed C:/Xilinx/Vitis_HLS/2024.1/win64/lib/libhlsm_39.bc C:/Xilinx/Vitis_HLS/2024.1/win64/lib/libhlsmc++_39.bc -o C:/Users/sfv02/Documents/TEC/Maestria/2026-2C/Alto_Nivel/Evaluaciones_Cortas/3-HLS/MP6160_grupo_5/hls/rgb2gray_hls_work/rgb2gray_hls/solution/.autopilot/db/a.g.ld.2.m1.bc > C:/Users/sfv02/Documents/TEC/Maestria/2026-2C/Alto_Nivel/Evaluaciones_Cortas/3-HLS/MP6160_grupo_5/hls/rgb2gray_hls_work/rgb2gray_hls/solution/.autopilot/db/a.g.ld.2.m1.bc.llvm-link.out.log 2> C:/Users/sfv02/Documents/TEC/Maestria/2026-2C/Alto_Nivel/Evaluaciones_Cortas/3-HLS/MP6160_grupo_5/hls/rgb2gray_hls_work/rgb2gray_hls/solution/.autopilot/db/a.g.ld.2.m1.bc.llvm-link.err.log
INFO-FLOW: 
Command         run_link_or_opt done; 1.88 sec.
Execute         run_link_or_opt -opt -out C:/Users/sfv02/Documents/TEC/Maestria/2026-2C/Alto_Nivel/Evaluaciones_Cortas/3-HLS/MP6160_grupo_5/hls/rgb2gray_hls_work/rgb2gray_hls/solution/.autopilot/db/a.g.ld.3.fpc.bc -args C:/Users/sfv02/Documents/TEC/Maestria/2026-2C/Alto_Nivel/Evaluaciones_Cortas/3-HLS/MP6160_grupo_5/hls/rgb2gray_hls_work/rgb2gray_hls/solution/.autopilot/db/a.g.ld.2.m1.bc -reflow-globaldce -hls-top-function-name=rgb2gray_top -reflow-float-conversion 
INFO-FLOW: run_clang exec: C:/Xilinx/Vitis_HLS/2024.1/win64/tools/clang-3.9-csynth/bin/opt -pass-remarks-missed=reflow|pasta|unroll -pass-remarks=reflow|pasta|unroll|inline -pass-remarks-output=C:/Users/sfv02/Documents/TEC/Maestria/2026-2C/Alto_Nivel/Evaluaciones_Cortas/3-HLS/MP6160_grupo_5/hls/rgb2gray_hls_work/rgb2gray_hls/solution/.autopilot/db/a.g.ld.3.fpc.bc.opt.diag.yml C:/Users/sfv02/Documents/TEC/Maestria/2026-2C/Alto_Nivel/Evaluaciones_Cortas/3-HLS/MP6160_grupo_5/hls/rgb2gray_hls_work/rgb2gray_hls/solution/.autopilot/db/a.g.ld.2.m1.bc -reflow-globaldce -hls-top-function-name=rgb2gray_top -reflow-float-conversion -o C:/Users/sfv02/Documents/TEC/Maestria/2026-2C/Alto_Nivel/Evaluaciones_Cortas/3-HLS/MP6160_grupo_5/hls/rgb2gray_hls_work/rgb2gray_hls/solution/.autopilot/db/a.g.ld.3.fpc.bc > C:/Users/sfv02/Documents/TEC/Maestria/2026-2C/Alto_Nivel/Evaluaciones_Cortas/3-HLS/MP6160_grupo_5/hls/rgb2gray_hls_work/rgb2gray_hls/solution/.autopilot/db/a.g.ld.3.fpc.bc.opt.out.log 2> C:/Users/sfv02/Documents/TEC/Maestria/2026-2C/Alto_Nivel/Evaluaciones_Cortas/3-HLS/MP6160_grupo_5/hls/rgb2gray_hls_work/rgb2gray_hls/solution/.autopilot/db/a.g.ld.3.fpc.bc.opt.err.log
INFO-FLOW: 
INFO-FLOW: Running: gen_design_size_report post-opt
INFO-FLOW: Done: gen_design_size_report post-opt time: 0 seconds per iteration
Command         run_link_or_opt done; 0.797 sec.
Execute         run_link_or_opt -out C:/Users/sfv02/Documents/TEC/Maestria/2026-2C/Alto_Nivel/Evaluaciones_Cortas/3-HLS/MP6160_grupo_5/hls/rgb2gray_hls_work/rgb2gray_hls/solution/.autopilot/db/a.g.ld.4.m2.bc -args C:/Users/sfv02/Documents/TEC/Maestria/2026-2C/Alto_Nivel/Evaluaciones_Cortas/3-HLS/MP6160_grupo_5/hls/rgb2gray_hls_work/rgb2gray_hls/solution/.autopilot/db/a.g.ld.3.fpc.bc -only-needed C:/Xilinx/Vitis_HLS/2024.1/win64/lib/libfloatconversion_39.bc 
INFO-FLOW: run_clang exec: C:/Xilinx/Vitis_HLS/2024.1/win64/tools/clang-3.9-csynth/bin/llvm-link C:/Users/sfv02/Documents/TEC/Maestria/2026-2C/Alto_Nivel/Evaluaciones_Cortas/3-HLS/MP6160_grupo_5/hls/rgb2gray_hls_work/rgb2gray_hls/solution/.autopilot/db/a.g.ld.3.fpc.bc -only-needed C:/Xilinx/Vitis_HLS/2024.1/win64/lib/libfloatconversion_39.bc -o C:/Users/sfv02/Documents/TEC/Maestria/2026-2C/Alto_Nivel/Evaluaciones_Cortas/3-HLS/MP6160_grupo_5/hls/rgb2gray_hls_work/rgb2gray_hls/solution/.autopilot/db/a.g.ld.4.m2.bc > C:/Users/sfv02/Documents/TEC/Maestria/2026-2C/Alto_Nivel/Evaluaciones_Cortas/3-HLS/MP6160_grupo_5/hls/rgb2gray_hls_work/rgb2gray_hls/solution/.autopilot/db/a.g.ld.4.m2.bc.llvm-link.out.log 2> C:/Users/sfv02/Documents/TEC/Maestria/2026-2C/Alto_Nivel/Evaluaciones_Cortas/3-HLS/MP6160_grupo_5/hls/rgb2gray_hls_work/rgb2gray_hls/solution/.autopilot/db/a.g.ld.4.m2.bc.llvm-link.err.log
INFO-FLOW: 
Execute         run_link_or_opt -opt -out C:/Users/sfv02/Documents/TEC/Maestria/2026-2C/Alto_Nivel/Evaluaciones_Cortas/3-HLS/MP6160_grupo_5/hls/rgb2gray_hls_work/rgb2gray_hls/solution/.autopilot/db/a.g.ld.5.gdce.bc -args C:/Users/sfv02/Documents/TEC/Maestria/2026-2C/Alto_Nivel/Evaluaciones_Cortas/3-HLS/MP6160_grupo_5/hls/rgb2gray_hls_work/rgb2gray_hls/solution/.autopilot/db/a.g.ld.4.m2.bc -reflow-globaldce -hls-top-function-name=rgb2gray_top 
INFO-FLOW: run_clang exec: C:/Xilinx/Vitis_HLS/2024.1/win64/tools/clang-3.9-csynth/bin/opt -pass-remarks-missed=reflow|pasta|unroll -pass-remarks=reflow|pasta|unroll|inline -pass-remarks-output=C:/Users/sfv02/Documents/TEC/Maestria/2026-2C/Alto_Nivel/Evaluaciones_Cortas/3-HLS/MP6160_grupo_5/hls/rgb2gray_hls_work/rgb2gray_hls/solution/.autopilot/db/a.g.ld.5.gdce.bc.opt.diag.yml C:/Users/sfv02/Documents/TEC/Maestria/2026-2C/Alto_Nivel/Evaluaciones_Cortas/3-HLS/MP6160_grupo_5/hls/rgb2gray_hls_work/rgb2gray_hls/solution/.autopilot/db/a.g.ld.4.m2.bc -reflow-globaldce -hls-top-function-name=rgb2gray_top -o C:/Users/sfv02/Documents/TEC/Maestria/2026-2C/Alto_Nivel/Evaluaciones_Cortas/3-HLS/MP6160_grupo_5/hls/rgb2gray_hls_work/rgb2gray_hls/solution/.autopilot/db/a.g.ld.5.gdce.bc > C:/Users/sfv02/Documents/TEC/Maestria/2026-2C/Alto_Nivel/Evaluaciones_Cortas/3-HLS/MP6160_grupo_5/hls/rgb2gray_hls_work/rgb2gray_hls/solution/.autopilot/db/a.g.ld.5.gdce.bc.opt.out.log 2> C:/Users/sfv02/Documents/TEC/Maestria/2026-2C/Alto_Nivel/Evaluaciones_Cortas/3-HLS/MP6160_grupo_5/hls/rgb2gray_hls_work/rgb2gray_hls/solution/.autopilot/db/a.g.ld.5.gdce.bc.opt.err.log
INFO-FLOW: 
INFO-FLOW: Running: gen_design_size_report post-opt
INFO-FLOW: Done: gen_design_size_report post-opt time: 0 seconds per iteration
Execute         send_msg_by_id INFO @200-777@%s Vitis 
INFO: [HLS 200-777] Using interface defaults for 'Vitis' flow target.
Execute         is_m_axi_addr64 
INFO-FLOW: Doing LTO.
INFO-FLOW: run_clang (background poll_ms 5000) exec: C:/Xilinx/Vitis_HLS/2024.1/win64/tools/clang-3.9-csynth/bin/clang -foptimization-record-file=C:/Users/sfv02/Documents/TEC/Maestria/2026-2C/Alto_Nivel/Evaluaciones_Cortas/3-HLS/MP6160_grupo_5/hls/rgb2gray_hls_work/rgb2gray_hls/solution/.autopilot/db/a.g.ld.0.bc.clang.reflow.diag.yml -mllvm -pass-remarks-missed=reflow|pasta|unroll -mllvm -pass-remarks=reflow|pasta|unroll|inline -fhls -mllvm -hls-top-function-name=rgb2gray_top -mllvm -hls-db-dir -mllvm C:/Users/sfv02/Documents/TEC/Maestria/2026-2C/Alto_Nivel/Evaluaciones_Cortas/3-HLS/MP6160_grupo_5/hls/rgb2gray_hls_work/rgb2gray_hls/solution/.autopilot/db -emit-llvm -c -target fpga64-xilinx-none -mllvm -xcl-xmlinfo=C:/Users/sfv02/Documents/TEC/Maestria/2026-2C/Alto_Nivel/Evaluaciones_Cortas/3-HLS/MP6160_grupo_5/hls/rgb2gray_hls_work/rgb2gray_hls/solution/.autopilot/db/../../../kernel.xml -mllvm -top-io-mapping-info=C:/Users/sfv02/Documents/TEC/Maestria/2026-2C/Alto_Nivel/Evaluaciones_Cortas/3-HLS/MP6160_grupo_5/hls/rgb2gray_hls_work/rgb2gray_hls/solution/.autopilot/db/top-io-fe.xml -mllvm -hls-bitcode-version=3.1 -mllvm -reflow-enable-slave-interface-default-setting=true -mllvm -gen-kernel-xml=true -mllvm -default-maxi-offset=slave -mllvm -maxi-latency=64 -mllvm -hls-maxi-data-size-in-bits=8 -mllvm -hls-maxi-max-data-size-in-bits=1024 -mllvm -hls-max-widen-size-in-bits=512 -mllvm -xcl-kernel-max-mem-ports=0 -mllvm -maxi-read-trans=16 -mllvm -maxi-write-trans=16 -mllvm -maxi-read-burst-len=16 -mllvm -maxi-write-burst-len=16 -mllvm -reflow-enable-saxi-64bits=0 -mllvm -reflow-basic-block-instr-threshold=200000 -mllvm -reflow-auto-pipeline-threshold=64 -mllvm -reflow-enable-maxi-auto-id-channel=0 -mllvm -enable-fp-thr=0 -mllvm -reflow-bdd-simplify-threshold=1048576 -mllvm -reflow-fanout-threshold=16 -mllvm -reflow-complete-threshold=4 -mllvm -reflow-array-promotion-threshold=64 -mllvm -assume-maxi-align=64 -mllvm -reflow-enable-dataflow-strict-mode-checking=1 -ftime-report -mllvm -time-passes -mllvm -reflow-auto-array-partition-mode=default -mllvm -reflow-enable-auto-small-array-partition=true -mllvm -reflow-enable-auto-array-partition-for-flatten=true -mllvm -reflow-enable-auto-parallel-performance-driven=true -mllvm -reflow-enable-partition-for-automation=true -mllvm -reflow-aggregate-bitwidth-threshold=4096 -mllvm -reflow-reserved-saxilite-registers=0 -mllvm -enable-reflow-auto-loop-pipeline -mllvm -reflow-max-unroll-threshold=409600 -mllvm -auto-unroll-tripcount-threshold=0 -mllvm -reflow-assume-no-address-wrap=true -mllvm -reflow-enable-occurrence-inference=true -mllvm -reflow-emit-hint-scope=true -mllvm -reflow-enable-codegen-with-if=true -mllvm -hls -mllvm -disable-inlined-alloca-merging=true -mllvm -enable-reflow-vitis-flow-setting=true -mllvm -default-clock-period=4 -mllvm -use_read_first_ram_in_loop=1 -mllvm -default-clock-uncertainty=1.08 -x ir C:/Users/sfv02/Documents/TEC/Maestria/2026-2C/Alto_Nivel/Evaluaciones_Cortas/3-HLS/MP6160_grupo_5/hls/rgb2gray_hls_work/rgb2gray_hls/solution/.autopilot/db/a.g.ld.5.gdce.bc -o C:/Users/sfv02/Documents/TEC/Maestria/2026-2C/Alto_Nivel/Evaluaciones_Cortas/3-HLS/MP6160_grupo_5/hls/rgb2gray_hls_work/rgb2gray_hls/solution/.autopilot/db/a.g.lto.bc {-hls-platform-db-name=C:/Xilinx/Vitis_HLS/2024.1\common/technology\xilinx/common/platform.db} -hls-platform-name=versal_medium -device-resource-info=BRAM_1934.000000_DSP_1968.000000_FF_1799680.000000_LUT_899840.000000_SLICE_112480.000000_URAM_463.000000 -device-name-info=xcvc1902-vsva2197-2MP-e-S 2> C:/Users/sfv02/Documents/TEC/Maestria/2026-2C/Alto_Nivel/Evaluaciones_Cortas/3-HLS/MP6160_grupo_5/hls/rgb2gray_hls_work/rgb2gray_hls/solution/.autopilot/db/a.g.ld.0.bc.clang.reflow.err.log bg_poll_cmd: ::AP::poll_clang_39_closed_source
Execute         send_msg_by_id INFO @200-1995@%s%s%s 1,822 Compile/Link C:/Users/sfv02/Documents/TEC/Maestria/2026-2C/Alto_Nivel/Evaluaciones_Cortas/3-HLS/MP6160_grupo_5/hls/rgb2gray_hls_work/rgb2gray_hls/solution/syn/report/csynth_design_size.rpt 
INFO: [HLS 200-1995] There were 1,822 instructions in the design after the 'Compile/Link' phase of compilation. See the Design Size Report for more details: C:/Users/sfv02/Documents/TEC/Maestria/2026-2C/Alto_Nivel/Evaluaciones_Cortas/3-HLS/MP6160_grupo_5/hls/rgb2gray_hls_work/rgb2gray_hls/solution/syn/report/csynth_design_size.rpt
Execute         send_msg_by_id INFO @200-1995@%s%s%s 119 Unroll/Inline (step 1) C:/Users/sfv02/Documents/TEC/Maestria/2026-2C/Alto_Nivel/Evaluaciones_Cortas/3-HLS/MP6160_grupo_5/hls/rgb2gray_hls_work/rgb2gray_hls/solution/syn/report/csynth_design_size.rpt 
INFO: [HLS 200-1995] There were 119 instructions in the design after the 'Unroll/Inline (step 1)' phase of compilation. See the Design Size Report for more details: C:/Users/sfv02/Documents/TEC/Maestria/2026-2C/Alto_Nivel/Evaluaciones_Cortas/3-HLS/MP6160_grupo_5/hls/rgb2gray_hls_work/rgb2gray_hls/solution/syn/report/csynth_design_size.rpt
Execute         send_msg_by_id INFO @200-1995@%s%s%s 104 Unroll/Inline (step 2) C:/Users/sfv02/Documents/TEC/Maestria/2026-2C/Alto_Nivel/Evaluaciones_Cortas/3-HLS/MP6160_grupo_5/hls/rgb2gray_hls_work/rgb2gray_hls/solution/syn/report/csynth_design_size.rpt 
INFO: [HLS 200-1995] There were 104 instructions in the design after the 'Unroll/Inline (step 2)' phase of compilation. See the Design Size Report for more details: C:/Users/sfv02/Documents/TEC/Maestria/2026-2C/Alto_Nivel/Evaluaciones_Cortas/3-HLS/MP6160_grupo_5/hls/rgb2gray_hls_work/rgb2gray_hls/solution/syn/report/csynth_design_size.rpt
Execute         send_msg_by_id INFO @200-1995@%s%s%s 111 Unroll/Inline (step 3) C:/Users/sfv02/Documents/TEC/Maestria/2026-2C/Alto_Nivel/Evaluaciones_Cortas/3-HLS/MP6160_grupo_5/hls/rgb2gray_hls_work/rgb2gray_hls/solution/syn/report/csynth_design_size.rpt 
INFO: [HLS 200-1995] There were 111 instructions in the design after the 'Unroll/Inline (step 3)' phase of compilation. See the Design Size Report for more details: C:/Users/sfv02/Documents/TEC/Maestria/2026-2C/Alto_Nivel/Evaluaciones_Cortas/3-HLS/MP6160_grupo_5/hls/rgb2gray_hls_work/rgb2gray_hls/solution/syn/report/csynth_design_size.rpt
Execute         send_msg_by_id INFO @200-1995@%s%s%s 106 Unroll/Inline (step 4) C:/Users/sfv02/Documents/TEC/Maestria/2026-2C/Alto_Nivel/Evaluaciones_Cortas/3-HLS/MP6160_grupo_5/hls/rgb2gray_hls_work/rgb2gray_hls/solution/syn/report/csynth_design_size.rpt 
INFO: [HLS 200-1995] There were 106 instructions in the design after the 'Unroll/Inline (step 4)' phase of compilation. See the Design Size Report for more details: C:/Users/sfv02/Documents/TEC/Maestria/2026-2C/Alto_Nivel/Evaluaciones_Cortas/3-HLS/MP6160_grupo_5/hls/rgb2gray_hls_work/rgb2gray_hls/solution/syn/report/csynth_design_size.rpt
Execute         send_msg_by_id INFO @200-1995@%s%s%s 97 Array/Struct (step 1) C:/Users/sfv02/Documents/TEC/Maestria/2026-2C/Alto_Nivel/Evaluaciones_Cortas/3-HLS/MP6160_grupo_5/hls/rgb2gray_hls_work/rgb2gray_hls/solution/syn/report/csynth_design_size.rpt 
INFO: [HLS 200-1995] There were 97 instructions in the design after the 'Array/Struct (step 1)' phase of compilation. See the Design Size Report for more details: C:/Users/sfv02/Documents/TEC/Maestria/2026-2C/Alto_Nivel/Evaluaciones_Cortas/3-HLS/MP6160_grupo_5/hls/rgb2gray_hls_work/rgb2gray_hls/solution/syn/report/csynth_design_size.rpt
Execute         send_msg_by_id INFO @200-1995@%s%s%s 97 Array/Struct (step 2) C:/Users/sfv02/Documents/TEC/Maestria/2026-2C/Alto_Nivel/Evaluaciones_Cortas/3-HLS/MP6160_grupo_5/hls/rgb2gray_hls_work/rgb2gray_hls/solution/syn/report/csynth_design_size.rpt 
INFO: [HLS 200-1995] There were 97 instructions in the design after the 'Array/Struct (step 2)' phase of compilation. See the Design Size Report for more details: C:/Users/sfv02/Documents/TEC/Maestria/2026-2C/Alto_Nivel/Evaluaciones_Cortas/3-HLS/MP6160_grupo_5/hls/rgb2gray_hls_work/rgb2gray_hls/solution/syn/report/csynth_design_size.rpt
Execute         send_msg_by_id INFO @200-1995@%s%s%s 99 Array/Struct (step 3) C:/Users/sfv02/Documents/TEC/Maestria/2026-2C/Alto_Nivel/Evaluaciones_Cortas/3-HLS/MP6160_grupo_5/hls/rgb2gray_hls_work/rgb2gray_hls/solution/syn/report/csynth_design_size.rpt 
INFO: [HLS 200-1995] There were 99 instructions in the design after the 'Array/Struct (step 3)' phase of compilation. See the Design Size Report for more details: C:/Users/sfv02/Documents/TEC/Maestria/2026-2C/Alto_Nivel/Evaluaciones_Cortas/3-HLS/MP6160_grupo_5/hls/rgb2gray_hls_work/rgb2gray_hls/solution/syn/report/csynth_design_size.rpt
Execute         send_msg_by_id INFO @200-1995@%s%s%s 135 Array/Struct (step 4) C:/Users/sfv02/Documents/TEC/Maestria/2026-2C/Alto_Nivel/Evaluaciones_Cortas/3-HLS/MP6160_grupo_5/hls/rgb2gray_hls_work/rgb2gray_hls/solution/syn/report/csynth_design_size.rpt 
INFO: [HLS 200-1995] There were 135 instructions in the design after the 'Array/Struct (step 4)' phase of compilation. See the Design Size Report for more details: C:/Users/sfv02/Documents/TEC/Maestria/2026-2C/Alto_Nivel/Evaluaciones_Cortas/3-HLS/MP6160_grupo_5/hls/rgb2gray_hls_work/rgb2gray_hls/solution/syn/report/csynth_design_size.rpt
Execute         send_msg_by_id INFO @200-1995@%s%s%s 139 Array/Struct (step 5) C:/Users/sfv02/Documents/TEC/Maestria/2026-2C/Alto_Nivel/Evaluaciones_Cortas/3-HLS/MP6160_grupo_5/hls/rgb2gray_hls_work/rgb2gray_hls/solution/syn/report/csynth_design_size.rpt 
INFO: [HLS 200-1995] There were 139 instructions in the design after the 'Array/Struct (step 5)' phase of compilation. See the Design Size Report for more details: C:/Users/sfv02/Documents/TEC/Maestria/2026-2C/Alto_Nivel/Evaluaciones_Cortas/3-HLS/MP6160_grupo_5/hls/rgb2gray_hls_work/rgb2gray_hls/solution/syn/report/csynth_design_size.rpt
Execute         send_msg_by_id INFO @200-1995@%s%s%s 139 Performance (step 1) C:/Users/sfv02/Documents/TEC/Maestria/2026-2C/Alto_Nivel/Evaluaciones_Cortas/3-HLS/MP6160_grupo_5/hls/rgb2gray_hls_work/rgb2gray_hls/solution/syn/report/csynth_design_size.rpt 
INFO: [HLS 200-1995] There were 139 instructions in the design after the 'Performance (step 1)' phase of compilation. See the Design Size Report for more details: C:/Users/sfv02/Documents/TEC/Maestria/2026-2C/Alto_Nivel/Evaluaciones_Cortas/3-HLS/MP6160_grupo_5/hls/rgb2gray_hls_work/rgb2gray_hls/solution/syn/report/csynth_design_size.rpt
Execute         send_msg_by_id INFO @200-1995@%s%s%s 139 Performance (step 2) C:/Users/sfv02/Documents/TEC/Maestria/2026-2C/Alto_Nivel/Evaluaciones_Cortas/3-HLS/MP6160_grupo_5/hls/rgb2gray_hls_work/rgb2gray_hls/solution/syn/report/csynth_design_size.rpt 
INFO: [HLS 200-1995] There were 139 instructions in the design after the 'Performance (step 2)' phase of compilation. See the Design Size Report for more details: C:/Users/sfv02/Documents/TEC/Maestria/2026-2C/Alto_Nivel/Evaluaciones_Cortas/3-HLS/MP6160_grupo_5/hls/rgb2gray_hls_work/rgb2gray_hls/solution/syn/report/csynth_design_size.rpt
Execute         send_msg_by_id INFO @200-1995@%s%s%s 138 Performance (step 3) C:/Users/sfv02/Documents/TEC/Maestria/2026-2C/Alto_Nivel/Evaluaciones_Cortas/3-HLS/MP6160_grupo_5/hls/rgb2gray_hls_work/rgb2gray_hls/solution/syn/report/csynth_design_size.rpt 
INFO: [HLS 200-1995] There were 138 instructions in the design after the 'Performance (step 3)' phase of compilation. See the Design Size Report for more details: C:/Users/sfv02/Documents/TEC/Maestria/2026-2C/Alto_Nivel/Evaluaciones_Cortas/3-HLS/MP6160_grupo_5/hls/rgb2gray_hls_work/rgb2gray_hls/solution/syn/report/csynth_design_size.rpt
Execute         send_msg_by_id INFO @200-1995@%s%s%s 138 Performance (step 4) C:/Users/sfv02/Documents/TEC/Maestria/2026-2C/Alto_Nivel/Evaluaciones_Cortas/3-HLS/MP6160_grupo_5/hls/rgb2gray_hls_work/rgb2gray_hls/solution/syn/report/csynth_design_size.rpt 
INFO: [HLS 200-1995] There were 138 instructions in the design after the 'Performance (step 4)' phase of compilation. See the Design Size Report for more details: C:/Users/sfv02/Documents/TEC/Maestria/2026-2C/Alto_Nivel/Evaluaciones_Cortas/3-HLS/MP6160_grupo_5/hls/rgb2gray_hls_work/rgb2gray_hls/solution/syn/report/csynth_design_size.rpt
Execute         send_msg_by_id INFO @200-1995@%s%s%s 138 HW Transforms (step 1) C:/Users/sfv02/Documents/TEC/Maestria/2026-2C/Alto_Nivel/Evaluaciones_Cortas/3-HLS/MP6160_grupo_5/hls/rgb2gray_hls_work/rgb2gray_hls/solution/syn/report/csynth_design_size.rpt 
INFO: [HLS 200-1995] There were 138 instructions in the design after the 'HW Transforms (step 1)' phase of compilation. See the Design Size Report for more details: C:/Users/sfv02/Documents/TEC/Maestria/2026-2C/Alto_Nivel/Evaluaciones_Cortas/3-HLS/MP6160_grupo_5/hls/rgb2gray_hls_work/rgb2gray_hls/solution/syn/report/csynth_design_size.rpt
Execute         send_msg_by_id INFO @200-1995@%s%s%s 141 HW Transforms (step 2) C:/Users/sfv02/Documents/TEC/Maestria/2026-2C/Alto_Nivel/Evaluaciones_Cortas/3-HLS/MP6160_grupo_5/hls/rgb2gray_hls_work/rgb2gray_hls/solution/syn/report/csynth_design_size.rpt 
INFO: [HLS 200-1995] There were 141 instructions in the design after the 'HW Transforms (step 2)' phase of compilation. See the Design Size Report for more details: C:/Users/sfv02/Documents/TEC/Maestria/2026-2C/Alto_Nivel/Evaluaciones_Cortas/3-HLS/MP6160_grupo_5/hls/rgb2gray_hls_work/rgb2gray_hls/solution/syn/report/csynth_design_size.rpt
INFO: [HLS 214-178] Inlining function 'rgb_to_gray_pixel(ap_uint<8>, ap_uint<8>, ap_uint<8>)' into 'process_gray(hls::stream<rgb_t, 0>&, hls::stream<ap_uint<8>, 0>&, ap_uint<32>)' (../rgb2gray_kernel.cpp:65:0)
INFO: [HLS 214-241] Aggregating fifo (hls::stream) variable 'stream_rgb' with compact=bit mode in 24-bits (../rgb2gray_kernel.cpp:134:21)
INFO: [HLS 214-115] Multiple burst reads of variable length and bit width 32 in loop 'load_loop'(../rgb2gray_kernel.cpp:37:13) has been inferred on bundle 'gmem_in'. These burst requests might be further partitioned into multiple requests during RTL generation, based on max_read_burst_length or max_write_burst_length settings. (../rgb2gray_kernel.cpp:37:18)
INFO-FLOW: DBG:PUTS: copy_raw_kernel_xml ap_link_39: copying raw kernel.xml: C:/Users/sfv02/Documents/TEC/Maestria/2026-2C/Alto_Nivel/Evaluaciones_Cortas/3-HLS/MP6160_grupo_5/hls/rgb2gray_hls_work/rgb2gray_hls/solution/.autopilot/db/../../../kernel.xml -> C:/Users/sfv02/Documents/TEC/Maestria/2026-2C/Alto_Nivel/Evaluaciones_Cortas/3-HLS/MP6160_grupo_5/hls/rgb2gray_hls_work/rgb2gray_hls/solution/.autopilot/db/kernel.internal.xml
INFO: [HLS 200-111] Finished Compiling Optimization and Transform: CPU user time: 0 seconds. CPU system time: 0 seconds. Elapsed time: 8.346 seconds; current allocated memory: 244.152 MB.
INFO: [HLS 200-111] Finished Checking Pragmas: CPU user time: 0 seconds. CPU system time: 0 seconds. Elapsed time: 0.009 seconds; current allocated memory: 244.152 MB.
Execute         opt_and_import_c a -opt_level=2 -skip_syncheck=0 -ng=0 -keep_printf=0 
Execute           cleanup_all_models 
INFO: [HLS 200-10] Starting code transformations ...
INFO-FLOW: Running Standard Transforms...
Execute           transform -hls -share-std-xform -demangle-name -inline-byval-memcpy -always-inline -promote-dbg-pointer -interface-preproc -mem2reg -scalarrepl -mem2reg -keep-read-access -instcombine -dce -promote-dbg-pointer -bitop-raise -loop-simplify -indvarspre -indvars -loop-simplify -constprop -instcombine -simplifycfg -indvars -simplifycfg -dce -globaldce -basicaa -simplifycfg -mem2reg -globalopt -global-constprop -deadargelim -instcombine -simplifycfg -scalarrepl -instcombine -reassociate -licm -simplifycfg -loop-simplify -indvars -instcombine -simplifycfg -mem2reg -loop-simplify -indvars -instcombine -gvn -gvn -instcombine -adce -break-crit-edges -simplifycfg -loop-delete -global-array-opt -dce -dse -adce -find-syn-modules -top rgb2gray_top -deadargelim -mem2reg -instcombine -dce -presyn-prepare -interface-preproc -syn-check -check-rec-only -find-region -simplifycfg -func-extr -function-inline -globaldce -mem2reg -instcombine -dce -gvn -globaldce -adce -adse -constprop -instcombine -bit-constprop -instcombine -dce -simplifycfg -bitop-raise -simplifycfg -dce -loop-delete -reassociate -globalopt -global-privatize -mem2reg -dce -global-constprop -pointer-simplify -constprop -dce -promote-dbg-pointer -norm-name C:/Users/sfv02/Documents/TEC/Maestria/2026-2C/Alto_Nivel/Evaluaciones_Cortas/3-HLS/MP6160_grupo_5/hls/rgb2gray_hls_work/rgb2gray_hls/solution/.autopilot/db/a.g.0.bc -o C:/Users/sfv02/Documents/TEC/Maestria/2026-2C/Alto_Nivel/Evaluaciones_Cortas/3-HLS/MP6160_grupo_5/hls/rgb2gray_hls_work/rgb2gray_hls/solution/.autopilot/db/a.g.1.bc -f -phase std-opt 
INFO: [HLS 200-111] Finished Standard Transforms: CPU user time: 0 seconds. CPU system time: 0 seconds. Elapsed time: 0.054 seconds; current allocated memory: 249.051 MB.
INFO: [HLS 200-10] Checking synthesizability ...
INFO-FLOW: Checking Synthesizability 1/2..
Execute           transform -hls -syn-check -check-rec-only -scalarrepl -norm-name -dce -mem2reg -instcombine -directive-preproc -mem2reg -dse -dce -dce -pag -array-normalize -instcombine -dce -array-seg-normalize -instcombine -dce -data-pack -instcombine -dce -inst-simplify -array-flatten -instcombine -dce -array-burst -dce -deadargelim -promote-global-argument -simplifycfg -mem2reg -globaldce -dce -deadargelim -dce -instcombine -function-inline -globaldce -dce -doublePtrSimplify -doublePtrElim -dce -doublePtrSimplify -promote-dbg-pointer -dce -scalarrepl -dse -adse -instcombine -ptrLegalization -simplifycfg -dce -instcombine -pointer-simplify -ptrArgReplace -dce -instcombine -resolve-double-ptr -scalarrepl -norm-name -dce -mem2reg -instcombine -ptrLegalization -simplifycfg -deadargelim -instcombine -dce -inst-simplify -directive-preproc -mem2reg -dse -dce -globaldce C:/Users/sfv02/Documents/TEC/Maestria/2026-2C/Alto_Nivel/Evaluaciones_Cortas/3-HLS/MP6160_grupo_5/hls/rgb2gray_hls_work/rgb2gray_hls/solution/.autopilot/db/a.g.1.bc -o C:/Users/sfv02/Documents/TEC/Maestria/2026-2C/Alto_Nivel/Evaluaciones_Cortas/3-HLS/MP6160_grupo_5/hls/rgb2gray_hls_work/rgb2gray_hls/solution/.autopilot/db/a.g.2.prechk.bc -f 
INFO-FLOW: Checking Synthesizability 2/2..
Execute           transform -syn-check C:/Users/sfv02/Documents/TEC/Maestria/2026-2C/Alto_Nivel/Evaluaciones_Cortas/3-HLS/MP6160_grupo_5/hls/rgb2gray_hls_work/rgb2gray_hls/solution/.autopilot/db/a.g.2.prechk.bc -o C:/Users/sfv02/Documents/TEC/Maestria/2026-2C/Alto_Nivel/Evaluaciones_Cortas/3-HLS/MP6160_grupo_5/hls/rgb2gray_hls_work/rgb2gray_hls/solution/.autopilot/db/a.g.2.bc -f -phase syn-check 
INFO: [HLS 200-111] Finished Checking Synthesizability: CPU user time: 0 seconds. CPU system time: 0 seconds. Elapsed time: 0.037 seconds; current allocated memory: 251.066 MB.
INFO-FLOW: Compiler optimizing ...
INFO-FLOW: Share syncheck's 1.bc for syn flow: copy C:/Users/sfv02/Documents/TEC/Maestria/2026-2C/Alto_Nivel/Evaluaciones_Cortas/3-HLS/MP6160_grupo_5/hls/rgb2gray_hls_work/rgb2gray_hls/solution/.autopilot/db/a.g.1.bc to C:/Users/sfv02/Documents/TEC/Maestria/2026-2C/Alto_Nivel/Evaluaciones_Cortas/3-HLS/MP6160_grupo_5/hls/rgb2gray_hls_work/rgb2gray_hls/solution/.autopilot/db/a.o.1.bc
INFO-FLOW: Presyn 1...
Execute           transform -hls -tmp C:/Users/sfv02/Documents/TEC/Maestria/2026-2C/Alto_Nivel/Evaluaciones_Cortas/3-HLS/MP6160_grupo_5/hls/rgb2gray_hls_work/rgb2gray_hls/solution/.autopilot/db -interface-port-rename -directive-preproc -mem2reg -dse -dce -scalarrepl -norm-name -deadargelim -mem2reg -instcombine -dce -simplifycfg -dce -resource-proc -clib-intrinsic-prepare -dce -func-buffer -dce -pag -array-normalize -func-legal -instcombine -gvn -constprop -dce -simplifycfg -mem2reg -globaldce -resolve-double-ptr -dce -deadargelim -dce -instcombine -ptrArgReplace -mem2reg -dce -array-seg-normalize -deadargelim -instcombine -dce -directive-preproc -mem2reg -dse -dce -pointer-simplify -dce -port-alignment -dce -interface-preproc -data-pack -instcombine -dce -basicaa -aggr-aa -aggrmodref-aa -aggr-aa -gvn -gvn -basicaa -aggr-aa -aggrmodref-aa -aggr-aa -dse -adse -adce -loop-simplify -indvars -instcombine -gvn -loop-simplify -mem2reg -dce -find-region -instcombine -inst-simplify -interface-preproc -cfgopt -instcombine -indvars -loop-simplify -loop-bound -constprop -instcombine -simplifycfg -indvars -simplifycfg -dce -globaldce -clean-region -attach-range -gvn -inst-simplify -constprop -simplifycfg -dce -pointer-simplify -dce -globalopt -constprop -dce -array-promote -constprop -dce -ptrArgReplace -mem2reg -simplifycfg -dce -instcombine -dce -array-transform-check -array-reshape -instcombine -simplifycfg -dce -ptrArgReplace -deadargelim -mem2reg -instcombine -simplifycfg -dce -indvars -loop-simplify -loop-bound -constprop -instcombine -simplifycfg -indvars -simplifycfg -dce -globaldce -basicaa -aggr-aa -aggrmodref-aa -aggr-aa -dse -duplicate-dataflow-processes -globaldce -instcombine -array-partition -prepare-dynamic-array-partition -instcombine -simplifycfg -dce -ptrArgReplace -global-constprop -deadargelim -mem2reg -func-legal -dce -global-constprop -deadargelim -mem2reg -simplifycfg -dce -merge-param -deadargelim -globalopt -constprop -dce -array-promote -constprop -dce -ptrArgReplace -mem2reg -simplifycfg -dce -mem-intrinsic-preproc -dce -global-internalize -global-privatize -mem2reg -globaldce -lcssa -loop-simplify -phi-select-elim -promote-global-argument -ptrArgReplace -mem2reg -dce -globalopt -mergereturn -simplify-global-access -mem2reg -dce -pointer-simplify -dce -basicaa -aggr-aa -aggrmodref-aa -aggr-aa -functionattrs -basicaa -aggr-aa -aggrmodref-aa -aggr-aa -gvn -gvn -basicaa -aggr-aa -aggrmodref-aa -aggr-aa -dse -adse -adce -dce -norm-name -basicaa -aggr-aa -aggrmodref-aa -aggr-aa -accesses-merge -function-inline -complex-op-raise -inst-simplify -globaldce -func-legal -dce -loop-bound -arraycheck -bitwidthmin2 -bitwidthmin2 -on-by-dataflow -loop-delete -instcombine -simplifycfg -globaldce -dce -gvn -deadargelim -dce -loop-simplify -clean-region -simplifycfg -propagate-stable-arguments -loop-stream -instcombine -simplifycfg -dce -globaldce -duplicate-dataflow-processes -stream-intrinsic-preproc -dce -check-ap-stream -loop-simplify -eliminate-keepreads -extract-dataflow-in-loop -loop-simplify -dce -gvn -deadargelim -dse -duplicate-dataflow-processes -check-dataflow-syntax -legalize-stream-variable -globaldce -legalize-global -extract-subproc -dce -dead-channel-elimination -canonicalize-gep -globaldce -dce -gvn -hls-dead-arg-elim -deadargelim -directive-preproc -canonicalize-dataflow -dce -globaldce -scalar-preprocessing -scalar-propagation2 -scalar-stream -deadargelim -globaldce -mem2reg -check-dataflow-channels -function-stream -dce -globaldce -prop-fifo-spec -internal-stream-gen -canonicalize-gep -globaldce -dce -gvn -deadargelim -mergereturn -indvars -loop-simplify -instcombine -array-stream -array-seg-normalize -array-partition -clean-array-spec -func-legal -instcombine -simplifycfg -dce -bundle-memfifo-ops -deadargelim -directive-preproc -mem2reg -dse -dce -group-axi-access -licm -simplifycfg -dce -loop-delete -hls-display -norm-name C:/Users/sfv02/Documents/TEC/Maestria/2026-2C/Alto_Nivel/Evaluaciones_Cortas/3-HLS/MP6160_grupo_5/hls/rgb2gray_hls_work/rgb2gray_hls/solution/.autopilot/db/a.o.1.bc -o C:/Users/sfv02/Documents/TEC/Maestria/2026-2C/Alto_Nivel/Evaluaciones_Cortas/3-HLS/MP6160_grupo_5/hls/rgb2gray_hls_work/rgb2gray_hls/solution/.autopilot/db/a.o.1.tmp.bc -f 
INFO: [XFORM 203-712] Applying dataflow to function 'rgb2gray_top' (../rgb2gray_kernel.cpp:114:1), detected/extracted 4 process function(s): 
	 'entry_proc'
	 'load_rgb'
	 'process_gray'
	 'store_gray'.
INFO-FLOW: Presyn 2...
Execute           transform -hls -keep-callgraph -scalarrepl -mem2reg -port-alignment -attach-range -dce -pipe-mux-gen -indvars -loop-bound -inst-simplify -instcombine -dce -merge-array-access -mem2reg -dce -clean-region -mergereturn -if-conv -instcombine -dce -constprop -basicaa -aggr-aa -aggrmodref-aa -aggr-aa -gvn -gvn -basicaa -aggr-aa -aggrmodref-aa -aggr-aa -dse -adse -adce -scalarrepl -mem2reg -global-constprop -deadargelim -deadargelim -instcombine -dce -simplifycfg -ptrArgReplace -mem2reg -function-inline -globaldce -mem2reg -instcombine -dce -expr-balance -instcombine -dce -bitwidthmin2 -bitwidthmin2 -interface-preproc -directive-preproc -inst-rectify -instcombine -dce -basicaa -aggr-aa -aggrmodref-aa -aggr-aa -functionattrs -constprop -instcombine -bit-constprop -simplify-global-access -globalopt -globaldce -inst-simplify -instcombine -elimdeaddata -dce -loop-delete -simplifycfg -loop-simplify -barrier -norm-name C:/Users/sfv02/Documents/TEC/Maestria/2026-2C/Alto_Nivel/Evaluaciones_Cortas/3-HLS/MP6160_grupo_5/hls/rgb2gray_hls_work/rgb2gray_hls/solution/.autopilot/db/a.o.1.tmp.bc -o C:/Users/sfv02/Documents/TEC/Maestria/2026-2C/Alto_Nivel/Evaluaciones_Cortas/3-HLS/MP6160_grupo_5/hls/rgb2gray_hls_work/rgb2gray_hls/solution/.autopilot/db/a.o.2.bc -f -phase presyn 
INFO: [XFORM 203-11] Balancing expressions in function 'process_gray' (../rgb2gray_kernel.cpp:18:16)...3 expression(s) balanced.
INFO: [HLS 200-111] Finished Loop, function and other optimizations: CPU user time: 0 seconds. CPU system time: 0 seconds. Elapsed time: 0.11 seconds; current allocated memory: 273.957 MB.
Execute           transform -hls -auto-function-inline -globaldce -ptrArgReplace -mem2reg -dce -reset-lda -loop-simplify -indvars -aggr-aa -licm -loop-dep -loop-bound -licm -loop-simplify -loop-sink-hoist -flattenloopnest -array-flatten -gvn -instcombine -dce -array-map -dce -func-legal -gvn -adce -instcombine -cfgopt -simplifycfg-lite -loop-simplify -array-burst -promote-global-argument -dce -array-seg-normalize -basicaa -aggrmodref-aa -globalsmodref-aa -aggr-aa -gvn -gvn -basicaa -aggrmodref-aa -globalsmodref-aa -aggr-aa -dse -adse -adce -licm -inst-simplify -dce -globaldce -instcombine -array-stream -eliminate-keepreads -instcombine -dce -deadargelim -doublePtrSimplify -doublePtrElim -dce -doublePtrSimplify -promote-dbg-pointer -dce -scalarrepl -mem2reg -norm-name -mem2reg -instcombine -dse -adse -adce -ptrLegalization -dce -array-flatten -dce -instcombine -check-doubleptr -loop-rot -constprop -inst-simplify -cfgopt -simplifycfg-lite -loop-simplify -indvars -pointer-simplify -dce -loop-bound -loop-simplify -loop-preproc -constprop -global-constprop -gvn -mem2reg -instcombine -dce -loop-bound -loop-merge -dce -deadargelim -dce -canonicalize-dataflow -dce -deadargelim -globaldce -mem2reg -bram-byte-enable -inst-simplify -inst-rectify -instcombine -adce -deadargelim -load-elim -read-loop-dep -loop-simplify -loop-extract-inner -directive-preproc -bitwidthmin2 -bitwidthmin2 -read-loop-dep -interface-preproc -directive-preproc -interface-gen -bram-byte-enable-spec-prop -mul2addshift -deadargelim -inst-simplify -dce -mem2reg -instcombine -gvn -dce -adse -loop-bound -instcombine -cfgopt -simplifycfg-lite -loop-simplify -clean-region -io-protocol -find-region -mem2reg -bitop-raise -complex-op-raise -inst-simplify -inst-rectify -instcombine -adce -deadargelim -float-op-raise -loop-simplify -phi-opt -bitop-raise -cfgopt -simplifycfg-lite -strip-dead-prototypes -interface-lower -bitop-lower -intrinsic-lower -auto-function-inline -basicaa -aggrmodref-aa -globalsmodref-aa -aggr-aa -inst-simplify -simplifycfg-lite -loop-simplify -mergereturn -inst-simplify -inst-rectify -globaldce -dce -load-elim -bitop-lower -float-op-raise -fma-raise -loop-rewind -pointer-simplify -dce -cfgopt -dce -loop-bound -loop-dep -read-loop-dep -dce -dyn-mem-reuse -dce -recurrence-min -dce -share-scalar-alloca -deadargelim -dce -check-stream -norm-name -legalize -inst-clarity -bitwidth -dce -validate-dataflow -dump-loop-dep-to-ir -check-all-ssdm -dump-complexity-metric C:/Users/sfv02/Documents/TEC/Maestria/2026-2C/Alto_Nivel/Evaluaciones_Cortas/3-HLS/MP6160_grupo_5/hls/rgb2gray_hls_work/rgb2gray_hls/solution/.autopilot/db/a.o.2.bc -o C:/Users/sfv02/Documents/TEC/Maestria/2026-2C/Alto_Nivel/Evaluaciones_Cortas/3-HLS/MP6160_grupo_5/hls/rgb2gray_hls_work/rgb2gray_hls/solution/.autopilot/db/a.o.3.bc -f -phase build-ssdm 
WARNING: [HLS 200-1990] Performance of loop 'store_loop'(../rgb2gray_kernel.cpp:90:14) in function 'store_gray' can be improved with loop rewind inference if the loop bound can be asserted to execute at least once.
WARNING: [HLS 200-1990] Performance of loop 'load_loop'(../rgb2gray_kernel.cpp:37:13) in function 'load_rgb' can be improved with loop rewind inference if the loop bound can be asserted to execute at least once.
INFO: [XFORM 203-531] Rewinding loop 'store_loop' (../rgb2gray_kernel.cpp:90) in function 'store_gray'.
INFO: [XFORM 203-531] Rewinding loop 'load_loop' (../rgb2gray_kernel.cpp:37) in function 'load_rgb'.
Execute             auto_get_db
INFO-FLOW: Building ssdm...
Execute           transform -hls -cdfg-build C:/Users/sfv02/Documents/TEC/Maestria/2026-2C/Alto_Nivel/Evaluaciones_Cortas/3-HLS/MP6160_grupo_5/hls/rgb2gray_hls_work/rgb2gray_hls/solution/.autopilot/db/a.o.3.bc -o C:/Users/sfv02/Documents/TEC/Maestria/2026-2C/Alto_Nivel/Evaluaciones_Cortas/3-HLS/MP6160_grupo_5/hls/rgb2gray_hls_work/rgb2gray_hls/solution/.autopilot/db/a.o.3.bc -f -phase build-ssdm 
INFO: [HLS 200-111] Finished Architecture Synthesis: CPU user time: 0 seconds. CPU system time: 0 seconds. Elapsed time: 0.131 seconds; current allocated memory: 311.656 MB.
INFO-FLOW: Finish building internal data model.
Command         opt_and_import_c done; 0.34 sec.
Command       elaborate done; 13.868 sec.
Execute       ap_eval exec zip -j C:/Users/sfv02/Documents/TEC/Maestria/2026-2C/Alto_Nivel/Evaluaciones_Cortas/3-HLS/MP6160_grupo_5/hls/rgb2gray_hls_work/rgb2gray_hls/solution/.autopilot/db/dut.hcp $dbDir/a.o.3.bc $dbDir/${topname}.rtl_wrap.cfg.tcl $dbDir/apatb_${topname}.cpp $dbDir/apatb_${topname}_util.cpp $dbDir/apatb_${topname}_ir.ll $dbDir/mapper_${topname}.cpp $dbDir/top-io-fe.xml $dbDir/kernel.internal.xml $workdir/../hls.app 
Execute       autosyn -from_csynth_design=1 
INFO: [HLS 200-10] Starting hardware synthesis ...
INFO-FLOW: Synthesizing C/C++ design ...
INFO: [HLS 200-10] Synthesizing 'rgb2gray_top' ...
Execute         ap_set_top_model rgb2gray_top 
Execute         get_model_list rgb2gray_top -filter all-wo-channel -topdown 
Execute         preproc_iomode -model rgb2gray_top 
Execute         preproc_iomode -model store_gray 
Execute         preproc_iomode -model process_gray 
Execute         preproc_iomode -model process_gray_Pipeline_process_loop 
Execute         preproc_iomode -model load_rgb 
Execute         preproc_iomode -model entry_proc 
Execute         get_model_list rgb2gray_top -filter all-wo-channel 
INFO-FLOW: Model list for configure: entry_proc load_rgb process_gray_Pipeline_process_loop process_gray store_gray rgb2gray_top
INFO-FLOW: Configuring Module : entry_proc ...
Execute         set_default_model entry_proc 
Execute         apply_spec_resource_limit entry_proc 
INFO-FLOW: Configuring Module : load_rgb ...
Execute         set_default_model load_rgb 
Execute         apply_spec_resource_limit load_rgb 
INFO-FLOW: Configuring Module : process_gray_Pipeline_process_loop ...
Execute         set_default_model process_gray_Pipeline_process_loop 
Execute         apply_spec_resource_limit process_gray_Pipeline_process_loop 
INFO-FLOW: Configuring Module : process_gray ...
Execute         set_default_model process_gray 
Execute         apply_spec_resource_limit process_gray 
INFO-FLOW: Configuring Module : store_gray ...
Execute         set_default_model store_gray 
Execute         apply_spec_resource_limit store_gray 
INFO-FLOW: Configuring Module : rgb2gray_top ...
Execute         set_default_model rgb2gray_top 
Execute         apply_spec_resource_limit rgb2gray_top 
INFO-FLOW: Model list for preprocess: entry_proc load_rgb process_gray_Pipeline_process_loop process_gray store_gray rgb2gray_top
INFO-FLOW: Preprocessing Module: entry_proc ...
Execute         set_default_model entry_proc 
Execute         cdfg_preprocess -model entry_proc 
Execute         rtl_gen_preprocess entry_proc 
INFO-FLOW: Preprocessing Module: load_rgb ...
Execute         set_default_model load_rgb 
Execute         cdfg_preprocess -model load_rgb 
Execute         rtl_gen_preprocess load_rgb 
INFO-FLOW: Preprocessing Module: process_gray_Pipeline_process_loop ...
Execute         set_default_model process_gray_Pipeline_process_loop 
Execute         cdfg_preprocess -model process_gray_Pipeline_process_loop 
Execute         rtl_gen_preprocess process_gray_Pipeline_process_loop 
INFO-FLOW: Preprocessing Module: process_gray ...
Execute         set_default_model process_gray 
Execute         cdfg_preprocess -model process_gray 
Execute         rtl_gen_preprocess process_gray 
INFO-FLOW: Preprocessing Module: store_gray ...
Execute         set_default_model store_gray 
Execute         cdfg_preprocess -model store_gray 
Execute         rtl_gen_preprocess store_gray 
INFO-FLOW: Preprocessing Module: rgb2gray_top ...
Execute         set_default_model rgb2gray_top 
Execute         cdfg_preprocess -model rgb2gray_top 
Execute         rtl_gen_preprocess rgb2gray_top 
INFO-FLOW: Model list for synthesis: entry_proc load_rgb process_gray_Pipeline_process_loop process_gray store_gray rgb2gray_top
INFO: [HLS 200-10] ----------------------------------------------------------------
INFO: [HLS 200-42] -- Implementing module 'entry_proc' 
INFO: [HLS 200-10] ----------------------------------------------------------------
Execute         set_default_model entry_proc 
Execute         schedule -model entry_proc 
INFO: [SCHED 204-11] Starting scheduling ...
INFO: [SCHED 204-11] Finished scheduling.
INFO: [HLS 200-111] Finished Scheduling: CPU user time: 0 seconds. CPU system time: 0 seconds. Elapsed time: 0.171 seconds; current allocated memory: 314.270 MB.
Execute         syn_report -verbosereport -o C:/Users/sfv02/Documents/TEC/Maestria/2026-2C/Alto_Nivel/Evaluaciones_Cortas/3-HLS/MP6160_grupo_5/hls/rgb2gray_hls_work/rgb2gray_hls/solution/.autopilot/db/entry_proc.verbose.sched.rpt 
Execute           list_part -family xcvc1902-vsva2197-2MP-e-S 
Execute             ap_family_info -name xcvc1902-vsva2197-2MP-e-S -data names 
Execute             ap_part_info -quiet -name xcvc1902-vsva2197-2MP-e-S -data family 
Execute         db_write -o C:/Users/sfv02/Documents/TEC/Maestria/2026-2C/Alto_Nivel/Evaluaciones_Cortas/3-HLS/MP6160_grupo_5/hls/rgb2gray_hls_work/rgb2gray_hls/solution/.autopilot/db/entry_proc.sched.adb -f 
INFO-FLOW: Finish scheduling entry_proc.
Execute         set_default_model entry_proc 
Execute         bind -model entry_proc 
INFO: [BIND 205-100] Starting micro-architecture generation ...
INFO: [BIND 205-101] Performing variable lifetime analysis.
INFO: [BIND 205-101] Exploring resource sharing.
INFO: [BIND 205-101] Binding ...
INFO: [BIND 205-100] Finished micro-architecture generation.
INFO: [HLS 200-111] Finished Binding: CPU user time: 0 seconds. CPU system time: 0 seconds. Elapsed time: 0.07 seconds; current allocated memory: 315.418 MB.
Execute         syn_report -verbosereport -o C:/Users/sfv02/Documents/TEC/Maestria/2026-2C/Alto_Nivel/Evaluaciones_Cortas/3-HLS/MP6160_grupo_5/hls/rgb2gray_hls_work/rgb2gray_hls/solution/.autopilot/db/entry_proc.verbose.bind.rpt 
Execute           list_part -family xcvc1902-vsva2197-2MP-e-S 
Execute             ap_family_info -name xcvc1902-vsva2197-2MP-e-S -data names 
Execute             ap_part_info -quiet -name xcvc1902-vsva2197-2MP-e-S -data family 
Execute         db_write -o C:/Users/sfv02/Documents/TEC/Maestria/2026-2C/Alto_Nivel/Evaluaciones_Cortas/3-HLS/MP6160_grupo_5/hls/rgb2gray_hls_work/rgb2gray_hls/solution/.autopilot/db/entry_proc.bind.adb -f 
INFO-FLOW: Finish binding entry_proc.
INFO: [HLS 200-10] ----------------------------------------------------------------
INFO: [HLS 200-42] -- Implementing module 'load_rgb' 
INFO: [HLS 200-10] ----------------------------------------------------------------
Execute         set_default_model load_rgb 
Execute         schedule -model load_rgb 
INFO: [SCHED 204-11] Starting scheduling ...
INFO: [SCHED 204-61] Pipelining loop 'load_loop'.
WARNING: [HLS 200-880] The II Violation in module 'load_rgb' (loop 'load_loop'): Unable to enforce a carried dependence constraint (II = 1, distance = 1, offset = 1) between bus read operation ('gmem_in_addr_1_read_2', ../rgb2gray_kernel.cpp:43) on port 'gmem_in' (../rgb2gray_kernel.cpp:43) and bus read operation ('gmem_in_addr_1_read', ../rgb2gray_kernel.cpp:43) on port 'gmem_in' (../rgb2gray_kernel.cpp:43).
WARNING: [HLS 200-880] The II Violation in module 'load_rgb' (loop 'load_loop'): Unable to enforce a carried dependence constraint (II = 2, distance = 1, offset = 1) between bus read operation ('gmem_in_addr_1_read_2', ../rgb2gray_kernel.cpp:43) on port 'gmem_in' (../rgb2gray_kernel.cpp:43) and bus read operation ('gmem_in_addr_1_read', ../rgb2gray_kernel.cpp:43) on port 'gmem_in' (../rgb2gray_kernel.cpp:43).
INFO: [HLS 200-1470] Pipelining result : Target II = 1, Final II = 3, Depth = 78, loop 'load_loop'
INFO: [SCHED 204-11] Finished scheduling.
Command         schedule done; 2.143 sec.
INFO: [HLS 200-111] Finished Scheduling: CPU user time: 3 seconds. CPU system time: 0 seconds. Elapsed time: 2.184 seconds; current allocated memory: 316.773 MB.
Execute         syn_report -verbosereport -o C:/Users/sfv02/Documents/TEC/Maestria/2026-2C/Alto_Nivel/Evaluaciones_Cortas/3-HLS/MP6160_grupo_5/hls/rgb2gray_hls_work/rgb2gray_hls/solution/.autopilot/db/load_rgb.verbose.sched.rpt 
Execute           list_part -family xcvc1902-vsva2197-2MP-e-S 
Execute             ap_family_info -name xcvc1902-vsva2197-2MP-e-S -data names 
Execute             ap_part_info -quiet -name xcvc1902-vsva2197-2MP-e-S -data family 
Command         syn_report done; 0.346 sec.
Execute         db_write -o C:/Users/sfv02/Documents/TEC/Maestria/2026-2C/Alto_Nivel/Evaluaciones_Cortas/3-HLS/MP6160_grupo_5/hls/rgb2gray_hls_work/rgb2gray_hls/solution/.autopilot/db/load_rgb.sched.adb -f 
INFO-FLOW: Finish scheduling load_rgb.
Execute         set_default_model load_rgb 
Execute         bind -model load_rgb 
INFO: [BIND 205-100] Starting micro-architecture generation ...
INFO: [BIND 205-101] Performing variable lifetime analysis.
INFO: [BIND 205-101] Exploring resource sharing.
INFO: [BIND 205-101] Binding ...
INFO: [BIND 205-100] Finished micro-architecture generation.
Command         bind done; 0.528 sec.
INFO: [HLS 200-111] Finished Binding: CPU user time: 0 seconds. CPU system time: 0 seconds. Elapsed time: 0.887 seconds; current allocated memory: 317.023 MB.
Execute         syn_report -verbosereport -o C:/Users/sfv02/Documents/TEC/Maestria/2026-2C/Alto_Nivel/Evaluaciones_Cortas/3-HLS/MP6160_grupo_5/hls/rgb2gray_hls_work/rgb2gray_hls/solution/.autopilot/db/load_rgb.verbose.bind.rpt 
Execute           list_part -family xcvc1902-vsva2197-2MP-e-S 
Execute             ap_family_info -name xcvc1902-vsva2197-2MP-e-S -data names 
Execute             ap_part_info -quiet -name xcvc1902-vsva2197-2MP-e-S -data family 
Command         syn_report done; 1.466 sec.
Execute         db_write -o C:/Users/sfv02/Documents/TEC/Maestria/2026-2C/Alto_Nivel/Evaluaciones_Cortas/3-HLS/MP6160_grupo_5/hls/rgb2gray_hls_work/rgb2gray_hls/solution/.autopilot/db/load_rgb.bind.adb -f 
INFO-FLOW: Finish binding load_rgb.
INFO: [HLS 200-10] ----------------------------------------------------------------
INFO: [HLS 200-42] -- Implementing module 'process_gray_Pipeline_process_loop' 
INFO: [HLS 200-10] ----------------------------------------------------------------
Execute         set_default_model process_gray_Pipeline_process_loop 
Execute         schedule -model process_gray_Pipeline_process_loop 
INFO: [SCHED 204-11] Starting scheduling ...
INFO: [HLS 200-486] Changing DSP latency (root=mul_ln20) to 3 in order to utilize available DSP registers.
INFO: [HLS 200-486] Changing DSP latency (root=add_ln20_2) to 3 in order to utilize available DSP registers.
INFO: [HLS 200-486] Changing DSP latency (root=add_ln20_1) to 3 in order to utilize available DSP registers.
INFO: [SCHED 204-61] Pipelining loop 'process_loop'.
INFO: [HLS 200-1470] Pipelining result : Target II = 1, Final II = 1, Depth = 8, loop 'process_loop'
INFO: [SCHED 204-11] Finished scheduling.
Command         schedule done; 0.429 sec.
INFO: [HLS 200-111] Finished Scheduling: CPU user time: 2 seconds. CPU system time: 0 seconds. Elapsed time: 1.943 seconds; current allocated memory: 317.398 MB.
Execute         syn_report -verbosereport -o C:/Users/sfv02/Documents/TEC/Maestria/2026-2C/Alto_Nivel/Evaluaciones_Cortas/3-HLS/MP6160_grupo_5/hls/rgb2gray_hls_work/rgb2gray_hls/solution/.autopilot/db/process_gray_Pipeline_process_loop.verbose.sched.rpt 
Execute           list_part -family xcvc1902-vsva2197-2MP-e-S 
Execute             ap_family_info -name xcvc1902-vsva2197-2MP-e-S -data names 
Execute             ap_part_info -quiet -name xcvc1902-vsva2197-2MP-e-S -data family 
Execute         db_write -o C:/Users/sfv02/Documents/TEC/Maestria/2026-2C/Alto_Nivel/Evaluaciones_Cortas/3-HLS/MP6160_grupo_5/hls/rgb2gray_hls_work/rgb2gray_hls/solution/.autopilot/db/process_gray_Pipeline_process_loop.sched.adb -f 
INFO-FLOW: Finish scheduling process_gray_Pipeline_process_loop.
Execute         set_default_model process_gray_Pipeline_process_loop 
Execute         bind -model process_gray_Pipeline_process_loop 
INFO: [BIND 205-100] Starting micro-architecture generation ...
INFO: [BIND 205-101] Performing variable lifetime analysis.
INFO: [BIND 205-101] Exploring resource sharing.
INFO: [BIND 205-101] Binding ...
INFO: [BIND 205-100] Finished micro-architecture generation.
Command         bind done; 0.203 sec.
INFO: [HLS 200-111] Finished Binding: CPU user time: 0 seconds. CPU system time: 0 seconds. Elapsed time: 0.227 seconds; current allocated memory: 317.426 MB.
Execute         syn_report -verbosereport -o C:/Users/sfv02/Documents/TEC/Maestria/2026-2C/Alto_Nivel/Evaluaciones_Cortas/3-HLS/MP6160_grupo_5/hls/rgb2gray_hls_work/rgb2gray_hls/solution/.autopilot/db/process_gray_Pipeline_process_loop.verbose.bind.rpt 
Execute           list_part -family xcvc1902-vsva2197-2MP-e-S 
Execute             ap_family_info -name xcvc1902-vsva2197-2MP-e-S -data names 
Execute             ap_part_info -quiet -name xcvc1902-vsva2197-2MP-e-S -data family 
Command         syn_report done; 0.501 sec.
Execute         db_write -o C:/Users/sfv02/Documents/TEC/Maestria/2026-2C/Alto_Nivel/Evaluaciones_Cortas/3-HLS/MP6160_grupo_5/hls/rgb2gray_hls_work/rgb2gray_hls/solution/.autopilot/db/process_gray_Pipeline_process_loop.bind.adb -f 
INFO-FLOW: Finish binding process_gray_Pipeline_process_loop.
INFO: [HLS 200-10] ----------------------------------------------------------------
INFO: [HLS 200-42] -- Implementing module 'process_gray' 
INFO: [HLS 200-10] ----------------------------------------------------------------
Execute         set_default_model process_gray 
Execute         schedule -model process_gray 
INFO: [SCHED 204-11] Starting scheduling ...
INFO: [SCHED 204-11] Finished scheduling.
INFO: [HLS 200-111] Finished Scheduling: CPU user time: 1 seconds. CPU system time: 0 seconds. Elapsed time: 0.567 seconds; current allocated memory: 317.594 MB.
Execute         syn_report -verbosereport -o C:/Users/sfv02/Documents/TEC/Maestria/2026-2C/Alto_Nivel/Evaluaciones_Cortas/3-HLS/MP6160_grupo_5/hls/rgb2gray_hls_work/rgb2gray_hls/solution/.autopilot/db/process_gray.verbose.sched.rpt 
Execute           list_part -family xcvc1902-vsva2197-2MP-e-S 
Execute             ap_family_info -name xcvc1902-vsva2197-2MP-e-S -data names 
Execute             ap_part_info -quiet -name xcvc1902-vsva2197-2MP-e-S -data family 
Execute         db_write -o C:/Users/sfv02/Documents/TEC/Maestria/2026-2C/Alto_Nivel/Evaluaciones_Cortas/3-HLS/MP6160_grupo_5/hls/rgb2gray_hls_work/rgb2gray_hls/solution/.autopilot/db/process_gray.sched.adb -f 
INFO-FLOW: Finish scheduling process_gray.
Execute         set_default_model process_gray 
Execute         bind -model process_gray 
INFO: [BIND 205-100] Starting micro-architecture generation ...
INFO: [BIND 205-101] Performing variable lifetime analysis.
INFO: [BIND 205-101] Exploring resource sharing.
INFO: [BIND 205-101] Binding ...
INFO: [BIND 205-100] Finished micro-architecture generation.
Command         bind done; 0.206 sec.
INFO: [HLS 200-111] Finished Binding: CPU user time: 0 seconds. CPU system time: 0 seconds. Elapsed time: 0.223 seconds; current allocated memory: 317.676 MB.
Execute         syn_report -verbosereport -o C:/Users/sfv02/Documents/TEC/Maestria/2026-2C/Alto_Nivel/Evaluaciones_Cortas/3-HLS/MP6160_grupo_5/hls/rgb2gray_hls_work/rgb2gray_hls/solution/.autopilot/db/process_gray.verbose.bind.rpt 
Execute           list_part -family xcvc1902-vsva2197-2MP-e-S 
Execute             ap_family_info -name xcvc1902-vsva2197-2MP-e-S -data names 
Execute             ap_part_info -quiet -name xcvc1902-vsva2197-2MP-e-S -data family 
Command         syn_report done; 0.503 sec.
Execute         db_write -o C:/Users/sfv02/Documents/TEC/Maestria/2026-2C/Alto_Nivel/Evaluaciones_Cortas/3-HLS/MP6160_grupo_5/hls/rgb2gray_hls_work/rgb2gray_hls/solution/.autopilot/db/process_gray.bind.adb -f 
INFO-FLOW: Finish binding process_gray.
INFO: [HLS 200-10] ----------------------------------------------------------------
INFO: [HLS 200-42] -- Implementing module 'store_gray' 
INFO: [HLS 200-10] ----------------------------------------------------------------
Execute         set_default_model store_gray 
Execute         schedule -model store_gray 
INFO: [SCHED 204-11] Starting scheduling ...
INFO: [SCHED 204-61] Pipelining loop 'store_loop'.
INFO: [HLS 200-1470] Pipelining result : Target II = 1, Final II = 1, Depth = 77, loop 'store_loop'
INFO: [SCHED 204-11] Finished scheduling.
Command         schedule done; 2.409 sec.
INFO: [HLS 200-111] Finished Scheduling: CPU user time: 3 seconds. CPU system time: 0 seconds. Elapsed time: 2.945 seconds; current allocated memory: 318.418 MB.
Execute         syn_report -verbosereport -o C:/Users/sfv02/Documents/TEC/Maestria/2026-2C/Alto_Nivel/Evaluaciones_Cortas/3-HLS/MP6160_grupo_5/hls/rgb2gray_hls_work/rgb2gray_hls/solution/.autopilot/db/store_gray.verbose.sched.rpt 
Execute           list_part -family xcvc1902-vsva2197-2MP-e-S 
Execute             ap_family_info -name xcvc1902-vsva2197-2MP-e-S -data names 
Execute             ap_part_info -quiet -name xcvc1902-vsva2197-2MP-e-S -data family 
Command         syn_report done; 0.35 sec.
Execute         db_write -o C:/Users/sfv02/Documents/TEC/Maestria/2026-2C/Alto_Nivel/Evaluaciones_Cortas/3-HLS/MP6160_grupo_5/hls/rgb2gray_hls_work/rgb2gray_hls/solution/.autopilot/db/store_gray.sched.adb -f 
INFO-FLOW: Finish scheduling store_gray.
Execute         set_default_model store_gray 
Execute         bind -model store_gray 
INFO: [BIND 205-100] Starting micro-architecture generation ...
INFO: [BIND 205-101] Performing variable lifetime analysis.
INFO: [BIND 205-101] Exploring resource sharing.
INFO: [BIND 205-101] Binding ...
INFO: [BIND 205-100] Finished micro-architecture generation.
Command         bind done; 0.3 sec.
INFO: [HLS 200-111] Finished Binding: CPU user time: 1 seconds. CPU system time: 0 seconds. Elapsed time: 0.661 seconds; current allocated memory: 318.637 MB.
Execute         syn_report -verbosereport -o C:/Users/sfv02/Documents/TEC/Maestria/2026-2C/Alto_Nivel/Evaluaciones_Cortas/3-HLS/MP6160_grupo_5/hls/rgb2gray_hls_work/rgb2gray_hls/solution/.autopilot/db/store_gray.verbose.bind.rpt 
Execute           list_part -family xcvc1902-vsva2197-2MP-e-S 
Execute             ap_family_info -name xcvc1902-vsva2197-2MP-e-S -data names 
Execute             ap_part_info -quiet -name xcvc1902-vsva2197-2MP-e-S -data family 
Command         syn_report done; 0.928 sec.
Execute         db_write -o C:/Users/sfv02/Documents/TEC/Maestria/2026-2C/Alto_Nivel/Evaluaciones_Cortas/3-HLS/MP6160_grupo_5/hls/rgb2gray_hls_work/rgb2gray_hls/solution/.autopilot/db/store_gray.bind.adb -f 
INFO-FLOW: Finish binding store_gray.
INFO: [HLS 200-10] ----------------------------------------------------------------
INFO: [HLS 200-42] -- Implementing module 'rgb2gray_top' 
INFO: [HLS 200-10] ----------------------------------------------------------------
Execute         set_default_model rgb2gray_top 
Execute         schedule -model rgb2gray_top 
INFO: [SCHED 204-11] Starting scheduling ...
INFO: [SCHED 204-11] Finished scheduling.
WARNING: [HLS 200-1020] Increasing the depth of FIFO start_for_store_gray_U0 (from entry_proc_U0 to store_gray_U0) to 3 to improve performance and/or avoid deadlocks.
INFO: [HLS 200-111] Finished Scheduling: CPU user time: 1 seconds. CPU system time: 0 seconds. Elapsed time: 1.015 seconds; current allocated memory: 318.875 MB.
Execute         syn_report -verbosereport -o C:/Users/sfv02/Documents/TEC/Maestria/2026-2C/Alto_Nivel/Evaluaciones_Cortas/3-HLS/MP6160_grupo_5/hls/rgb2gray_hls_work/rgb2gray_hls/solution/.autopilot/db/rgb2gray_top.verbose.sched.rpt 
Execute           list_part -family xcvc1902-vsva2197-2MP-e-S 
Execute             ap_family_info -name xcvc1902-vsva2197-2MP-e-S -data names 
Execute             ap_part_info -quiet -name xcvc1902-vsva2197-2MP-e-S -data family 
Execute         db_write -o C:/Users/sfv02/Documents/TEC/Maestria/2026-2C/Alto_Nivel/Evaluaciones_Cortas/3-HLS/MP6160_grupo_5/hls/rgb2gray_hls_work/rgb2gray_hls/solution/.autopilot/db/rgb2gray_top.sched.adb -f 
INFO-FLOW: Finish scheduling rgb2gray_top.
Execute         set_default_model rgb2gray_top 
Execute         bind -model rgb2gray_top 
INFO: [BIND 205-100] Starting micro-architecture generation ...
INFO: [BIND 205-101] Performing variable lifetime analysis.
INFO: [BIND 205-101] Exploring resource sharing.
INFO: [BIND 205-101] Binding ...
INFO: [BIND 205-100] Finished micro-architecture generation.
Command         bind done; 0.939 sec.
INFO: [HLS 200-111] Finished Binding: CPU user time: 0 seconds. CPU system time: 0 seconds. Elapsed time: 0.962 seconds; current allocated memory: 319.137 MB.
Execute         syn_report -verbosereport -o C:/Users/sfv02/Documents/TEC/Maestria/2026-2C/Alto_Nivel/Evaluaciones_Cortas/3-HLS/MP6160_grupo_5/hls/rgb2gray_hls_work/rgb2gray_hls/solution/.autopilot/db/rgb2gray_top.verbose.bind.rpt 
Execute           list_part -family xcvc1902-vsva2197-2MP-e-S 
Execute             ap_family_info -name xcvc1902-vsva2197-2MP-e-S -data names 
Execute             ap_part_info -quiet -name xcvc1902-vsva2197-2MP-e-S -data family 
Command         syn_report done; 2.353 sec.
Execute         db_write -o C:/Users/sfv02/Documents/TEC/Maestria/2026-2C/Alto_Nivel/Evaluaciones_Cortas/3-HLS/MP6160_grupo_5/hls/rgb2gray_hls_work/rgb2gray_hls/solution/.autopilot/db/rgb2gray_top.bind.adb -f 
INFO-FLOW: Finish binding rgb2gray_top.
Execute         get_model_list rgb2gray_top -filter all-wo-channel 
INFO-FLOW: Preprocessing for RTLGen ...
Execute         rtl_gen_preprocess entry_proc 
Execute         rtl_gen_preprocess load_rgb 
Execute         rtl_gen_preprocess process_gray_Pipeline_process_loop 
Execute         rtl_gen_preprocess process_gray 
Execute         rtl_gen_preprocess store_gray 
Execute         rtl_gen_preprocess rgb2gray_top 
INFO-FLOW: Model list for RTL generation: entry_proc load_rgb process_gray_Pipeline_process_loop process_gray store_gray rgb2gray_top
INFO: [HLS 200-10] ----------------------------------------------------------------
INFO: [HLS 200-10] -- Generating RTL for module 'entry_proc' 
INFO: [HLS 200-10] ----------------------------------------------------------------
Execute         create_rtl_model entry_proc -top_prefix rgb2gray_top_ -sub_prefix rgb2gray_top_ -mg_file C:/Users/sfv02/Documents/TEC/Maestria/2026-2C/Alto_Nivel/Evaluaciones_Cortas/3-HLS/MP6160_grupo_5/hls/rgb2gray_hls_work/rgb2gray_hls/solution/.autopilot/db/entry_proc.compgen.tcl 
INFO: [RTGEN 206-100] Finished creating RTL model for 'entry_proc'.
INFO: [HLS 200-111] Finished Creating RTL model: CPU user time: 3 seconds. CPU system time: 0 seconds. Elapsed time: 2.421 seconds; current allocated memory: 320.375 MB.
Execute         source C:/Users/sfv02/Documents/TEC/Maestria/2026-2C/Alto_Nivel/Evaluaciones_Cortas/3-HLS/MP6160_grupo_5/hls/rgb2gray_hls_work/rgb2gray_hls/solution/.autopilot/db/rgb2gray_top.rtl_wrap.cfg.tcl 
Execute         gen_rtl entry_proc -style xilinx -f -lang vhdl -o C:/Users/sfv02/Documents/TEC/Maestria/2026-2C/Alto_Nivel/Evaluaciones_Cortas/3-HLS/MP6160_grupo_5/hls/rgb2gray_hls_work/rgb2gray_hls/solution/syn/vhdl/rgb2gray_top_entry_proc 
Execute         gen_rtl entry_proc -style xilinx -f -lang vlog -o C:/Users/sfv02/Documents/TEC/Maestria/2026-2C/Alto_Nivel/Evaluaciones_Cortas/3-HLS/MP6160_grupo_5/hls/rgb2gray_hls_work/rgb2gray_hls/solution/syn/verilog/rgb2gray_top_entry_proc 
Execute         syn_report -csynth -model entry_proc -o C:/Users/sfv02/Documents/TEC/Maestria/2026-2C/Alto_Nivel/Evaluaciones_Cortas/3-HLS/MP6160_grupo_5/hls/rgb2gray_hls_work/rgb2gray_hls/solution/syn/report/entry_proc_csynth.rpt 
Execute           list_part -family xcvc1902-vsva2197-2MP-e-S 
Execute             ap_family_info -name xcvc1902-vsva2197-2MP-e-S -data names 
Execute             ap_part_info -quiet -name xcvc1902-vsva2197-2MP-e-S -data family 
Execute         syn_report -rtlxml -model entry_proc -o C:/Users/sfv02/Documents/TEC/Maestria/2026-2C/Alto_Nivel/Evaluaciones_Cortas/3-HLS/MP6160_grupo_5/hls/rgb2gray_hls_work/rgb2gray_hls/solution/syn/report/entry_proc_csynth.xml 
Execute           list_part -family xcvc1902-vsva2197-2MP-e-S 
Execute             ap_family_info -name xcvc1902-vsva2197-2MP-e-S -data names 
Execute             ap_part_info -quiet -name xcvc1902-vsva2197-2MP-e-S -data family 
Execute         syn_report -verbosereport -model entry_proc -o C:/Users/sfv02/Documents/TEC/Maestria/2026-2C/Alto_Nivel/Evaluaciones_Cortas/3-HLS/MP6160_grupo_5/hls/rgb2gray_hls_work/rgb2gray_hls/solution/.autopilot/db/entry_proc.verbose.rpt 
Execute           list_part -family xcvc1902-vsva2197-2MP-e-S 
Execute             ap_family_info -name xcvc1902-vsva2197-2MP-e-S -data names 
Execute             ap_part_info -quiet -name xcvc1902-vsva2197-2MP-e-S -data family 
Execute         db_write -model entry_proc -f -o C:/Users/sfv02/Documents/TEC/Maestria/2026-2C/Alto_Nivel/Evaluaciones_Cortas/3-HLS/MP6160_grupo_5/hls/rgb2gray_hls_work/rgb2gray_hls/solution/.autopilot/db/entry_proc.adb 
Execute         db_write -model entry_proc -bindview -o C:/Users/sfv02/Documents/TEC/Maestria/2026-2C/Alto_Nivel/Evaluaciones_Cortas/3-HLS/MP6160_grupo_5/hls/rgb2gray_hls_work/rgb2gray_hls/solution/.autopilot/db/design.bindinfo.xml 
Execute         gen_tb_info entry_proc -p C:/Users/sfv02/Documents/TEC/Maestria/2026-2C/Alto_Nivel/Evaluaciones_Cortas/3-HLS/MP6160_grupo_5/hls/rgb2gray_hls_work/rgb2gray_hls/solution/.autopilot/db -o C:/Users/sfv02/Documents/TEC/Maestria/2026-2C/Alto_Nivel/Evaluaciones_Cortas/3-HLS/MP6160_grupo_5/hls/rgb2gray_hls_work/rgb2gray_hls/solution/.autopilot/db/entry_proc 
INFO: [HLS 200-10] ----------------------------------------------------------------
INFO: [HLS 200-10] -- Generating RTL for module 'load_rgb' 
INFO: [HLS 200-10] ----------------------------------------------------------------
Execute         create_rtl_model load_rgb -top_prefix rgb2gray_top_ -sub_prefix rgb2gray_top_ -mg_file C:/Users/sfv02/Documents/TEC/Maestria/2026-2C/Alto_Nivel/Evaluaciones_Cortas/3-HLS/MP6160_grupo_5/hls/rgb2gray_hls_work/rgb2gray_hls/solution/.autopilot/db/load_rgb.compgen.tcl 
INFO: [RTGEN 206-100] Finished creating RTL model for 'load_rgb'.
INFO: [HLS 200-111] Finished Creating RTL model: CPU user time: 0 seconds. CPU system time: 1 seconds. Elapsed time: 0.224 seconds; current allocated memory: 322.703 MB.
Execute         source C:/Users/sfv02/Documents/TEC/Maestria/2026-2C/Alto_Nivel/Evaluaciones_Cortas/3-HLS/MP6160_grupo_5/hls/rgb2gray_hls_work/rgb2gray_hls/solution/.autopilot/db/rgb2gray_top.rtl_wrap.cfg.tcl 
Execute         gen_rtl load_rgb -style xilinx -f -lang vhdl -o C:/Users/sfv02/Documents/TEC/Maestria/2026-2C/Alto_Nivel/Evaluaciones_Cortas/3-HLS/MP6160_grupo_5/hls/rgb2gray_hls_work/rgb2gray_hls/solution/syn/vhdl/rgb2gray_top_load_rgb 
Execute         gen_rtl load_rgb -style xilinx -f -lang vlog -o C:/Users/sfv02/Documents/TEC/Maestria/2026-2C/Alto_Nivel/Evaluaciones_Cortas/3-HLS/MP6160_grupo_5/hls/rgb2gray_hls_work/rgb2gray_hls/solution/syn/verilog/rgb2gray_top_load_rgb 
Execute         syn_report -csynth -model load_rgb -o C:/Users/sfv02/Documents/TEC/Maestria/2026-2C/Alto_Nivel/Evaluaciones_Cortas/3-HLS/MP6160_grupo_5/hls/rgb2gray_hls_work/rgb2gray_hls/solution/syn/report/load_rgb_csynth.rpt 
Execute           list_part -family xcvc1902-vsva2197-2MP-e-S 
Execute             ap_family_info -name xcvc1902-vsva2197-2MP-e-S -data names 
Execute             ap_part_info -quiet -name xcvc1902-vsva2197-2MP-e-S -data family 
Command         syn_report done; 1.842 sec.
Execute         syn_report -rtlxml -model load_rgb -o C:/Users/sfv02/Documents/TEC/Maestria/2026-2C/Alto_Nivel/Evaluaciones_Cortas/3-HLS/MP6160_grupo_5/hls/rgb2gray_hls_work/rgb2gray_hls/solution/syn/report/load_rgb_csynth.xml 
Execute           list_part -family xcvc1902-vsva2197-2MP-e-S 
Execute             ap_family_info -name xcvc1902-vsva2197-2MP-e-S -data names 
Execute             ap_part_info -quiet -name xcvc1902-vsva2197-2MP-e-S -data family 
Command         syn_report done; 0.936 sec.
Execute         syn_report -verbosereport -model load_rgb -o C:/Users/sfv02/Documents/TEC/Maestria/2026-2C/Alto_Nivel/Evaluaciones_Cortas/3-HLS/MP6160_grupo_5/hls/rgb2gray_hls_work/rgb2gray_hls/solution/.autopilot/db/load_rgb.verbose.rpt 
Execute           list_part -family xcvc1902-vsva2197-2MP-e-S 
Execute             ap_family_info -name xcvc1902-vsva2197-2MP-e-S -data names 
Execute             ap_part_info -quiet -name xcvc1902-vsva2197-2MP-e-S -data family 
Command         syn_report done; 2.378 sec.
Execute         db_write -model load_rgb -f -o C:/Users/sfv02/Documents/TEC/Maestria/2026-2C/Alto_Nivel/Evaluaciones_Cortas/3-HLS/MP6160_grupo_5/hls/rgb2gray_hls_work/rgb2gray_hls/solution/.autopilot/db/load_rgb.adb 
Command         db_write done; 0.911 sec.
Execute         db_write -model load_rgb -bindview -o C:/Users/sfv02/Documents/TEC/Maestria/2026-2C/Alto_Nivel/Evaluaciones_Cortas/3-HLS/MP6160_grupo_5/hls/rgb2gray_hls_work/rgb2gray_hls/solution/.autopilot/db/design.bindinfo.xml 
Execute         gen_tb_info load_rgb -p C:/Users/sfv02/Documents/TEC/Maestria/2026-2C/Alto_Nivel/Evaluaciones_Cortas/3-HLS/MP6160_grupo_5/hls/rgb2gray_hls_work/rgb2gray_hls/solution/.autopilot/db -o C:/Users/sfv02/Documents/TEC/Maestria/2026-2C/Alto_Nivel/Evaluaciones_Cortas/3-HLS/MP6160_grupo_5/hls/rgb2gray_hls_work/rgb2gray_hls/solution/.autopilot/db/load_rgb 
INFO: [HLS 200-10] ----------------------------------------------------------------
INFO: [HLS 200-10] -- Generating RTL for module 'process_gray_Pipeline_process_loop' 
INFO: [HLS 200-10] ----------------------------------------------------------------
Execute         create_rtl_model process_gray_Pipeline_process_loop -top_prefix rgb2gray_top_ -sub_prefix rgb2gray_top_ -mg_file C:/Users/sfv02/Documents/TEC/Maestria/2026-2C/Alto_Nivel/Evaluaciones_Cortas/3-HLS/MP6160_grupo_5/hls/rgb2gray_hls_work/rgb2gray_hls/solution/.autopilot/db/process_gray_Pipeline_process_loop.compgen.tcl 
INFO: [HLS 200-1030] Apply Unified Pipeline Control on module 'process_gray_Pipeline_process_loop' pipeline 'process_loop' pipeline type 'loop pipeline'
INFO: [RTGEN 206-100] Generating core module 'am_addmul_18ns_22ns_23ns_45_4_1': 1 instance(s).
INFO: [RTGEN 206-100] Generating core module 'mac_muladd_10ns_8ns_13ns_18_4_1': 1 instance(s).
INFO: [RTGEN 206-100] Generating core module 'mac_muladd_12ns_8ns_21ns_22_4_1': 1 instance(s).
INFO: [RTGEN 206-100] Generating core module 'mul_8ns_14ns_21_1_1': 1 instance(s).
INFO: [RTGEN 206-100] Finished creating RTL model for 'process_gray_Pipeline_process_loop'.
INFO: [HLS 200-111] Finished Creating RTL model: CPU user time: 6 seconds. CPU system time: 0 seconds. Elapsed time: 6.323 seconds; current allocated memory: 325.055 MB.
Execute         source C:/Users/sfv02/Documents/TEC/Maestria/2026-2C/Alto_Nivel/Evaluaciones_Cortas/3-HLS/MP6160_grupo_5/hls/rgb2gray_hls_work/rgb2gray_hls/solution/.autopilot/db/rgb2gray_top.rtl_wrap.cfg.tcl 
Execute         gen_rtl process_gray_Pipeline_process_loop -style xilinx -f -lang vhdl -o C:/Users/sfv02/Documents/TEC/Maestria/2026-2C/Alto_Nivel/Evaluaciones_Cortas/3-HLS/MP6160_grupo_5/hls/rgb2gray_hls_work/rgb2gray_hls/solution/syn/vhdl/rgb2gray_top_process_gray_Pipeline_process_loop 
Execute         gen_rtl process_gray_Pipeline_process_loop -style xilinx -f -lang vlog -o C:/Users/sfv02/Documents/TEC/Maestria/2026-2C/Alto_Nivel/Evaluaciones_Cortas/3-HLS/MP6160_grupo_5/hls/rgb2gray_hls_work/rgb2gray_hls/solution/syn/verilog/rgb2gray_top_process_gray_Pipeline_process_loop 
Execute         syn_report -csynth -model process_gray_Pipeline_process_loop -o C:/Users/sfv02/Documents/TEC/Maestria/2026-2C/Alto_Nivel/Evaluaciones_Cortas/3-HLS/MP6160_grupo_5/hls/rgb2gray_hls_work/rgb2gray_hls/solution/syn/report/process_gray_Pipeline_process_loop_csynth.rpt 
Execute           list_part -family xcvc1902-vsva2197-2MP-e-S 
Execute             ap_family_info -name xcvc1902-vsva2197-2MP-e-S -data names 
Execute             ap_part_info -quiet -name xcvc1902-vsva2197-2MP-e-S -data family 
Command         syn_report done; 0.437 sec.
Execute         syn_report -rtlxml -model process_gray_Pipeline_process_loop -o C:/Users/sfv02/Documents/TEC/Maestria/2026-2C/Alto_Nivel/Evaluaciones_Cortas/3-HLS/MP6160_grupo_5/hls/rgb2gray_hls_work/rgb2gray_hls/solution/syn/report/process_gray_Pipeline_process_loop_csynth.xml 
Execute           list_part -family xcvc1902-vsva2197-2MP-e-S 
Execute             ap_family_info -name xcvc1902-vsva2197-2MP-e-S -data names 
Execute             ap_part_info -quiet -name xcvc1902-vsva2197-2MP-e-S -data family 
Command         syn_report done; 0.178 sec.
Execute         syn_report -verbosereport -model process_gray_Pipeline_process_loop -o C:/Users/sfv02/Documents/TEC/Maestria/2026-2C/Alto_Nivel/Evaluaciones_Cortas/3-HLS/MP6160_grupo_5/hls/rgb2gray_hls_work/rgb2gray_hls/solution/.autopilot/db/process_gray_Pipeline_process_loop.verbose.rpt 
Execute           list_part -family xcvc1902-vsva2197-2MP-e-S 
Execute             ap_family_info -name xcvc1902-vsva2197-2MP-e-S -data names 
Execute             ap_part_info -quiet -name xcvc1902-vsva2197-2MP-e-S -data family 
Command         syn_report done; 0.673 sec.
Execute         db_write -model process_gray_Pipeline_process_loop -f -o C:/Users/sfv02/Documents/TEC/Maestria/2026-2C/Alto_Nivel/Evaluaciones_Cortas/3-HLS/MP6160_grupo_5/hls/rgb2gray_hls_work/rgb2gray_hls/solution/.autopilot/db/process_gray_Pipeline_process_loop.adb 
Command         db_write done; 0.186 sec.
Execute         db_write -model process_gray_Pipeline_process_loop -bindview -o C:/Users/sfv02/Documents/TEC/Maestria/2026-2C/Alto_Nivel/Evaluaciones_Cortas/3-HLS/MP6160_grupo_5/hls/rgb2gray_hls_work/rgb2gray_hls/solution/.autopilot/db/design.bindinfo.xml 
Execute         gen_tb_info process_gray_Pipeline_process_loop -p C:/Users/sfv02/Documents/TEC/Maestria/2026-2C/Alto_Nivel/Evaluaciones_Cortas/3-HLS/MP6160_grupo_5/hls/rgb2gray_hls_work/rgb2gray_hls/solution/.autopilot/db -o C:/Users/sfv02/Documents/TEC/Maestria/2026-2C/Alto_Nivel/Evaluaciones_Cortas/3-HLS/MP6160_grupo_5/hls/rgb2gray_hls_work/rgb2gray_hls/solution/.autopilot/db/process_gray_Pipeline_process_loop 
INFO: [HLS 200-10] ----------------------------------------------------------------
INFO: [HLS 200-10] -- Generating RTL for module 'process_gray' 
INFO: [HLS 200-10] ----------------------------------------------------------------
Execute         create_rtl_model process_gray -top_prefix rgb2gray_top_ -sub_prefix rgb2gray_top_ -mg_file C:/Users/sfv02/Documents/TEC/Maestria/2026-2C/Alto_Nivel/Evaluaciones_Cortas/3-HLS/MP6160_grupo_5/hls/rgb2gray_hls_work/rgb2gray_hls/solution/.autopilot/db/process_gray.compgen.tcl 
INFO: [RTGEN 206-100] Finished creating RTL model for 'process_gray'.
INFO: [HLS 200-111] Finished Creating RTL model: CPU user time: 2 seconds. CPU system time: 0 seconds. Elapsed time: 1.645 seconds; current allocated memory: 325.941 MB.
Execute         source C:/Users/sfv02/Documents/TEC/Maestria/2026-2C/Alto_Nivel/Evaluaciones_Cortas/3-HLS/MP6160_grupo_5/hls/rgb2gray_hls_work/rgb2gray_hls/solution/.autopilot/db/rgb2gray_top.rtl_wrap.cfg.tcl 
Execute         gen_rtl process_gray -style xilinx -f -lang vhdl -o C:/Users/sfv02/Documents/TEC/Maestria/2026-2C/Alto_Nivel/Evaluaciones_Cortas/3-HLS/MP6160_grupo_5/hls/rgb2gray_hls_work/rgb2gray_hls/solution/syn/vhdl/rgb2gray_top_process_gray 
Execute         gen_rtl process_gray -style xilinx -f -lang vlog -o C:/Users/sfv02/Documents/TEC/Maestria/2026-2C/Alto_Nivel/Evaluaciones_Cortas/3-HLS/MP6160_grupo_5/hls/rgb2gray_hls_work/rgb2gray_hls/solution/syn/verilog/rgb2gray_top_process_gray 
Execute         syn_report -csynth -model process_gray -o C:/Users/sfv02/Documents/TEC/Maestria/2026-2C/Alto_Nivel/Evaluaciones_Cortas/3-HLS/MP6160_grupo_5/hls/rgb2gray_hls_work/rgb2gray_hls/solution/syn/report/process_gray_csynth.rpt 
Execute           list_part -family xcvc1902-vsva2197-2MP-e-S 
Execute             ap_family_info -name xcvc1902-vsva2197-2MP-e-S -data names 
Execute             ap_part_info -quiet -name xcvc1902-vsva2197-2MP-e-S -data family 
Command         syn_report done; 0.345 sec.
Execute         syn_report -rtlxml -model process_gray -o C:/Users/sfv02/Documents/TEC/Maestria/2026-2C/Alto_Nivel/Evaluaciones_Cortas/3-HLS/MP6160_grupo_5/hls/rgb2gray_hls_work/rgb2gray_hls/solution/syn/report/process_gray_csynth.xml 
Execute           list_part -family xcvc1902-vsva2197-2MP-e-S 
Execute             ap_family_info -name xcvc1902-vsva2197-2MP-e-S -data names 
Execute             ap_part_info -quiet -name xcvc1902-vsva2197-2MP-e-S -data family 
Command         syn_report done; 0.176 sec.
Execute         syn_report -verbosereport -model process_gray -o C:/Users/sfv02/Documents/TEC/Maestria/2026-2C/Alto_Nivel/Evaluaciones_Cortas/3-HLS/MP6160_grupo_5/hls/rgb2gray_hls_work/rgb2gray_hls/solution/.autopilot/db/process_gray.verbose.rpt 
Execute           list_part -family xcvc1902-vsva2197-2MP-e-S 
Execute             ap_family_info -name xcvc1902-vsva2197-2MP-e-S -data names 
Execute             ap_part_info -quiet -name xcvc1902-vsva2197-2MP-e-S -data family 
Command         syn_report done; 0.661 sec.
Execute         db_write -model process_gray -f -o C:/Users/sfv02/Documents/TEC/Maestria/2026-2C/Alto_Nivel/Evaluaciones_Cortas/3-HLS/MP6160_grupo_5/hls/rgb2gray_hls_work/rgb2gray_hls/solution/.autopilot/db/process_gray.adb 
Command         db_write done; 0.168 sec.
Execute         db_write -model process_gray -bindview -o C:/Users/sfv02/Documents/TEC/Maestria/2026-2C/Alto_Nivel/Evaluaciones_Cortas/3-HLS/MP6160_grupo_5/hls/rgb2gray_hls_work/rgb2gray_hls/solution/.autopilot/db/design.bindinfo.xml 
Execute         gen_tb_info process_gray -p C:/Users/sfv02/Documents/TEC/Maestria/2026-2C/Alto_Nivel/Evaluaciones_Cortas/3-HLS/MP6160_grupo_5/hls/rgb2gray_hls_work/rgb2gray_hls/solution/.autopilot/db -o C:/Users/sfv02/Documents/TEC/Maestria/2026-2C/Alto_Nivel/Evaluaciones_Cortas/3-HLS/MP6160_grupo_5/hls/rgb2gray_hls_work/rgb2gray_hls/solution/.autopilot/db/process_gray 
INFO: [HLS 200-10] ----------------------------------------------------------------
INFO: [HLS 200-10] -- Generating RTL for module 'store_gray' 
INFO: [HLS 200-10] ----------------------------------------------------------------
Execute         create_rtl_model store_gray -top_prefix rgb2gray_top_ -sub_prefix rgb2gray_top_ -mg_file C:/Users/sfv02/Documents/TEC/Maestria/2026-2C/Alto_Nivel/Evaluaciones_Cortas/3-HLS/MP6160_grupo_5/hls/rgb2gray_hls_work/rgb2gray_hls/solution/.autopilot/db/store_gray.compgen.tcl 
INFO: [RTGEN 206-100] Finished creating RTL model for 'store_gray'.
INFO: [HLS 200-111] Finished Creating RTL model: CPU user time: 1 seconds. CPU system time: 0 seconds. Elapsed time: 1.457 seconds; current allocated memory: 327.594 MB.
Execute         source C:/Users/sfv02/Documents/TEC/Maestria/2026-2C/Alto_Nivel/Evaluaciones_Cortas/3-HLS/MP6160_grupo_5/hls/rgb2gray_hls_work/rgb2gray_hls/solution/.autopilot/db/rgb2gray_top.rtl_wrap.cfg.tcl 
Execute         gen_rtl store_gray -style xilinx -f -lang vhdl -o C:/Users/sfv02/Documents/TEC/Maestria/2026-2C/Alto_Nivel/Evaluaciones_Cortas/3-HLS/MP6160_grupo_5/hls/rgb2gray_hls_work/rgb2gray_hls/solution/syn/vhdl/rgb2gray_top_store_gray 
Execute         gen_rtl store_gray -style xilinx -f -lang vlog -o C:/Users/sfv02/Documents/TEC/Maestria/2026-2C/Alto_Nivel/Evaluaciones_Cortas/3-HLS/MP6160_grupo_5/hls/rgb2gray_hls_work/rgb2gray_hls/solution/syn/verilog/rgb2gray_top_store_gray 
Execute         syn_report -csynth -model store_gray -o C:/Users/sfv02/Documents/TEC/Maestria/2026-2C/Alto_Nivel/Evaluaciones_Cortas/3-HLS/MP6160_grupo_5/hls/rgb2gray_hls_work/rgb2gray_hls/solution/syn/report/store_gray_csynth.rpt 
Execute           list_part -family xcvc1902-vsva2197-2MP-e-S 
Execute             ap_family_info -name xcvc1902-vsva2197-2MP-e-S -data names 
Execute             ap_part_info -quiet -name xcvc1902-vsva2197-2MP-e-S -data family 
Command         syn_report done; 2.171 sec.
Execute         syn_report -rtlxml -model store_gray -o C:/Users/sfv02/Documents/TEC/Maestria/2026-2C/Alto_Nivel/Evaluaciones_Cortas/3-HLS/MP6160_grupo_5/hls/rgb2gray_hls_work/rgb2gray_hls/solution/syn/report/store_gray_csynth.xml 
Execute           list_part -family xcvc1902-vsva2197-2MP-e-S 
Execute             ap_family_info -name xcvc1902-vsva2197-2MP-e-S -data names 
Execute             ap_part_info -quiet -name xcvc1902-vsva2197-2MP-e-S -data family 
Command         syn_report done; 1.082 sec.
Execute         syn_report -verbosereport -model store_gray -o C:/Users/sfv02/Documents/TEC/Maestria/2026-2C/Alto_Nivel/Evaluaciones_Cortas/3-HLS/MP6160_grupo_5/hls/rgb2gray_hls_work/rgb2gray_hls/solution/.autopilot/db/store_gray.verbose.rpt 
Execute           list_part -family xcvc1902-vsva2197-2MP-e-S 
Execute             ap_family_info -name xcvc1902-vsva2197-2MP-e-S -data names 
Execute             ap_part_info -quiet -name xcvc1902-vsva2197-2MP-e-S -data family 
Command         syn_report done; 2.001 sec.
Execute         db_write -model store_gray -f -o C:/Users/sfv02/Documents/TEC/Maestria/2026-2C/Alto_Nivel/Evaluaciones_Cortas/3-HLS/MP6160_grupo_5/hls/rgb2gray_hls_work/rgb2gray_hls/solution/.autopilot/db/store_gray.adb 
Command         db_write done; 1.072 sec.
Execute         db_write -model store_gray -bindview -o C:/Users/sfv02/Documents/TEC/Maestria/2026-2C/Alto_Nivel/Evaluaciones_Cortas/3-HLS/MP6160_grupo_5/hls/rgb2gray_hls_work/rgb2gray_hls/solution/.autopilot/db/design.bindinfo.xml 
Execute         gen_tb_info store_gray -p C:/Users/sfv02/Documents/TEC/Maestria/2026-2C/Alto_Nivel/Evaluaciones_Cortas/3-HLS/MP6160_grupo_5/hls/rgb2gray_hls_work/rgb2gray_hls/solution/.autopilot/db -o C:/Users/sfv02/Documents/TEC/Maestria/2026-2C/Alto_Nivel/Evaluaciones_Cortas/3-HLS/MP6160_grupo_5/hls/rgb2gray_hls_work/rgb2gray_hls/solution/.autopilot/db/store_gray 
INFO: [HLS 200-10] ----------------------------------------------------------------
INFO: [HLS 200-10] -- Generating RTL for module 'rgb2gray_top' 
INFO: [HLS 200-10] ----------------------------------------------------------------
Execute         create_rtl_model rgb2gray_top -top_prefix  -sub_prefix rgb2gray_top_ -mg_file C:/Users/sfv02/Documents/TEC/Maestria/2026-2C/Alto_Nivel/Evaluaciones_Cortas/3-HLS/MP6160_grupo_5/hls/rgb2gray_hls_work/rgb2gray_hls/solution/.autopilot/db/rgb2gray_top.compgen.tcl 
WARNING: [RTGEN 206-101] Design contains AXI ports. Reset is fixed to synchronous and active low.
INFO: [RTGEN 206-500] Setting interface mode on port 'rgb2gray_top/gmem_in' to 'm_axi'.
INFO: [RTGEN 206-500] Setting interface mode on port 'rgb2gray_top/gmem_out' to 'm_axi'.
INFO: [RTGEN 206-500] Setting interface mode on port 'rgb2gray_top/m_axi_in' to 's_axilite & ap_none'.
INFO: [RTGEN 206-500] Setting interface mode on port 'rgb2gray_top/m_axi_out' to 's_axilite & ap_none'.
INFO: [RTGEN 206-500] Setting interface mode on port 'rgb2gray_top/addr_in' to 's_axilite & ap_none'.
INFO: [RTGEN 206-500] Setting interface mode on port 'rgb2gray_top/addr_out' to 's_axilite & ap_none'.
INFO: [RTGEN 206-500] Setting interface mode on port 'rgb2gray_top/num_pixels' to 's_axilite & ap_none'.
INFO: [RTGEN 206-500] Setting interface mode on function 'rgb2gray_top' to 's_axilite & ap_ctrl_chain'.
INFO: [RTGEN 206-100] Bundling port 'm_axi_in', 'm_axi_out', 'addr_in', 'addr_out', 'num_pixels' to AXI-Lite port control.
WARNING: [HLS 200-656] Deadlocks can occur since process load_rgb is instantiated in a dataflow region with ap_ctrl_none or without start propagation and contains a rewind pipeline.
INFO: [RTGEN 206-100] Finished creating RTL model for 'rgb2gray_top'.
INFO: [RTMG 210-285] Implementing FIFO 'm_axi_out_c_U(rgb2gray_top_fifo_w64_d4_S)' using Shift Registers.
INFO: [RTMG 210-285] Implementing FIFO 'addr_out_c_U(rgb2gray_top_fifo_w32_d4_S)' using Shift Registers.
INFO: [RTMG 210-285] Implementing FIFO 'stream_rgb_U(rgb2gray_top_fifo_w24_d16_S)' using Shift Registers.
INFO: [RTMG 210-285] Implementing FIFO 'num_pixels_c1_U(rgb2gray_top_fifo_w32_d2_S)' using Shift Registers.
INFO: [RTMG 210-285] Implementing FIFO 'stream_gray_U(rgb2gray_top_fifo_w8_d16_S)' using Shift Registers.
INFO: [RTMG 210-285] Implementing FIFO 'num_pixels_c_U(rgb2gray_top_fifo_w32_d2_S)' using Shift Registers.
INFO: [RTMG 210-285] Implementing FIFO 'start_for_store_gray_U0_U(rgb2gray_top_start_for_store_gray_U0)' using Shift Registers.
INFO: [RTMG 210-285] Implementing FIFO 'start_for_process_gray_U0_U(rgb2gray_top_start_for_process_gray_U0)' using Shift Registers.
Command         create_rtl_model done; 0.293 sec.
INFO: [HLS 200-111] Finished Creating RTL model: CPU user time: 6 seconds. CPU system time: 0 seconds. Elapsed time: 6.769 seconds; current allocated memory: 331.145 MB.
Execute         source C:/Users/sfv02/Documents/TEC/Maestria/2026-2C/Alto_Nivel/Evaluaciones_Cortas/3-HLS/MP6160_grupo_5/hls/rgb2gray_hls_work/rgb2gray_hls/solution/.autopilot/db/rgb2gray_top.rtl_wrap.cfg.tcl 
Execute         gen_rtl rgb2gray_top -istop -style xilinx -f -lang vhdl -o C:/Users/sfv02/Documents/TEC/Maestria/2026-2C/Alto_Nivel/Evaluaciones_Cortas/3-HLS/MP6160_grupo_5/hls/rgb2gray_hls_work/rgb2gray_hls/solution/syn/vhdl/rgb2gray_top 
Execute         gen_rtl rgb2gray_top -istop -style xilinx -f -lang vlog -o C:/Users/sfv02/Documents/TEC/Maestria/2026-2C/Alto_Nivel/Evaluaciones_Cortas/3-HLS/MP6160_grupo_5/hls/rgb2gray_hls_work/rgb2gray_hls/solution/syn/verilog/rgb2gray_top 
Execute         syn_report -csynth -model rgb2gray_top -o C:/Users/sfv02/Documents/TEC/Maestria/2026-2C/Alto_Nivel/Evaluaciones_Cortas/3-HLS/MP6160_grupo_5/hls/rgb2gray_hls_work/rgb2gray_hls/solution/syn/report/rgb2gray_top_csynth.rpt 
Execute           list_part -family xcvc1902-vsva2197-2MP-e-S 
Execute             ap_family_info -name xcvc1902-vsva2197-2MP-e-S -data names 
Execute             ap_part_info -quiet -name xcvc1902-vsva2197-2MP-e-S -data family 
Execute         syn_report -rtlxml -model rgb2gray_top -o C:/Users/sfv02/Documents/TEC/Maestria/2026-2C/Alto_Nivel/Evaluaciones_Cortas/3-HLS/MP6160_grupo_5/hls/rgb2gray_hls_work/rgb2gray_hls/solution/syn/report/rgb2gray_top_csynth.xml 
Execute           list_part -family xcvc1902-vsva2197-2MP-e-S 
Execute             ap_family_info -name xcvc1902-vsva2197-2MP-e-S -data names 
Execute             ap_part_info -quiet -name xcvc1902-vsva2197-2MP-e-S -data family 
Execute         syn_report -verbosereport -model rgb2gray_top -o C:/Users/sfv02/Documents/TEC/Maestria/2026-2C/Alto_Nivel/Evaluaciones_Cortas/3-HLS/MP6160_grupo_5/hls/rgb2gray_hls_work/rgb2gray_hls/solution/.autopilot/db/rgb2gray_top.verbose.rpt 
Execute           list_part -family xcvc1902-vsva2197-2MP-e-S 
Execute             ap_family_info -name xcvc1902-vsva2197-2MP-e-S -data names 
Execute             ap_part_info -quiet -name xcvc1902-vsva2197-2MP-e-S -data family 
Command         syn_report done; 2.378 sec.
Execute         db_write -model rgb2gray_top -f -o C:/Users/sfv02/Documents/TEC/Maestria/2026-2C/Alto_Nivel/Evaluaciones_Cortas/3-HLS/MP6160_grupo_5/hls/rgb2gray_hls_work/rgb2gray_hls/solution/.autopilot/db/rgb2gray_top.adb 
Execute         db_write -model rgb2gray_top -bindview -o C:/Users/sfv02/Documents/TEC/Maestria/2026-2C/Alto_Nivel/Evaluaciones_Cortas/3-HLS/MP6160_grupo_5/hls/rgb2gray_hls_work/rgb2gray_hls/solution/.autopilot/db/design.bindinfo.xml 
Execute         gen_tb_info rgb2gray_top -p C:/Users/sfv02/Documents/TEC/Maestria/2026-2C/Alto_Nivel/Evaluaciones_Cortas/3-HLS/MP6160_grupo_5/hls/rgb2gray_hls_work/rgb2gray_hls/solution/.autopilot/db -o C:/Users/sfv02/Documents/TEC/Maestria/2026-2C/Alto_Nivel/Evaluaciones_Cortas/3-HLS/MP6160_grupo_5/hls/rgb2gray_hls_work/rgb2gray_hls/solution/.autopilot/db/rgb2gray_top 
Execute         export_constraint_db -f -tool general -o C:/Users/sfv02/Documents/TEC/Maestria/2026-2C/Alto_Nivel/Evaluaciones_Cortas/3-HLS/MP6160_grupo_5/hls/rgb2gray_hls_work/rgb2gray_hls/solution/.autopilot/db/rgb2gray_top.constraint.tcl 
Execute         syn_report -designview -model rgb2gray_top -o C:/Users/sfv02/Documents/TEC/Maestria/2026-2C/Alto_Nivel/Evaluaciones_Cortas/3-HLS/MP6160_grupo_5/hls/rgb2gray_hls_work/rgb2gray_hls/solution/.autopilot/db/rgb2gray_top.design.xml 
Command         syn_report done; 4.631 sec.
Execute         syn_report -csynthDesign -model rgb2gray_top -o C:/Users/sfv02/Documents/TEC/Maestria/2026-2C/Alto_Nivel/Evaluaciones_Cortas/3-HLS/MP6160_grupo_5/hls/rgb2gray_hls_work/rgb2gray_hls/solution/syn/report/csynth.rpt -MHOut C:/Users/sfv02/Documents/TEC/Maestria/2026-2C/Alto_Nivel/Evaluaciones_Cortas/3-HLS/MP6160_grupo_5/hls/rgb2gray_hls_work/rgb2gray_hls/solution/.autopilot/db/kernel_module_hierarchy.tcl 
Execute           list_part -family xcvc1902-vsva2197-2MP-e-S 
Execute             ap_family_info -name xcvc1902-vsva2197-2MP-e-S -data names 
Execute             ap_part_info -quiet -name xcvc1902-vsva2197-2MP-e-S -data family 
Execute         syn_report -wcfg -model rgb2gray_top -o C:/Users/sfv02/Documents/TEC/Maestria/2026-2C/Alto_Nivel/Evaluaciones_Cortas/3-HLS/MP6160_grupo_5/hls/rgb2gray_hls_work/rgb2gray_hls/solution/.autopilot/db/rgb2gray_top_dataflow_ana.wcfg 
Execute         syn_report -protoinst -model rgb2gray_top -o C:/Users/sfv02/Documents/TEC/Maestria/2026-2C/Alto_Nivel/Evaluaciones_Cortas/3-HLS/MP6160_grupo_5/hls/rgb2gray_hls_work/rgb2gray_hls/solution/.autopilot/db/rgb2gray_top.protoinst 
Execute         sc_get_clocks rgb2gray_top 
Execute         sc_get_portdomain rgb2gray_top 
INFO-FLOW: Model list for RTL component generation: entry_proc load_rgb process_gray_Pipeline_process_loop process_gray store_gray rgb2gray_top
INFO-FLOW: Handling components in module [entry_proc] ... 
Execute         source C:/Users/sfv02/Documents/TEC/Maestria/2026-2C/Alto_Nivel/Evaluaciones_Cortas/3-HLS/MP6160_grupo_5/hls/rgb2gray_hls_work/rgb2gray_hls/solution/.autopilot/db/entry_proc.compgen.tcl 
INFO-FLOW: Handling components in module [load_rgb] ... 
Execute         source C:/Users/sfv02/Documents/TEC/Maestria/2026-2C/Alto_Nivel/Evaluaciones_Cortas/3-HLS/MP6160_grupo_5/hls/rgb2gray_hls_work/rgb2gray_hls/solution/.autopilot/db/load_rgb.compgen.tcl 
INFO-FLOW: Handling components in module [process_gray_Pipeline_process_loop] ... 
Execute         source C:/Users/sfv02/Documents/TEC/Maestria/2026-2C/Alto_Nivel/Evaluaciones_Cortas/3-HLS/MP6160_grupo_5/hls/rgb2gray_hls_work/rgb2gray_hls/solution/.autopilot/db/process_gray_Pipeline_process_loop.compgen.tcl 
INFO-FLOW: Found component rgb2gray_top_mul_8ns_14ns_21_1_1.
INFO-FLOW: Append model rgb2gray_top_mul_8ns_14ns_21_1_1
INFO-FLOW: Found component rgb2gray_top_mac_muladd_12ns_8ns_21ns_22_4_1.
INFO-FLOW: Append model rgb2gray_top_mac_muladd_12ns_8ns_21ns_22_4_1
INFO-FLOW: Found component rgb2gray_top_mac_muladd_10ns_8ns_13ns_18_4_1.
INFO-FLOW: Append model rgb2gray_top_mac_muladd_10ns_8ns_13ns_18_4_1
INFO-FLOW: Found component rgb2gray_top_am_addmul_18ns_22ns_23ns_45_4_1.
INFO-FLOW: Append model rgb2gray_top_am_addmul_18ns_22ns_23ns_45_4_1
INFO-FLOW: Found component rgb2gray_top_flow_control_loop_pipe_sequential_init.
INFO-FLOW: Append model rgb2gray_top_flow_control_loop_pipe_sequential_init
INFO-FLOW: Handling components in module [process_gray] ... 
Execute         source C:/Users/sfv02/Documents/TEC/Maestria/2026-2C/Alto_Nivel/Evaluaciones_Cortas/3-HLS/MP6160_grupo_5/hls/rgb2gray_hls_work/rgb2gray_hls/solution/.autopilot/db/process_gray.compgen.tcl 
INFO-FLOW: Handling components in module [store_gray] ... 
Execute         source C:/Users/sfv02/Documents/TEC/Maestria/2026-2C/Alto_Nivel/Evaluaciones_Cortas/3-HLS/MP6160_grupo_5/hls/rgb2gray_hls_work/rgb2gray_hls/solution/.autopilot/db/store_gray.compgen.tcl 
INFO-FLOW: Handling components in module [rgb2gray_top] ... 
Execute         source C:/Users/sfv02/Documents/TEC/Maestria/2026-2C/Alto_Nivel/Evaluaciones_Cortas/3-HLS/MP6160_grupo_5/hls/rgb2gray_hls_work/rgb2gray_hls/solution/.autopilot/db/rgb2gray_top.compgen.tcl 
INFO-FLOW: Found component rgb2gray_top_fifo_w64_d4_S.
INFO-FLOW: Append model rgb2gray_top_fifo_w64_d4_S
INFO-FLOW: Found component rgb2gray_top_fifo_w32_d4_S.
INFO-FLOW: Append model rgb2gray_top_fifo_w32_d4_S
INFO-FLOW: Found component rgb2gray_top_fifo_w24_d16_S.
INFO-FLOW: Append model rgb2gray_top_fifo_w24_d16_S
INFO-FLOW: Found component rgb2gray_top_fifo_w32_d2_S.
INFO-FLOW: Append model rgb2gray_top_fifo_w32_d2_S
INFO-FLOW: Found component rgb2gray_top_fifo_w8_d16_S.
INFO-FLOW: Append model rgb2gray_top_fifo_w8_d16_S
INFO-FLOW: Found component rgb2gray_top_fifo_w32_d2_S.
INFO-FLOW: Append model rgb2gray_top_fifo_w32_d2_S
INFO-FLOW: Found component rgb2gray_top_start_for_store_gray_U0.
INFO-FLOW: Append model rgb2gray_top_start_for_store_gray_U0
INFO-FLOW: Found component rgb2gray_top_start_for_process_gray_U0.
INFO-FLOW: Append model rgb2gray_top_start_for_process_gray_U0
INFO-FLOW: Found component rgb2gray_top_gmem_in_m_axi.
INFO-FLOW: Append model rgb2gray_top_gmem_in_m_axi
INFO-FLOW: Found component rgb2gray_top_gmem_out_m_axi.
INFO-FLOW: Append model rgb2gray_top_gmem_out_m_axi
INFO-FLOW: Found component rgb2gray_top_control_s_axi.
INFO-FLOW: Append model rgb2gray_top_control_s_axi
INFO-FLOW: Append model entry_proc
INFO-FLOW: Append model load_rgb
INFO-FLOW: Append model process_gray_Pipeline_process_loop
INFO-FLOW: Append model process_gray
INFO-FLOW: Append model store_gray
INFO-FLOW: Append model rgb2gray_top
INFO-FLOW: Generating RTL model list ...
INFO-FLOW: All models in this session: rgb2gray_top_mul_8ns_14ns_21_1_1 rgb2gray_top_mac_muladd_12ns_8ns_21ns_22_4_1 rgb2gray_top_mac_muladd_10ns_8ns_13ns_18_4_1 rgb2gray_top_am_addmul_18ns_22ns_23ns_45_4_1 rgb2gray_top_flow_control_loop_pipe_sequential_init rgb2gray_top_fifo_w64_d4_S rgb2gray_top_fifo_w32_d4_S rgb2gray_top_fifo_w24_d16_S rgb2gray_top_fifo_w32_d2_S rgb2gray_top_fifo_w8_d16_S rgb2gray_top_fifo_w32_d2_S rgb2gray_top_start_for_store_gray_U0 rgb2gray_top_start_for_process_gray_U0 rgb2gray_top_gmem_in_m_axi rgb2gray_top_gmem_out_m_axi rgb2gray_top_control_s_axi entry_proc load_rgb process_gray_Pipeline_process_loop process_gray store_gray rgb2gray_top
INFO-FLOW: Generating C:/Users/sfv02/Documents/TEC/Maestria/2026-2C/Alto_Nivel/Evaluaciones_Cortas/3-HLS/MP6160_grupo_5/hls/rgb2gray_hls_work/rgb2gray_hls/solution/.autopilot/db/autopilot.rtl.models.txt file...
INFO-FLOW: To file: write model rgb2gray_top_mul_8ns_14ns_21_1_1
INFO-FLOW: To file: write model rgb2gray_top_mac_muladd_12ns_8ns_21ns_22_4_1
INFO-FLOW: To file: write model rgb2gray_top_mac_muladd_10ns_8ns_13ns_18_4_1
INFO-FLOW: To file: write model rgb2gray_top_am_addmul_18ns_22ns_23ns_45_4_1
INFO-FLOW: To file: write model rgb2gray_top_flow_control_loop_pipe_sequential_init
INFO-FLOW: To file: write model rgb2gray_top_fifo_w64_d4_S
INFO-FLOW: To file: write model rgb2gray_top_fifo_w32_d4_S
INFO-FLOW: To file: write model rgb2gray_top_fifo_w24_d16_S
INFO-FLOW: To file: write model rgb2gray_top_fifo_w32_d2_S
INFO-FLOW: To file: write model rgb2gray_top_fifo_w8_d16_S
INFO-FLOW: To file: write model rgb2gray_top_fifo_w32_d2_S
INFO-FLOW: To file: write model rgb2gray_top_start_for_store_gray_U0
INFO-FLOW: To file: write model rgb2gray_top_start_for_process_gray_U0
INFO-FLOW: To file: write model rgb2gray_top_gmem_in_m_axi
INFO-FLOW: To file: write model rgb2gray_top_gmem_out_m_axi
INFO-FLOW: To file: write model rgb2gray_top_control_s_axi
INFO-FLOW: To file: write model entry_proc
INFO-FLOW: To file: write model load_rgb
INFO-FLOW: To file: write model process_gray_Pipeline_process_loop
INFO-FLOW: To file: write model process_gray
INFO-FLOW: To file: write model store_gray
INFO-FLOW: To file: write model rgb2gray_top
INFO-FLOW: Generating C:/Users/sfv02/Documents/TEC/Maestria/2026-2C/Alto_Nivel/Evaluaciones_Cortas/3-HLS/MP6160_grupo_5/hls/rgb2gray_hls_work/rgb2gray_hls/solution/.autopilot/db/autopilot.rtl.models.tcl file...
INFO-FLOW: Finished generating RTL model list.


INFO-FLOW: RTL Generation done.
INFO-FLOW: CAS Generation done.
INFO-FLOW: CBC Generation done.
INFO-FLOW: DBG:PROC: ::AESL_AUTOMG::auto_generate_csynth_design
INFO-FLOW: DBG:PUTS: read_platform_lib C:/Users/sfv02/Documents/TEC/Maestria/2026-2C/Alto_Nivel/Evaluaciones_Cortas/3-HLS/MP6160_grupo_5/hls/rgb2gray_hls_work/rgb2gray_hls/solution/.autopilot/db/global.setting.tcl
Execute         source C:/Xilinx/Vitis_HLS/2024.1/common/technology/generic/autopilot/common.gen 
Execute           source C:/Xilinx/Vitis_HLS/2024.1/common/technology/generic/autopilot/APCoreGen.gen 
Execute         source C:/Xilinx/Vitis_HLS/2024.1/common/technology/generic/autopilot/op.gen 
Execute         source C:/Xilinx/Vitis_HLS/2024.1/common/technology/generic/autopilot/op_simcore.gen 
Execute         source C:/Xilinx/Vitis_HLS/2024.1/common/technology/generic/autopilot/interface.gen 
Execute         source C:/Users/sfv02/Documents/TEC/Maestria/2026-2C/Alto_Nivel/Evaluaciones_Cortas/3-HLS/MP6160_grupo_5/hls/rgb2gray_hls_work/rgb2gray_hls/solution/.autopilot/db/global.setting.tcl 
Execute         ap_family_info -name versalprimees1 -data parts 
Execute         source C:/Xilinx/Vitis_HLS/2024.1/common/technology/xilinx/common/xilinx.gen 
Execute           source C:/Xilinx/Vitis_HLS/2024.1/common/technology/xilinx/interface/plb46.gen 
Execute           source C:/Xilinx/Vitis_HLS/2024.1/common/technology/xilinx/interface/axi4.gen 
Execute           source C:/Xilinx/Vitis_HLS/2024.1/common/technology/xilinx/interface/nativeAXI4.gen 
Execute             source C:/Xilinx/Vitis_HLS/2024.1/common/technology/xilinx/interface/saxilite.gen 
Execute           source C:/Xilinx/Vitis_HLS/2024.1/common/technology/xilinx/scripts/xilinxcoregen.gen 
Execute           source C:/Xilinx/Vitis_HLS/2024.1/common/technology/xilinx/interface/XilEDKCoreGen.gen 
Execute           source C:/Xilinx/Vitis_HLS/2024.1/common/technology/xilinx/ip/dds_compiler.gen 
Execute           source C:/Xilinx/Vitis_HLS/2024.1/common/technology/xilinx/ip/util.gen 
Execute           source C:/Xilinx/Vitis_HLS/2024.1/common/technology/xilinx/ip/xfft.gen 
Execute           source C:/Xilinx/Vitis_HLS/2024.1/common/technology/xilinx/ip/xfir.gen 
Execute           source C:/Xilinx/Vitis_HLS/2024.1/common/technology/xilinx/DSP48/dsp48.gen 
INFO-FLOW: DBG:PUTS:   using AESL_AUTOCG::g_clock_period=4.000 (was NA)
INFO-FLOW: DBG:PROC: ::AESL_AUTOMG::generate_ip_cores gen_sim_model='1' gen_fp_models='0' gen_for_export='0' dstSCDir='' dstVhdlDir='C:/Users/sfv02/Documents/TEC/Maestria/2026-2C/Alto_Nivel/Evaluaciones_Cortas/3-HLS/MP6160_grupo_5/hls/rgb2gray_hls_work/rgb2gray_hls/solution/.autopilot/db/vhdl' dstVlogDir='C:/Users/sfv02/Documents/TEC/Maestria/2026-2C/Alto_Nivel/Evaluaciones_Cortas/3-HLS/MP6160_grupo_5/hls/rgb2gray_hls_work/rgb2gray_hls/solution/.autopilot/db/vlog' tclDir='C:/Users/sfv02/Documents/TEC/Maestria/2026-2C/Alto_Nivel/Evaluaciones_Cortas/3-HLS/MP6160_grupo_5/hls/rgb2gray_hls_work/rgb2gray_hls/solution/.autopilot/db' modelList='rgb2gray_top_mul_8ns_14ns_21_1_1
rgb2gray_top_mac_muladd_12ns_8ns_21ns_22_4_1
rgb2gray_top_mac_muladd_10ns_8ns_13ns_18_4_1
rgb2gray_top_am_addmul_18ns_22ns_23ns_45_4_1
rgb2gray_top_flow_control_loop_pipe_sequential_init
rgb2gray_top_fifo_w64_d4_S
rgb2gray_top_fifo_w32_d4_S
rgb2gray_top_fifo_w24_d16_S
rgb2gray_top_fifo_w32_d2_S
rgb2gray_top_fifo_w8_d16_S
rgb2gray_top_fifo_w32_d2_S
rgb2gray_top_start_for_store_gray_U0
rgb2gray_top_start_for_process_gray_U0
rgb2gray_top_gmem_in_m_axi
rgb2gray_top_gmem_out_m_axi
rgb2gray_top_control_s_axi
entry_proc
load_rgb
process_gray_Pipeline_process_loop
process_gray
store_gray
rgb2gray_top
' expOnly='0'
Execute         source C:/Users/sfv02/Documents/TEC/Maestria/2026-2C/Alto_Nivel/Evaluaciones_Cortas/3-HLS/MP6160_grupo_5/hls/rgb2gray_hls_work/rgb2gray_hls/solution/.autopilot/db/global.setting.tcl 
Execute         ap_part_info -name xcvc1902-vsva2197-2MP-e-S -data names -quiet 
Execute         ap_part_info -name xcvc1902-vsva2197-2MP-e-S -data info -quiet 
Execute         source C:/Users/sfv02/Documents/TEC/Maestria/2026-2C/Alto_Nivel/Evaluaciones_Cortas/3-HLS/MP6160_grupo_5/hls/rgb2gray_hls_work/rgb2gray_hls/solution/.autopilot/db/global.setting.tcl 
Execute         source C:/Users/sfv02/Documents/TEC/Maestria/2026-2C/Alto_Nivel/Evaluaciones_Cortas/3-HLS/MP6160_grupo_5/hls/rgb2gray_hls_work/rgb2gray_hls/solution/.autopilot/db/global.setting.tcl 
Execute         source C:/Users/sfv02/Documents/TEC/Maestria/2026-2C/Alto_Nivel/Evaluaciones_Cortas/3-HLS/MP6160_grupo_5/hls/rgb2gray_hls_work/rgb2gray_hls/solution/.autopilot/db/entry_proc.compgen.tcl 
Execute         source C:/Users/sfv02/Documents/TEC/Maestria/2026-2C/Alto_Nivel/Evaluaciones_Cortas/3-HLS/MP6160_grupo_5/hls/rgb2gray_hls_work/rgb2gray_hls/solution/.autopilot/db/load_rgb.compgen.tcl 
Execute         source C:/Users/sfv02/Documents/TEC/Maestria/2026-2C/Alto_Nivel/Evaluaciones_Cortas/3-HLS/MP6160_grupo_5/hls/rgb2gray_hls_work/rgb2gray_hls/solution/.autopilot/db/process_gray_Pipeline_process_loop.compgen.tcl 
Execute         source C:/Users/sfv02/Documents/TEC/Maestria/2026-2C/Alto_Nivel/Evaluaciones_Cortas/3-HLS/MP6160_grupo_5/hls/rgb2gray_hls_work/rgb2gray_hls/solution/.autopilot/db/process_gray.compgen.tcl 
Execute         source C:/Users/sfv02/Documents/TEC/Maestria/2026-2C/Alto_Nivel/Evaluaciones_Cortas/3-HLS/MP6160_grupo_5/hls/rgb2gray_hls_work/rgb2gray_hls/solution/.autopilot/db/store_gray.compgen.tcl 
Execute         source C:/Users/sfv02/Documents/TEC/Maestria/2026-2C/Alto_Nivel/Evaluaciones_Cortas/3-HLS/MP6160_grupo_5/hls/rgb2gray_hls_work/rgb2gray_hls/solution/.autopilot/db/rgb2gray_top.compgen.tcl 
Execute           source ./control.slave.tcl 
INFO: [HLS 200-111] Finished Generating all RTL models: CPU user time: 7 seconds. CPU system time: 0 seconds. Elapsed time: 7.836 seconds; current allocated memory: 334.656 MB.
INFO-FLOW: DBG:PROC: ::HLSREPORTS::create_csynth_xml bind_info_var='bind_info' RtlSubPrefix='rgb2gray_top_' outfile=''
INFO-FLOW: Running: create_csynth_xml read xml data
INFO-FLOW: Done: create_csynth_xml read xml data time: 0 seconds per iteration
INFO-FLOW: Running: create_csynth_xml bind info
INFO-FLOW: No bind nodes found for module_name entry_proc
INFO-FLOW: No bind nodes found for module_name process_gray
INFO-FLOW: Done: create_csynth_xml bind info time: 0 seconds per iteration
INFO-FLOW: Running: create_csynth_xml config info
INFO-FLOW: Done: create_csynth_xml config info time: 0.7 seconds per iteration
INFO-FLOW: Running: create_csynth_xml write xml
INFO-FLOW: Done: create_csynth_xml write xml time: 0 seconds per iteration
INFO-FLOW: DBG:PUTS:      create_csynth_xml wrote csynth_xml=C:/Users/sfv02/Documents/TEC/Maestria/2026-2C/Alto_Nivel/Evaluaciones_Cortas/3-HLS/MP6160_grupo_5/hls/rgb2gray_hls_work/rgb2gray_hls/solution/syn/report/csynth.xml
INFO-FLOW: DBG:PROC: ::AP::DESIGN_DATA::generate_json generate_bd_files='0' generate_xo_files='0' modelList='rgb2gray_top_mul_8ns_14ns_21_1_1
rgb2gray_top_mac_muladd_12ns_8ns_21ns_22_4_1
rgb2gray_top_mac_muladd_10ns_8ns_13ns_18_4_1
rgb2gray_top_am_addmul_18ns_22ns_23ns_45_4_1
rgb2gray_top_flow_control_loop_pipe_sequential_init
rgb2gray_top_fifo_w64_d4_S
rgb2gray_top_fifo_w32_d4_S
rgb2gray_top_fifo_w24_d16_S
rgb2gray_top_fifo_w32_d2_S
rgb2gray_top_fifo_w8_d16_S
rgb2gray_top_fifo_w32_d2_S
rgb2gray_top_start_for_store_gray_U0
rgb2gray_top_start_for_process_gray_U0
rgb2gray_top_gmem_in_m_axi
rgb2gray_top_gmem_out_m_axi
rgb2gray_top_control_s_axi
entry_proc
load_rgb
process_gray_Pipeline_process_loop
process_gray
store_gray
rgb2gray_top
' rtl_lang='both' bootstrap_tcl='false' outdir='' outfilename=''
Execute         source C:/Users/sfv02/Documents/TEC/Maestria/2026-2C/Alto_Nivel/Evaluaciones_Cortas/3-HLS/MP6160_grupo_5/hls/rgb2gray_hls_work/rgb2gray_hls/solution/.autopilot/db/global.setting.tcl 
Execute         source C:/Users/sfv02/Documents/TEC/Maestria/2026-2C/Alto_Nivel/Evaluaciones_Cortas/3-HLS/MP6160_grupo_5/hls/rgb2gray_hls_work/rgb2gray_hls/solution/.autopilot/db/global.setting.tcl 
Execute         source C:/Users/sfv02/Documents/TEC/Maestria/2026-2C/Alto_Nivel/Evaluaciones_Cortas/3-HLS/MP6160_grupo_5/hls/rgb2gray_hls_work/rgb2gray_hls/solution/.autopilot/db/top-io-be.tcl 
Execute         source C:/Users/sfv02/Documents/TEC/Maestria/2026-2C/Alto_Nivel/Evaluaciones_Cortas/3-HLS/MP6160_grupo_5/hls/rgb2gray_hls_work/rgb2gray_hls/solution/.autopilot/db/rgb2gray_top.tbgen.tcl 
Execute         source C:/Users/sfv02/Documents/TEC/Maestria/2026-2C/Alto_Nivel/Evaluaciones_Cortas/3-HLS/MP6160_grupo_5/hls/rgb2gray_hls_work/rgb2gray_hls/solution/.autopilot/db/rgb2gray_top.compgen.dataonly.tcl 
Execute         source C:/Users/sfv02/Documents/TEC/Maestria/2026-2C/Alto_Nivel/Evaluaciones_Cortas/3-HLS/MP6160_grupo_5/hls/rgb2gray_hls_work/rgb2gray_hls/solution/.autopilot/db/rgb2gray_top.compgen.dataonly.tcl 
Execute         source C:/Users/sfv02/Documents/TEC/Maestria/2026-2C/Alto_Nivel/Evaluaciones_Cortas/3-HLS/MP6160_grupo_5/hls/rgb2gray_hls_work/rgb2gray_hls/solution/.autopilot/db/rgb2gray_top.rtl_wrap.cfg.tcl 
Execute         source C:/Users/sfv02/Documents/TEC/Maestria/2026-2C/Alto_Nivel/Evaluaciones_Cortas/3-HLS/MP6160_grupo_5/hls/rgb2gray_hls_work/rgb2gray_hls/solution/.autopilot/db/rgb2gray_top.compgen.dataonly.tcl 
Execute         source C:/Users/sfv02/Documents/TEC/Maestria/2026-2C/Alto_Nivel/Evaluaciones_Cortas/3-HLS/MP6160_grupo_5/hls/rgb2gray_hls_work/rgb2gray_hls/solution/.autopilot/db/entry_proc.tbgen.tcl 
Execute         source C:/Users/sfv02/Documents/TEC/Maestria/2026-2C/Alto_Nivel/Evaluaciones_Cortas/3-HLS/MP6160_grupo_5/hls/rgb2gray_hls_work/rgb2gray_hls/solution/.autopilot/db/load_rgb.tbgen.tcl 
Execute         source C:/Users/sfv02/Documents/TEC/Maestria/2026-2C/Alto_Nivel/Evaluaciones_Cortas/3-HLS/MP6160_grupo_5/hls/rgb2gray_hls_work/rgb2gray_hls/solution/.autopilot/db/process_gray_Pipeline_process_loop.tbgen.tcl 
Execute         source C:/Users/sfv02/Documents/TEC/Maestria/2026-2C/Alto_Nivel/Evaluaciones_Cortas/3-HLS/MP6160_grupo_5/hls/rgb2gray_hls_work/rgb2gray_hls/solution/.autopilot/db/process_gray.tbgen.tcl 
Execute         source C:/Users/sfv02/Documents/TEC/Maestria/2026-2C/Alto_Nivel/Evaluaciones_Cortas/3-HLS/MP6160_grupo_5/hls/rgb2gray_hls_work/rgb2gray_hls/solution/.autopilot/db/store_gray.tbgen.tcl 
Execute         source C:/Users/sfv02/Documents/TEC/Maestria/2026-2C/Alto_Nivel/Evaluaciones_Cortas/3-HLS/MP6160_grupo_5/hls/rgb2gray_hls_work/rgb2gray_hls/solution/.autopilot/db/rgb2gray_top.tbgen.tcl 
Execute         source C:/Users/sfv02/Documents/TEC/Maestria/2026-2C/Alto_Nivel/Evaluaciones_Cortas/3-HLS/MP6160_grupo_5/hls/rgb2gray_hls_work/rgb2gray_hls/solution/.autopilot/db/global.setting.tcl 
Execute         ap_part_info -name xcvc1902-vsva2197-2MP-e-S -data names -quiet 
Execute         ap_part_info -name xcvc1902-vsva2197-2MP-e-S -data info -quiet 
Execute         source C:/Users/sfv02/Documents/TEC/Maestria/2026-2C/Alto_Nivel/Evaluaciones_Cortas/3-HLS/MP6160_grupo_5/hls/rgb2gray_hls_work/rgb2gray_hls/solution/.autopilot/db/rgb2gray_top.constraint.tcl 
Execute         sc_get_clocks rgb2gray_top 
Execute         source C:/Users/sfv02/Documents/TEC/Maestria/2026-2C/Alto_Nivel/Evaluaciones_Cortas/3-HLS/MP6160_grupo_5/hls/rgb2gray_hls_work/rgb2gray_hls/solution/.autopilot/db/global.setting.tcl 
INFO-FLOW: DBG:PROC: ::HLSREPORTS::add_csynth_report_sections bind_info_dict='adapter_nodes {{BINDTYPE adapter ID {} IMPL {} LATENCY {} OPTYPE {} PRAGMA {} RTLNAME control_s_axi_U SOURCE {} VARIABLE {} LOOP {} BUNDLEDNAME control DSP 0 BRAM 0 URAM 0 STORAGESUBTYPE s_axilite STORAGESIZE {} STORAGEUSAGE interface DISPNAME {bind_adapter }} {BINDTYPE adapter ID {} IMPL {} LATENCY {} OPTYPE {} PRAGMA {} RTLNAME gmem_in_m_axi_U SOURCE {} VARIABLE {} LOOP {} BUNDLEDNAME gmem_in DSP 0 BRAM 2 URAM 0 STORAGESUBTYPE m_axi STORAGESIZE {} STORAGEUSAGE interface DISPNAME {bind_adapter }} {BINDTYPE adapter ID {} IMPL {} LATENCY {} OPTYPE {} PRAGMA {} RTLNAME gmem_out_m_axi_U SOURCE {} VARIABLE {} LOOP {} BUNDLEDNAME gmem_out DSP 0 BRAM 2 URAM 0 STORAGESUBTYPE m_axi STORAGESIZE {} STORAGEUSAGE interface DISPNAME {bind_adapter }}} cache_nodes {} report_dict {TOPINST rgb2gray_top MODULE2INSTS {rgb2gray_top rgb2gray_top entry_proc entry_proc_U0 load_rgb load_rgb_U0 process_gray process_gray_U0 process_gray_Pipeline_process_loop grp_process_gray_Pipeline_process_loop_fu_50 store_gray store_gray_U0} INST2MODULE {rgb2gray_top rgb2gray_top entry_proc_U0 entry_proc load_rgb_U0 load_rgb process_gray_U0 process_gray grp_process_gray_Pipeline_process_loop_fu_50 process_gray_Pipeline_process_loop store_gray_U0 store_gray} INSTDATA {rgb2gray_top {DEPTH 1 CHILDREN {entry_proc_U0 load_rgb_U0 process_gray_U0 store_gray_U0}} entry_proc_U0 {DEPTH 2 CHILDREN {}} load_rgb_U0 {DEPTH 2 CHILDREN {}} process_gray_U0 {DEPTH 2 CHILDREN grp_process_gray_Pipeline_process_loop_fu_50} grp_process_gray_Pipeline_process_loop_fu_50 {DEPTH 3 CHILDREN {}} store_gray_U0 {DEPTH 2 CHILDREN {}}} MODULEDATA {load_rgb {BINDINFO {{BINDTYPE op ID {} IMPL fabric LATENCY 0 OPTYPE sub PRAGMA {} RTLNAME sub_ln37_fu_231_p2 SOURCE ../rgb2gray_kernel.cpp:37 VARIABLE sub_ln37 LOOP load_loop BUNDLEDNAME {} DSP 0 BRAM 0 URAM 0 STORAGESUBTYPE {} DISPNAME {bind_op sub} VISIBLE true} {BINDTYPE op ID {} IMPL fabric LATENCY 0 OPTYPE add PRAGMA {} RTLNAME add_ln37_fu_254_p2 SOURCE ../rgb2gray_kernel.cpp:37 VARIABLE add_ln37 LOOP load_loop BUNDLEDNAME {} DSP 0 BRAM 0 URAM 0 STORAGESUBTYPE {} DISPNAME {bind_op add} VISIBLE true} {BINDTYPE op ID {} IMPL fabric LATENCY 0 OPTYPE add PRAGMA {} RTLNAME i_3_fu_287_p2 SOURCE ../rgb2gray_kernel.cpp:37 VARIABLE i_3 LOOP load_loop BUNDLEDNAME {} DSP 0 BRAM 0 URAM 0 STORAGESUBTYPE {} DISPNAME {bind_op add} VISIBLE true} {BINDTYPE op ID {} IMPL auto LATENCY 0 OPTYPE seteq PRAGMA {} RTLNAME icmp_ln37_fu_293_p2 SOURCE ../rgb2gray_kernel.cpp:37 VARIABLE icmp_ln37 LOOP load_loop BUNDLEDNAME {} DSP 0 BRAM 0 URAM 0 STORAGESUBTYPE {} DISPNAME {bind_op seteq} VISIBLE false}} AREA {DSP 0 BRAM 0 URAM 0}} process_gray_Pipeline_process_loop {BINDINFO {{BINDTYPE op ID {} IMPL auto LATENCY 0 OPTYPE seteq PRAGMA {} RTLNAME icmp_ln68_fu_99_p2 SOURCE ../rgb2gray_kernel.cpp:68 VARIABLE icmp_ln68 LOOP process_loop BUNDLEDNAME {} DSP 0 BRAM 0 URAM 0 STORAGESUBTYPE {} DISPNAME {bind_op seteq} VISIBLE false} {BINDTYPE op ID {} IMPL fabric LATENCY 0 OPTYPE add PRAGMA {} RTLNAME i_1_fu_105_p2 SOURCE ../rgb2gray_kernel.cpp:68 VARIABLE i_1 LOOP process_loop BUNDLEDNAME {} DSP 0 BRAM 0 URAM 0 STORAGESUBTYPE {} DISPNAME {bind_op add} VISIBLE true} {BINDTYPE op ID {} IMPL dsp_slice LATENCY 3 OPTYPE mul PRAGMA {} RTLNAME mac_muladd_12ns_8ns_21ns_22_4_1_U12 SOURCE ../rgb2gray_kernel.cpp:19 VARIABLE mul_ln19 LOOP process_loop BUNDLEDNAME {} DSP 1 BRAM 0 URAM 0 STORAGESUBTYPE {} DISPNAME {bind_op mul} VISIBLE true} {BINDTYPE op ID {} IMPL dsp_slice LATENCY 3 OPTYPE zext PRAGMA {} RTLNAME mac_muladd_12ns_8ns_21ns_22_4_1_U12 SOURCE ../rgb2gray_kernel.cpp:19 VARIABLE zext_ln19_1 LOOP process_loop BUNDLEDNAME {} DSP 1 BRAM 0 URAM 0 STORAGESUBTYPE {} DISPNAME {bind_op zext} VISIBLE false} {BINDTYPE op ID {} IMPL auto LATENCY 0 OPTYPE mul PRAGMA {} RTLNAME mul_8ns_14ns_21_1_1_U11 SOURCE ../rgb2gray_kernel.cpp:19 VARIABLE mul_ln19_1 LOOP process_loop BUNDLEDNAME {} DSP 1 BRAM 0 URAM 0 STORAGESUBTYPE {} DISPNAME {bind_op mul} VISIBLE true} {BINDTYPE op ID {} IMPL dsp_slice LATENCY 3 OPTYPE mul PRAGMA {} RTLNAME mac_muladd_10ns_8ns_13ns_18_4_1_U13 SOURCE ../rgb2gray_kernel.cpp:19 VARIABLE mul_ln19_2 LOOP process_loop BUNDLEDNAME {} DSP 1 BRAM 0 URAM 0 STORAGESUBTYPE {} DISPNAME {bind_op mul} VISIBLE true} {BINDTYPE op ID {} IMPL dsp_slice LATENCY 3 OPTYPE add PRAGMA {} RTLNAME mac_muladd_12ns_8ns_21ns_22_4_1_U12 SOURCE ../rgb2gray_kernel.cpp:20 VARIABLE add_ln20_1 LOOP process_loop BUNDLEDNAME {} DSP 1 BRAM 0 URAM 0 STORAGESUBTYPE {} DISPNAME {bind_op add} VISIBLE true} {BINDTYPE op ID {} IMPL dsp_slice LATENCY 3 OPTYPE add PRAGMA {} RTLNAME mac_muladd_10ns_8ns_13ns_18_4_1_U13 SOURCE ../rgb2gray_kernel.cpp:20 VARIABLE add_ln20_2 LOOP process_loop BUNDLEDNAME {} DSP 1 BRAM 0 URAM 0 STORAGESUBTYPE {} DISPNAME {bind_op add} VISIBLE true} {BINDTYPE op ID {} IMPL dsp_slice LATENCY 3 OPTYPE add PRAGMA {} RTLNAME am_addmul_18ns_22ns_23ns_45_4_1_U14 SOURCE ../rgb2gray_kernel.cpp:20 VARIABLE add_ln20 LOOP process_loop BUNDLEDNAME {} DSP 1 BRAM 0 URAM 0 STORAGESUBTYPE {} DISPNAME {bind_op add} VISIBLE true} {BINDTYPE op ID {} IMPL dsp_slice LATENCY 3 OPTYPE zext PRAGMA {} RTLNAME am_addmul_18ns_22ns_23ns_45_4_1_U14 SOURCE ../rgb2gray_kernel.cpp:20 VARIABLE zext_ln20_1 LOOP process_loop BUNDLEDNAME {} DSP 1 BRAM 0 URAM 0 STORAGESUBTYPE {} DISPNAME {bind_op zext} VISIBLE false} {BINDTYPE op ID {} IMPL dsp_slice LATENCY 3 OPTYPE mul PRAGMA {} RTLNAME am_addmul_18ns_22ns_23ns_45_4_1_U14 SOURCE ../rgb2gray_kernel.cpp:20 VARIABLE mul_ln20 LOOP process_loop BUNDLEDNAME {} DSP 1 BRAM 0 URAM 0 STORAGESUBTYPE {} DISPNAME {bind_op mul} VISIBLE true}} AREA {DSP 4 BRAM 0 URAM 0}} store_gray {BINDINFO {{BINDTYPE op ID {} IMPL fabric LATENCY 0 OPTYPE add PRAGMA {} RTLNAME add_ln90_fu_237_p2 SOURCE ../rgb2gray_kernel.cpp:90 VARIABLE add_ln90 LOOP store_loop BUNDLEDNAME {} DSP 0 BRAM 0 URAM 0 STORAGESUBTYPE {} DISPNAME {bind_op add} VISIBLE true} {BINDTYPE op ID {} IMPL auto LATENCY 0 OPTYPE seteq PRAGMA {} RTLNAME icmp_ln90_fu_243_p2 SOURCE ../rgb2gray_kernel.cpp:90 VARIABLE icmp_ln90 LOOP store_loop BUNDLEDNAME {} DSP 0 BRAM 0 URAM 0 STORAGESUBTYPE {} DISPNAME {bind_op seteq} VISIBLE false} {BINDTYPE op ID {} IMPL fabric LATENCY 0 OPTYPE add PRAGMA {} RTLNAME out_addr_fu_249_p2 SOURCE ../rgb2gray_kernel.cpp:94 VARIABLE out_addr LOOP store_loop BUNDLEDNAME {} DSP 0 BRAM 0 URAM 0 STORAGESUBTYPE {} DISPNAME {bind_op add} VISIBLE true} {BINDTYPE op ID {} IMPL fabric LATENCY 0 OPTYPE add PRAGMA {} RTLNAME add_ln95_fu_266_p2 SOURCE ../rgb2gray_kernel.cpp:95 VARIABLE add_ln95 LOOP store_loop BUNDLEDNAME {} DSP 0 BRAM 0 URAM 0 STORAGESUBTYPE {} DISPNAME {bind_op add} VISIBLE true}} AREA {DSP 0 BRAM 0 URAM 0}} rgb2gray_top {BINDINFO {{BINDTYPE storage ID {} IMPL srl LATENCY 0 OPTYPE fifo PRAGMA {} RTLNAME m_axi_out_c_U SOURCE ../rgb2gray_kernel.cpp:133 VARIABLE m_axi_out_c LOOP {} BUNDLEDNAME {} DSP 0 BRAM 0 URAM 0 STORAGESUBTYPE {scalar prop} STORAGESIZE {64 4 1} STORAGEUSAGE {fifo channel} DISPNAME {bind_storage fifo} VISIBLE true} {BINDTYPE storage ID {} IMPL srl LATENCY 0 OPTYPE fifo PRAGMA {} RTLNAME addr_out_c_U SOURCE ../rgb2gray_kernel.cpp:133 VARIABLE addr_out_c LOOP {} BUNDLEDNAME {} DSP 0 BRAM 0 URAM 0 STORAGESUBTYPE {scalar prop} STORAGESIZE {32 4 1} STORAGEUSAGE {fifo channel} DISPNAME {bind_storage fifo} VISIBLE true} {BINDTYPE storage ID {} IMPL srl LATENCY 0 OPTYPE fifo PRAGMA {} RTLNAME stream_rgb_U SOURCE :0 VARIABLE stream_rgb LOOP {} BUNDLEDNAME {} DSP 0 BRAM 0 URAM 0 STORAGESUBTYPE stream STORAGESIZE {24 16 1} STORAGEUSAGE {fifo channel} DISPNAME {bind_storage fifo} VISIBLE true} {BINDTYPE storage ID {} IMPL srl LATENCY 0 OPTYPE fifo PRAGMA {} RTLNAME num_pixels_c1_U SOURCE ../rgb2gray_kernel.cpp:133 VARIABLE num_pixels_c1 LOOP {} BUNDLEDNAME {} DSP 0 BRAM 0 URAM 0 STORAGESUBTYPE {scalar prop} STORAGESIZE {32 2 1} STORAGEUSAGE {fifo channel} DISPNAME {bind_storage fifo} VISIBLE true} {BINDTYPE storage ID {} IMPL srl LATENCY 0 OPTYPE fifo PRAGMA {} RTLNAME stream_gray_U SOURCE ../rgb2gray_kernel.cpp:135 VARIABLE stream_gray LOOP {} BUNDLEDNAME {} DSP 0 BRAM 0 URAM 0 STORAGESUBTYPE stream STORAGESIZE {8 16 1} STORAGEUSAGE {fifo channel} DISPNAME {bind_storage fifo} VISIBLE true} {BINDTYPE storage ID {} IMPL srl LATENCY 0 OPTYPE fifo PRAGMA {} RTLNAME num_pixels_c_U SOURCE ../rgb2gray_kernel.cpp:133 VARIABLE num_pixels_c LOOP {} BUNDLEDNAME {} DSP 0 BRAM 0 URAM 0 STORAGESUBTYPE {scalar prop} STORAGESIZE {32 2 1} STORAGEUSAGE {fifo channel} DISPNAME {bind_storage fifo} VISIBLE true}} AREA {DSP 4 BRAM 4 URAM 0}} entry_proc {AREA {DSP 0 BRAM 0 URAM 0}} process_gray {AREA {DSP 4 BRAM 0 URAM 0}}}}'
INFO-FLOW: DBG:PUTS:      update_csynth_reports json2rpt_hw_sw_interfaces
Execute         send_msg_by_id INFO @200-1603@%s  and missed bursts 
INFO: [HLS 200-1603] Design has inferred MAXI bursts and missed bursts, see Vitis HLS GUI synthesis summary report for detailed information.
INFO-FLOW: Running: gen_csynth_sec_pragma
INFO-FLOW: Done: gen_csynth_sec_pragma time: 0 seconds per iteration
INFO-FLOW: DBG:PUTS:      update_csynth_reports wrote xml
INFO-FLOW: DBG:PUTS:      update_csynth_reports appended to csynth rpt file
INFO: [HLS 200-111] Finished Updating report files: CPU user time: 1 seconds. CPU system time: 1 seconds. Elapsed time: 1.701 seconds; current allocated memory: 342.102 MB.
INFO: [VHDL 208-304] Generating VHDL RTL for rgb2gray_top.
INFO: [VLOG 209-307] Generating Verilog RTL for rgb2gray_top.
Execute         syn_report -model rgb2gray_top -printsummary 
INFO: [HLS 200-790] **** Loop Constraint Status: All loop constraints were NOT satisfied.
INFO: [HLS 200-789] **** Estimated Fmax: 342.47 MHz
Command       autosyn done; 40.43 sec.
Command     csynth_design done; 54.504 sec.
INFO: [HLS 200-2161] Finished Command csynth_design Elapsed time: 00:00:54; Allocated memory: 101.516 MB.
Execute     close_project 
INFO: [HLS 200-1510] Running: close_project 
Execute       close_solution 
Execute         cleanup_all 
Execute         cleanup_all 
