Copyright 1986-2022 Xilinx, Inc. All Rights Reserved. Copyright 2022-2024 Advanced Micro Devices, Inc. All Rights Reserved.
------------------------------------------------------------------------------------------------------------------------------------------------------------------------------------------------------------------------------------------------------
| Tool Version      : Vivado v.2024.1 (lin64) Build 5076996 Wed May 22 18:36:09 MDT 2024
| Date              : Thu Aug  6 01:47:50 2026
| Host              : linux running 64-bit Ubuntu 22.04.5 LTS
| Command           : report_timing_summary -delay_type max -max_paths 20 -file ${PROJECT_ROOT}/ProyectoFinal/HLS/reports/baseline_forward/timing_sweep/5p0ns/timing_post_route.rpt
| Design            : wht_multiplier_forward
| Device            : xck26-sfvc784
| Speed File        : -2LV  PRODUCTION 1.30 05-15-2022
| Design State      : Routed
| Temperature Grade : C
------------------------------------------------------------------------------------------------------------------------------------------------------------------------------------------------------------------------------------------------------

Timing Summary Report

------------------------------------------------------------------------------------------------
| Timer Settings
| --------------
------------------------------------------------------------------------------------------------

  Enable Multi Corner Analysis               :  Yes
  Enable Pessimism Removal                   :  Yes
  Pessimism Removal Resolution               :  Nearest Common Node
  Enable Input Delay Default Clock           :  No
  Enable Preset / Clear Arcs                 :  No
  Disable Flight Delays                      :  No
  Ignore I/O Paths                           :  No
  Timing Early Launch at Borrowing Latches   :  No
  Borrow Time for Max Delay Exceptions       :  Yes
  Merge Timing Exceptions                    :  Yes
  Inter-SLR Compensation                     :  Conservative

  Corner  Analyze    Analyze    
  Name    Max Paths  Min Paths  
  ------  ---------  ---------  
  Slow    Yes        Yes        
  Fast    Yes        Yes        


------------------------------------------------------------------------------------------------
| Report Methodology
| ------------------
------------------------------------------------------------------------------------------------

No report available as report_methodology has not been run prior. Run report_methodology on the current design for the summary of methodology violations.



check_timing report

Table of Contents
-----------------
1. checking no_clock (0)
2. checking constant_clock (0)
3. checking pulse_width_clock (0)
4. checking unconstrained_internal_endpoints (0)
5. checking no_input_delay (52)
6. checking no_output_delay (38)
7. checking multiple_clock (0)
8. checking generated_clocks (0)
9. checking loops (0)
10. checking partial_input_delay (0)
11. checking partial_output_delay (0)
12. checking latch_loops (0)

1. checking no_clock (0)
------------------------
 There are 0 register/latch pins with no clock.


2. checking constant_clock (0)
------------------------------
 There are 0 register/latch pins with constant_clock.


3. checking pulse_width_clock (0)
---------------------------------
 There are 0 register/latch pins which need pulse_width check


4. checking unconstrained_internal_endpoints (0)
------------------------------------------------
 There are 0 pins that are not constrained for maximum delay.

 There are 0 pins that are not constrained for maximum delay due to constant clock.


5. checking no_input_delay (52)
-------------------------------
 There are 52 input ports with no input delay specified. (HIGH)

 There are 0 input ports with no input delay but user has a false path constraint.


6. checking no_output_delay (38)
--------------------------------
 There are 38 ports with no output delay specified. (HIGH)

 There are 0 ports with no output delay but user has a false path constraint

 There are 0 ports with no output delay but with a timing clock defined on it or propagating through it


7. checking multiple_clock (0)
------------------------------
 There are 0 register/latch pins with multiple clocks.


8. checking generated_clocks (0)
--------------------------------
 There are 0 generated clocks that are not connected to a clock source.


9. checking loops (0)
---------------------
 There are 0 combinational loops in the design.


10. checking partial_input_delay (0)
------------------------------------
 There are 0 input ports with partial input delay specified.


11. checking partial_output_delay (0)
-------------------------------------
 There are 0 ports with partial output delay specified.


12. checking latch_loops (0)
----------------------------
 There are 0 combinational latch loops in the design through latch input



------------------------------------------------------------------------------------------------
| Design Timing Summary
| ---------------------
------------------------------------------------------------------------------------------------

    WNS(ns)      TNS(ns)  TNS Failing Endpoints  TNS Total Endpoints     WPWS(ns)     TPWS(ns)  TPWS Failing Endpoints  TPWS Total Endpoints  
    -------      -------  ---------------------  -------------------     --------     --------  ----------------------  --------------------  
      0.872        0.000                      0                 1870        1.923        0.000                       0                   401  


All user specified timing constraints are met.


------------------------------------------------------------------------------------------------
| Clock Summary
| -------------
------------------------------------------------------------------------------------------------

Clock   Waveform(ns)         Period(ns)      Frequency(MHz)
-----   ------------         ----------      --------------
ap_clk  {0.000 2.500}        5.000           200.000         


------------------------------------------------------------------------------------------------
| Intra Clock Table
| -----------------
------------------------------------------------------------------------------------------------

Clock             WNS(ns)      TNS(ns)  TNS Failing Endpoints  TNS Total Endpoints     WPWS(ns)     TPWS(ns)  TPWS Failing Endpoints  TPWS Total Endpoints  
-----             -------      -------  ---------------------  -------------------     --------     --------  ----------------------  --------------------  
ap_clk              0.872        0.000                      0                 1870        1.923        0.000                       0                   401  


------------------------------------------------------------------------------------------------
| Inter Clock Table
| -----------------
------------------------------------------------------------------------------------------------

From Clock    To Clock          WNS(ns)      TNS(ns)  TNS Failing Endpoints  TNS Total Endpoints  
----------    --------          -------      -------  ---------------------  -------------------  


------------------------------------------------------------------------------------------------
| Other Path Groups Table
| -----------------------
------------------------------------------------------------------------------------------------

Path Group    From Clock    To Clock          WNS(ns)      TNS(ns)  TNS Failing Endpoints  TNS Total Endpoints  
----------    ----------    --------          -------      -------  ---------------------  -------------------  


------------------------------------------------------------------------------------------------
| Timing Details
| --------------
------------------------------------------------------------------------------------------------


---------------------------------------------------------------------------------------------------
From Clock:  ap_clk
  To Clock:  ap_clk

Setup :            0  Failing Endpoints,  Worst Slack        0.872ns,  Total Violation        0.000ns
Hold  :           NA  Failing Endpoints,  Worst Slack           NA  ,  Total Violation           NA
PW    :            0  Failing Endpoints,  Worst Slack        1.923ns,  Total Violation        0.000ns
---------------------------------------------------------------------------------------------------


Max Delay Paths
--------------------------------------------------------------------------------------
Slack (MET) :             0.872ns  (required time - arrival time)
  Source:                 control_s_axi_U/int_input_r/mem_reg/CLKBWRCLK
                            (rising edge-triggered cell RAMB36E2 clocked by ap_clk  {rise@0.000ns fall@2.500ns period=5.000ns})
  Destination:            mul_16s_16s_31_1_1_U7/tmp_product/DSP_A_B_DATA_INST/A[28]
                            (rising edge-triggered cell DSP_A_B_DATA clocked by ap_clk  {rise@0.000ns fall@2.500ns period=5.000ns})
  Path Group:             ap_clk
  Path Type:              Setup (Max at Slow Process Corner)
  Requirement:            5.000ns  (ap_clk rise@5.000ns - ap_clk rise@0.000ns)
  Data Path Delay:        3.484ns  (logic 2.262ns (64.917%)  route 1.222ns (35.083%))
  Logic Levels:           5  (CARRY8=3 LUT2=1 LUT4=1)
  Clock Path Skew:        -0.051ns (DCD - SCD + CPR)
    Destination Clock Delay (DCD):    0.055ns = ( 5.055 - 5.000 ) 
    Source Clock Delay      (SCD):    0.106ns
    Clock Pessimism Removal (CPR):    0.000ns
  Clock Uncertainty:      0.035ns  ((TSJ^2 + TIJ^2)^1/2 + DJ) / 2 + PE
    Total System Jitter     (TSJ):    0.071ns
    Total Input Jitter      (TIJ):    0.000ns
    Discrete Jitter          (DJ):    0.000ns
    Phase Error              (PE):    0.000ns

    Location             Delay type                Incr(ns)  Path(ns)    Netlist Resource(s)
  -------------------------------------------------------------------    -------------------
                         (clock ap_clk rise edge)     0.000     0.000 r  
                                                      0.000     0.000 r  ap_clk (IN)
                         net (fo=446, unset)          0.106     0.106    control_s_axi_U/int_input_r/ap_clk
    RAMB36_X0Y1          RAMB36E2                                     r  control_s_axi_U/int_input_r/mem_reg/CLKBWRCLK
  -------------------------------------------------------------------    -------------------
    RAMB36_X0Y1          RAMB36E2 (Prop_RAMB36E2_RAMB36_CLKBWRCLK_DOUTBDOUT[5])
                                                      1.305     1.411 r  control_s_axi_U/int_input_r/mem_reg/DOUTBDOUT[5]
                         net (fo=3, routed)           0.370     1.781    control_s_axi_U/int_input_r/int_input_r_q0[5]
    SLICE_X27Y8          LUT4 (Prop_F6LUT_SLICEL_I1_O)
                                                      0.187     1.968 r  control_s_axi_U/int_input_r/tmp_product_i_14__0/O
                         net (fo=1, routed)           0.015     1.983    control_s_axi_U/int_input_r/tmp_product_i_14__0_n_0
    SLICE_X27Y8          CARRY8 (Prop_CARRY8_SLICEL_S[5]_CO[7])
                                                      0.232     2.215 r  control_s_axi_U/int_input_r/tmp_product_i_3__0/CO[7]
                         net (fo=1, routed)           0.030     2.245    control_s_axi_U/int_input_r/tmp_product_i_3__0_n_0
    SLICE_X27Y9          CARRY8 (Prop_CARRY8_SLICEL_CI_O[1])
                                                      0.106     2.351 r  control_s_axi_U/int_input_r/tmp_product_i_2/O[1]
                         net (fo=2, routed)           0.338     2.689    control_s_axi_U/int_input_r/A[9]
    SLICE_X28Y11         LUT2 (Prop_B6LUT_SLICEM_I1_O)
                                                      0.082     2.771 r  control_s_axi_U/int_input_r/trunc_ln15_5_reg_648_reg_i_10/O
                         net (fo=1, routed)           0.022     2.793    control_s_axi_U/int_input_r/trunc_ln15_5_reg_648_reg_i_10_n_0
    SLICE_X28Y11         CARRY8 (Prop_CARRY8_SLICEM_S[1]_O[7])
                                                      0.350     3.143 r  control_s_axi_U/int_input_r/trunc_ln15_5_reg_648_reg_i_2/O[7]
                         net (fo=32, routed)          0.448     3.590    mul_16s_16s_31_1_1_U7/tmp_product/A[28]
    DSP48E2_X7Y2         DSP_A_B_DATA                                 r  mul_16s_16s_31_1_1_U7/tmp_product/DSP_A_B_DATA_INST/A[28]
  -------------------------------------------------------------------    -------------------

                         (clock ap_clk rise edge)     5.000     5.000 r  
                                                      0.000     5.000 r  ap_clk (IN)
                         net (fo=446, unset)          0.055     5.055    mul_16s_16s_31_1_1_U7/tmp_product/CLK
    DSP48E2_X7Y2         DSP_A_B_DATA                                 r  mul_16s_16s_31_1_1_U7/tmp_product/DSP_A_B_DATA_INST/CLK
                         clock pessimism              0.000     5.055    
                         clock uncertainty           -0.035     5.020    
    DSP48E2_X7Y2         DSP_A_B_DATA (Setup_DSP_A_B_DATA_DSP48E2_CLK_A[28])
                                                     -0.557     4.463    mul_16s_16s_31_1_1_U7/tmp_product/DSP_A_B_DATA_INST
  -------------------------------------------------------------------
                         required time                          4.463    
                         arrival time                          -3.590    
  -------------------------------------------------------------------
                         slack                                  0.872    

Slack (MET) :             0.873ns  (required time - arrival time)
  Source:                 control_s_axi_U/int_input_r/mem_reg/CLKBWRCLK
                            (rising edge-triggered cell RAMB36E2 clocked by ap_clk  {rise@0.000ns fall@2.500ns period=5.000ns})
  Destination:            mul_16s_16s_31_1_1_U7/tmp_product/DSP_A_B_DATA_INST/A[21]
                            (rising edge-triggered cell DSP_A_B_DATA clocked by ap_clk  {rise@0.000ns fall@2.500ns period=5.000ns})
  Path Group:             ap_clk
  Path Type:              Setup (Max at Slow Process Corner)
  Requirement:            5.000ns  (ap_clk rise@5.000ns - ap_clk rise@0.000ns)
  Data Path Delay:        3.533ns  (logic 2.262ns (64.031%)  route 1.271ns (35.969%))
  Logic Levels:           5  (CARRY8=3 LUT2=1 LUT4=1)
  Clock Path Skew:        -0.051ns (DCD - SCD + CPR)
    Destination Clock Delay (DCD):    0.055ns = ( 5.055 - 5.000 ) 
    Source Clock Delay      (SCD):    0.106ns
    Clock Pessimism Removal (CPR):    0.000ns
  Clock Uncertainty:      0.035ns  ((TSJ^2 + TIJ^2)^1/2 + DJ) / 2 + PE
    Total System Jitter     (TSJ):    0.071ns
    Total Input Jitter      (TIJ):    0.000ns
    Discrete Jitter          (DJ):    0.000ns
    Phase Error              (PE):    0.000ns

    Location             Delay type                Incr(ns)  Path(ns)    Netlist Resource(s)
  -------------------------------------------------------------------    -------------------
                         (clock ap_clk rise edge)     0.000     0.000 r  
                                                      0.000     0.000 r  ap_clk (IN)
                         net (fo=446, unset)          0.106     0.106    control_s_axi_U/int_input_r/ap_clk
    RAMB36_X0Y1          RAMB36E2                                     r  control_s_axi_U/int_input_r/mem_reg/CLKBWRCLK
  -------------------------------------------------------------------    -------------------
    RAMB36_X0Y1          RAMB36E2 (Prop_RAMB36E2_RAMB36_CLKBWRCLK_DOUTBDOUT[5])
                                                      1.305     1.411 r  control_s_axi_U/int_input_r/mem_reg/DOUTBDOUT[5]
                         net (fo=3, routed)           0.370     1.781    control_s_axi_U/int_input_r/int_input_r_q0[5]
    SLICE_X27Y8          LUT4 (Prop_F6LUT_SLICEL_I1_O)
                                                      0.187     1.968 r  control_s_axi_U/int_input_r/tmp_product_i_14__0/O
                         net (fo=1, routed)           0.015     1.983    control_s_axi_U/int_input_r/tmp_product_i_14__0_n_0
    SLICE_X27Y8          CARRY8 (Prop_CARRY8_SLICEL_S[5]_CO[7])
                                                      0.232     2.215 r  control_s_axi_U/int_input_r/tmp_product_i_3__0/CO[7]
                         net (fo=1, routed)           0.030     2.245    control_s_axi_U/int_input_r/tmp_product_i_3__0_n_0
    SLICE_X27Y9          CARRY8 (Prop_CARRY8_SLICEL_CI_O[1])
                                                      0.106     2.351 r  control_s_axi_U/int_input_r/tmp_product_i_2/O[1]
                         net (fo=2, routed)           0.338     2.689    control_s_axi_U/int_input_r/A[9]
    SLICE_X28Y11         LUT2 (Prop_B6LUT_SLICEM_I1_O)
                                                      0.082     2.771 r  control_s_axi_U/int_input_r/trunc_ln15_5_reg_648_reg_i_10/O
                         net (fo=1, routed)           0.022     2.793    control_s_axi_U/int_input_r/trunc_ln15_5_reg_648_reg_i_10_n_0
    SLICE_X28Y11         CARRY8 (Prop_CARRY8_SLICEM_S[1]_O[7])
                                                      0.350     3.143 r  control_s_axi_U/int_input_r/trunc_ln15_5_reg_648_reg_i_2/O[7]
                         net (fo=32, routed)          0.496     3.639    mul_16s_16s_31_1_1_U7/tmp_product/A[21]
    DSP48E2_X7Y2         DSP_A_B_DATA                                 r  mul_16s_16s_31_1_1_U7/tmp_product/DSP_A_B_DATA_INST/A[21]
  -------------------------------------------------------------------    -------------------

                         (clock ap_clk rise edge)     5.000     5.000 r  
                                                      0.000     5.000 r  ap_clk (IN)
                         net (fo=446, unset)          0.055     5.055    mul_16s_16s_31_1_1_U7/tmp_product/CLK
    DSP48E2_X7Y2         DSP_A_B_DATA                                 r  mul_16s_16s_31_1_1_U7/tmp_product/DSP_A_B_DATA_INST/CLK
                         clock pessimism              0.000     5.055    
                         clock uncertainty           -0.035     5.020    
    DSP48E2_X7Y2         DSP_A_B_DATA (Setup_DSP_A_B_DATA_DSP48E2_CLK_A[21])
                                                     -0.508     4.512    mul_16s_16s_31_1_1_U7/tmp_product/DSP_A_B_DATA_INST
  -------------------------------------------------------------------
                         required time                          4.512    
                         arrival time                          -3.639    
  -------------------------------------------------------------------
                         slack                                  0.873    

Slack (MET) :             0.898ns  (required time - arrival time)
  Source:                 control_s_axi_U/int_input_r/mem_reg/CLKBWRCLK
                            (rising edge-triggered cell RAMB36E2 clocked by ap_clk  {rise@0.000ns fall@2.500ns period=5.000ns})
  Destination:            trunc_ln15_5_reg_648_reg/DSP_A_B_DATA_INST/A[28]
                            (rising edge-triggered cell DSP_A_B_DATA clocked by ap_clk  {rise@0.000ns fall@2.500ns period=5.000ns})
  Path Group:             ap_clk
  Path Type:              Setup (Max at Slow Process Corner)
  Requirement:            5.000ns  (ap_clk rise@5.000ns - ap_clk rise@0.000ns)
  Data Path Delay:        3.459ns  (logic 2.262ns (65.394%)  route 1.197ns (34.606%))
  Logic Levels:           5  (CARRY8=3 LUT2=1 LUT4=1)
  Clock Path Skew:        -0.051ns (DCD - SCD + CPR)
    Destination Clock Delay (DCD):    0.055ns = ( 5.055 - 5.000 ) 
    Source Clock Delay      (SCD):    0.106ns
    Clock Pessimism Removal (CPR):    0.000ns
  Clock Uncertainty:      0.035ns  ((TSJ^2 + TIJ^2)^1/2 + DJ) / 2 + PE
    Total System Jitter     (TSJ):    0.071ns
    Total Input Jitter      (TIJ):    0.000ns
    Discrete Jitter          (DJ):    0.000ns
    Phase Error              (PE):    0.000ns

    Location             Delay type                Incr(ns)  Path(ns)    Netlist Resource(s)
  -------------------------------------------------------------------    -------------------
                         (clock ap_clk rise edge)     0.000     0.000 r  
                                                      0.000     0.000 r  ap_clk (IN)
                         net (fo=446, unset)          0.106     0.106    control_s_axi_U/int_input_r/ap_clk
    RAMB36_X0Y1          RAMB36E2                                     r  control_s_axi_U/int_input_r/mem_reg/CLKBWRCLK
  -------------------------------------------------------------------    -------------------
    RAMB36_X0Y1          RAMB36E2 (Prop_RAMB36E2_RAMB36_CLKBWRCLK_DOUTBDOUT[5])
                                                      1.305     1.411 r  control_s_axi_U/int_input_r/mem_reg/DOUTBDOUT[5]
                         net (fo=3, routed)           0.370     1.781    control_s_axi_U/int_input_r/int_input_r_q0[5]
    SLICE_X27Y8          LUT4 (Prop_F6LUT_SLICEL_I1_O)
                                                      0.187     1.968 r  control_s_axi_U/int_input_r/tmp_product_i_14__0/O
                         net (fo=1, routed)           0.015     1.983    control_s_axi_U/int_input_r/tmp_product_i_14__0_n_0
    SLICE_X27Y8          CARRY8 (Prop_CARRY8_SLICEL_S[5]_CO[7])
                                                      0.232     2.215 r  control_s_axi_U/int_input_r/tmp_product_i_3__0/CO[7]
                         net (fo=1, routed)           0.030     2.245    control_s_axi_U/int_input_r/tmp_product_i_3__0_n_0
    SLICE_X27Y9          CARRY8 (Prop_CARRY8_SLICEL_CI_O[1])
                                                      0.106     2.351 r  control_s_axi_U/int_input_r/tmp_product_i_2/O[1]
                         net (fo=2, routed)           0.338     2.689    control_s_axi_U/int_input_r/A[9]
    SLICE_X28Y11         LUT2 (Prop_B6LUT_SLICEM_I1_O)
                                                      0.082     2.771 r  control_s_axi_U/int_input_r/trunc_ln15_5_reg_648_reg_i_10/O
                         net (fo=1, routed)           0.022     2.793    control_s_axi_U/int_input_r/trunc_ln15_5_reg_648_reg_i_10_n_0
    SLICE_X28Y11         CARRY8 (Prop_CARRY8_SLICEM_S[1]_O[7])
                                                      0.350     3.143 r  control_s_axi_U/int_input_r/trunc_ln15_5_reg_648_reg_i_2/O[7]
                         net (fo=32, routed)          0.422     3.565    trunc_ln15_5_reg_648_reg/A[28]
    DSP48E2_X7Y3         DSP_A_B_DATA                                 r  trunc_ln15_5_reg_648_reg/DSP_A_B_DATA_INST/A[28]
  -------------------------------------------------------------------    -------------------

                         (clock ap_clk rise edge)     5.000     5.000 r  
                                                      0.000     5.000 r  ap_clk (IN)
                         net (fo=446, unset)          0.055     5.055    trunc_ln15_5_reg_648_reg/CLK
    DSP48E2_X7Y3         DSP_A_B_DATA                                 r  trunc_ln15_5_reg_648_reg/DSP_A_B_DATA_INST/CLK
                         clock pessimism              0.000     5.055    
                         clock uncertainty           -0.035     5.020    
    DSP48E2_X7Y3         DSP_A_B_DATA (Setup_DSP_A_B_DATA_DSP48E2_CLK_A[28])
                                                     -0.557     4.463    trunc_ln15_5_reg_648_reg/DSP_A_B_DATA_INST
  -------------------------------------------------------------------
                         required time                          4.463    
                         arrival time                          -3.565    
  -------------------------------------------------------------------
                         slack                                  0.898    

Slack (MET) :             0.911ns  (required time - arrival time)
  Source:                 control_s_axi_U/int_input_r/mem_reg/CLKBWRCLK
                            (rising edge-triggered cell RAMB36E2 clocked by ap_clk  {rise@0.000ns fall@2.500ns period=5.000ns})
  Destination:            mul_16s_16s_31_1_1_U7/tmp_product/DSP_A_B_DATA_INST/A[22]
                            (rising edge-triggered cell DSP_A_B_DATA clocked by ap_clk  {rise@0.000ns fall@2.500ns period=5.000ns})
  Path Group:             ap_clk
  Path Type:              Setup (Max at Slow Process Corner)
  Requirement:            5.000ns  (ap_clk rise@5.000ns - ap_clk rise@0.000ns)
  Data Path Delay:        3.517ns  (logic 2.262ns (64.322%)  route 1.255ns (35.678%))
  Logic Levels:           5  (CARRY8=3 LUT2=1 LUT4=1)
  Clock Path Skew:        -0.051ns (DCD - SCD + CPR)
    Destination Clock Delay (DCD):    0.055ns = ( 5.055 - 5.000 ) 
    Source Clock Delay      (SCD):    0.106ns
    Clock Pessimism Removal (CPR):    0.000ns
  Clock Uncertainty:      0.035ns  ((TSJ^2 + TIJ^2)^1/2 + DJ) / 2 + PE
    Total System Jitter     (TSJ):    0.071ns
    Total Input Jitter      (TIJ):    0.000ns
    Discrete Jitter          (DJ):    0.000ns
    Phase Error              (PE):    0.000ns

    Location             Delay type                Incr(ns)  Path(ns)    Netlist Resource(s)
  -------------------------------------------------------------------    -------------------
                         (clock ap_clk rise edge)     0.000     0.000 r  
                                                      0.000     0.000 r  ap_clk (IN)
                         net (fo=446, unset)          0.106     0.106    control_s_axi_U/int_input_r/ap_clk
    RAMB36_X0Y1          RAMB36E2                                     r  control_s_axi_U/int_input_r/mem_reg/CLKBWRCLK
  -------------------------------------------------------------------    -------------------
    RAMB36_X0Y1          RAMB36E2 (Prop_RAMB36E2_RAMB36_CLKBWRCLK_DOUTBDOUT[5])
                                                      1.305     1.411 r  control_s_axi_U/int_input_r/mem_reg/DOUTBDOUT[5]
                         net (fo=3, routed)           0.370     1.781    control_s_axi_U/int_input_r/int_input_r_q0[5]
    SLICE_X27Y8          LUT4 (Prop_F6LUT_SLICEL_I1_O)
                                                      0.187     1.968 r  control_s_axi_U/int_input_r/tmp_product_i_14__0/O
                         net (fo=1, routed)           0.015     1.983    control_s_axi_U/int_input_r/tmp_product_i_14__0_n_0
    SLICE_X27Y8          CARRY8 (Prop_CARRY8_SLICEL_S[5]_CO[7])
                                                      0.232     2.215 r  control_s_axi_U/int_input_r/tmp_product_i_3__0/CO[7]
                         net (fo=1, routed)           0.030     2.245    control_s_axi_U/int_input_r/tmp_product_i_3__0_n_0
    SLICE_X27Y9          CARRY8 (Prop_CARRY8_SLICEL_CI_O[1])
                                                      0.106     2.351 r  control_s_axi_U/int_input_r/tmp_product_i_2/O[1]
                         net (fo=2, routed)           0.338     2.689    control_s_axi_U/int_input_r/A[9]
    SLICE_X28Y11         LUT2 (Prop_B6LUT_SLICEM_I1_O)
                                                      0.082     2.771 r  control_s_axi_U/int_input_r/trunc_ln15_5_reg_648_reg_i_10/O
                         net (fo=1, routed)           0.022     2.793    control_s_axi_U/int_input_r/trunc_ln15_5_reg_648_reg_i_10_n_0
    SLICE_X28Y11         CARRY8 (Prop_CARRY8_SLICEM_S[1]_O[7])
                                                      0.350     3.143 r  control_s_axi_U/int_input_r/trunc_ln15_5_reg_648_reg_i_2/O[7]
                         net (fo=32, routed)          0.480     3.623    mul_16s_16s_31_1_1_U7/tmp_product/A[22]
    DSP48E2_X7Y2         DSP_A_B_DATA                                 r  mul_16s_16s_31_1_1_U7/tmp_product/DSP_A_B_DATA_INST/A[22]
  -------------------------------------------------------------------    -------------------

                         (clock ap_clk rise edge)     5.000     5.000 r  
                                                      0.000     5.000 r  ap_clk (IN)
                         net (fo=446, unset)          0.055     5.055    mul_16s_16s_31_1_1_U7/tmp_product/CLK
    DSP48E2_X7Y2         DSP_A_B_DATA                                 r  mul_16s_16s_31_1_1_U7/tmp_product/DSP_A_B_DATA_INST/CLK
                         clock pessimism              0.000     5.055    
                         clock uncertainty           -0.035     5.020    
    DSP48E2_X7Y2         DSP_A_B_DATA (Setup_DSP_A_B_DATA_DSP48E2_CLK_A[22])
                                                     -0.486     4.534    mul_16s_16s_31_1_1_U7/tmp_product/DSP_A_B_DATA_INST
  -------------------------------------------------------------------
                         required time                          4.534    
                         arrival time                          -3.623    
  -------------------------------------------------------------------
                         slack                                  0.911    

Slack (MET) :             0.916ns  (required time - arrival time)
  Source:                 control_s_axi_U/int_input_r/mem_reg/CLKBWRCLK
                            (rising edge-triggered cell RAMB36E2 clocked by ap_clk  {rise@0.000ns fall@2.500ns period=5.000ns})
  Destination:            mul_16s_16s_31_1_1_U7/tmp_product/DSP_A_B_DATA_INST/A[23]
                            (rising edge-triggered cell DSP_A_B_DATA clocked by ap_clk  {rise@0.000ns fall@2.500ns period=5.000ns})
  Path Group:             ap_clk
  Path Type:              Setup (Max at Slow Process Corner)
  Requirement:            5.000ns  (ap_clk rise@5.000ns - ap_clk rise@0.000ns)
  Data Path Delay:        3.456ns  (logic 2.262ns (65.449%)  route 1.194ns (34.551%))
  Logic Levels:           5  (CARRY8=3 LUT2=1 LUT4=1)
  Clock Path Skew:        -0.051ns (DCD - SCD + CPR)
    Destination Clock Delay (DCD):    0.055ns = ( 5.055 - 5.000 ) 
    Source Clock Delay      (SCD):    0.106ns
    Clock Pessimism Removal (CPR):    0.000ns
  Clock Uncertainty:      0.035ns  ((TSJ^2 + TIJ^2)^1/2 + DJ) / 2 + PE
    Total System Jitter     (TSJ):    0.071ns
    Total Input Jitter      (TIJ):    0.000ns
    Discrete Jitter          (DJ):    0.000ns
    Phase Error              (PE):    0.000ns

    Location             Delay type                Incr(ns)  Path(ns)    Netlist Resource(s)
  -------------------------------------------------------------------    -------------------
                         (clock ap_clk rise edge)     0.000     0.000 r  
                                                      0.000     0.000 r  ap_clk (IN)
                         net (fo=446, unset)          0.106     0.106    control_s_axi_U/int_input_r/ap_clk
    RAMB36_X0Y1          RAMB36E2                                     r  control_s_axi_U/int_input_r/mem_reg/CLKBWRCLK
  -------------------------------------------------------------------    -------------------
    RAMB36_X0Y1          RAMB36E2 (Prop_RAMB36E2_RAMB36_CLKBWRCLK_DOUTBDOUT[5])
                                                      1.305     1.411 r  control_s_axi_U/int_input_r/mem_reg/DOUTBDOUT[5]
                         net (fo=3, routed)           0.370     1.781    control_s_axi_U/int_input_r/int_input_r_q0[5]
    SLICE_X27Y8          LUT4 (Prop_F6LUT_SLICEL_I1_O)
                                                      0.187     1.968 r  control_s_axi_U/int_input_r/tmp_product_i_14__0/O
                         net (fo=1, routed)           0.015     1.983    control_s_axi_U/int_input_r/tmp_product_i_14__0_n_0
    SLICE_X27Y8          CARRY8 (Prop_CARRY8_SLICEL_S[5]_CO[7])
                                                      0.232     2.215 r  control_s_axi_U/int_input_r/tmp_product_i_3__0/CO[7]
                         net (fo=1, routed)           0.030     2.245    control_s_axi_U/int_input_r/tmp_product_i_3__0_n_0
    SLICE_X27Y9          CARRY8 (Prop_CARRY8_SLICEL_CI_O[1])
                                                      0.106     2.351 r  control_s_axi_U/int_input_r/tmp_product_i_2/O[1]
                         net (fo=2, routed)           0.338     2.689    control_s_axi_U/int_input_r/A[9]
    SLICE_X28Y11         LUT2 (Prop_B6LUT_SLICEM_I1_O)
                                                      0.082     2.771 r  control_s_axi_U/int_input_r/trunc_ln15_5_reg_648_reg_i_10/O
                         net (fo=1, routed)           0.022     2.793    control_s_axi_U/int_input_r/trunc_ln15_5_reg_648_reg_i_10_n_0
    SLICE_X28Y11         CARRY8 (Prop_CARRY8_SLICEM_S[1]_O[7])
                                                      0.350     3.143 r  control_s_axi_U/int_input_r/trunc_ln15_5_reg_648_reg_i_2/O[7]
                         net (fo=32, routed)          0.419     3.562    mul_16s_16s_31_1_1_U7/tmp_product/A[23]
    DSP48E2_X7Y2         DSP_A_B_DATA                                 r  mul_16s_16s_31_1_1_U7/tmp_product/DSP_A_B_DATA_INST/A[23]
  -------------------------------------------------------------------    -------------------

                         (clock ap_clk rise edge)     5.000     5.000 r  
                                                      0.000     5.000 r  ap_clk (IN)
                         net (fo=446, unset)          0.055     5.055    mul_16s_16s_31_1_1_U7/tmp_product/CLK
    DSP48E2_X7Y2         DSP_A_B_DATA                                 r  mul_16s_16s_31_1_1_U7/tmp_product/DSP_A_B_DATA_INST/CLK
                         clock pessimism              0.000     5.055    
                         clock uncertainty           -0.035     5.020    
    DSP48E2_X7Y2         DSP_A_B_DATA (Setup_DSP_A_B_DATA_DSP48E2_CLK_A[23])
                                                     -0.541     4.479    mul_16s_16s_31_1_1_U7/tmp_product/DSP_A_B_DATA_INST
  -------------------------------------------------------------------
                         required time                          4.479    
                         arrival time                          -3.562    
  -------------------------------------------------------------------
                         slack                                  0.916    

Slack (MET) :             0.918ns  (required time - arrival time)
  Source:                 control_s_axi_U/int_input_r/mem_reg/CLKBWRCLK
                            (rising edge-triggered cell RAMB36E2 clocked by ap_clk  {rise@0.000ns fall@2.500ns period=5.000ns})
  Destination:            mul_16s_16s_31_1_1_U7/tmp_product/DSP_A_B_DATA_INST/A[29]
                            (rising edge-triggered cell DSP_A_B_DATA clocked by ap_clk  {rise@0.000ns fall@2.500ns period=5.000ns})
  Path Group:             ap_clk
  Path Type:              Setup (Max at Slow Process Corner)
  Requirement:            5.000ns  (ap_clk rise@5.000ns - ap_clk rise@0.000ns)
  Data Path Delay:        3.473ns  (logic 2.262ns (65.126%)  route 1.211ns (34.874%))
  Logic Levels:           5  (CARRY8=3 LUT2=1 LUT4=1)
  Clock Path Skew:        -0.051ns (DCD - SCD + CPR)
    Destination Clock Delay (DCD):    0.055ns = ( 5.055 - 5.000 ) 
    Source Clock Delay      (SCD):    0.106ns
    Clock Pessimism Removal (CPR):    0.000ns
  Clock Uncertainty:      0.035ns  ((TSJ^2 + TIJ^2)^1/2 + DJ) / 2 + PE
    Total System Jitter     (TSJ):    0.071ns
    Total Input Jitter      (TIJ):    0.000ns
    Discrete Jitter          (DJ):    0.000ns
    Phase Error              (PE):    0.000ns

    Location             Delay type                Incr(ns)  Path(ns)    Netlist Resource(s)
  -------------------------------------------------------------------    -------------------
                         (clock ap_clk rise edge)     0.000     0.000 r  
                                                      0.000     0.000 r  ap_clk (IN)
                         net (fo=446, unset)          0.106     0.106    control_s_axi_U/int_input_r/ap_clk
    RAMB36_X0Y1          RAMB36E2                                     r  control_s_axi_U/int_input_r/mem_reg/CLKBWRCLK
  -------------------------------------------------------------------    -------------------
    RAMB36_X0Y1          RAMB36E2 (Prop_RAMB36E2_RAMB36_CLKBWRCLK_DOUTBDOUT[5])
                                                      1.305     1.411 r  control_s_axi_U/int_input_r/mem_reg/DOUTBDOUT[5]
                         net (fo=3, routed)           0.370     1.781    control_s_axi_U/int_input_r/int_input_r_q0[5]
    SLICE_X27Y8          LUT4 (Prop_F6LUT_SLICEL_I1_O)
                                                      0.187     1.968 r  control_s_axi_U/int_input_r/tmp_product_i_14__0/O
                         net (fo=1, routed)           0.015     1.983    control_s_axi_U/int_input_r/tmp_product_i_14__0_n_0
    SLICE_X27Y8          CARRY8 (Prop_CARRY8_SLICEL_S[5]_CO[7])
                                                      0.232     2.215 r  control_s_axi_U/int_input_r/tmp_product_i_3__0/CO[7]
                         net (fo=1, routed)           0.030     2.245    control_s_axi_U/int_input_r/tmp_product_i_3__0_n_0
    SLICE_X27Y9          CARRY8 (Prop_CARRY8_SLICEL_CI_O[1])
                                                      0.106     2.351 r  control_s_axi_U/int_input_r/tmp_product_i_2/O[1]
                         net (fo=2, routed)           0.338     2.689    control_s_axi_U/int_input_r/A[9]
    SLICE_X28Y11         LUT2 (Prop_B6LUT_SLICEM_I1_O)
                                                      0.082     2.771 r  control_s_axi_U/int_input_r/trunc_ln15_5_reg_648_reg_i_10/O
                         net (fo=1, routed)           0.022     2.793    control_s_axi_U/int_input_r/trunc_ln15_5_reg_648_reg_i_10_n_0
    SLICE_X28Y11         CARRY8 (Prop_CARRY8_SLICEM_S[1]_O[7])
                                                      0.350     3.143 r  control_s_axi_U/int_input_r/trunc_ln15_5_reg_648_reg_i_2/O[7]
                         net (fo=32, routed)          0.437     3.579    mul_16s_16s_31_1_1_U7/tmp_product/A[29]
    DSP48E2_X7Y2         DSP_A_B_DATA                                 r  mul_16s_16s_31_1_1_U7/tmp_product/DSP_A_B_DATA_INST/A[29]
  -------------------------------------------------------------------    -------------------

                         (clock ap_clk rise edge)     5.000     5.000 r  
                                                      0.000     5.000 r  ap_clk (IN)
                         net (fo=446, unset)          0.055     5.055    mul_16s_16s_31_1_1_U7/tmp_product/CLK
    DSP48E2_X7Y2         DSP_A_B_DATA                                 r  mul_16s_16s_31_1_1_U7/tmp_product/DSP_A_B_DATA_INST/CLK
                         clock pessimism              0.000     5.055    
                         clock uncertainty           -0.035     5.020    
    DSP48E2_X7Y2         DSP_A_B_DATA (Setup_DSP_A_B_DATA_DSP48E2_CLK_A[29])
                                                     -0.522     4.498    mul_16s_16s_31_1_1_U7/tmp_product/DSP_A_B_DATA_INST
  -------------------------------------------------------------------
                         required time                          4.498    
                         arrival time                          -3.579    
  -------------------------------------------------------------------
                         slack                                  0.918    

Slack (MET) :             0.942ns  (required time - arrival time)
  Source:                 control_s_axi_U/int_input_r/mem_reg/CLKBWRCLK
                            (rising edge-triggered cell RAMB36E2 clocked by ap_clk  {rise@0.000ns fall@2.500ns period=5.000ns})
  Destination:            trunc_ln15_5_reg_648_reg/DSP_A_B_DATA_INST/A[27]
                            (rising edge-triggered cell DSP_A_B_DATA clocked by ap_clk  {rise@0.000ns fall@2.500ns period=5.000ns})
  Path Group:             ap_clk
  Path Type:              Setup (Max at Slow Process Corner)
  Requirement:            5.000ns  (ap_clk rise@5.000ns - ap_clk rise@0.000ns)
  Data Path Delay:        3.438ns  (logic 2.262ns (65.793%)  route 1.176ns (34.207%))
  Logic Levels:           5  (CARRY8=3 LUT2=1 LUT4=1)
  Clock Path Skew:        -0.051ns (DCD - SCD + CPR)
    Destination Clock Delay (DCD):    0.055ns = ( 5.055 - 5.000 ) 
    Source Clock Delay      (SCD):    0.106ns
    Clock Pessimism Removal (CPR):    0.000ns
  Clock Uncertainty:      0.035ns  ((TSJ^2 + TIJ^2)^1/2 + DJ) / 2 + PE
    Total System Jitter     (TSJ):    0.071ns
    Total Input Jitter      (TIJ):    0.000ns
    Discrete Jitter          (DJ):    0.000ns
    Phase Error              (PE):    0.000ns

    Location             Delay type                Incr(ns)  Path(ns)    Netlist Resource(s)
  -------------------------------------------------------------------    -------------------
                         (clock ap_clk rise edge)     0.000     0.000 r  
                                                      0.000     0.000 r  ap_clk (IN)
                         net (fo=446, unset)          0.106     0.106    control_s_axi_U/int_input_r/ap_clk
    RAMB36_X0Y1          RAMB36E2                                     r  control_s_axi_U/int_input_r/mem_reg/CLKBWRCLK
  -------------------------------------------------------------------    -------------------
    RAMB36_X0Y1          RAMB36E2 (Prop_RAMB36E2_RAMB36_CLKBWRCLK_DOUTBDOUT[5])
                                                      1.305     1.411 r  control_s_axi_U/int_input_r/mem_reg/DOUTBDOUT[5]
                         net (fo=3, routed)           0.370     1.781    control_s_axi_U/int_input_r/int_input_r_q0[5]
    SLICE_X27Y8          LUT4 (Prop_F6LUT_SLICEL_I1_O)
                                                      0.187     1.968 r  control_s_axi_U/int_input_r/tmp_product_i_14__0/O
                         net (fo=1, routed)           0.015     1.983    control_s_axi_U/int_input_r/tmp_product_i_14__0_n_0
    SLICE_X27Y8          CARRY8 (Prop_CARRY8_SLICEL_S[5]_CO[7])
                                                      0.232     2.215 r  control_s_axi_U/int_input_r/tmp_product_i_3__0/CO[7]
                         net (fo=1, routed)           0.030     2.245    control_s_axi_U/int_input_r/tmp_product_i_3__0_n_0
    SLICE_X27Y9          CARRY8 (Prop_CARRY8_SLICEL_CI_O[1])
                                                      0.106     2.351 r  control_s_axi_U/int_input_r/tmp_product_i_2/O[1]
                         net (fo=2, routed)           0.338     2.689    control_s_axi_U/int_input_r/A[9]
    SLICE_X28Y11         LUT2 (Prop_B6LUT_SLICEM_I1_O)
                                                      0.082     2.771 r  control_s_axi_U/int_input_r/trunc_ln15_5_reg_648_reg_i_10/O
                         net (fo=1, routed)           0.022     2.793    control_s_axi_U/int_input_r/trunc_ln15_5_reg_648_reg_i_10_n_0
    SLICE_X28Y11         CARRY8 (Prop_CARRY8_SLICEM_S[1]_O[7])
                                                      0.350     3.143 r  control_s_axi_U/int_input_r/trunc_ln15_5_reg_648_reg_i_2/O[7]
                         net (fo=32, routed)          0.401     3.544    trunc_ln15_5_reg_648_reg/A[27]
    DSP48E2_X7Y3         DSP_A_B_DATA                                 r  trunc_ln15_5_reg_648_reg/DSP_A_B_DATA_INST/A[27]
  -------------------------------------------------------------------    -------------------

                         (clock ap_clk rise edge)     5.000     5.000 r  
                                                      0.000     5.000 r  ap_clk (IN)
                         net (fo=446, unset)          0.055     5.055    trunc_ln15_5_reg_648_reg/CLK
    DSP48E2_X7Y3         DSP_A_B_DATA                                 r  trunc_ln15_5_reg_648_reg/DSP_A_B_DATA_INST/CLK
                         clock pessimism              0.000     5.055    
                         clock uncertainty           -0.035     5.020    
    DSP48E2_X7Y3         DSP_A_B_DATA (Setup_DSP_A_B_DATA_DSP48E2_CLK_A[27])
                                                     -0.534     4.486    trunc_ln15_5_reg_648_reg/DSP_A_B_DATA_INST
  -------------------------------------------------------------------
                         required time                          4.486    
                         arrival time                          -3.544    
  -------------------------------------------------------------------
                         slack                                  0.942    

Slack (MET) :             0.945ns  (required time - arrival time)
  Source:                 control_s_axi_U/int_input_r/mem_reg/CLKBWRCLK
                            (rising edge-triggered cell RAMB36E2 clocked by ap_clk  {rise@0.000ns fall@2.500ns period=5.000ns})
  Destination:            mul_16s_16s_31_1_1_U7/tmp_product/DSP_A_B_DATA_INST/A[24]
                            (rising edge-triggered cell DSP_A_B_DATA clocked by ap_clk  {rise@0.000ns fall@2.500ns period=5.000ns})
  Path Group:             ap_clk
  Path Type:              Setup (Max at Slow Process Corner)
  Requirement:            5.000ns  (ap_clk rise@5.000ns - ap_clk rise@0.000ns)
  Data Path Delay:        3.437ns  (logic 2.262ns (65.805%)  route 1.175ns (34.195%))
  Logic Levels:           5  (CARRY8=3 LUT2=1 LUT4=1)
  Clock Path Skew:        -0.051ns (DCD - SCD + CPR)
    Destination Clock Delay (DCD):    0.055ns = ( 5.055 - 5.000 ) 
    Source Clock Delay      (SCD):    0.106ns
    Clock Pessimism Removal (CPR):    0.000ns
  Clock Uncertainty:      0.035ns  ((TSJ^2 + TIJ^2)^1/2 + DJ) / 2 + PE
    Total System Jitter     (TSJ):    0.071ns
    Total Input Jitter      (TIJ):    0.000ns
    Discrete Jitter          (DJ):    0.000ns
    Phase Error              (PE):    0.000ns

    Location             Delay type                Incr(ns)  Path(ns)    Netlist Resource(s)
  -------------------------------------------------------------------    -------------------
                         (clock ap_clk rise edge)     0.000     0.000 r  
                                                      0.000     0.000 r  ap_clk (IN)
                         net (fo=446, unset)          0.106     0.106    control_s_axi_U/int_input_r/ap_clk
    RAMB36_X0Y1          RAMB36E2                                     r  control_s_axi_U/int_input_r/mem_reg/CLKBWRCLK
  -------------------------------------------------------------------    -------------------
    RAMB36_X0Y1          RAMB36E2 (Prop_RAMB36E2_RAMB36_CLKBWRCLK_DOUTBDOUT[5])
                                                      1.305     1.411 r  control_s_axi_U/int_input_r/mem_reg/DOUTBDOUT[5]
                         net (fo=3, routed)           0.370     1.781    control_s_axi_U/int_input_r/int_input_r_q0[5]
    SLICE_X27Y8          LUT4 (Prop_F6LUT_SLICEL_I1_O)
                                                      0.187     1.968 r  control_s_axi_U/int_input_r/tmp_product_i_14__0/O
                         net (fo=1, routed)           0.015     1.983    control_s_axi_U/int_input_r/tmp_product_i_14__0_n_0
    SLICE_X27Y8          CARRY8 (Prop_CARRY8_SLICEL_S[5]_CO[7])
                                                      0.232     2.215 r  control_s_axi_U/int_input_r/tmp_product_i_3__0/CO[7]
                         net (fo=1, routed)           0.030     2.245    control_s_axi_U/int_input_r/tmp_product_i_3__0_n_0
    SLICE_X27Y9          CARRY8 (Prop_CARRY8_SLICEL_CI_O[1])
                                                      0.106     2.351 r  control_s_axi_U/int_input_r/tmp_product_i_2/O[1]
                         net (fo=2, routed)           0.338     2.689    control_s_axi_U/int_input_r/A[9]
    SLICE_X28Y11         LUT2 (Prop_B6LUT_SLICEM_I1_O)
                                                      0.082     2.771 r  control_s_axi_U/int_input_r/trunc_ln15_5_reg_648_reg_i_10/O
                         net (fo=1, routed)           0.022     2.793    control_s_axi_U/int_input_r/trunc_ln15_5_reg_648_reg_i_10_n_0
    SLICE_X28Y11         CARRY8 (Prop_CARRY8_SLICEM_S[1]_O[7])
                                                      0.350     3.143 r  control_s_axi_U/int_input_r/trunc_ln15_5_reg_648_reg_i_2/O[7]
                         net (fo=32, routed)          0.401     3.543    mul_16s_16s_31_1_1_U7/tmp_product/A[24]
    DSP48E2_X7Y2         DSP_A_B_DATA                                 r  mul_16s_16s_31_1_1_U7/tmp_product/DSP_A_B_DATA_INST/A[24]
  -------------------------------------------------------------------    -------------------

                         (clock ap_clk rise edge)     5.000     5.000 r  
                                                      0.000     5.000 r  ap_clk (IN)
                         net (fo=446, unset)          0.055     5.055    mul_16s_16s_31_1_1_U7/tmp_product/CLK
    DSP48E2_X7Y2         DSP_A_B_DATA                                 r  mul_16s_16s_31_1_1_U7/tmp_product/DSP_A_B_DATA_INST/CLK
                         clock pessimism              0.000     5.055    
                         clock uncertainty           -0.035     5.020    
    DSP48E2_X7Y2         DSP_A_B_DATA (Setup_DSP_A_B_DATA_DSP48E2_CLK_A[24])
                                                     -0.531     4.489    mul_16s_16s_31_1_1_U7/tmp_product/DSP_A_B_DATA_INST
  -------------------------------------------------------------------
                         required time                          4.489    
                         arrival time                          -3.543    
  -------------------------------------------------------------------
                         slack                                  0.945    

Slack (MET) :             0.948ns  (required time - arrival time)
  Source:                 control_s_axi_U/int_input_r/mem_reg/CLKBWRCLK
                            (rising edge-triggered cell RAMB36E2 clocked by ap_clk  {rise@0.000ns fall@2.500ns period=5.000ns})
  Destination:            trunc_ln15_5_reg_648_reg/DSP_A_B_DATA_INST/A[19]
                            (rising edge-triggered cell DSP_A_B_DATA clocked by ap_clk  {rise@0.000ns fall@2.500ns period=5.000ns})
  Path Group:             ap_clk
  Path Type:              Setup (Max at Slow Process Corner)
  Requirement:            5.000ns  (ap_clk rise@5.000ns - ap_clk rise@0.000ns)
  Data Path Delay:        3.468ns  (logic 2.262ns (65.217%)  route 1.206ns (34.783%))
  Logic Levels:           5  (CARRY8=3 LUT2=1 LUT4=1)
  Clock Path Skew:        -0.051ns (DCD - SCD + CPR)
    Destination Clock Delay (DCD):    0.055ns = ( 5.055 - 5.000 ) 
    Source Clock Delay      (SCD):    0.106ns
    Clock Pessimism Removal (CPR):    0.000ns
  Clock Uncertainty:      0.035ns  ((TSJ^2 + TIJ^2)^1/2 + DJ) / 2 + PE
    Total System Jitter     (TSJ):    0.071ns
    Total Input Jitter      (TIJ):    0.000ns
    Discrete Jitter          (DJ):    0.000ns
    Phase Error              (PE):    0.000ns

    Location             Delay type                Incr(ns)  Path(ns)    Netlist Resource(s)
  -------------------------------------------------------------------    -------------------
                         (clock ap_clk rise edge)     0.000     0.000 r  
                                                      0.000     0.000 r  ap_clk (IN)
                         net (fo=446, unset)          0.106     0.106    control_s_axi_U/int_input_r/ap_clk
    RAMB36_X0Y1          RAMB36E2                                     r  control_s_axi_U/int_input_r/mem_reg/CLKBWRCLK
  -------------------------------------------------------------------    -------------------
    RAMB36_X0Y1          RAMB36E2 (Prop_RAMB36E2_RAMB36_CLKBWRCLK_DOUTBDOUT[5])
                                                      1.305     1.411 r  control_s_axi_U/int_input_r/mem_reg/DOUTBDOUT[5]
                         net (fo=3, routed)           0.370     1.781    control_s_axi_U/int_input_r/int_input_r_q0[5]
    SLICE_X27Y8          LUT4 (Prop_F6LUT_SLICEL_I1_O)
                                                      0.187     1.968 r  control_s_axi_U/int_input_r/tmp_product_i_14__0/O
                         net (fo=1, routed)           0.015     1.983    control_s_axi_U/int_input_r/tmp_product_i_14__0_n_0
    SLICE_X27Y8          CARRY8 (Prop_CARRY8_SLICEL_S[5]_CO[7])
                                                      0.232     2.215 r  control_s_axi_U/int_input_r/tmp_product_i_3__0/CO[7]
                         net (fo=1, routed)           0.030     2.245    control_s_axi_U/int_input_r/tmp_product_i_3__0_n_0
    SLICE_X27Y9          CARRY8 (Prop_CARRY8_SLICEL_CI_O[1])
                                                      0.106     2.351 r  control_s_axi_U/int_input_r/tmp_product_i_2/O[1]
                         net (fo=2, routed)           0.338     2.689    control_s_axi_U/int_input_r/A[9]
    SLICE_X28Y11         LUT2 (Prop_B6LUT_SLICEM_I1_O)
                                                      0.082     2.771 r  control_s_axi_U/int_input_r/trunc_ln15_5_reg_648_reg_i_10/O
                         net (fo=1, routed)           0.022     2.793    control_s_axi_U/int_input_r/trunc_ln15_5_reg_648_reg_i_10_n_0
    SLICE_X28Y11         CARRY8 (Prop_CARRY8_SLICEM_S[1]_O[7])
                                                      0.350     3.143 r  control_s_axi_U/int_input_r/trunc_ln15_5_reg_648_reg_i_2/O[7]
                         net (fo=32, routed)          0.432     3.574    trunc_ln15_5_reg_648_reg/A[19]
    DSP48E2_X7Y3         DSP_A_B_DATA                                 r  trunc_ln15_5_reg_648_reg/DSP_A_B_DATA_INST/A[19]
  -------------------------------------------------------------------    -------------------

                         (clock ap_clk rise edge)     5.000     5.000 r  
                                                      0.000     5.000 r  ap_clk (IN)
                         net (fo=446, unset)          0.055     5.055    trunc_ln15_5_reg_648_reg/CLK
    DSP48E2_X7Y3         DSP_A_B_DATA                                 r  trunc_ln15_5_reg_648_reg/DSP_A_B_DATA_INST/CLK
                         clock pessimism              0.000     5.055    
                         clock uncertainty           -0.035     5.020    
    DSP48E2_X7Y3         DSP_A_B_DATA (Setup_DSP_A_B_DATA_DSP48E2_CLK_A[19])
                                                     -0.497     4.523    trunc_ln15_5_reg_648_reg/DSP_A_B_DATA_INST
  -------------------------------------------------------------------
                         required time                          4.523    
                         arrival time                          -3.574    
  -------------------------------------------------------------------
                         slack                                  0.948    

Slack (MET) :             0.956ns  (required time - arrival time)
  Source:                 control_s_axi_U/int_input_r/mem_reg/CLKBWRCLK
                            (rising edge-triggered cell RAMB36E2 clocked by ap_clk  {rise@0.000ns fall@2.500ns period=5.000ns})
  Destination:            mul_16s_16s_31_1_1_U7/tmp_product/DSP_A_B_DATA_INST/A[15]
                            (rising edge-triggered cell DSP_A_B_DATA clocked by ap_clk  {rise@0.000ns fall@2.500ns period=5.000ns})
  Path Group:             ap_clk
  Path Type:              Setup (Max at Slow Process Corner)
  Requirement:            5.000ns  (ap_clk rise@5.000ns - ap_clk rise@0.000ns)
  Data Path Delay:        3.432ns  (logic 2.262ns (65.918%)  route 1.170ns (34.082%))
  Logic Levels:           5  (CARRY8=3 LUT2=1 LUT4=1)
  Clock Path Skew:        -0.051ns (DCD - SCD + CPR)
    Destination Clock Delay (DCD):    0.055ns = ( 5.055 - 5.000 ) 
    Source Clock Delay      (SCD):    0.106ns
    Clock Pessimism Removal (CPR):    0.000ns
  Clock Uncertainty:      0.035ns  ((TSJ^2 + TIJ^2)^1/2 + DJ) / 2 + PE
    Total System Jitter     (TSJ):    0.071ns
    Total Input Jitter      (TIJ):    0.000ns
    Discrete Jitter          (DJ):    0.000ns
    Phase Error              (PE):    0.000ns

    Location             Delay type                Incr(ns)  Path(ns)    Netlist Resource(s)
  -------------------------------------------------------------------    -------------------
                         (clock ap_clk rise edge)     0.000     0.000 r  
                                                      0.000     0.000 r  ap_clk (IN)
                         net (fo=446, unset)          0.106     0.106    control_s_axi_U/int_input_r/ap_clk
    RAMB36_X0Y1          RAMB36E2                                     r  control_s_axi_U/int_input_r/mem_reg/CLKBWRCLK
  -------------------------------------------------------------------    -------------------
    RAMB36_X0Y1          RAMB36E2 (Prop_RAMB36E2_RAMB36_CLKBWRCLK_DOUTBDOUT[5])
                                                      1.305     1.411 r  control_s_axi_U/int_input_r/mem_reg/DOUTBDOUT[5]
                         net (fo=3, routed)           0.370     1.781    control_s_axi_U/int_input_r/int_input_r_q0[5]
    SLICE_X27Y8          LUT4 (Prop_F6LUT_SLICEL_I1_O)
                                                      0.187     1.968 r  control_s_axi_U/int_input_r/tmp_product_i_14__0/O
                         net (fo=1, routed)           0.015     1.983    control_s_axi_U/int_input_r/tmp_product_i_14__0_n_0
    SLICE_X27Y8          CARRY8 (Prop_CARRY8_SLICEL_S[5]_CO[7])
                                                      0.232     2.215 r  control_s_axi_U/int_input_r/tmp_product_i_3__0/CO[7]
                         net (fo=1, routed)           0.030     2.245    control_s_axi_U/int_input_r/tmp_product_i_3__0_n_0
    SLICE_X27Y9          CARRY8 (Prop_CARRY8_SLICEL_CI_O[1])
                                                      0.106     2.351 r  control_s_axi_U/int_input_r/tmp_product_i_2/O[1]
                         net (fo=2, routed)           0.338     2.689    control_s_axi_U/int_input_r/A[9]
    SLICE_X28Y11         LUT2 (Prop_B6LUT_SLICEM_I1_O)
                                                      0.082     2.771 r  control_s_axi_U/int_input_r/trunc_ln15_5_reg_648_reg_i_10/O
                         net (fo=1, routed)           0.022     2.793    control_s_axi_U/int_input_r/trunc_ln15_5_reg_648_reg_i_10_n_0
    SLICE_X28Y11         CARRY8 (Prop_CARRY8_SLICEM_S[1]_O[7])
                                                      0.350     3.143 r  control_s_axi_U/int_input_r/trunc_ln15_5_reg_648_reg_i_2/O[7]
                         net (fo=32, routed)          0.395     3.538    mul_16s_16s_31_1_1_U7/tmp_product/A[15]
    DSP48E2_X7Y2         DSP_A_B_DATA                                 r  mul_16s_16s_31_1_1_U7/tmp_product/DSP_A_B_DATA_INST/A[15]
  -------------------------------------------------------------------    -------------------

                         (clock ap_clk rise edge)     5.000     5.000 r  
                                                      0.000     5.000 r  ap_clk (IN)
                         net (fo=446, unset)          0.055     5.055    mul_16s_16s_31_1_1_U7/tmp_product/CLK
    DSP48E2_X7Y2         DSP_A_B_DATA                                 r  mul_16s_16s_31_1_1_U7/tmp_product/DSP_A_B_DATA_INST/CLK
                         clock pessimism              0.000     5.055    
                         clock uncertainty           -0.035     5.020    
    DSP48E2_X7Y2         DSP_A_B_DATA (Setup_DSP_A_B_DATA_DSP48E2_CLK_A[15])
                                                     -0.526     4.494    mul_16s_16s_31_1_1_U7/tmp_product/DSP_A_B_DATA_INST
  -------------------------------------------------------------------
                         required time                          4.494    
                         arrival time                          -3.538    
  -------------------------------------------------------------------
                         slack                                  0.956    

Slack (MET) :             0.975ns  (required time - arrival time)
  Source:                 control_s_axi_U/int_input_r/mem_reg/CLKBWRCLK
                            (rising edge-triggered cell RAMB36E2 clocked by ap_clk  {rise@0.000ns fall@2.500ns period=5.000ns})
  Destination:            mul_16s_16s_31_1_1_U7/tmp_product/DSP_A_B_DATA_INST/A[14]
                            (rising edge-triggered cell DSP_A_B_DATA clocked by ap_clk  {rise@0.000ns fall@2.500ns period=5.000ns})
  Path Group:             ap_clk
  Path Type:              Setup (Max at Slow Process Corner)
  Requirement:            5.000ns  (ap_clk rise@5.000ns - ap_clk rise@0.000ns)
  Data Path Delay:        3.429ns  (logic 2.241ns (65.362%)  route 1.188ns (34.638%))
  Logic Levels:           5  (CARRY8=3 LUT2=1 LUT4=1)
  Clock Path Skew:        -0.051ns (DCD - SCD + CPR)
    Destination Clock Delay (DCD):    0.055ns = ( 5.055 - 5.000 ) 
    Source Clock Delay      (SCD):    0.106ns
    Clock Pessimism Removal (CPR):    0.000ns
  Clock Uncertainty:      0.035ns  ((TSJ^2 + TIJ^2)^1/2 + DJ) / 2 + PE
    Total System Jitter     (TSJ):    0.071ns
    Total Input Jitter      (TIJ):    0.000ns
    Discrete Jitter          (DJ):    0.000ns
    Phase Error              (PE):    0.000ns

    Location             Delay type                Incr(ns)  Path(ns)    Netlist Resource(s)
  -------------------------------------------------------------------    -------------------
                         (clock ap_clk rise edge)     0.000     0.000 r  
                                                      0.000     0.000 r  ap_clk (IN)
                         net (fo=446, unset)          0.106     0.106    control_s_axi_U/int_input_r/ap_clk
    RAMB36_X0Y1          RAMB36E2                                     r  control_s_axi_U/int_input_r/mem_reg/CLKBWRCLK
  -------------------------------------------------------------------    -------------------
    RAMB36_X0Y1          RAMB36E2 (Prop_RAMB36E2_RAMB36_CLKBWRCLK_DOUTBDOUT[5])
                                                      1.305     1.411 r  control_s_axi_U/int_input_r/mem_reg/DOUTBDOUT[5]
                         net (fo=3, routed)           0.370     1.781    control_s_axi_U/int_input_r/int_input_r_q0[5]
    SLICE_X27Y8          LUT4 (Prop_F6LUT_SLICEL_I1_O)
                                                      0.187     1.968 r  control_s_axi_U/int_input_r/tmp_product_i_14__0/O
                         net (fo=1, routed)           0.015     1.983    control_s_axi_U/int_input_r/tmp_product_i_14__0_n_0
    SLICE_X27Y8          CARRY8 (Prop_CARRY8_SLICEL_S[5]_CO[7])
                                                      0.232     2.215 r  control_s_axi_U/int_input_r/tmp_product_i_3__0/CO[7]
                         net (fo=1, routed)           0.030     2.245    control_s_axi_U/int_input_r/tmp_product_i_3__0_n_0
    SLICE_X27Y9          CARRY8 (Prop_CARRY8_SLICEL_CI_O[1])
                                                      0.106     2.351 r  control_s_axi_U/int_input_r/tmp_product_i_2/O[1]
                         net (fo=2, routed)           0.338     2.689    control_s_axi_U/int_input_r/A[9]
    SLICE_X28Y11         LUT2 (Prop_B6LUT_SLICEM_I1_O)
                                                      0.082     2.771 r  control_s_axi_U/int_input_r/trunc_ln15_5_reg_648_reg_i_10/O
                         net (fo=1, routed)           0.022     2.793    control_s_axi_U/int_input_r/trunc_ln15_5_reg_648_reg_i_10_n_0
    SLICE_X28Y11         CARRY8 (Prop_CARRY8_SLICEM_S[1]_O[6])
                                                      0.329     3.122 r  control_s_axi_U/int_input_r/trunc_ln15_5_reg_648_reg_i_2/O[6]
                         net (fo=4, routed)           0.413     3.535    mul_16s_16s_31_1_1_U7/tmp_product/A[14]
    DSP48E2_X7Y2         DSP_A_B_DATA                                 r  mul_16s_16s_31_1_1_U7/tmp_product/DSP_A_B_DATA_INST/A[14]
  -------------------------------------------------------------------    -------------------

                         (clock ap_clk rise edge)     5.000     5.000 r  
                                                      0.000     5.000 r  ap_clk (IN)
                         net (fo=446, unset)          0.055     5.055    mul_16s_16s_31_1_1_U7/tmp_product/CLK
    DSP48E2_X7Y2         DSP_A_B_DATA                                 r  mul_16s_16s_31_1_1_U7/tmp_product/DSP_A_B_DATA_INST/CLK
                         clock pessimism              0.000     5.055    
                         clock uncertainty           -0.035     5.020    
    DSP48E2_X7Y2         DSP_A_B_DATA (Setup_DSP_A_B_DATA_DSP48E2_CLK_A[14])
                                                     -0.510     4.510    mul_16s_16s_31_1_1_U7/tmp_product/DSP_A_B_DATA_INST
  -------------------------------------------------------------------
                         required time                          4.510    
                         arrival time                          -3.535    
  -------------------------------------------------------------------
                         slack                                  0.975    

Slack (MET) :             0.976ns  (required time - arrival time)
  Source:                 control_s_axi_U/int_input_r/mem_reg/CLKBWRCLK
                            (rising edge-triggered cell RAMB36E2 clocked by ap_clk  {rise@0.000ns fall@2.500ns period=5.000ns})
  Destination:            trunc_ln15_5_reg_648_reg/DSP_A_B_DATA_INST/A[29]
                            (rising edge-triggered cell DSP_A_B_DATA clocked by ap_clk  {rise@0.000ns fall@2.500ns period=5.000ns})
  Path Group:             ap_clk
  Path Type:              Setup (Max at Slow Process Corner)
  Requirement:            5.000ns  (ap_clk rise@5.000ns - ap_clk rise@0.000ns)
  Data Path Delay:        3.415ns  (logic 2.262ns (66.229%)  route 1.153ns (33.771%))
  Logic Levels:           5  (CARRY8=3 LUT2=1 LUT4=1)
  Clock Path Skew:        -0.051ns (DCD - SCD + CPR)
    Destination Clock Delay (DCD):    0.055ns = ( 5.055 - 5.000 ) 
    Source Clock Delay      (SCD):    0.106ns
    Clock Pessimism Removal (CPR):    0.000ns
  Clock Uncertainty:      0.035ns  ((TSJ^2 + TIJ^2)^1/2 + DJ) / 2 + PE
    Total System Jitter     (TSJ):    0.071ns
    Total Input Jitter      (TIJ):    0.000ns
    Discrete Jitter          (DJ):    0.000ns
    Phase Error              (PE):    0.000ns

    Location             Delay type                Incr(ns)  Path(ns)    Netlist Resource(s)
  -------------------------------------------------------------------    -------------------
                         (clock ap_clk rise edge)     0.000     0.000 r  
                                                      0.000     0.000 r  ap_clk (IN)
                         net (fo=446, unset)          0.106     0.106    control_s_axi_U/int_input_r/ap_clk
    RAMB36_X0Y1          RAMB36E2                                     r  control_s_axi_U/int_input_r/mem_reg/CLKBWRCLK
  -------------------------------------------------------------------    -------------------
    RAMB36_X0Y1          RAMB36E2 (Prop_RAMB36E2_RAMB36_CLKBWRCLK_DOUTBDOUT[5])
                                                      1.305     1.411 r  control_s_axi_U/int_input_r/mem_reg/DOUTBDOUT[5]
                         net (fo=3, routed)           0.370     1.781    control_s_axi_U/int_input_r/int_input_r_q0[5]
    SLICE_X27Y8          LUT4 (Prop_F6LUT_SLICEL_I1_O)
                                                      0.187     1.968 r  control_s_axi_U/int_input_r/tmp_product_i_14__0/O
                         net (fo=1, routed)           0.015     1.983    control_s_axi_U/int_input_r/tmp_product_i_14__0_n_0
    SLICE_X27Y8          CARRY8 (Prop_CARRY8_SLICEL_S[5]_CO[7])
                                                      0.232     2.215 r  control_s_axi_U/int_input_r/tmp_product_i_3__0/CO[7]
                         net (fo=1, routed)           0.030     2.245    control_s_axi_U/int_input_r/tmp_product_i_3__0_n_0
    SLICE_X27Y9          CARRY8 (Prop_CARRY8_SLICEL_CI_O[1])
                                                      0.106     2.351 r  control_s_axi_U/int_input_r/tmp_product_i_2/O[1]
                         net (fo=2, routed)           0.338     2.689    control_s_axi_U/int_input_r/A[9]
    SLICE_X28Y11         LUT2 (Prop_B6LUT_SLICEM_I1_O)
                                                      0.082     2.771 r  control_s_axi_U/int_input_r/trunc_ln15_5_reg_648_reg_i_10/O
                         net (fo=1, routed)           0.022     2.793    control_s_axi_U/int_input_r/trunc_ln15_5_reg_648_reg_i_10_n_0
    SLICE_X28Y11         CARRY8 (Prop_CARRY8_SLICEM_S[1]_O[7])
                                                      0.350     3.143 r  control_s_axi_U/int_input_r/trunc_ln15_5_reg_648_reg_i_2/O[7]
                         net (fo=32, routed)          0.379     3.521    trunc_ln15_5_reg_648_reg/A[29]
    DSP48E2_X7Y3         DSP_A_B_DATA                                 r  trunc_ln15_5_reg_648_reg/DSP_A_B_DATA_INST/A[29]
  -------------------------------------------------------------------    -------------------

                         (clock ap_clk rise edge)     5.000     5.000 r  
                                                      0.000     5.000 r  ap_clk (IN)
                         net (fo=446, unset)          0.055     5.055    trunc_ln15_5_reg_648_reg/CLK
    DSP48E2_X7Y3         DSP_A_B_DATA                                 r  trunc_ln15_5_reg_648_reg/DSP_A_B_DATA_INST/CLK
                         clock pessimism              0.000     5.055    
                         clock uncertainty           -0.035     5.020    
    DSP48E2_X7Y3         DSP_A_B_DATA (Setup_DSP_A_B_DATA_DSP48E2_CLK_A[29])
                                                     -0.522     4.498    trunc_ln15_5_reg_648_reg/DSP_A_B_DATA_INST
  -------------------------------------------------------------------
                         required time                          4.498    
                         arrival time                          -3.521    
  -------------------------------------------------------------------
                         slack                                  0.976    

Slack (MET) :             0.991ns  (required time - arrival time)
  Source:                 control_s_axi_U/int_input_r/mem_reg/CLKBWRCLK
                            (rising edge-triggered cell RAMB36E2 clocked by ap_clk  {rise@0.000ns fall@2.500ns period=5.000ns})
  Destination:            mul_16s_16s_31_1_1_U7/tmp_product/DSP_A_B_DATA_INST/A[13]
                            (rising edge-triggered cell DSP_A_B_DATA clocked by ap_clk  {rise@0.000ns fall@2.500ns period=5.000ns})
  Path Group:             ap_clk
  Path Type:              Setup (Max at Slow Process Corner)
  Requirement:            5.000ns  (ap_clk rise@5.000ns - ap_clk rise@0.000ns)
  Data Path Delay:        3.397ns  (logic 2.261ns (66.566%)  route 1.136ns (33.434%))
  Logic Levels:           5  (CARRY8=3 LUT2=1 LUT4=1)
  Clock Path Skew:        -0.051ns (DCD - SCD + CPR)
    Destination Clock Delay (DCD):    0.055ns = ( 5.055 - 5.000 ) 
    Source Clock Delay      (SCD):    0.106ns
    Clock Pessimism Removal (CPR):    0.000ns
  Clock Uncertainty:      0.035ns  ((TSJ^2 + TIJ^2)^1/2 + DJ) / 2 + PE
    Total System Jitter     (TSJ):    0.071ns
    Total Input Jitter      (TIJ):    0.000ns
    Discrete Jitter          (DJ):    0.000ns
    Phase Error              (PE):    0.000ns

    Location             Delay type                Incr(ns)  Path(ns)    Netlist Resource(s)
  -------------------------------------------------------------------    -------------------
                         (clock ap_clk rise edge)     0.000     0.000 r  
                                                      0.000     0.000 r  ap_clk (IN)
                         net (fo=446, unset)          0.106     0.106    control_s_axi_U/int_input_r/ap_clk
    RAMB36_X0Y1          RAMB36E2                                     r  control_s_axi_U/int_input_r/mem_reg/CLKBWRCLK
  -------------------------------------------------------------------    -------------------
    RAMB36_X0Y1          RAMB36E2 (Prop_RAMB36E2_RAMB36_CLKBWRCLK_DOUTBDOUT[5])
                                                      1.305     1.411 r  control_s_axi_U/int_input_r/mem_reg/DOUTBDOUT[5]
                         net (fo=3, routed)           0.370     1.781    control_s_axi_U/int_input_r/int_input_r_q0[5]
    SLICE_X27Y8          LUT4 (Prop_F6LUT_SLICEL_I1_O)
                                                      0.187     1.968 r  control_s_axi_U/int_input_r/tmp_product_i_14__0/O
                         net (fo=1, routed)           0.015     1.983    control_s_axi_U/int_input_r/tmp_product_i_14__0_n_0
    SLICE_X27Y8          CARRY8 (Prop_CARRY8_SLICEL_S[5]_CO[7])
                                                      0.232     2.215 r  control_s_axi_U/int_input_r/tmp_product_i_3__0/CO[7]
                         net (fo=1, routed)           0.030     2.245    control_s_axi_U/int_input_r/tmp_product_i_3__0_n_0
    SLICE_X27Y9          CARRY8 (Prop_CARRY8_SLICEL_CI_O[1])
                                                      0.106     2.351 r  control_s_axi_U/int_input_r/tmp_product_i_2/O[1]
                         net (fo=2, routed)           0.338     2.689    control_s_axi_U/int_input_r/A[9]
    SLICE_X28Y11         LUT2 (Prop_B6LUT_SLICEM_I1_O)
                                                      0.082     2.771 r  control_s_axi_U/int_input_r/trunc_ln15_5_reg_648_reg_i_10/O
                         net (fo=1, routed)           0.022     2.793    control_s_axi_U/int_input_r/trunc_ln15_5_reg_648_reg_i_10_n_0
    SLICE_X28Y11         CARRY8 (Prop_CARRY8_SLICEM_S[1]_O[5])
                                                      0.349     3.142 r  control_s_axi_U/int_input_r/trunc_ln15_5_reg_648_reg_i_2/O[5]
                         net (fo=4, routed)           0.361     3.503    mul_16s_16s_31_1_1_U7/tmp_product/A[13]
    DSP48E2_X7Y2         DSP_A_B_DATA                                 r  mul_16s_16s_31_1_1_U7/tmp_product/DSP_A_B_DATA_INST/A[13]
  -------------------------------------------------------------------    -------------------

                         (clock ap_clk rise edge)     5.000     5.000 r  
                                                      0.000     5.000 r  ap_clk (IN)
                         net (fo=446, unset)          0.055     5.055    mul_16s_16s_31_1_1_U7/tmp_product/CLK
    DSP48E2_X7Y2         DSP_A_B_DATA                                 r  mul_16s_16s_31_1_1_U7/tmp_product/DSP_A_B_DATA_INST/CLK
                         clock pessimism              0.000     5.055    
                         clock uncertainty           -0.035     5.020    
    DSP48E2_X7Y2         DSP_A_B_DATA (Setup_DSP_A_B_DATA_DSP48E2_CLK_A[13])
                                                     -0.526     4.494    mul_16s_16s_31_1_1_U7/tmp_product/DSP_A_B_DATA_INST
  -------------------------------------------------------------------
                         required time                          4.494    
                         arrival time                          -3.503    
  -------------------------------------------------------------------
                         slack                                  0.991    

Slack (MET) :             0.998ns  (required time - arrival time)
  Source:                 control_s_axi_U/int_input_r/mem_reg/CLKBWRCLK
                            (rising edge-triggered cell RAMB36E2 clocked by ap_clk  {rise@0.000ns fall@2.500ns period=5.000ns})
  Destination:            mul_16s_16s_31_1_1_U7/tmp_product/DSP_A_B_DATA_INST/A[26]
                            (rising edge-triggered cell DSP_A_B_DATA clocked by ap_clk  {rise@0.000ns fall@2.500ns period=5.000ns})
  Path Group:             ap_clk
  Path Type:              Setup (Max at Slow Process Corner)
  Requirement:            5.000ns  (ap_clk rise@5.000ns - ap_clk rise@0.000ns)
  Data Path Delay:        3.378ns  (logic 2.262ns (66.966%)  route 1.116ns (33.034%))
  Logic Levels:           5  (CARRY8=3 LUT2=1 LUT4=1)
  Clock Path Skew:        -0.051ns (DCD - SCD + CPR)
    Destination Clock Delay (DCD):    0.055ns = ( 5.055 - 5.000 ) 
    Source Clock Delay      (SCD):    0.106ns
    Clock Pessimism Removal (CPR):    0.000ns
  Clock Uncertainty:      0.035ns  ((TSJ^2 + TIJ^2)^1/2 + DJ) / 2 + PE
    Total System Jitter     (TSJ):    0.071ns
    Total Input Jitter      (TIJ):    0.000ns
    Discrete Jitter          (DJ):    0.000ns
    Phase Error              (PE):    0.000ns

    Location             Delay type                Incr(ns)  Path(ns)    Netlist Resource(s)
  -------------------------------------------------------------------    -------------------
                         (clock ap_clk rise edge)     0.000     0.000 r  
                                                      0.000     0.000 r  ap_clk (IN)
                         net (fo=446, unset)          0.106     0.106    control_s_axi_U/int_input_r/ap_clk
    RAMB36_X0Y1          RAMB36E2                                     r  control_s_axi_U/int_input_r/mem_reg/CLKBWRCLK
  -------------------------------------------------------------------    -------------------
    RAMB36_X0Y1          RAMB36E2 (Prop_RAMB36E2_RAMB36_CLKBWRCLK_DOUTBDOUT[5])
                                                      1.305     1.411 r  control_s_axi_U/int_input_r/mem_reg/DOUTBDOUT[5]
                         net (fo=3, routed)           0.370     1.781    control_s_axi_U/int_input_r/int_input_r_q0[5]
    SLICE_X27Y8          LUT4 (Prop_F6LUT_SLICEL_I1_O)
                                                      0.187     1.968 r  control_s_axi_U/int_input_r/tmp_product_i_14__0/O
                         net (fo=1, routed)           0.015     1.983    control_s_axi_U/int_input_r/tmp_product_i_14__0_n_0
    SLICE_X27Y8          CARRY8 (Prop_CARRY8_SLICEL_S[5]_CO[7])
                                                      0.232     2.215 r  control_s_axi_U/int_input_r/tmp_product_i_3__0/CO[7]
                         net (fo=1, routed)           0.030     2.245    control_s_axi_U/int_input_r/tmp_product_i_3__0_n_0
    SLICE_X27Y9          CARRY8 (Prop_CARRY8_SLICEL_CI_O[1])
                                                      0.106     2.351 r  control_s_axi_U/int_input_r/tmp_product_i_2/O[1]
                         net (fo=2, routed)           0.338     2.689    control_s_axi_U/int_input_r/A[9]
    SLICE_X28Y11         LUT2 (Prop_B6LUT_SLICEM_I1_O)
                                                      0.082     2.771 r  control_s_axi_U/int_input_r/trunc_ln15_5_reg_648_reg_i_10/O
                         net (fo=1, routed)           0.022     2.793    control_s_axi_U/int_input_r/trunc_ln15_5_reg_648_reg_i_10_n_0
    SLICE_X28Y11         CARRY8 (Prop_CARRY8_SLICEM_S[1]_O[7])
                                                      0.350     3.143 r  control_s_axi_U/int_input_r/trunc_ln15_5_reg_648_reg_i_2/O[7]
                         net (fo=32, routed)          0.341     3.484    mul_16s_16s_31_1_1_U7/tmp_product/A[26]
    DSP48E2_X7Y2         DSP_A_B_DATA                                 r  mul_16s_16s_31_1_1_U7/tmp_product/DSP_A_B_DATA_INST/A[26]
  -------------------------------------------------------------------    -------------------

                         (clock ap_clk rise edge)     5.000     5.000 r  
                                                      0.000     5.000 r  ap_clk (IN)
                         net (fo=446, unset)          0.055     5.055    mul_16s_16s_31_1_1_U7/tmp_product/CLK
    DSP48E2_X7Y2         DSP_A_B_DATA                                 r  mul_16s_16s_31_1_1_U7/tmp_product/DSP_A_B_DATA_INST/CLK
                         clock pessimism              0.000     5.055    
                         clock uncertainty           -0.035     5.020    
    DSP48E2_X7Y2         DSP_A_B_DATA (Setup_DSP_A_B_DATA_DSP48E2_CLK_A[26])
                                                     -0.538     4.482    mul_16s_16s_31_1_1_U7/tmp_product/DSP_A_B_DATA_INST
  -------------------------------------------------------------------
                         required time                          4.482    
                         arrival time                          -3.484    
  -------------------------------------------------------------------
                         slack                                  0.998    

Slack (MET) :             0.998ns  (required time - arrival time)
  Source:                 control_s_axi_U/int_input_r/mem_reg/CLKBWRCLK
                            (rising edge-triggered cell RAMB36E2 clocked by ap_clk  {rise@0.000ns fall@2.500ns period=5.000ns})
  Destination:            mul_16s_16s_31_1_1_U7/tmp_product/DSP_A_B_DATA_INST/A[16]
                            (rising edge-triggered cell DSP_A_B_DATA clocked by ap_clk  {rise@0.000ns fall@2.500ns period=5.000ns})
  Path Group:             ap_clk
  Path Type:              Setup (Max at Slow Process Corner)
  Requirement:            5.000ns  (ap_clk rise@5.000ns - ap_clk rise@0.000ns)
  Data Path Delay:        3.421ns  (logic 2.262ns (66.130%)  route 1.159ns (33.870%))
  Logic Levels:           5  (CARRY8=3 LUT2=1 LUT4=1)
  Clock Path Skew:        -0.051ns (DCD - SCD + CPR)
    Destination Clock Delay (DCD):    0.055ns = ( 5.055 - 5.000 ) 
    Source Clock Delay      (SCD):    0.106ns
    Clock Pessimism Removal (CPR):    0.000ns
  Clock Uncertainty:      0.035ns  ((TSJ^2 + TIJ^2)^1/2 + DJ) / 2 + PE
    Total System Jitter     (TSJ):    0.071ns
    Total Input Jitter      (TIJ):    0.000ns
    Discrete Jitter          (DJ):    0.000ns
    Phase Error              (PE):    0.000ns

    Location             Delay type                Incr(ns)  Path(ns)    Netlist Resource(s)
  -------------------------------------------------------------------    -------------------
                         (clock ap_clk rise edge)     0.000     0.000 r  
                                                      0.000     0.000 r  ap_clk (IN)
                         net (fo=446, unset)          0.106     0.106    control_s_axi_U/int_input_r/ap_clk
    RAMB36_X0Y1          RAMB36E2                                     r  control_s_axi_U/int_input_r/mem_reg/CLKBWRCLK
  -------------------------------------------------------------------    -------------------
    RAMB36_X0Y1          RAMB36E2 (Prop_RAMB36E2_RAMB36_CLKBWRCLK_DOUTBDOUT[5])
                                                      1.305     1.411 r  control_s_axi_U/int_input_r/mem_reg/DOUTBDOUT[5]
                         net (fo=3, routed)           0.370     1.781    control_s_axi_U/int_input_r/int_input_r_q0[5]
    SLICE_X27Y8          LUT4 (Prop_F6LUT_SLICEL_I1_O)
                                                      0.187     1.968 r  control_s_axi_U/int_input_r/tmp_product_i_14__0/O
                         net (fo=1, routed)           0.015     1.983    control_s_axi_U/int_input_r/tmp_product_i_14__0_n_0
    SLICE_X27Y8          CARRY8 (Prop_CARRY8_SLICEL_S[5]_CO[7])
                                                      0.232     2.215 r  control_s_axi_U/int_input_r/tmp_product_i_3__0/CO[7]
                         net (fo=1, routed)           0.030     2.245    control_s_axi_U/int_input_r/tmp_product_i_3__0_n_0
    SLICE_X27Y9          CARRY8 (Prop_CARRY8_SLICEL_CI_O[1])
                                                      0.106     2.351 r  control_s_axi_U/int_input_r/tmp_product_i_2/O[1]
                         net (fo=2, routed)           0.338     2.689    control_s_axi_U/int_input_r/A[9]
    SLICE_X28Y11         LUT2 (Prop_B6LUT_SLICEM_I1_O)
                                                      0.082     2.771 r  control_s_axi_U/int_input_r/trunc_ln15_5_reg_648_reg_i_10/O
                         net (fo=1, routed)           0.022     2.793    control_s_axi_U/int_input_r/trunc_ln15_5_reg_648_reg_i_10_n_0
    SLICE_X28Y11         CARRY8 (Prop_CARRY8_SLICEM_S[1]_O[7])
                                                      0.350     3.143 r  control_s_axi_U/int_input_r/trunc_ln15_5_reg_648_reg_i_2/O[7]
                         net (fo=32, routed)          0.384     3.527    mul_16s_16s_31_1_1_U7/tmp_product/A[16]
    DSP48E2_X7Y2         DSP_A_B_DATA                                 r  mul_16s_16s_31_1_1_U7/tmp_product/DSP_A_B_DATA_INST/A[16]
  -------------------------------------------------------------------    -------------------

                         (clock ap_clk rise edge)     5.000     5.000 r  
                                                      0.000     5.000 r  ap_clk (IN)
                         net (fo=446, unset)          0.055     5.055    mul_16s_16s_31_1_1_U7/tmp_product/CLK
    DSP48E2_X7Y2         DSP_A_B_DATA                                 r  mul_16s_16s_31_1_1_U7/tmp_product/DSP_A_B_DATA_INST/CLK
                         clock pessimism              0.000     5.055    
                         clock uncertainty           -0.035     5.020    
    DSP48E2_X7Y2         DSP_A_B_DATA (Setup_DSP_A_B_DATA_DSP48E2_CLK_A[16])
                                                     -0.495     4.525    mul_16s_16s_31_1_1_U7/tmp_product/DSP_A_B_DATA_INST
  -------------------------------------------------------------------
                         required time                          4.525    
                         arrival time                          -3.527    
  -------------------------------------------------------------------
                         slack                                  0.998    

Slack (MET) :             1.003ns  (required time - arrival time)
  Source:                 control_s_axi_U/int_input_r/mem_reg/CLKBWRCLK
                            (rising edge-triggered cell RAMB36E2 clocked by ap_clk  {rise@0.000ns fall@2.500ns period=5.000ns})
  Destination:            mul_16s_16s_31_1_1_U7/tmp_product/DSP_A_B_DATA_INST/A[25]
                            (rising edge-triggered cell DSP_A_B_DATA clocked by ap_clk  {rise@0.000ns fall@2.500ns period=5.000ns})
  Path Group:             ap_clk
  Path Type:              Setup (Max at Slow Process Corner)
  Requirement:            5.000ns  (ap_clk rise@5.000ns - ap_clk rise@0.000ns)
  Data Path Delay:        3.371ns  (logic 2.262ns (67.102%)  route 1.109ns (32.898%))
  Logic Levels:           5  (CARRY8=3 LUT2=1 LUT4=1)
  Clock Path Skew:        -0.051ns (DCD - SCD + CPR)
    Destination Clock Delay (DCD):    0.055ns = ( 5.055 - 5.000 ) 
    Source Clock Delay      (SCD):    0.106ns
    Clock Pessimism Removal (CPR):    0.000ns
  Clock Uncertainty:      0.035ns  ((TSJ^2 + TIJ^2)^1/2 + DJ) / 2 + PE
    Total System Jitter     (TSJ):    0.071ns
    Total Input Jitter      (TIJ):    0.000ns
    Discrete Jitter          (DJ):    0.000ns
    Phase Error              (PE):    0.000ns

    Location             Delay type                Incr(ns)  Path(ns)    Netlist Resource(s)
  -------------------------------------------------------------------    -------------------
                         (clock ap_clk rise edge)     0.000     0.000 r  
                                                      0.000     0.000 r  ap_clk (IN)
                         net (fo=446, unset)          0.106     0.106    control_s_axi_U/int_input_r/ap_clk
    RAMB36_X0Y1          RAMB36E2                                     r  control_s_axi_U/int_input_r/mem_reg/CLKBWRCLK
  -------------------------------------------------------------------    -------------------
    RAMB36_X0Y1          RAMB36E2 (Prop_RAMB36E2_RAMB36_CLKBWRCLK_DOUTBDOUT[5])
                                                      1.305     1.411 r  control_s_axi_U/int_input_r/mem_reg/DOUTBDOUT[5]
                         net (fo=3, routed)           0.370     1.781    control_s_axi_U/int_input_r/int_input_r_q0[5]
    SLICE_X27Y8          LUT4 (Prop_F6LUT_SLICEL_I1_O)
                                                      0.187     1.968 r  control_s_axi_U/int_input_r/tmp_product_i_14__0/O
                         net (fo=1, routed)           0.015     1.983    control_s_axi_U/int_input_r/tmp_product_i_14__0_n_0
    SLICE_X27Y8          CARRY8 (Prop_CARRY8_SLICEL_S[5]_CO[7])
                                                      0.232     2.215 r  control_s_axi_U/int_input_r/tmp_product_i_3__0/CO[7]
                         net (fo=1, routed)           0.030     2.245    control_s_axi_U/int_input_r/tmp_product_i_3__0_n_0
    SLICE_X27Y9          CARRY8 (Prop_CARRY8_SLICEL_CI_O[1])
                                                      0.106     2.351 r  control_s_axi_U/int_input_r/tmp_product_i_2/O[1]
                         net (fo=2, routed)           0.338     2.689    control_s_axi_U/int_input_r/A[9]
    SLICE_X28Y11         LUT2 (Prop_B6LUT_SLICEM_I1_O)
                                                      0.082     2.771 r  control_s_axi_U/int_input_r/trunc_ln15_5_reg_648_reg_i_10/O
                         net (fo=1, routed)           0.022     2.793    control_s_axi_U/int_input_r/trunc_ln15_5_reg_648_reg_i_10_n_0
    SLICE_X28Y11         CARRY8 (Prop_CARRY8_SLICEM_S[1]_O[7])
                                                      0.350     3.143 r  control_s_axi_U/int_input_r/trunc_ln15_5_reg_648_reg_i_2/O[7]
                         net (fo=32, routed)          0.334     3.477    mul_16s_16s_31_1_1_U7/tmp_product/A[25]
    DSP48E2_X7Y2         DSP_A_B_DATA                                 r  mul_16s_16s_31_1_1_U7/tmp_product/DSP_A_B_DATA_INST/A[25]
  -------------------------------------------------------------------    -------------------

                         (clock ap_clk rise edge)     5.000     5.000 r  
                                                      0.000     5.000 r  ap_clk (IN)
                         net (fo=446, unset)          0.055     5.055    mul_16s_16s_31_1_1_U7/tmp_product/CLK
    DSP48E2_X7Y2         DSP_A_B_DATA                                 r  mul_16s_16s_31_1_1_U7/tmp_product/DSP_A_B_DATA_INST/CLK
                         clock pessimism              0.000     5.055    
                         clock uncertainty           -0.035     5.020    
    DSP48E2_X7Y2         DSP_A_B_DATA (Setup_DSP_A_B_DATA_DSP48E2_CLK_A[25])
                                                     -0.540     4.480    mul_16s_16s_31_1_1_U7/tmp_product/DSP_A_B_DATA_INST
  -------------------------------------------------------------------
                         required time                          4.480    
                         arrival time                          -3.477    
  -------------------------------------------------------------------
                         slack                                  1.003    

Slack (MET) :             1.006ns  (required time - arrival time)
  Source:                 control_s_axi_U/int_input_r/mem_reg/CLKBWRCLK
                            (rising edge-triggered cell RAMB36E2 clocked by ap_clk  {rise@0.000ns fall@2.500ns period=5.000ns})
  Destination:            trunc_ln15_5_reg_648_reg/DSP_A_B_DATA_INST/A[15]
                            (rising edge-triggered cell DSP_A_B_DATA clocked by ap_clk  {rise@0.000ns fall@2.500ns period=5.000ns})
  Path Group:             ap_clk
  Path Type:              Setup (Max at Slow Process Corner)
  Requirement:            5.000ns  (ap_clk rise@5.000ns - ap_clk rise@0.000ns)
  Data Path Delay:        3.382ns  (logic 2.262ns (66.885%)  route 1.120ns (33.115%))
  Logic Levels:           5  (CARRY8=3 LUT2=1 LUT4=1)
  Clock Path Skew:        -0.051ns (DCD - SCD + CPR)
    Destination Clock Delay (DCD):    0.055ns = ( 5.055 - 5.000 ) 
    Source Clock Delay      (SCD):    0.106ns
    Clock Pessimism Removal (CPR):    0.000ns
  Clock Uncertainty:      0.035ns  ((TSJ^2 + TIJ^2)^1/2 + DJ) / 2 + PE
    Total System Jitter     (TSJ):    0.071ns
    Total Input Jitter      (TIJ):    0.000ns
    Discrete Jitter          (DJ):    0.000ns
    Phase Error              (PE):    0.000ns

    Location             Delay type                Incr(ns)  Path(ns)    Netlist Resource(s)
  -------------------------------------------------------------------    -------------------
                         (clock ap_clk rise edge)     0.000     0.000 r  
                                                      0.000     0.000 r  ap_clk (IN)
                         net (fo=446, unset)          0.106     0.106    control_s_axi_U/int_input_r/ap_clk
    RAMB36_X0Y1          RAMB36E2                                     r  control_s_axi_U/int_input_r/mem_reg/CLKBWRCLK
  -------------------------------------------------------------------    -------------------
    RAMB36_X0Y1          RAMB36E2 (Prop_RAMB36E2_RAMB36_CLKBWRCLK_DOUTBDOUT[5])
                                                      1.305     1.411 r  control_s_axi_U/int_input_r/mem_reg/DOUTBDOUT[5]
                         net (fo=3, routed)           0.370     1.781    control_s_axi_U/int_input_r/int_input_r_q0[5]
    SLICE_X27Y8          LUT4 (Prop_F6LUT_SLICEL_I1_O)
                                                      0.187     1.968 r  control_s_axi_U/int_input_r/tmp_product_i_14__0/O
                         net (fo=1, routed)           0.015     1.983    control_s_axi_U/int_input_r/tmp_product_i_14__0_n_0
    SLICE_X27Y8          CARRY8 (Prop_CARRY8_SLICEL_S[5]_CO[7])
                                                      0.232     2.215 r  control_s_axi_U/int_input_r/tmp_product_i_3__0/CO[7]
                         net (fo=1, routed)           0.030     2.245    control_s_axi_U/int_input_r/tmp_product_i_3__0_n_0
    SLICE_X27Y9          CARRY8 (Prop_CARRY8_SLICEL_CI_O[1])
                                                      0.106     2.351 r  control_s_axi_U/int_input_r/tmp_product_i_2/O[1]
                         net (fo=2, routed)           0.338     2.689    control_s_axi_U/int_input_r/A[9]
    SLICE_X28Y11         LUT2 (Prop_B6LUT_SLICEM_I1_O)
                                                      0.082     2.771 r  control_s_axi_U/int_input_r/trunc_ln15_5_reg_648_reg_i_10/O
                         net (fo=1, routed)           0.022     2.793    control_s_axi_U/int_input_r/trunc_ln15_5_reg_648_reg_i_10_n_0
    SLICE_X28Y11         CARRY8 (Prop_CARRY8_SLICEM_S[1]_O[7])
                                                      0.350     3.143 r  control_s_axi_U/int_input_r/trunc_ln15_5_reg_648_reg_i_2/O[7]
                         net (fo=32, routed)          0.345     3.488    trunc_ln15_5_reg_648_reg/A[15]
    DSP48E2_X7Y3         DSP_A_B_DATA                                 r  trunc_ln15_5_reg_648_reg/DSP_A_B_DATA_INST/A[15]
  -------------------------------------------------------------------    -------------------

                         (clock ap_clk rise edge)     5.000     5.000 r  
                                                      0.000     5.000 r  ap_clk (IN)
                         net (fo=446, unset)          0.055     5.055    trunc_ln15_5_reg_648_reg/CLK
    DSP48E2_X7Y3         DSP_A_B_DATA                                 r  trunc_ln15_5_reg_648_reg/DSP_A_B_DATA_INST/CLK
                         clock pessimism              0.000     5.055    
                         clock uncertainty           -0.035     5.020    
    DSP48E2_X7Y3         DSP_A_B_DATA (Setup_DSP_A_B_DATA_DSP48E2_CLK_A[15])
                                                     -0.526     4.494    trunc_ln15_5_reg_648_reg/DSP_A_B_DATA_INST
  -------------------------------------------------------------------
                         required time                          4.494    
                         arrival time                          -3.488    
  -------------------------------------------------------------------
                         slack                                  1.006    

Slack (MET) :             1.006ns  (required time - arrival time)
  Source:                 control_s_axi_U/int_input_r/mem_reg/CLKBWRCLK
                            (rising edge-triggered cell RAMB36E2 clocked by ap_clk  {rise@0.000ns fall@2.500ns period=5.000ns})
  Destination:            trunc_ln15_5_reg_648_reg/DSP_A_B_DATA_INST/A[21]
                            (rising edge-triggered cell DSP_A_B_DATA clocked by ap_clk  {rise@0.000ns fall@2.500ns period=5.000ns})
  Path Group:             ap_clk
  Path Type:              Setup (Max at Slow Process Corner)
  Requirement:            5.000ns  (ap_clk rise@5.000ns - ap_clk rise@0.000ns)
  Data Path Delay:        3.399ns  (logic 2.262ns (66.544%)  route 1.137ns (33.456%))
  Logic Levels:           5  (CARRY8=3 LUT2=1 LUT4=1)
  Clock Path Skew:        -0.051ns (DCD - SCD + CPR)
    Destination Clock Delay (DCD):    0.055ns = ( 5.055 - 5.000 ) 
    Source Clock Delay      (SCD):    0.106ns
    Clock Pessimism Removal (CPR):    0.000ns
  Clock Uncertainty:      0.035ns  ((TSJ^2 + TIJ^2)^1/2 + DJ) / 2 + PE
    Total System Jitter     (TSJ):    0.071ns
    Total Input Jitter      (TIJ):    0.000ns
    Discrete Jitter          (DJ):    0.000ns
    Phase Error              (PE):    0.000ns

    Location             Delay type                Incr(ns)  Path(ns)    Netlist Resource(s)
  -------------------------------------------------------------------    -------------------
                         (clock ap_clk rise edge)     0.000     0.000 r  
                                                      0.000     0.000 r  ap_clk (IN)
                         net (fo=446, unset)          0.106     0.106    control_s_axi_U/int_input_r/ap_clk
    RAMB36_X0Y1          RAMB36E2                                     r  control_s_axi_U/int_input_r/mem_reg/CLKBWRCLK
  -------------------------------------------------------------------    -------------------
    RAMB36_X0Y1          RAMB36E2 (Prop_RAMB36E2_RAMB36_CLKBWRCLK_DOUTBDOUT[5])
                                                      1.305     1.411 r  control_s_axi_U/int_input_r/mem_reg/DOUTBDOUT[5]
                         net (fo=3, routed)           0.370     1.781    control_s_axi_U/int_input_r/int_input_r_q0[5]
    SLICE_X27Y8          LUT4 (Prop_F6LUT_SLICEL_I1_O)
                                                      0.187     1.968 r  control_s_axi_U/int_input_r/tmp_product_i_14__0/O
                         net (fo=1, routed)           0.015     1.983    control_s_axi_U/int_input_r/tmp_product_i_14__0_n_0
    SLICE_X27Y8          CARRY8 (Prop_CARRY8_SLICEL_S[5]_CO[7])
                                                      0.232     2.215 r  control_s_axi_U/int_input_r/tmp_product_i_3__0/CO[7]
                         net (fo=1, routed)           0.030     2.245    control_s_axi_U/int_input_r/tmp_product_i_3__0_n_0
    SLICE_X27Y9          CARRY8 (Prop_CARRY8_SLICEL_CI_O[1])
                                                      0.106     2.351 r  control_s_axi_U/int_input_r/tmp_product_i_2/O[1]
                         net (fo=2, routed)           0.338     2.689    control_s_axi_U/int_input_r/A[9]
    SLICE_X28Y11         LUT2 (Prop_B6LUT_SLICEM_I1_O)
                                                      0.082     2.771 r  control_s_axi_U/int_input_r/trunc_ln15_5_reg_648_reg_i_10/O
                         net (fo=1, routed)           0.022     2.793    control_s_axi_U/int_input_r/trunc_ln15_5_reg_648_reg_i_10_n_0
    SLICE_X28Y11         CARRY8 (Prop_CARRY8_SLICEM_S[1]_O[7])
                                                      0.350     3.143 r  control_s_axi_U/int_input_r/trunc_ln15_5_reg_648_reg_i_2/O[7]
                         net (fo=32, routed)          0.363     3.505    trunc_ln15_5_reg_648_reg/A[21]
    DSP48E2_X7Y3         DSP_A_B_DATA                                 r  trunc_ln15_5_reg_648_reg/DSP_A_B_DATA_INST/A[21]
  -------------------------------------------------------------------    -------------------

                         (clock ap_clk rise edge)     5.000     5.000 r  
                                                      0.000     5.000 r  ap_clk (IN)
                         net (fo=446, unset)          0.055     5.055    trunc_ln15_5_reg_648_reg/CLK
    DSP48E2_X7Y3         DSP_A_B_DATA                                 r  trunc_ln15_5_reg_648_reg/DSP_A_B_DATA_INST/CLK
                         clock pessimism              0.000     5.055    
                         clock uncertainty           -0.035     5.020    
    DSP48E2_X7Y3         DSP_A_B_DATA (Setup_DSP_A_B_DATA_DSP48E2_CLK_A[21])
                                                     -0.508     4.512    trunc_ln15_5_reg_648_reg/DSP_A_B_DATA_INST
  -------------------------------------------------------------------
                         required time                          4.512    
                         arrival time                          -3.505    
  -------------------------------------------------------------------
                         slack                                  1.006    

Slack (MET) :             1.007ns  (required time - arrival time)
  Source:                 control_s_axi_U/int_input_r/mem_reg/CLKBWRCLK
                            (rising edge-triggered cell RAMB36E2 clocked by ap_clk  {rise@0.000ns fall@2.500ns period=5.000ns})
  Destination:            trunc_ln15_5_reg_648_reg/DSP_A_B_DATA_INST/A[20]
                            (rising edge-triggered cell DSP_A_B_DATA clocked by ap_clk  {rise@0.000ns fall@2.500ns period=5.000ns})
  Path Group:             ap_clk
  Path Type:              Setup (Max at Slow Process Corner)
  Requirement:            5.000ns  (ap_clk rise@5.000ns - ap_clk rise@0.000ns)
  Data Path Delay:        3.392ns  (logic 2.262ns (66.685%)  route 1.130ns (33.315%))
  Logic Levels:           5  (CARRY8=3 LUT2=1 LUT4=1)
  Clock Path Skew:        -0.051ns (DCD - SCD + CPR)
    Destination Clock Delay (DCD):    0.055ns = ( 5.055 - 5.000 ) 
    Source Clock Delay      (SCD):    0.106ns
    Clock Pessimism Removal (CPR):    0.000ns
  Clock Uncertainty:      0.035ns  ((TSJ^2 + TIJ^2)^1/2 + DJ) / 2 + PE
    Total System Jitter     (TSJ):    0.071ns
    Total Input Jitter      (TIJ):    0.000ns
    Discrete Jitter          (DJ):    0.000ns
    Phase Error              (PE):    0.000ns

    Location             Delay type                Incr(ns)  Path(ns)    Netlist Resource(s)
  -------------------------------------------------------------------    -------------------
                         (clock ap_clk rise edge)     0.000     0.000 r  
                                                      0.000     0.000 r  ap_clk (IN)
                         net (fo=446, unset)          0.106     0.106    control_s_axi_U/int_input_r/ap_clk
    RAMB36_X0Y1          RAMB36E2                                     r  control_s_axi_U/int_input_r/mem_reg/CLKBWRCLK
  -------------------------------------------------------------------    -------------------
    RAMB36_X0Y1          RAMB36E2 (Prop_RAMB36E2_RAMB36_CLKBWRCLK_DOUTBDOUT[5])
                                                      1.305     1.411 r  control_s_axi_U/int_input_r/mem_reg/DOUTBDOUT[5]
                         net (fo=3, routed)           0.370     1.781    control_s_axi_U/int_input_r/int_input_r_q0[5]
    SLICE_X27Y8          LUT4 (Prop_F6LUT_SLICEL_I1_O)
                                                      0.187     1.968 r  control_s_axi_U/int_input_r/tmp_product_i_14__0/O
                         net (fo=1, routed)           0.015     1.983    control_s_axi_U/int_input_r/tmp_product_i_14__0_n_0
    SLICE_X27Y8          CARRY8 (Prop_CARRY8_SLICEL_S[5]_CO[7])
                                                      0.232     2.215 r  control_s_axi_U/int_input_r/tmp_product_i_3__0/CO[7]
                         net (fo=1, routed)           0.030     2.245    control_s_axi_U/int_input_r/tmp_product_i_3__0_n_0
    SLICE_X27Y9          CARRY8 (Prop_CARRY8_SLICEL_CI_O[1])
                                                      0.106     2.351 r  control_s_axi_U/int_input_r/tmp_product_i_2/O[1]
                         net (fo=2, routed)           0.338     2.689    control_s_axi_U/int_input_r/A[9]
    SLICE_X28Y11         LUT2 (Prop_B6LUT_SLICEM_I1_O)
                                                      0.082     2.771 r  control_s_axi_U/int_input_r/trunc_ln15_5_reg_648_reg_i_10/O
                         net (fo=1, routed)           0.022     2.793    control_s_axi_U/int_input_r/trunc_ln15_5_reg_648_reg_i_10_n_0
    SLICE_X28Y11         CARRY8 (Prop_CARRY8_SLICEM_S[1]_O[7])
                                                      0.350     3.143 r  control_s_axi_U/int_input_r/trunc_ln15_5_reg_648_reg_i_2/O[7]
                         net (fo=32, routed)          0.355     3.498    trunc_ln15_5_reg_648_reg/A[20]
    DSP48E2_X7Y3         DSP_A_B_DATA                                 r  trunc_ln15_5_reg_648_reg/DSP_A_B_DATA_INST/A[20]
  -------------------------------------------------------------------    -------------------

                         (clock ap_clk rise edge)     5.000     5.000 r  
                                                      0.000     5.000 r  ap_clk (IN)
                         net (fo=446, unset)          0.055     5.055    trunc_ln15_5_reg_648_reg/CLK
    DSP48E2_X7Y3         DSP_A_B_DATA                                 r  trunc_ln15_5_reg_648_reg/DSP_A_B_DATA_INST/CLK
                         clock pessimism              0.000     5.055    
                         clock uncertainty           -0.035     5.020    
    DSP48E2_X7Y3         DSP_A_B_DATA (Setup_DSP_A_B_DATA_DSP48E2_CLK_A[20])
                                                     -0.515     4.505    trunc_ln15_5_reg_648_reg/DSP_A_B_DATA_INST
  -------------------------------------------------------------------
                         required time                          4.505    
                         arrival time                          -3.498    
  -------------------------------------------------------------------
                         slack                                  1.007    

Slack (MET) :             1.009ns  (required time - arrival time)
  Source:                 control_s_axi_U/int_input_r/mem_reg/CLKBWRCLK
                            (rising edge-triggered cell RAMB36E2 clocked by ap_clk  {rise@0.000ns fall@2.500ns period=5.000ns})
  Destination:            mul_16s_16s_31_1_1_U7/tmp_product/DSP_A_B_DATA_INST/A[27]
                            (rising edge-triggered cell DSP_A_B_DATA clocked by ap_clk  {rise@0.000ns fall@2.500ns period=5.000ns})
  Path Group:             ap_clk
  Path Type:              Setup (Max at Slow Process Corner)
  Requirement:            5.000ns  (ap_clk rise@5.000ns - ap_clk rise@0.000ns)
  Data Path Delay:        3.370ns  (logic 2.262ns (67.118%)  route 1.108ns (32.882%))
  Logic Levels:           5  (CARRY8=3 LUT2=1 LUT4=1)
  Clock Path Skew:        -0.051ns (DCD - SCD + CPR)
    Destination Clock Delay (DCD):    0.055ns = ( 5.055 - 5.000 ) 
    Source Clock Delay      (SCD):    0.106ns
    Clock Pessimism Removal (CPR):    0.000ns
  Clock Uncertainty:      0.035ns  ((TSJ^2 + TIJ^2)^1/2 + DJ) / 2 + PE
    Total System Jitter     (TSJ):    0.071ns
    Total Input Jitter      (TIJ):    0.000ns
    Discrete Jitter          (DJ):    0.000ns
    Phase Error              (PE):    0.000ns

    Location             Delay type                Incr(ns)  Path(ns)    Netlist Resource(s)
  -------------------------------------------------------------------    -------------------
                         (clock ap_clk rise edge)     0.000     0.000 r  
                                                      0.000     0.000 r  ap_clk (IN)
                         net (fo=446, unset)          0.106     0.106    control_s_axi_U/int_input_r/ap_clk
    RAMB36_X0Y1          RAMB36E2                                     r  control_s_axi_U/int_input_r/mem_reg/CLKBWRCLK
  -------------------------------------------------------------------    -------------------
    RAMB36_X0Y1          RAMB36E2 (Prop_RAMB36E2_RAMB36_CLKBWRCLK_DOUTBDOUT[5])
                                                      1.305     1.411 r  control_s_axi_U/int_input_r/mem_reg/DOUTBDOUT[5]
                         net (fo=3, routed)           0.370     1.781    control_s_axi_U/int_input_r/int_input_r_q0[5]
    SLICE_X27Y8          LUT4 (Prop_F6LUT_SLICEL_I1_O)
                                                      0.187     1.968 r  control_s_axi_U/int_input_r/tmp_product_i_14__0/O
                         net (fo=1, routed)           0.015     1.983    control_s_axi_U/int_input_r/tmp_product_i_14__0_n_0
    SLICE_X27Y8          CARRY8 (Prop_CARRY8_SLICEL_S[5]_CO[7])
                                                      0.232     2.215 r  control_s_axi_U/int_input_r/tmp_product_i_3__0/CO[7]
                         net (fo=1, routed)           0.030     2.245    control_s_axi_U/int_input_r/tmp_product_i_3__0_n_0
    SLICE_X27Y9          CARRY8 (Prop_CARRY8_SLICEL_CI_O[1])
                                                      0.106     2.351 r  control_s_axi_U/int_input_r/tmp_product_i_2/O[1]
                         net (fo=2, routed)           0.338     2.689    control_s_axi_U/int_input_r/A[9]
    SLICE_X28Y11         LUT2 (Prop_B6LUT_SLICEM_I1_O)
                                                      0.082     2.771 r  control_s_axi_U/int_input_r/trunc_ln15_5_reg_648_reg_i_10/O
                         net (fo=1, routed)           0.022     2.793    control_s_axi_U/int_input_r/trunc_ln15_5_reg_648_reg_i_10_n_0
    SLICE_X28Y11         CARRY8 (Prop_CARRY8_SLICEM_S[1]_O[7])
                                                      0.350     3.143 r  control_s_axi_U/int_input_r/trunc_ln15_5_reg_648_reg_i_2/O[7]
                         net (fo=32, routed)          0.334     3.476    mul_16s_16s_31_1_1_U7/tmp_product/A[27]
    DSP48E2_X7Y2         DSP_A_B_DATA                                 r  mul_16s_16s_31_1_1_U7/tmp_product/DSP_A_B_DATA_INST/A[27]
  -------------------------------------------------------------------    -------------------

                         (clock ap_clk rise edge)     5.000     5.000 r  
                                                      0.000     5.000 r  ap_clk (IN)
                         net (fo=446, unset)          0.055     5.055    mul_16s_16s_31_1_1_U7/tmp_product/CLK
    DSP48E2_X7Y2         DSP_A_B_DATA                                 r  mul_16s_16s_31_1_1_U7/tmp_product/DSP_A_B_DATA_INST/CLK
                         clock pessimism              0.000     5.055    
                         clock uncertainty           -0.035     5.020    
    DSP48E2_X7Y2         DSP_A_B_DATA (Setup_DSP_A_B_DATA_DSP48E2_CLK_A[27])
                                                     -0.534     4.486    mul_16s_16s_31_1_1_U7/tmp_product/DSP_A_B_DATA_INST
  -------------------------------------------------------------------
                         required time                          4.486    
                         arrival time                          -3.476    
  -------------------------------------------------------------------
                         slack                                  1.009    





Pulse Width Checks
--------------------------------------------------------------------------------------
Clock Name:         ap_clk
Waveform(ns):       { 0.000 2.500 }
Period(ns):         5.000
Sources:            { ap_clk }

Check Type        Corner  Lib Pin             Reference Pin  Required(ns)  Actual(ns)  Slack(ns)  Location      Pin
Min Period        n/a     RAMB36E2/CLKARDCLK  n/a            1.960         5.000       3.040      RAMB36_X0Y1   control_s_axi_U/int_input_r/mem_reg/CLKARDCLK
Min Period        n/a     RAMB18E2/CLKARDCLK  n/a            1.960         5.000       3.040      RAMB18_X0Y4   control_s_axi_U/int_output_r/mem_reg/CLKARDCLK
Min Period        n/a     RAMB18E2/CLKBWRCLK  n/a            1.960         5.000       3.040      RAMB18_X0Y4   control_s_axi_U/int_output_r/mem_reg/CLKBWRCLK
Min Period        n/a     RAMB36E2/CLKBWRCLK  n/a            1.709         5.000       3.291      RAMB36_X0Y1   control_s_axi_U/int_input_r/mem_reg/CLKBWRCLK
Min Period        n/a     DSP_OUTPUT/CLK      n/a            0.850         5.000       4.150      DSP48E2_X7Y2  mul_16s_16s_31_1_1_U7/tmp_product/DSP_OUTPUT_INST/CLK
Min Period        n/a     DSP_OUTPUT/CLK      n/a            0.850         5.000       4.150      DSP48E2_X7Y7  mul_16s_16s_31_1_1_U9/tmp_product/DSP_OUTPUT_INST/CLK
Min Period        n/a     DSP_OUTPUT/CLK      n/a            0.850         5.000       4.150      DSP48E2_X6Y4  trunc_ln15_10_reg_742_reg/DSP_OUTPUT_INST/CLK
Min Period        n/a     DSP_OUTPUT/CLK      n/a            0.850         5.000       4.150      DSP48E2_X7Y4  trunc_ln15_2_reg_676_reg/DSP_OUTPUT_INST/CLK
Min Period        n/a     DSP_OUTPUT/CLK      n/a            0.850         5.000       4.150      DSP48E2_X7Y6  trunc_ln15_4_reg_681_reg/DSP_OUTPUT_INST/CLK
Min Period        n/a     DSP_OUTPUT/CLK      n/a            0.850         5.000       4.150      DSP48E2_X7Y3  trunc_ln15_5_reg_648_reg/DSP_OUTPUT_INST/CLK
Min Period        n/a     DSP_OUTPUT/CLK      n/a            0.850         5.000       4.150      DSP48E2_X7Y8  trunc_ln15_8_reg_799_reg/DSP_OUTPUT_INST/CLK
Min Period        n/a     DSP_OUTPUT/CLK      n/a            0.850         5.000       4.150      DSP48E2_X8Y2  trunc_ln15_9_reg_752_reg/DSP_OUTPUT_INST/CLK
Min Period        n/a     DSP_OUTPUT/CLK      n/a            0.850         5.000       4.150      DSP48E2_X8Y5  trunc_ln15_s_reg_784_reg/DSP_OUTPUT_INST/CLK
Min Period        n/a     DSP_OUTPUT/CLK      n/a            0.850         5.000       4.150      DSP48E2_X7Y5  trunc_ln_reg_615_reg/DSP_OUTPUT_INST/CLK
Min Period        n/a     DSP_A_B_DATA/CLK    n/a            0.700         5.000       4.300      DSP48E2_X8Y4  mul_16s_16s_31_1_1_U2/tmp_product/DSP_A_B_DATA_INST/CLK
Min Period        n/a     DSP_A_B_DATA/CLK    n/a            0.700         5.000       4.300      DSP48E2_X7Y2  mul_16s_16s_31_1_1_U7/tmp_product/DSP_A_B_DATA_INST/CLK
Min Period        n/a     DSP_A_B_DATA/CLK    n/a            0.700         5.000       4.300      DSP48E2_X7Y7  mul_16s_16s_31_1_1_U9/tmp_product/DSP_A_B_DATA_INST/CLK
Min Period        n/a     DSP_A_B_DATA/CLK    n/a            0.700         5.000       4.300      DSP48E2_X6Y4  trunc_ln15_10_reg_742_reg/DSP_A_B_DATA_INST/CLK
Min Period        n/a     DSP_A_B_DATA/CLK    n/a            0.700         5.000       4.300      DSP48E2_X7Y4  trunc_ln15_2_reg_676_reg/DSP_A_B_DATA_INST/CLK
Min Period        n/a     DSP_A_B_DATA/CLK    n/a            0.700         5.000       4.300      DSP48E2_X7Y6  trunc_ln15_4_reg_681_reg/DSP_A_B_DATA_INST/CLK
Low Pulse Width   Slow    RAMB36E2/CLKARDCLK  n/a            0.577         2.500       1.923      RAMB36_X0Y1   control_s_axi_U/int_input_r/mem_reg/CLKARDCLK
Low Pulse Width   Fast    RAMB36E2/CLKARDCLK  n/a            0.577         2.500       1.923      RAMB36_X0Y1   control_s_axi_U/int_input_r/mem_reg/CLKARDCLK
Low Pulse Width   Slow    RAMB36E2/CLKBWRCLK  n/a            0.577         2.500       1.923      RAMB36_X0Y1   control_s_axi_U/int_input_r/mem_reg/CLKBWRCLK
Low Pulse Width   Fast    RAMB36E2/CLKBWRCLK  n/a            0.577         2.500       1.923      RAMB36_X0Y1   control_s_axi_U/int_input_r/mem_reg/CLKBWRCLK
Low Pulse Width   Slow    RAMB18E2/CLKARDCLK  n/a            0.577         2.500       1.923      RAMB18_X0Y4   control_s_axi_U/int_output_r/mem_reg/CLKARDCLK
Low Pulse Width   Fast    RAMB18E2/CLKARDCLK  n/a            0.577         2.500       1.923      RAMB18_X0Y4   control_s_axi_U/int_output_r/mem_reg/CLKARDCLK
Low Pulse Width   Slow    RAMB18E2/CLKBWRCLK  n/a            0.577         2.500       1.923      RAMB18_X0Y4   control_s_axi_U/int_output_r/mem_reg/CLKBWRCLK
Low Pulse Width   Fast    RAMB18E2/CLKBWRCLK  n/a            0.577         2.500       1.923      RAMB18_X0Y4   control_s_axi_U/int_output_r/mem_reg/CLKBWRCLK
Low Pulse Width   Slow    FDRE/C              n/a            0.275         2.500       2.225      SLICE_X29Y12  a_4_reg_625_reg[0]/C
Low Pulse Width   Fast    FDRE/C              n/a            0.275         2.500       2.225      SLICE_X29Y12  a_4_reg_625_reg[0]/C
Low Pulse Width   Slow    FDRE/C              n/a            0.275         2.500       2.225      SLICE_X29Y13  a_4_reg_625_reg[10]/C
Low Pulse Width   Fast    FDRE/C              n/a            0.275         2.500       2.225      SLICE_X29Y13  a_4_reg_625_reg[10]/C
Low Pulse Width   Slow    FDRE/C              n/a            0.275         2.500       2.225      SLICE_X29Y13  a_4_reg_625_reg[11]/C
Low Pulse Width   Fast    FDRE/C              n/a            0.275         2.500       2.225      SLICE_X29Y13  a_4_reg_625_reg[11]/C
Low Pulse Width   Slow    FDRE/C              n/a            0.275         2.500       2.225      SLICE_X29Y13  a_4_reg_625_reg[12]/C
Low Pulse Width   Fast    FDRE/C              n/a            0.275         2.500       2.225      SLICE_X29Y13  a_4_reg_625_reg[12]/C
Low Pulse Width   Slow    FDRE/C              n/a            0.275         2.500       2.225      SLICE_X29Y13  a_4_reg_625_reg[13]/C
Low Pulse Width   Fast    FDRE/C              n/a            0.275         2.500       2.225      SLICE_X29Y13  a_4_reg_625_reg[13]/C
Low Pulse Width   Slow    FDRE/C              n/a            0.275         2.500       2.225      SLICE_X29Y13  a_4_reg_625_reg[14]/C
Low Pulse Width   Fast    FDRE/C              n/a            0.275         2.500       2.225      SLICE_X29Y13  a_4_reg_625_reg[14]/C
High Pulse Width  Slow    RAMB36E2/CLKARDCLK  n/a            0.577         2.500       1.923      RAMB36_X0Y1   control_s_axi_U/int_input_r/mem_reg/CLKARDCLK
High Pulse Width  Fast    RAMB36E2/CLKARDCLK  n/a            0.577         2.500       1.923      RAMB36_X0Y1   control_s_axi_U/int_input_r/mem_reg/CLKARDCLK
High Pulse Width  Slow    RAMB36E2/CLKBWRCLK  n/a            0.577         2.500       1.923      RAMB36_X0Y1   control_s_axi_U/int_input_r/mem_reg/CLKBWRCLK
High Pulse Width  Fast    RAMB36E2/CLKBWRCLK  n/a            0.577         2.500       1.923      RAMB36_X0Y1   control_s_axi_U/int_input_r/mem_reg/CLKBWRCLK
High Pulse Width  Slow    RAMB18E2/CLKARDCLK  n/a            0.577         2.500       1.923      RAMB18_X0Y4   control_s_axi_U/int_output_r/mem_reg/CLKARDCLK
High Pulse Width  Fast    RAMB18E2/CLKARDCLK  n/a            0.577         2.500       1.923      RAMB18_X0Y4   control_s_axi_U/int_output_r/mem_reg/CLKARDCLK
High Pulse Width  Slow    RAMB18E2/CLKBWRCLK  n/a            0.577         2.500       1.923      RAMB18_X0Y4   control_s_axi_U/int_output_r/mem_reg/CLKBWRCLK
High Pulse Width  Fast    RAMB18E2/CLKBWRCLK  n/a            0.577         2.500       1.923      RAMB18_X0Y4   control_s_axi_U/int_output_r/mem_reg/CLKBWRCLK
High Pulse Width  Slow    FDRE/C              n/a            0.275         2.500       2.225      SLICE_X29Y12  a_4_reg_625_reg[0]/C
High Pulse Width  Fast    FDRE/C              n/a            0.275         2.500       2.225      SLICE_X29Y12  a_4_reg_625_reg[0]/C
High Pulse Width  Slow    FDRE/C              n/a            0.275         2.500       2.225      SLICE_X29Y13  a_4_reg_625_reg[10]/C
High Pulse Width  Fast    FDRE/C              n/a            0.275         2.500       2.225      SLICE_X29Y13  a_4_reg_625_reg[10]/C
High Pulse Width  Slow    FDRE/C              n/a            0.275         2.500       2.225      SLICE_X29Y13  a_4_reg_625_reg[11]/C
High Pulse Width  Fast    FDRE/C              n/a            0.275         2.500       2.225      SLICE_X29Y13  a_4_reg_625_reg[11]/C
High Pulse Width  Slow    FDRE/C              n/a            0.275         2.500       2.225      SLICE_X29Y13  a_4_reg_625_reg[12]/C
High Pulse Width  Fast    FDRE/C              n/a            0.275         2.500       2.225      SLICE_X29Y13  a_4_reg_625_reg[12]/C
High Pulse Width  Slow    FDRE/C              n/a            0.275         2.500       2.225      SLICE_X29Y13  a_4_reg_625_reg[13]/C
High Pulse Width  Fast    FDRE/C              n/a            0.275         2.500       2.225      SLICE_X29Y13  a_4_reg_625_reg[13]/C
High Pulse Width  Slow    FDRE/C              n/a            0.275         2.500       2.225      SLICE_X29Y13  a_4_reg_625_reg[14]/C
High Pulse Width  Fast    FDRE/C              n/a            0.275         2.500       2.225      SLICE_X29Y13  a_4_reg_625_reg[14]/C



