

================================================================
== Vitis HLS Report for 'store_gray'
================================================================
* Date:           Mon Jul 20 18:48:42 2026

* Version:        2024.1 (Build 5069499 on May 21 2024)
* Project:        rgb2gray_hls
* Solution:       solution (Vitis Kernel Flow Target)
* Product family: versalaicore
* Target device:  xcvc1902-vsva2197-2MP-e-S


================================================================
== Performance Estimates
================================================================
+ Timing: 
    * Summary: 
    +--------+---------+----------+------------+
    |  Clock |  Target | Estimated| Uncertainty|
    +--------+---------+----------+------------+
    |ap_clk  |  4.00 ns|  2.920 ns|     1.08 ns|
    +--------+---------+----------+------------+

+ Latency: 
    * Summary: 
    +---------+---------+----------+----------+-----+-----+------------------------------------------+
    |  Latency (cycles) |  Latency (absolute) |  Interval |                 Pipeline                 |
    |   min   |   max   |    min   |    max   | min | max |                   Type                   |
    +---------+---------+----------+----------+-----+-----+------------------------------------------+
    |        ?|        ?|         ?|         ?|    0|    0|  loop rewind stp(delay=0 clock cycles(s))|
    +---------+---------+----------+----------+-----+-----+------------------------------------------+

    + Detail: 
        * Instance: 
        N/A

        * Loop: 
        +--------------+---------+---------+----------+-----------+-----------+------+----------+
        |              |  Latency (cycles) | Iteration|  Initiation Interval  | Trip |          |
        |   Loop Name  |   min   |   max   |  Latency |  achieved |   target  | Count| Pipelined|
        +--------------+---------+---------+----------+-----------+-----------+------+----------+
        |- store_loop  |        ?|        ?|        77|          1|          1|     ?|       yes|
        +--------------+---------+---------+----------+-----------+-----------+------+----------+



================================================================
== Utilization Estimates
================================================================
* Summary: 
+-----------------+---------+------+---------+--------+-----+
|       Name      | BRAM_18K|  DSP |    FF   |   LUT  | URAM|
+-----------------+---------+------+---------+--------+-----+
|DSP              |        -|     -|        -|       -|    -|
|Expression       |        -|     -|        0|     163|    -|
|FIFO             |        -|     -|        -|       -|    -|
|Instance         |        -|     -|        -|       -|    -|
|Memory           |        -|     -|        -|       -|    -|
|Multiplexer      |        -|     -|        0|     352|    -|
|Register         |        -|     -|      307|      10|    -|
+-----------------+---------+------+---------+--------+-----+
|Total            |        0|     0|      307|     525|    0|
+-----------------+---------+------+---------+--------+-----+
|Available        |     1934|  1968|  1799680|  899840|  463|
+-----------------+---------+------+---------+--------+-----+
|Utilization (%)  |        0|     0|       ~0|      ~0|    0|
+-----------------+---------+------+---------+--------+-----+

+ Detail: 
    * Instance: 
    N/A

    * DSP: 
    N/A

    * Memory: 
    N/A

    * FIFO: 
    N/A

    * Expression: 
    +------------------------------------+----------+----+---+----+------------+------------+
    |            Variable Name           | Operation| DSP| FF| LUT| Bitwidth P0| Bitwidth P1|
    +------------------------------------+----------+----+---+----+------------+------------+
    |add_ln90_fu_237_p2                  |         +|   0|  0|  32|          32|           1|
    |add_ln95_fu_266_p2                  |         +|   0|  0|  64|          64|          64|
    |out_addr_fu_249_p2                  |         +|   0|  0|  32|          32|          32|
    |ap_block_state3_io                  |       and|   0|  0|   2|           1|           1|
    |ap_block_state4_io                  |       and|   0|  0|   2|           1|           1|
    |ap_block_state4_pp0_stage0_iter2    |       and|   0|  0|   2|           1|           1|
    |ap_block_state78_pp0_stage0_iter76  |       and|   0|  0|   2|           1|           1|
    |ap_condition_170                    |       and|   0|  0|   2|           1|           1|
    |ap_condition_184                    |       and|   0|  0|   2|           1|           1|
    |icmp_ln90_fu_243_p2                 |      icmp|   0|  0|  13|          32|          32|
    |ap_block_pp0_stage0_01001           |        or|   0|  0|   2|           1|           1|
    |ap_block_pp0_stage0_11001           |        or|   0|  0|   2|           1|           1|
    |ap_block_state1                     |        or|   0|  0|   2|           1|           1|
    |ap_block_state2_pp0_stage0_iter0    |        or|   0|  0|   2|           1|           1|
    |ap_enable_pp0                       |       xor|   0|  0|   2|           1|           2|
    +------------------------------------+----------+----+---+----+------------+------------+
    |Total                               |          |   0|  0| 163|         171|         141|
    +------------------------------------+----------+----+---+----+------------+------------+

    * Multiplexer: 
    +----------------------------------------------+----+-----------+-----+-----------+
    |                     Name                     | LUT| Input Size| Bits| Total Bits|
    +----------------------------------------------+----+-----------+-----+-----------+
    |addr_out_blk_n                                |   8|          2|    1|          2|
    |addr_out_load_phi_reg_205                     |  32|          3|   32|         96|
    |ap_NS_fsm                                     |   8|          3|    1|          3|
    |ap_done                                       |   8|          2|    1|          2|
    |ap_enable_reg_pp0_iter1                       |   8|          2|    1|          2|
    |ap_enable_reg_pp0_iter76                      |   8|          2|    1|          2|
    |ap_phi_mux_addr_out_load_phi_phi_fu_209_p4    |  32|          3|   32|         96|
    |ap_phi_mux_do_init_phi_fu_124_p6              |   8|          3|    1|          3|
    |ap_phi_mux_i_phi_fu_182_p6                    |  32|          3|   32|         96|
    |ap_phi_mux_num_pixels_load_phi_phi_fu_222_p4  |  32|          3|   32|         96|
    |gmem_out_blk_n_AW                             |   8|          2|    1|          2|
    |gmem_out_blk_n_B                              |   8|          2|    1|          2|
    |gmem_out_blk_n_W                              |   8|          2|    1|          2|
    |i_reg_178                                     |  32|          2|   32|         64|
    |m_axi_out_1_phi_reg_192                       |  64|          3|   64|        192|
    |m_axi_out_blk_n                               |   8|          2|    1|          2|
    |num_pixels_blk_n                              |   8|          2|    1|          2|
    |num_pixels_load_phi_reg_218                   |  32|          3|   32|         96|
    |stream_gray_blk_n                             |   8|          2|    1|          2|
    +----------------------------------------------+----+-----------+-----+-----------+
    |Total                                         | 352|         46|  268|        762|
    +----------------------------------------------+----+-----------+-----+-----------+

    * Register: 
    +-----------------------------+----+----+-----+-----------+
    |             Name            | FF | LUT| Bits| Const Bits|
    +-----------------------------+----+----+-----+-----------+
    |add_ln90_reg_306             |  32|   0|   32|          0|
    |addr_out_load_phi_reg_205    |  32|   0|   32|          0|
    |ap_CS_fsm                    |   2|   0|    2|          0|
    |ap_done_reg                  |   1|   0|    1|          0|
    |ap_enable_reg_pp0_iter1      |   1|   0|    1|          0|
    |ap_enable_reg_pp0_iter10     |   1|   0|    1|          0|
    |ap_enable_reg_pp0_iter11     |   1|   0|    1|          0|
    |ap_enable_reg_pp0_iter12     |   1|   0|    1|          0|
    |ap_enable_reg_pp0_iter13     |   1|   0|    1|          0|
    |ap_enable_reg_pp0_iter14     |   1|   0|    1|          0|
    |ap_enable_reg_pp0_iter15     |   1|   0|    1|          0|
    |ap_enable_reg_pp0_iter16     |   1|   0|    1|          0|
    |ap_enable_reg_pp0_iter17     |   1|   0|    1|          0|
    |ap_enable_reg_pp0_iter18     |   1|   0|    1|          0|
    |ap_enable_reg_pp0_iter19     |   1|   0|    1|          0|
    |ap_enable_reg_pp0_iter2      |   1|   0|    1|          0|
    |ap_enable_reg_pp0_iter20     |   1|   0|    1|          0|
    |ap_enable_reg_pp0_iter21     |   1|   0|    1|          0|
    |ap_enable_reg_pp0_iter22     |   1|   0|    1|          0|
    |ap_enable_reg_pp0_iter23     |   1|   0|    1|          0|
    |ap_enable_reg_pp0_iter24     |   1|   0|    1|          0|
    |ap_enable_reg_pp0_iter25     |   1|   0|    1|          0|
    |ap_enable_reg_pp0_iter26     |   1|   0|    1|          0|
    |ap_enable_reg_pp0_iter27     |   1|   0|    1|          0|
    |ap_enable_reg_pp0_iter28     |   1|   0|    1|          0|
    |ap_enable_reg_pp0_iter29     |   1|   0|    1|          0|
    |ap_enable_reg_pp0_iter3      |   1|   0|    1|          0|
    |ap_enable_reg_pp0_iter30     |   1|   0|    1|          0|
    |ap_enable_reg_pp0_iter31     |   1|   0|    1|          0|
    |ap_enable_reg_pp0_iter32     |   1|   0|    1|          0|
    |ap_enable_reg_pp0_iter33     |   1|   0|    1|          0|
    |ap_enable_reg_pp0_iter34     |   1|   0|    1|          0|
    |ap_enable_reg_pp0_iter35     |   1|   0|    1|          0|
    |ap_enable_reg_pp0_iter36     |   1|   0|    1|          0|
    |ap_enable_reg_pp0_iter37     |   1|   0|    1|          0|
    |ap_enable_reg_pp0_iter38     |   1|   0|    1|          0|
    |ap_enable_reg_pp0_iter39     |   1|   0|    1|          0|
    |ap_enable_reg_pp0_iter4      |   1|   0|    1|          0|
    |ap_enable_reg_pp0_iter40     |   1|   0|    1|          0|
    |ap_enable_reg_pp0_iter41     |   1|   0|    1|          0|
    |ap_enable_reg_pp0_iter42     |   1|   0|    1|          0|
    |ap_enable_reg_pp0_iter43     |   1|   0|    1|          0|
    |ap_enable_reg_pp0_iter44     |   1|   0|    1|          0|
    |ap_enable_reg_pp0_iter45     |   1|   0|    1|          0|
    |ap_enable_reg_pp0_iter46     |   1|   0|    1|          0|
    |ap_enable_reg_pp0_iter47     |   1|   0|    1|          0|
    |ap_enable_reg_pp0_iter48     |   1|   0|    1|          0|
    |ap_enable_reg_pp0_iter49     |   1|   0|    1|          0|
    |ap_enable_reg_pp0_iter5      |   1|   0|    1|          0|
    |ap_enable_reg_pp0_iter50     |   1|   0|    1|          0|
    |ap_enable_reg_pp0_iter51     |   1|   0|    1|          0|
    |ap_enable_reg_pp0_iter52     |   1|   0|    1|          0|
    |ap_enable_reg_pp0_iter53     |   1|   0|    1|          0|
    |ap_enable_reg_pp0_iter54     |   1|   0|    1|          0|
    |ap_enable_reg_pp0_iter55     |   1|   0|    1|          0|
    |ap_enable_reg_pp0_iter56     |   1|   0|    1|          0|
    |ap_enable_reg_pp0_iter57     |   1|   0|    1|          0|
    |ap_enable_reg_pp0_iter58     |   1|   0|    1|          0|
    |ap_enable_reg_pp0_iter59     |   1|   0|    1|          0|
    |ap_enable_reg_pp0_iter6      |   1|   0|    1|          0|
    |ap_enable_reg_pp0_iter60     |   1|   0|    1|          0|
    |ap_enable_reg_pp0_iter61     |   1|   0|    1|          0|
    |ap_enable_reg_pp0_iter62     |   1|   0|    1|          0|
    |ap_enable_reg_pp0_iter63     |   1|   0|    1|          0|
    |ap_enable_reg_pp0_iter64     |   1|   0|    1|          0|
    |ap_enable_reg_pp0_iter65     |   1|   0|    1|          0|
    |ap_enable_reg_pp0_iter66     |   1|   0|    1|          0|
    |ap_enable_reg_pp0_iter67     |   1|   0|    1|          0|
    |ap_enable_reg_pp0_iter68     |   1|   0|    1|          0|
    |ap_enable_reg_pp0_iter69     |   1|   0|    1|          0|
    |ap_enable_reg_pp0_iter7      |   1|   0|    1|          0|
    |ap_enable_reg_pp0_iter70     |   1|   0|    1|          0|
    |ap_enable_reg_pp0_iter71     |   1|   0|    1|          0|
    |ap_enable_reg_pp0_iter72     |   1|   0|    1|          0|
    |ap_enable_reg_pp0_iter73     |   1|   0|    1|          0|
    |ap_enable_reg_pp0_iter74     |   1|   0|    1|          0|
    |ap_enable_reg_pp0_iter75     |   1|   0|    1|          0|
    |ap_enable_reg_pp0_iter76     |   1|   0|    1|          0|
    |ap_enable_reg_pp0_iter8      |   1|   0|    1|          0|
    |ap_enable_reg_pp0_iter9      |   1|   0|    1|          0|
    |do_init_reg_120              |   1|   0|    1|          0|
    |i_reg_178                    |  32|   0|   32|          0|
    |icmp_ln90_reg_311            |   1|   0|    1|          0|
    |m_axi_out_1_phi_reg_192      |  64|   0|   64|          0|
    |num_pixels_load_phi_reg_218  |  32|   0|   32|          0|
    |out_addr_reg_315             |  32|   0|   32|          0|
    |icmp_ln90_reg_311            |   2|  10|    1|          0|
    +-----------------------------+----+----+-----+-----------+
    |Total                        | 307|  10|  306|          0|
    +-----------------------------+----+----+-----+-----------+



================================================================
== Interface
================================================================
* Summary: 
+----------------------------+-----+-----+------------+--------------+--------------+
|          RTL Ports         | Dir | Bits|  Protocol  | Source Object|    C Type    |
+----------------------------+-----+-----+------------+--------------+--------------+
|ap_clk                      |   in|    1|  ap_ctrl_hs|    store_gray|  return value|
|ap_rst                      |   in|    1|  ap_ctrl_hs|    store_gray|  return value|
|ap_start                    |   in|    1|  ap_ctrl_hs|    store_gray|  return value|
|ap_done                     |  out|    1|  ap_ctrl_hs|    store_gray|  return value|
|ap_continue                 |   in|    1|  ap_ctrl_hs|    store_gray|  return value|
|ap_idle                     |  out|    1|  ap_ctrl_hs|    store_gray|  return value|
|ap_ready                    |  out|    1|  ap_ctrl_hs|    store_gray|  return value|
|num_pixels_dout             |   in|   32|     ap_fifo|    num_pixels|       pointer|
|num_pixels_num_data_valid   |   in|    3|     ap_fifo|    num_pixels|       pointer|
|num_pixels_fifo_cap         |   in|    3|     ap_fifo|    num_pixels|       pointer|
|num_pixels_empty_n          |   in|    1|     ap_fifo|    num_pixels|       pointer|
|num_pixels_read             |  out|    1|     ap_fifo|    num_pixels|       pointer|
|addr_out_dout               |   in|   32|     ap_fifo|      addr_out|       pointer|
|addr_out_num_data_valid     |   in|    3|     ap_fifo|      addr_out|       pointer|
|addr_out_fifo_cap           |   in|    3|     ap_fifo|      addr_out|       pointer|
|addr_out_empty_n            |   in|    1|     ap_fifo|      addr_out|       pointer|
|addr_out_read               |  out|    1|     ap_fifo|      addr_out|       pointer|
|m_axi_out_dout              |   in|   64|     ap_fifo|     m_axi_out|       pointer|
|m_axi_out_num_data_valid    |   in|    3|     ap_fifo|     m_axi_out|       pointer|
|m_axi_out_fifo_cap          |   in|    3|     ap_fifo|     m_axi_out|       pointer|
|m_axi_out_empty_n           |   in|    1|     ap_fifo|     m_axi_out|       pointer|
|m_axi_out_read              |  out|    1|     ap_fifo|     m_axi_out|       pointer|
|m_axi_gmem_out_AWVALID      |  out|    1|       m_axi|      gmem_out|       pointer|
|m_axi_gmem_out_AWREADY      |   in|    1|       m_axi|      gmem_out|       pointer|
|m_axi_gmem_out_AWADDR       |  out|   64|       m_axi|      gmem_out|       pointer|
|m_axi_gmem_out_AWID         |  out|    1|       m_axi|      gmem_out|       pointer|
|m_axi_gmem_out_AWLEN        |  out|   32|       m_axi|      gmem_out|       pointer|
|m_axi_gmem_out_AWSIZE       |  out|    3|       m_axi|      gmem_out|       pointer|
|m_axi_gmem_out_AWBURST      |  out|    2|       m_axi|      gmem_out|       pointer|
|m_axi_gmem_out_AWLOCK       |  out|    2|       m_axi|      gmem_out|       pointer|
|m_axi_gmem_out_AWCACHE      |  out|    4|       m_axi|      gmem_out|       pointer|
|m_axi_gmem_out_AWPROT       |  out|    3|       m_axi|      gmem_out|       pointer|
|m_axi_gmem_out_AWQOS        |  out|    4|       m_axi|      gmem_out|       pointer|
|m_axi_gmem_out_AWREGION     |  out|    4|       m_axi|      gmem_out|       pointer|
|m_axi_gmem_out_AWUSER       |  out|    1|       m_axi|      gmem_out|       pointer|
|m_axi_gmem_out_WVALID       |  out|    1|       m_axi|      gmem_out|       pointer|
|m_axi_gmem_out_WREADY       |   in|    1|       m_axi|      gmem_out|       pointer|
|m_axi_gmem_out_WDATA        |  out|   32|       m_axi|      gmem_out|       pointer|
|m_axi_gmem_out_WSTRB        |  out|    4|       m_axi|      gmem_out|       pointer|
|m_axi_gmem_out_WLAST        |  out|    1|       m_axi|      gmem_out|       pointer|
|m_axi_gmem_out_WID          |  out|    1|       m_axi|      gmem_out|       pointer|
|m_axi_gmem_out_WUSER        |  out|    1|       m_axi|      gmem_out|       pointer|
|m_axi_gmem_out_ARVALID      |  out|    1|       m_axi|      gmem_out|       pointer|
|m_axi_gmem_out_ARREADY      |   in|    1|       m_axi|      gmem_out|       pointer|
|m_axi_gmem_out_ARADDR       |  out|   64|       m_axi|      gmem_out|       pointer|
|m_axi_gmem_out_ARID         |  out|    1|       m_axi|      gmem_out|       pointer|
|m_axi_gmem_out_ARLEN        |  out|   32|       m_axi|      gmem_out|       pointer|
|m_axi_gmem_out_ARSIZE       |  out|    3|       m_axi|      gmem_out|       pointer|
|m_axi_gmem_out_ARBURST      |  out|    2|       m_axi|      gmem_out|       pointer|
|m_axi_gmem_out_ARLOCK       |  out|    2|       m_axi|      gmem_out|       pointer|
|m_axi_gmem_out_ARCACHE      |  out|    4|       m_axi|      gmem_out|       pointer|
|m_axi_gmem_out_ARPROT       |  out|    3|       m_axi|      gmem_out|       pointer|
|m_axi_gmem_out_ARQOS        |  out|    4|       m_axi|      gmem_out|       pointer|
|m_axi_gmem_out_ARREGION     |  out|    4|       m_axi|      gmem_out|       pointer|
|m_axi_gmem_out_ARUSER       |  out|    1|       m_axi|      gmem_out|       pointer|
|m_axi_gmem_out_RVALID       |   in|    1|       m_axi|      gmem_out|       pointer|
|m_axi_gmem_out_RREADY       |  out|    1|       m_axi|      gmem_out|       pointer|
|m_axi_gmem_out_RDATA        |   in|   32|       m_axi|      gmem_out|       pointer|
|m_axi_gmem_out_RLAST        |   in|    1|       m_axi|      gmem_out|       pointer|
|m_axi_gmem_out_RID          |   in|    1|       m_axi|      gmem_out|       pointer|
|m_axi_gmem_out_RFIFONUM     |   in|    9|       m_axi|      gmem_out|       pointer|
|m_axi_gmem_out_RUSER        |   in|    1|       m_axi|      gmem_out|       pointer|
|m_axi_gmem_out_RRESP        |   in|    2|       m_axi|      gmem_out|       pointer|
|m_axi_gmem_out_BVALID       |   in|    1|       m_axi|      gmem_out|       pointer|
|m_axi_gmem_out_BREADY       |  out|    1|       m_axi|      gmem_out|       pointer|
|m_axi_gmem_out_BRESP        |   in|    2|       m_axi|      gmem_out|       pointer|
|m_axi_gmem_out_BID          |   in|    1|       m_axi|      gmem_out|       pointer|
|m_axi_gmem_out_BUSER        |   in|    1|       m_axi|      gmem_out|       pointer|
|stream_gray_dout            |   in|    8|     ap_fifo|   stream_gray|       pointer|
|stream_gray_num_data_valid  |   in|    5|     ap_fifo|   stream_gray|       pointer|
|stream_gray_fifo_cap        |   in|    5|     ap_fifo|   stream_gray|       pointer|
|stream_gray_empty_n         |   in|    1|     ap_fifo|   stream_gray|       pointer|
|stream_gray_read            |  out|    1|     ap_fifo|   stream_gray|       pointer|
+----------------------------+-----+-----+------------+--------------+--------------+

============================================================
+ Verbose Summary: Synthesis Manager
============================================================
InlineROM: 1
ExposeGlobal: 0
============================================================
+ Verbose Summary: CDFG Model
============================================================
IsTopModel: 0
ResetActiveHigh: 1
IsCombinational: 2
IsDatapathOnly: 0
HasWiredReturn: 1
HasMFsm: 2
HasVarLatency: 1
IsPipeline: 0
IsRtlPipelined: 0
IsInstanceOverlapped: 0
IsDontTouch: 0
HasImplIP: 0
IsGatedGlobalClock: 0

+ Individual pipeline summary: 
  * Pipeline-0: initiation interval (II) = 1, depth = 77


============================================================
+ Verbose Summary: Schedule
============================================================
* Number of FSM states : 78
* Pipeline : 1
  Pipeline-0 : II = 1, D = 77, States = { 2 3 4 5 6 7 8 9 10 11 12 13 14 15 16 17 18 19 20 21 22 23 24 25 26 27 28 29 30 31 32 33 34 35 36 37 38 39 40 41 42 43 44 45 46 47 48 49 50 51 52 53 54 55 56 57 58 59 60 61 62 63 64 65 66 67 68 69 70 71 72 73 74 75 76 77 78 }
* Dataflow Pipeline: 0

* FSM state transitions: 
1 --> 2 
2 --> 3 
3 --> 4 
4 --> 5 
5 --> 6 
6 --> 7 
7 --> 8 
8 --> 9 
9 --> 10 
10 --> 11 
11 --> 12 
12 --> 13 
13 --> 14 
14 --> 15 
15 --> 16 
16 --> 17 
17 --> 18 
18 --> 19 
19 --> 20 
20 --> 21 
21 --> 22 
22 --> 23 
23 --> 24 
24 --> 25 
25 --> 26 
26 --> 27 
27 --> 28 
28 --> 29 
29 --> 30 
30 --> 31 
31 --> 32 
32 --> 33 
33 --> 34 
34 --> 35 
35 --> 36 
36 --> 37 
37 --> 38 
38 --> 39 
39 --> 40 
40 --> 41 
41 --> 42 
42 --> 43 
43 --> 44 
44 --> 45 
45 --> 46 
46 --> 47 
47 --> 48 
48 --> 49 
49 --> 50 
50 --> 51 
51 --> 52 
52 --> 53 
53 --> 54 
54 --> 55 
55 --> 56 
56 --> 57 
57 --> 58 
58 --> 59 
59 --> 60 
60 --> 61 
61 --> 62 
62 --> 63 
63 --> 64 
64 --> 65 
65 --> 66 
66 --> 67 
67 --> 68 
68 --> 69 
69 --> 70 
70 --> 71 
71 --> 72 
72 --> 73 
73 --> 74 
74 --> 75 
75 --> 76 
76 --> 77 
77 --> 78 
78 --> 2 

* FSM state operations: 

State 1 <SV = 0> <Delay = 0.40>
ST_1 : Operation 79 [1/1] (0.00ns)   --->   "%specinterface_ln0 = specinterface void @_ssdm_op_SpecInterface, i32 %num_pixels, void @ap_fifo_str, i32 0, i32 0, void @p_str, i32 0, i32 0, void @p_str, void @p_str, void @p_str, i32 2, i32 2, i32 16, i32 16, void @p_str, void @ScalarProp_str, i32 4294967295, i32 0, i32 0"   --->   Operation 79 'specinterface' 'specinterface_ln0' <Predicate = true> <Delay = 0.00>
ST_1 : Operation 80 [1/1] (0.00ns)   --->   "%specinterface_ln0 = specinterface void @_ssdm_op_SpecInterface, i32 %addr_out, void @ap_fifo_str, i32 0, i32 0, void @p_str, i32 0, i32 0, void @p_str, void @p_str, void @p_str, i32 2, i32 2, i32 16, i32 16, void @p_str, void @ScalarProp_str, i32 4294967295, i32 0, i32 0"   --->   Operation 80 'specinterface' 'specinterface_ln0' <Predicate = true> <Delay = 0.00>
ST_1 : Operation 81 [1/1] (0.00ns)   --->   "%specinterface_ln0 = specinterface void @_ssdm_op_SpecInterface, i64 %m_axi_out, void @ap_fifo_str, i32 0, i32 0, void @p_str, i32 0, i32 0, void @p_str, void @p_str, void @p_str, i32 2, i32 2, i32 16, i32 16, void @p_str, void @ScalarProp_str, i32 4294967295, i32 0, i32 0"   --->   Operation 81 'specinterface' 'specinterface_ln0' <Predicate = true> <Delay = 0.00>
ST_1 : Operation 82 [1/1] (0.00ns)   --->   "%specinterface_ln0 = specinterface void @_ssdm_op_SpecInterface, i8 %stream_gray, void @empty_14, i32 0, i32 0, void @empty_0, i32 0, i32 0, void @empty_0, void @empty_0, void @empty_0, i32 0, i32 0, i32 0, i32 0, void @empty_0, void @empty_0, i32 4294967295, i32 0, i32 0"   --->   Operation 82 'specinterface' 'specinterface_ln0' <Predicate = true> <Delay = 0.00>
ST_1 : Operation 83 [1/1] (0.00ns)   --->   "%specinterface_ln0 = specinterface void @_ssdm_op_SpecInterface, i32 %gmem_out, void @empty, i32 0, i32 0, void @empty_0, i32 64, i32 512, void @empty_3, void @empty_2, void @empty_0, i32 16, i32 16, i32 16, i32 16, void @empty_0, void @empty_0, i32 4294967295, i32 0, i32 0"   --->   Operation 83 'specinterface' 'specinterface_ln0' <Predicate = true> <Delay = 0.00>
ST_1 : Operation 84 [1/1] (0.40ns)   --->   "%br_ln90 = br void %rewind_header" [../rgb2gray_kernel.cpp:90]   --->   Operation 84 'br' 'br_ln90' <Predicate = true> <Delay = 0.40>

State 2 <SV = 1> <Delay = 2.12>
ST_2 : Operation 85 [1/1] (0.00ns)   --->   "%do_init = phi i1 1, void %entry, i1 0, void %for.inc, i1 1, void %for.end"   --->   Operation 85 'phi' 'do_init' <Predicate = true> <Delay = 0.00>
ST_2 : Operation 86 [1/1] (0.00ns)   --->   "%m_axi_out_1_rewind = phi i64 0, void %entry, i64 %m_axi_out_1_phi, void %for.inc, i64 0, void %for.end"   --->   Operation 86 'phi' 'm_axi_out_1_rewind' <Predicate = true> <Delay = 0.00>
ST_2 : Operation 87 [1/1] (0.00ns)   --->   "%addr_out_load_rewind = phi i32 0, void %entry, i32 %addr_out_load_phi, void %for.inc, i32 0, void %for.end"   --->   Operation 87 'phi' 'addr_out_load_rewind' <Predicate = true> <Delay = 0.00>
ST_2 : Operation 88 [1/1] (0.00ns)   --->   "%num_pixels_load_rewind = phi i32 0, void %entry, i32 %num_pixels_load_phi, void %for.inc, i32 0, void %for.end"   --->   Operation 88 'phi' 'num_pixels_load_rewind' <Predicate = true> <Delay = 0.00>
ST_2 : Operation 89 [1/1] (0.00ns)   --->   "%i = phi i32 %add_ln90, void %for.inc, i32 0, void %entry, i32 0, void %for.end" [../rgb2gray_kernel.cpp:94]   --->   Operation 89 'phi' 'i' <Predicate = true> <Delay = 0.00>
ST_2 : Operation 90 [1/1] (0.45ns)   --->   "%br_ln0 = br i1 %do_init, void %for.cond, void %rewind_init"   --->   Operation 90 'br' 'br_ln0' <Predicate = true> <Delay = 0.45>
ST_2 : Operation 91 [1/1] (0.00ns)   --->   "%muxLogicCE_to_num_pixels_read = muxlogic"   --->   Operation 91 'muxlogic' 'muxLogicCE_to_num_pixels_read' <Predicate = (do_init)> <Delay = 0.00>
ST_2 : Operation 92 [1/1] (0.57ns)   --->   "%num_pixels_read = read i32 @_ssdm_op_Read.ap_fifo.i32P0A, i32 %num_pixels"   --->   Operation 92 'read' 'num_pixels_read' <Predicate = (do_init)> <Delay = 0.57> <CoreInst = "FIFO_SRL">   --->   Core 84 'FIFO_SRL' <Latency = 0> <II = 1> <Delay = 0.71> <Storage> <Opcode : 'read' 'write' 'nbread' 'nbwrite'> <Ports = 0> <Width = 32> <Depth = 2> <FIFO>
ST_2 : Operation 93 [1/1] (0.00ns)   --->   "%muxLogicCE_to_addr_out_read = muxlogic"   --->   Operation 93 'muxlogic' 'muxLogicCE_to_addr_out_read' <Predicate = (do_init)> <Delay = 0.00>
ST_2 : Operation 94 [1/1] (0.80ns)   --->   "%addr_out_read = read i32 @_ssdm_op_Read.ap_fifo.i32P0A, i32 %addr_out"   --->   Operation 94 'read' 'addr_out_read' <Predicate = (do_init)> <Delay = 0.80> <CoreInst = "FIFO_SRL">   --->   Core 84 'FIFO_SRL' <Latency = 0> <II = 1> <Delay = 0.81> <Storage> <Opcode : 'read' 'write' 'nbread' 'nbwrite'> <Ports = 0> <Width = 32> <Depth = 4> <FIFO>
ST_2 : Operation 95 [1/1] (0.00ns)   --->   "%muxLogicCE_to_m_axi_out_1 = muxlogic"   --->   Operation 95 'muxlogic' 'muxLogicCE_to_m_axi_out_1' <Predicate = (do_init)> <Delay = 0.00>
ST_2 : Operation 96 [1/1] (0.79ns)   --->   "%m_axi_out_1 = read i64 @_ssdm_op_Read.ap_fifo.i64P0A, i64 %m_axi_out"   --->   Operation 96 'read' 'm_axi_out_1' <Predicate = (do_init)> <Delay = 0.79> <CoreInst = "FIFO_SRL">   --->   Core 84 'FIFO_SRL' <Latency = 0> <II = 1> <Delay = 0.76> <Storage> <Opcode : 'read' 'write' 'nbread' 'nbwrite'> <Ports = 0> <Width = 64> <Depth = 4> <FIFO>
ST_2 : Operation 97 [1/1] (0.45ns)   --->   "%br_ln90 = br void %for.cond" [../rgb2gray_kernel.cpp:90]   --->   Operation 97 'br' 'br_ln90' <Predicate = (do_init)> <Delay = 0.45>
ST_2 : Operation 98 [1/1] (0.00ns)   --->   "%m_axi_out_1_phi = phi i64 %m_axi_out_1, void %rewind_init, i64 %m_axi_out_1_rewind, void %rewind_header"   --->   Operation 98 'phi' 'm_axi_out_1_phi' <Predicate = true> <Delay = 0.00>
ST_2 : Operation 99 [1/1] (0.00ns)   --->   "%addr_out_load_phi = phi i32 %addr_out_read, void %rewind_init, i32 %addr_out_load_rewind, void %rewind_header"   --->   Operation 99 'phi' 'addr_out_load_phi' <Predicate = true> <Delay = 0.00>
ST_2 : Operation 100 [1/1] (0.00ns)   --->   "%num_pixels_load_phi = phi i32 %num_pixels_read, void %rewind_init, i32 %num_pixels_load_rewind, void %rewind_header"   --->   Operation 100 'phi' 'num_pixels_load_phi' <Predicate = true> <Delay = 0.00>
ST_2 : Operation 101 [1/1] (0.86ns)   --->   "%add_ln90 = add i32 %i, i32 1" [../rgb2gray_kernel.cpp:90]   --->   Operation 101 'add' 'add_ln90' <Predicate = true> <Delay = 0.86> <CoreInst = "Adder">   --->   Core 1 'Adder' <Latency = 0> <II = 1> <Delay = 0.86> <FuncUnit> <Opcode : 'add' 'sub'> <InPorts = 2> <OutPorts = 1>
ST_2 : Operation 102 [1/1] (0.71ns)   --->   "%icmp_ln90 = icmp_eq  i32 %i, i32 %num_pixels_load_phi" [../rgb2gray_kernel.cpp:90]   --->   Operation 102 'icmp' 'icmp_ln90' <Predicate = true> <Delay = 0.71> <CoreInst = "ICmp_EQ">   --->   Core 156 'ICmp_EQ' <Latency = 0> <II = 1> <Delay = 0.71> <FuncUnit> <Opcode : 'seteq' 'setne'> <InPorts = 2> <OutPorts = 1>
ST_2 : Operation 103 [1/1] (0.00ns)   --->   "%br_ln90 = br i1 %icmp_ln90, void %for.inc, void %for.end" [../rgb2gray_kernel.cpp:90]   --->   Operation 103 'br' 'br_ln90' <Predicate = true> <Delay = 0.00>
ST_2 : Operation 104 [1/1] (0.86ns)   --->   "%out_addr = add i32 %addr_out_load_phi, i32 %i" [../rgb2gray_kernel.cpp:94]   --->   Operation 104 'add' 'out_addr' <Predicate = (!icmp_ln90)> <Delay = 0.86> <CoreInst = "Adder">   --->   Core 1 'Adder' <Latency = 0> <II = 1> <Delay = 0.86> <FuncUnit> <Opcode : 'add' 'sub'> <InPorts = 2> <OutPorts = 1>
ST_2 : Operation 105 [1/1] (0.00ns)   --->   "%br_ln90 = br void %rewind_header" [../rgb2gray_kernel.cpp:90]   --->   Operation 105 'br' 'br_ln90' <Predicate = (!icmp_ln90)> <Delay = 0.00>
ST_2 : Operation 106 [1/1] (0.00ns)   --->   "%br_ln97 = br void %rewind_header" [../rgb2gray_kernel.cpp:97]   --->   Operation 106 'br' 'br_ln97' <Predicate = (icmp_ln90)> <Delay = 0.00>

State 3 <SV = 2> <Delay = 2.31>
ST_3 : Operation 107 [1/1] (0.00ns)   --->   "%shl_ln = bitconcatenate i34 @_ssdm_op_BitConcatenate.i34.i32.i2, i32 %out_addr, i2 0" [../rgb2gray_kernel.cpp:95]   --->   Operation 107 'bitconcatenate' 'shl_ln' <Predicate = (!icmp_ln90)> <Delay = 0.00>
ST_3 : Operation 108 [1/1] (0.00ns)   --->   "%zext_ln95_1 = zext i34 %shl_ln" [../rgb2gray_kernel.cpp:95]   --->   Operation 108 'zext' 'zext_ln95_1' <Predicate = (!icmp_ln90)> <Delay = 0.00>
ST_3 : Operation 109 [1/1] (1.01ns)   --->   "%add_ln95 = add i64 %m_axi_out_1_phi, i64 %zext_ln95_1" [../rgb2gray_kernel.cpp:95]   --->   Operation 109 'add' 'add_ln95' <Predicate = (!icmp_ln90)> <Delay = 1.01> <CoreInst = "Adder">   --->   Core 1 'Adder' <Latency = 0> <II = 1> <Delay = 1.01> <FuncUnit> <Opcode : 'add' 'sub'> <InPorts = 2> <OutPorts = 1>
ST_3 : Operation 110 [1/1] (0.00ns)   --->   "%trunc_ln = partselect i62 @_ssdm_op_PartSelect.i62.i64.i32.i32, i64 %add_ln95, i32 2, i32 63" [../rgb2gray_kernel.cpp:95]   --->   Operation 110 'partselect' 'trunc_ln' <Predicate = (!icmp_ln90)> <Delay = 0.00>
ST_3 : Operation 111 [1/1] (0.00ns)   --->   "%sext_ln95 = sext i62 %trunc_ln" [../rgb2gray_kernel.cpp:95]   --->   Operation 111 'sext' 'sext_ln95' <Predicate = (!icmp_ln90)> <Delay = 0.00>
ST_3 : Operation 112 [1/1] (0.00ns)   --->   "%gmem_out_addr = getelementptr i32 %gmem_out, i64 %sext_ln95" [../rgb2gray_kernel.cpp:95]   --->   Operation 112 'getelementptr' 'gmem_out_addr' <Predicate = (!icmp_ln90)> <Delay = 0.00>
ST_3 : Operation 113 [1/1] (1.29ns)   --->   "%gmem_out_addr_req = writereq i1 @_ssdm_op_WriteReq.m_axi.i32P1A, i64 %gmem_out_addr, i64 1" [../rgb2gray_kernel.cpp:95]   --->   Operation 113 'writereq' 'gmem_out_addr_req' <Predicate = (!icmp_ln90)> <Delay = 1.29> <CoreInst = "m_axi">   --->   Core 123 'm_axi' <Latency = 9> <II = 1> <Delay = 1.34> <Adapter> <Opcode : 'read' 'write' 'readreq' 'writereq' 'writeresp'>

State 4 <SV = 3> <Delay = 2.05>
ST_4 : Operation 114 [1/1] (0.00ns)   --->   "%muxLogicCE_to_gray = muxlogic"   --->   Operation 114 'muxlogic' 'muxLogicCE_to_gray' <Predicate = (!icmp_ln90)> <Delay = 0.00>
ST_4 : Operation 115 [1/1] (0.76ns)   --->   "%gray = read i8 @_ssdm_op_Read.ap_fifo.volatile.i8P0A, i8 %stream_gray" [../rgb2gray_kernel.cpp:93]   --->   Operation 115 'read' 'gray' <Predicate = (!icmp_ln90)> <Delay = 0.76> <CoreInst = "FIFO_SRL">   --->   Core 84 'FIFO_SRL' <Latency = 0> <II = 1> <Delay = 0.76> <Storage> <Opcode : 'read' 'write' 'nbread' 'nbwrite'> <Ports = 0> <Width = 8> <Depth = 16> <FIFO>
ST_4 : Operation 116 [1/1] (0.00ns)   --->   "%zext_ln95 = zext i8 %gray" [../rgb2gray_kernel.cpp:95]   --->   Operation 116 'zext' 'zext_ln95' <Predicate = (!icmp_ln90)> <Delay = 0.00>
ST_4 : Operation 117 [1/1] (0.00ns)   --->   "%muxLogicData_to_write_ln95 = muxlogic i32 %zext_ln95"   --->   Operation 117 'muxlogic' 'muxLogicData_to_write_ln95' <Predicate = (!icmp_ln90)> <Delay = 0.00>
ST_4 : Operation 118 [1/1] (1.29ns)   --->   "%write_ln95 = write void @_ssdm_op_Write.m_axi.volatile.i32P1A, i64 %gmem_out_addr, i32 %zext_ln95, i4 15" [../rgb2gray_kernel.cpp:95]   --->   Operation 118 'write' 'write_ln95' <Predicate = (!icmp_ln90)> <Delay = 1.29> <CoreInst = "m_axi">   --->   Core 123 'm_axi' <Latency = 9> <II = 1> <Delay = 1.34> <Adapter> <Opcode : 'read' 'write' 'readreq' 'writereq' 'writeresp'>

State 5 <SV = 4> <Delay = 0.81>
ST_5 : Operation 119 [74/74] (0.81ns)   --->   "%gmem_out_addr_resp = writeresp i1 @_ssdm_op_WriteResp.m_axi.i32P1A, i64 %gmem_out_addr" [../rgb2gray_kernel.cpp:95]   --->   Operation 119 'writeresp' 'gmem_out_addr_resp' <Predicate = (!icmp_ln90)> <Delay = 0.81> <CoreInst = "m_axi">   --->   Core 123 'm_axi' <Latency = 9> <II = 1> <Delay = 1.34> <Adapter> <Opcode : 'read' 'write' 'readreq' 'writereq' 'writeresp'>

State 6 <SV = 5> <Delay = 2.92>
ST_6 : Operation 120 [73/74] (2.92ns)   --->   "%gmem_out_addr_resp = writeresp i1 @_ssdm_op_WriteResp.m_axi.i32P1A, i64 %gmem_out_addr" [../rgb2gray_kernel.cpp:95]   --->   Operation 120 'writeresp' 'gmem_out_addr_resp' <Predicate = (!icmp_ln90)> <Delay = 2.92> <CoreInst = "m_axi">   --->   Core 123 'm_axi' <Latency = 9> <II = 1> <Delay = 1.34> <Adapter> <Opcode : 'read' 'write' 'readreq' 'writereq' 'writeresp'>

State 7 <SV = 6> <Delay = 2.92>
ST_7 : Operation 121 [72/74] (2.92ns)   --->   "%gmem_out_addr_resp = writeresp i1 @_ssdm_op_WriteResp.m_axi.i32P1A, i64 %gmem_out_addr" [../rgb2gray_kernel.cpp:95]   --->   Operation 121 'writeresp' 'gmem_out_addr_resp' <Predicate = (!icmp_ln90)> <Delay = 2.92> <CoreInst = "m_axi">   --->   Core 123 'm_axi' <Latency = 9> <II = 1> <Delay = 1.34> <Adapter> <Opcode : 'read' 'write' 'readreq' 'writereq' 'writeresp'>

State 8 <SV = 7> <Delay = 2.92>
ST_8 : Operation 122 [71/74] (2.92ns)   --->   "%gmem_out_addr_resp = writeresp i1 @_ssdm_op_WriteResp.m_axi.i32P1A, i64 %gmem_out_addr" [../rgb2gray_kernel.cpp:95]   --->   Operation 122 'writeresp' 'gmem_out_addr_resp' <Predicate = (!icmp_ln90)> <Delay = 2.92> <CoreInst = "m_axi">   --->   Core 123 'm_axi' <Latency = 9> <II = 1> <Delay = 1.34> <Adapter> <Opcode : 'read' 'write' 'readreq' 'writereq' 'writeresp'>

State 9 <SV = 8> <Delay = 2.92>
ST_9 : Operation 123 [70/74] (2.92ns)   --->   "%gmem_out_addr_resp = writeresp i1 @_ssdm_op_WriteResp.m_axi.i32P1A, i64 %gmem_out_addr" [../rgb2gray_kernel.cpp:95]   --->   Operation 123 'writeresp' 'gmem_out_addr_resp' <Predicate = (!icmp_ln90)> <Delay = 2.92> <CoreInst = "m_axi">   --->   Core 123 'm_axi' <Latency = 9> <II = 1> <Delay = 1.34> <Adapter> <Opcode : 'read' 'write' 'readreq' 'writereq' 'writeresp'>

State 10 <SV = 9> <Delay = 2.92>
ST_10 : Operation 124 [69/74] (2.92ns)   --->   "%gmem_out_addr_resp = writeresp i1 @_ssdm_op_WriteResp.m_axi.i32P1A, i64 %gmem_out_addr" [../rgb2gray_kernel.cpp:95]   --->   Operation 124 'writeresp' 'gmem_out_addr_resp' <Predicate = (!icmp_ln90)> <Delay = 2.92> <CoreInst = "m_axi">   --->   Core 123 'm_axi' <Latency = 9> <II = 1> <Delay = 1.34> <Adapter> <Opcode : 'read' 'write' 'readreq' 'writereq' 'writeresp'>

State 11 <SV = 10> <Delay = 2.92>
ST_11 : Operation 125 [68/74] (2.92ns)   --->   "%gmem_out_addr_resp = writeresp i1 @_ssdm_op_WriteResp.m_axi.i32P1A, i64 %gmem_out_addr" [../rgb2gray_kernel.cpp:95]   --->   Operation 125 'writeresp' 'gmem_out_addr_resp' <Predicate = (!icmp_ln90)> <Delay = 2.92> <CoreInst = "m_axi">   --->   Core 123 'm_axi' <Latency = 9> <II = 1> <Delay = 1.34> <Adapter> <Opcode : 'read' 'write' 'readreq' 'writereq' 'writeresp'>

State 12 <SV = 11> <Delay = 2.92>
ST_12 : Operation 126 [67/74] (2.92ns)   --->   "%gmem_out_addr_resp = writeresp i1 @_ssdm_op_WriteResp.m_axi.i32P1A, i64 %gmem_out_addr" [../rgb2gray_kernel.cpp:95]   --->   Operation 126 'writeresp' 'gmem_out_addr_resp' <Predicate = (!icmp_ln90)> <Delay = 2.92> <CoreInst = "m_axi">   --->   Core 123 'm_axi' <Latency = 9> <II = 1> <Delay = 1.34> <Adapter> <Opcode : 'read' 'write' 'readreq' 'writereq' 'writeresp'>

State 13 <SV = 12> <Delay = 2.92>
ST_13 : Operation 127 [66/74] (2.92ns)   --->   "%gmem_out_addr_resp = writeresp i1 @_ssdm_op_WriteResp.m_axi.i32P1A, i64 %gmem_out_addr" [../rgb2gray_kernel.cpp:95]   --->   Operation 127 'writeresp' 'gmem_out_addr_resp' <Predicate = (!icmp_ln90)> <Delay = 2.92> <CoreInst = "m_axi">   --->   Core 123 'm_axi' <Latency = 9> <II = 1> <Delay = 1.34> <Adapter> <Opcode : 'read' 'write' 'readreq' 'writereq' 'writeresp'>

State 14 <SV = 13> <Delay = 2.92>
ST_14 : Operation 128 [65/74] (2.92ns)   --->   "%gmem_out_addr_resp = writeresp i1 @_ssdm_op_WriteResp.m_axi.i32P1A, i64 %gmem_out_addr" [../rgb2gray_kernel.cpp:95]   --->   Operation 128 'writeresp' 'gmem_out_addr_resp' <Predicate = (!icmp_ln90)> <Delay = 2.92> <CoreInst = "m_axi">   --->   Core 123 'm_axi' <Latency = 9> <II = 1> <Delay = 1.34> <Adapter> <Opcode : 'read' 'write' 'readreq' 'writereq' 'writeresp'>

State 15 <SV = 14> <Delay = 2.92>
ST_15 : Operation 129 [64/74] (2.92ns)   --->   "%gmem_out_addr_resp = writeresp i1 @_ssdm_op_WriteResp.m_axi.i32P1A, i64 %gmem_out_addr" [../rgb2gray_kernel.cpp:95]   --->   Operation 129 'writeresp' 'gmem_out_addr_resp' <Predicate = (!icmp_ln90)> <Delay = 2.92> <CoreInst = "m_axi">   --->   Core 123 'm_axi' <Latency = 9> <II = 1> <Delay = 1.34> <Adapter> <Opcode : 'read' 'write' 'readreq' 'writereq' 'writeresp'>

State 16 <SV = 15> <Delay = 2.92>
ST_16 : Operation 130 [63/74] (2.92ns)   --->   "%gmem_out_addr_resp = writeresp i1 @_ssdm_op_WriteResp.m_axi.i32P1A, i64 %gmem_out_addr" [../rgb2gray_kernel.cpp:95]   --->   Operation 130 'writeresp' 'gmem_out_addr_resp' <Predicate = (!icmp_ln90)> <Delay = 2.92> <CoreInst = "m_axi">   --->   Core 123 'm_axi' <Latency = 9> <II = 1> <Delay = 1.34> <Adapter> <Opcode : 'read' 'write' 'readreq' 'writereq' 'writeresp'>

State 17 <SV = 16> <Delay = 2.92>
ST_17 : Operation 131 [62/74] (2.92ns)   --->   "%gmem_out_addr_resp = writeresp i1 @_ssdm_op_WriteResp.m_axi.i32P1A, i64 %gmem_out_addr" [../rgb2gray_kernel.cpp:95]   --->   Operation 131 'writeresp' 'gmem_out_addr_resp' <Predicate = (!icmp_ln90)> <Delay = 2.92> <CoreInst = "m_axi">   --->   Core 123 'm_axi' <Latency = 9> <II = 1> <Delay = 1.34> <Adapter> <Opcode : 'read' 'write' 'readreq' 'writereq' 'writeresp'>

State 18 <SV = 17> <Delay = 2.92>
ST_18 : Operation 132 [61/74] (2.92ns)   --->   "%gmem_out_addr_resp = writeresp i1 @_ssdm_op_WriteResp.m_axi.i32P1A, i64 %gmem_out_addr" [../rgb2gray_kernel.cpp:95]   --->   Operation 132 'writeresp' 'gmem_out_addr_resp' <Predicate = (!icmp_ln90)> <Delay = 2.92> <CoreInst = "m_axi">   --->   Core 123 'm_axi' <Latency = 9> <II = 1> <Delay = 1.34> <Adapter> <Opcode : 'read' 'write' 'readreq' 'writereq' 'writeresp'>

State 19 <SV = 18> <Delay = 2.92>
ST_19 : Operation 133 [60/74] (2.92ns)   --->   "%gmem_out_addr_resp = writeresp i1 @_ssdm_op_WriteResp.m_axi.i32P1A, i64 %gmem_out_addr" [../rgb2gray_kernel.cpp:95]   --->   Operation 133 'writeresp' 'gmem_out_addr_resp' <Predicate = (!icmp_ln90)> <Delay = 2.92> <CoreInst = "m_axi">   --->   Core 123 'm_axi' <Latency = 9> <II = 1> <Delay = 1.34> <Adapter> <Opcode : 'read' 'write' 'readreq' 'writereq' 'writeresp'>

State 20 <SV = 19> <Delay = 2.92>
ST_20 : Operation 134 [59/74] (2.92ns)   --->   "%gmem_out_addr_resp = writeresp i1 @_ssdm_op_WriteResp.m_axi.i32P1A, i64 %gmem_out_addr" [../rgb2gray_kernel.cpp:95]   --->   Operation 134 'writeresp' 'gmem_out_addr_resp' <Predicate = (!icmp_ln90)> <Delay = 2.92> <CoreInst = "m_axi">   --->   Core 123 'm_axi' <Latency = 9> <II = 1> <Delay = 1.34> <Adapter> <Opcode : 'read' 'write' 'readreq' 'writereq' 'writeresp'>

State 21 <SV = 20> <Delay = 2.92>
ST_21 : Operation 135 [58/74] (2.92ns)   --->   "%gmem_out_addr_resp = writeresp i1 @_ssdm_op_WriteResp.m_axi.i32P1A, i64 %gmem_out_addr" [../rgb2gray_kernel.cpp:95]   --->   Operation 135 'writeresp' 'gmem_out_addr_resp' <Predicate = (!icmp_ln90)> <Delay = 2.92> <CoreInst = "m_axi">   --->   Core 123 'm_axi' <Latency = 9> <II = 1> <Delay = 1.34> <Adapter> <Opcode : 'read' 'write' 'readreq' 'writereq' 'writeresp'>

State 22 <SV = 21> <Delay = 2.92>
ST_22 : Operation 136 [57/74] (2.92ns)   --->   "%gmem_out_addr_resp = writeresp i1 @_ssdm_op_WriteResp.m_axi.i32P1A, i64 %gmem_out_addr" [../rgb2gray_kernel.cpp:95]   --->   Operation 136 'writeresp' 'gmem_out_addr_resp' <Predicate = (!icmp_ln90)> <Delay = 2.92> <CoreInst = "m_axi">   --->   Core 123 'm_axi' <Latency = 9> <II = 1> <Delay = 1.34> <Adapter> <Opcode : 'read' 'write' 'readreq' 'writereq' 'writeresp'>

State 23 <SV = 22> <Delay = 2.92>
ST_23 : Operation 137 [56/74] (2.92ns)   --->   "%gmem_out_addr_resp = writeresp i1 @_ssdm_op_WriteResp.m_axi.i32P1A, i64 %gmem_out_addr" [../rgb2gray_kernel.cpp:95]   --->   Operation 137 'writeresp' 'gmem_out_addr_resp' <Predicate = (!icmp_ln90)> <Delay = 2.92> <CoreInst = "m_axi">   --->   Core 123 'm_axi' <Latency = 9> <II = 1> <Delay = 1.34> <Adapter> <Opcode : 'read' 'write' 'readreq' 'writereq' 'writeresp'>

State 24 <SV = 23> <Delay = 2.92>
ST_24 : Operation 138 [55/74] (2.92ns)   --->   "%gmem_out_addr_resp = writeresp i1 @_ssdm_op_WriteResp.m_axi.i32P1A, i64 %gmem_out_addr" [../rgb2gray_kernel.cpp:95]   --->   Operation 138 'writeresp' 'gmem_out_addr_resp' <Predicate = (!icmp_ln90)> <Delay = 2.92> <CoreInst = "m_axi">   --->   Core 123 'm_axi' <Latency = 9> <II = 1> <Delay = 1.34> <Adapter> <Opcode : 'read' 'write' 'readreq' 'writereq' 'writeresp'>

State 25 <SV = 24> <Delay = 2.92>
ST_25 : Operation 139 [54/74] (2.92ns)   --->   "%gmem_out_addr_resp = writeresp i1 @_ssdm_op_WriteResp.m_axi.i32P1A, i64 %gmem_out_addr" [../rgb2gray_kernel.cpp:95]   --->   Operation 139 'writeresp' 'gmem_out_addr_resp' <Predicate = (!icmp_ln90)> <Delay = 2.92> <CoreInst = "m_axi">   --->   Core 123 'm_axi' <Latency = 9> <II = 1> <Delay = 1.34> <Adapter> <Opcode : 'read' 'write' 'readreq' 'writereq' 'writeresp'>

State 26 <SV = 25> <Delay = 2.92>
ST_26 : Operation 140 [53/74] (2.92ns)   --->   "%gmem_out_addr_resp = writeresp i1 @_ssdm_op_WriteResp.m_axi.i32P1A, i64 %gmem_out_addr" [../rgb2gray_kernel.cpp:95]   --->   Operation 140 'writeresp' 'gmem_out_addr_resp' <Predicate = (!icmp_ln90)> <Delay = 2.92> <CoreInst = "m_axi">   --->   Core 123 'm_axi' <Latency = 9> <II = 1> <Delay = 1.34> <Adapter> <Opcode : 'read' 'write' 'readreq' 'writereq' 'writeresp'>

State 27 <SV = 26> <Delay = 2.92>
ST_27 : Operation 141 [52/74] (2.92ns)   --->   "%gmem_out_addr_resp = writeresp i1 @_ssdm_op_WriteResp.m_axi.i32P1A, i64 %gmem_out_addr" [../rgb2gray_kernel.cpp:95]   --->   Operation 141 'writeresp' 'gmem_out_addr_resp' <Predicate = (!icmp_ln90)> <Delay = 2.92> <CoreInst = "m_axi">   --->   Core 123 'm_axi' <Latency = 9> <II = 1> <Delay = 1.34> <Adapter> <Opcode : 'read' 'write' 'readreq' 'writereq' 'writeresp'>

State 28 <SV = 27> <Delay = 2.92>
ST_28 : Operation 142 [51/74] (2.92ns)   --->   "%gmem_out_addr_resp = writeresp i1 @_ssdm_op_WriteResp.m_axi.i32P1A, i64 %gmem_out_addr" [../rgb2gray_kernel.cpp:95]   --->   Operation 142 'writeresp' 'gmem_out_addr_resp' <Predicate = (!icmp_ln90)> <Delay = 2.92> <CoreInst = "m_axi">   --->   Core 123 'm_axi' <Latency = 9> <II = 1> <Delay = 1.34> <Adapter> <Opcode : 'read' 'write' 'readreq' 'writereq' 'writeresp'>

State 29 <SV = 28> <Delay = 2.92>
ST_29 : Operation 143 [50/74] (2.92ns)   --->   "%gmem_out_addr_resp = writeresp i1 @_ssdm_op_WriteResp.m_axi.i32P1A, i64 %gmem_out_addr" [../rgb2gray_kernel.cpp:95]   --->   Operation 143 'writeresp' 'gmem_out_addr_resp' <Predicate = (!icmp_ln90)> <Delay = 2.92> <CoreInst = "m_axi">   --->   Core 123 'm_axi' <Latency = 9> <II = 1> <Delay = 1.34> <Adapter> <Opcode : 'read' 'write' 'readreq' 'writereq' 'writeresp'>

State 30 <SV = 29> <Delay = 2.92>
ST_30 : Operation 144 [49/74] (2.92ns)   --->   "%gmem_out_addr_resp = writeresp i1 @_ssdm_op_WriteResp.m_axi.i32P1A, i64 %gmem_out_addr" [../rgb2gray_kernel.cpp:95]   --->   Operation 144 'writeresp' 'gmem_out_addr_resp' <Predicate = (!icmp_ln90)> <Delay = 2.92> <CoreInst = "m_axi">   --->   Core 123 'm_axi' <Latency = 9> <II = 1> <Delay = 1.34> <Adapter> <Opcode : 'read' 'write' 'readreq' 'writereq' 'writeresp'>

State 31 <SV = 30> <Delay = 2.92>
ST_31 : Operation 145 [48/74] (2.92ns)   --->   "%gmem_out_addr_resp = writeresp i1 @_ssdm_op_WriteResp.m_axi.i32P1A, i64 %gmem_out_addr" [../rgb2gray_kernel.cpp:95]   --->   Operation 145 'writeresp' 'gmem_out_addr_resp' <Predicate = (!icmp_ln90)> <Delay = 2.92> <CoreInst = "m_axi">   --->   Core 123 'm_axi' <Latency = 9> <II = 1> <Delay = 1.34> <Adapter> <Opcode : 'read' 'write' 'readreq' 'writereq' 'writeresp'>

State 32 <SV = 31> <Delay = 2.92>
ST_32 : Operation 146 [47/74] (2.92ns)   --->   "%gmem_out_addr_resp = writeresp i1 @_ssdm_op_WriteResp.m_axi.i32P1A, i64 %gmem_out_addr" [../rgb2gray_kernel.cpp:95]   --->   Operation 146 'writeresp' 'gmem_out_addr_resp' <Predicate = (!icmp_ln90)> <Delay = 2.92> <CoreInst = "m_axi">   --->   Core 123 'm_axi' <Latency = 9> <II = 1> <Delay = 1.34> <Adapter> <Opcode : 'read' 'write' 'readreq' 'writereq' 'writeresp'>

State 33 <SV = 32> <Delay = 2.92>
ST_33 : Operation 147 [46/74] (2.92ns)   --->   "%gmem_out_addr_resp = writeresp i1 @_ssdm_op_WriteResp.m_axi.i32P1A, i64 %gmem_out_addr" [../rgb2gray_kernel.cpp:95]   --->   Operation 147 'writeresp' 'gmem_out_addr_resp' <Predicate = (!icmp_ln90)> <Delay = 2.92> <CoreInst = "m_axi">   --->   Core 123 'm_axi' <Latency = 9> <II = 1> <Delay = 1.34> <Adapter> <Opcode : 'read' 'write' 'readreq' 'writereq' 'writeresp'>

State 34 <SV = 33> <Delay = 2.92>
ST_34 : Operation 148 [45/74] (2.92ns)   --->   "%gmem_out_addr_resp = writeresp i1 @_ssdm_op_WriteResp.m_axi.i32P1A, i64 %gmem_out_addr" [../rgb2gray_kernel.cpp:95]   --->   Operation 148 'writeresp' 'gmem_out_addr_resp' <Predicate = (!icmp_ln90)> <Delay = 2.92> <CoreInst = "m_axi">   --->   Core 123 'm_axi' <Latency = 9> <II = 1> <Delay = 1.34> <Adapter> <Opcode : 'read' 'write' 'readreq' 'writereq' 'writeresp'>

State 35 <SV = 34> <Delay = 2.92>
ST_35 : Operation 149 [44/74] (2.92ns)   --->   "%gmem_out_addr_resp = writeresp i1 @_ssdm_op_WriteResp.m_axi.i32P1A, i64 %gmem_out_addr" [../rgb2gray_kernel.cpp:95]   --->   Operation 149 'writeresp' 'gmem_out_addr_resp' <Predicate = (!icmp_ln90)> <Delay = 2.92> <CoreInst = "m_axi">   --->   Core 123 'm_axi' <Latency = 9> <II = 1> <Delay = 1.34> <Adapter> <Opcode : 'read' 'write' 'readreq' 'writereq' 'writeresp'>

State 36 <SV = 35> <Delay = 2.92>
ST_36 : Operation 150 [43/74] (2.92ns)   --->   "%gmem_out_addr_resp = writeresp i1 @_ssdm_op_WriteResp.m_axi.i32P1A, i64 %gmem_out_addr" [../rgb2gray_kernel.cpp:95]   --->   Operation 150 'writeresp' 'gmem_out_addr_resp' <Predicate = (!icmp_ln90)> <Delay = 2.92> <CoreInst = "m_axi">   --->   Core 123 'm_axi' <Latency = 9> <II = 1> <Delay = 1.34> <Adapter> <Opcode : 'read' 'write' 'readreq' 'writereq' 'writeresp'>

State 37 <SV = 36> <Delay = 2.92>
ST_37 : Operation 151 [42/74] (2.92ns)   --->   "%gmem_out_addr_resp = writeresp i1 @_ssdm_op_WriteResp.m_axi.i32P1A, i64 %gmem_out_addr" [../rgb2gray_kernel.cpp:95]   --->   Operation 151 'writeresp' 'gmem_out_addr_resp' <Predicate = (!icmp_ln90)> <Delay = 2.92> <CoreInst = "m_axi">   --->   Core 123 'm_axi' <Latency = 9> <II = 1> <Delay = 1.34> <Adapter> <Opcode : 'read' 'write' 'readreq' 'writereq' 'writeresp'>

State 38 <SV = 37> <Delay = 2.92>
ST_38 : Operation 152 [41/74] (2.92ns)   --->   "%gmem_out_addr_resp = writeresp i1 @_ssdm_op_WriteResp.m_axi.i32P1A, i64 %gmem_out_addr" [../rgb2gray_kernel.cpp:95]   --->   Operation 152 'writeresp' 'gmem_out_addr_resp' <Predicate = (!icmp_ln90)> <Delay = 2.92> <CoreInst = "m_axi">   --->   Core 123 'm_axi' <Latency = 9> <II = 1> <Delay = 1.34> <Adapter> <Opcode : 'read' 'write' 'readreq' 'writereq' 'writeresp'>

State 39 <SV = 38> <Delay = 2.92>
ST_39 : Operation 153 [40/74] (2.92ns)   --->   "%gmem_out_addr_resp = writeresp i1 @_ssdm_op_WriteResp.m_axi.i32P1A, i64 %gmem_out_addr" [../rgb2gray_kernel.cpp:95]   --->   Operation 153 'writeresp' 'gmem_out_addr_resp' <Predicate = (!icmp_ln90)> <Delay = 2.92> <CoreInst = "m_axi">   --->   Core 123 'm_axi' <Latency = 9> <II = 1> <Delay = 1.34> <Adapter> <Opcode : 'read' 'write' 'readreq' 'writereq' 'writeresp'>

State 40 <SV = 39> <Delay = 2.92>
ST_40 : Operation 154 [39/74] (2.92ns)   --->   "%gmem_out_addr_resp = writeresp i1 @_ssdm_op_WriteResp.m_axi.i32P1A, i64 %gmem_out_addr" [../rgb2gray_kernel.cpp:95]   --->   Operation 154 'writeresp' 'gmem_out_addr_resp' <Predicate = (!icmp_ln90)> <Delay = 2.92> <CoreInst = "m_axi">   --->   Core 123 'm_axi' <Latency = 9> <II = 1> <Delay = 1.34> <Adapter> <Opcode : 'read' 'write' 'readreq' 'writereq' 'writeresp'>

State 41 <SV = 40> <Delay = 2.92>
ST_41 : Operation 155 [38/74] (2.92ns)   --->   "%gmem_out_addr_resp = writeresp i1 @_ssdm_op_WriteResp.m_axi.i32P1A, i64 %gmem_out_addr" [../rgb2gray_kernel.cpp:95]   --->   Operation 155 'writeresp' 'gmem_out_addr_resp' <Predicate = (!icmp_ln90)> <Delay = 2.92> <CoreInst = "m_axi">   --->   Core 123 'm_axi' <Latency = 9> <II = 1> <Delay = 1.34> <Adapter> <Opcode : 'read' 'write' 'readreq' 'writereq' 'writeresp'>

State 42 <SV = 41> <Delay = 2.92>
ST_42 : Operation 156 [37/74] (2.92ns)   --->   "%gmem_out_addr_resp = writeresp i1 @_ssdm_op_WriteResp.m_axi.i32P1A, i64 %gmem_out_addr" [../rgb2gray_kernel.cpp:95]   --->   Operation 156 'writeresp' 'gmem_out_addr_resp' <Predicate = (!icmp_ln90)> <Delay = 2.92> <CoreInst = "m_axi">   --->   Core 123 'm_axi' <Latency = 9> <II = 1> <Delay = 1.34> <Adapter> <Opcode : 'read' 'write' 'readreq' 'writereq' 'writeresp'>

State 43 <SV = 42> <Delay = 2.92>
ST_43 : Operation 157 [36/74] (2.92ns)   --->   "%gmem_out_addr_resp = writeresp i1 @_ssdm_op_WriteResp.m_axi.i32P1A, i64 %gmem_out_addr" [../rgb2gray_kernel.cpp:95]   --->   Operation 157 'writeresp' 'gmem_out_addr_resp' <Predicate = (!icmp_ln90)> <Delay = 2.92> <CoreInst = "m_axi">   --->   Core 123 'm_axi' <Latency = 9> <II = 1> <Delay = 1.34> <Adapter> <Opcode : 'read' 'write' 'readreq' 'writereq' 'writeresp'>

State 44 <SV = 43> <Delay = 2.92>
ST_44 : Operation 158 [35/74] (2.92ns)   --->   "%gmem_out_addr_resp = writeresp i1 @_ssdm_op_WriteResp.m_axi.i32P1A, i64 %gmem_out_addr" [../rgb2gray_kernel.cpp:95]   --->   Operation 158 'writeresp' 'gmem_out_addr_resp' <Predicate = (!icmp_ln90)> <Delay = 2.92> <CoreInst = "m_axi">   --->   Core 123 'm_axi' <Latency = 9> <II = 1> <Delay = 1.34> <Adapter> <Opcode : 'read' 'write' 'readreq' 'writereq' 'writeresp'>

State 45 <SV = 44> <Delay = 2.92>
ST_45 : Operation 159 [34/74] (2.92ns)   --->   "%gmem_out_addr_resp = writeresp i1 @_ssdm_op_WriteResp.m_axi.i32P1A, i64 %gmem_out_addr" [../rgb2gray_kernel.cpp:95]   --->   Operation 159 'writeresp' 'gmem_out_addr_resp' <Predicate = (!icmp_ln90)> <Delay = 2.92> <CoreInst = "m_axi">   --->   Core 123 'm_axi' <Latency = 9> <II = 1> <Delay = 1.34> <Adapter> <Opcode : 'read' 'write' 'readreq' 'writereq' 'writeresp'>

State 46 <SV = 45> <Delay = 2.92>
ST_46 : Operation 160 [33/74] (2.92ns)   --->   "%gmem_out_addr_resp = writeresp i1 @_ssdm_op_WriteResp.m_axi.i32P1A, i64 %gmem_out_addr" [../rgb2gray_kernel.cpp:95]   --->   Operation 160 'writeresp' 'gmem_out_addr_resp' <Predicate = (!icmp_ln90)> <Delay = 2.92> <CoreInst = "m_axi">   --->   Core 123 'm_axi' <Latency = 9> <II = 1> <Delay = 1.34> <Adapter> <Opcode : 'read' 'write' 'readreq' 'writereq' 'writeresp'>

State 47 <SV = 46> <Delay = 2.92>
ST_47 : Operation 161 [32/74] (2.92ns)   --->   "%gmem_out_addr_resp = writeresp i1 @_ssdm_op_WriteResp.m_axi.i32P1A, i64 %gmem_out_addr" [../rgb2gray_kernel.cpp:95]   --->   Operation 161 'writeresp' 'gmem_out_addr_resp' <Predicate = (!icmp_ln90)> <Delay = 2.92> <CoreInst = "m_axi">   --->   Core 123 'm_axi' <Latency = 9> <II = 1> <Delay = 1.34> <Adapter> <Opcode : 'read' 'write' 'readreq' 'writereq' 'writeresp'>

State 48 <SV = 47> <Delay = 2.92>
ST_48 : Operation 162 [31/74] (2.92ns)   --->   "%gmem_out_addr_resp = writeresp i1 @_ssdm_op_WriteResp.m_axi.i32P1A, i64 %gmem_out_addr" [../rgb2gray_kernel.cpp:95]   --->   Operation 162 'writeresp' 'gmem_out_addr_resp' <Predicate = (!icmp_ln90)> <Delay = 2.92> <CoreInst = "m_axi">   --->   Core 123 'm_axi' <Latency = 9> <II = 1> <Delay = 1.34> <Adapter> <Opcode : 'read' 'write' 'readreq' 'writereq' 'writeresp'>

State 49 <SV = 48> <Delay = 2.92>
ST_49 : Operation 163 [30/74] (2.92ns)   --->   "%gmem_out_addr_resp = writeresp i1 @_ssdm_op_WriteResp.m_axi.i32P1A, i64 %gmem_out_addr" [../rgb2gray_kernel.cpp:95]   --->   Operation 163 'writeresp' 'gmem_out_addr_resp' <Predicate = (!icmp_ln90)> <Delay = 2.92> <CoreInst = "m_axi">   --->   Core 123 'm_axi' <Latency = 9> <II = 1> <Delay = 1.34> <Adapter> <Opcode : 'read' 'write' 'readreq' 'writereq' 'writeresp'>

State 50 <SV = 49> <Delay = 2.92>
ST_50 : Operation 164 [29/74] (2.92ns)   --->   "%gmem_out_addr_resp = writeresp i1 @_ssdm_op_WriteResp.m_axi.i32P1A, i64 %gmem_out_addr" [../rgb2gray_kernel.cpp:95]   --->   Operation 164 'writeresp' 'gmem_out_addr_resp' <Predicate = (!icmp_ln90)> <Delay = 2.92> <CoreInst = "m_axi">   --->   Core 123 'm_axi' <Latency = 9> <II = 1> <Delay = 1.34> <Adapter> <Opcode : 'read' 'write' 'readreq' 'writereq' 'writeresp'>

State 51 <SV = 50> <Delay = 2.92>
ST_51 : Operation 165 [28/74] (2.92ns)   --->   "%gmem_out_addr_resp = writeresp i1 @_ssdm_op_WriteResp.m_axi.i32P1A, i64 %gmem_out_addr" [../rgb2gray_kernel.cpp:95]   --->   Operation 165 'writeresp' 'gmem_out_addr_resp' <Predicate = (!icmp_ln90)> <Delay = 2.92> <CoreInst = "m_axi">   --->   Core 123 'm_axi' <Latency = 9> <II = 1> <Delay = 1.34> <Adapter> <Opcode : 'read' 'write' 'readreq' 'writereq' 'writeresp'>

State 52 <SV = 51> <Delay = 2.92>
ST_52 : Operation 166 [27/74] (2.92ns)   --->   "%gmem_out_addr_resp = writeresp i1 @_ssdm_op_WriteResp.m_axi.i32P1A, i64 %gmem_out_addr" [../rgb2gray_kernel.cpp:95]   --->   Operation 166 'writeresp' 'gmem_out_addr_resp' <Predicate = (!icmp_ln90)> <Delay = 2.92> <CoreInst = "m_axi">   --->   Core 123 'm_axi' <Latency = 9> <II = 1> <Delay = 1.34> <Adapter> <Opcode : 'read' 'write' 'readreq' 'writereq' 'writeresp'>

State 53 <SV = 52> <Delay = 2.92>
ST_53 : Operation 167 [26/74] (2.92ns)   --->   "%gmem_out_addr_resp = writeresp i1 @_ssdm_op_WriteResp.m_axi.i32P1A, i64 %gmem_out_addr" [../rgb2gray_kernel.cpp:95]   --->   Operation 167 'writeresp' 'gmem_out_addr_resp' <Predicate = (!icmp_ln90)> <Delay = 2.92> <CoreInst = "m_axi">   --->   Core 123 'm_axi' <Latency = 9> <II = 1> <Delay = 1.34> <Adapter> <Opcode : 'read' 'write' 'readreq' 'writereq' 'writeresp'>

State 54 <SV = 53> <Delay = 2.92>
ST_54 : Operation 168 [25/74] (2.92ns)   --->   "%gmem_out_addr_resp = writeresp i1 @_ssdm_op_WriteResp.m_axi.i32P1A, i64 %gmem_out_addr" [../rgb2gray_kernel.cpp:95]   --->   Operation 168 'writeresp' 'gmem_out_addr_resp' <Predicate = (!icmp_ln90)> <Delay = 2.92> <CoreInst = "m_axi">   --->   Core 123 'm_axi' <Latency = 9> <II = 1> <Delay = 1.34> <Adapter> <Opcode : 'read' 'write' 'readreq' 'writereq' 'writeresp'>

State 55 <SV = 54> <Delay = 2.92>
ST_55 : Operation 169 [24/74] (2.92ns)   --->   "%gmem_out_addr_resp = writeresp i1 @_ssdm_op_WriteResp.m_axi.i32P1A, i64 %gmem_out_addr" [../rgb2gray_kernel.cpp:95]   --->   Operation 169 'writeresp' 'gmem_out_addr_resp' <Predicate = (!icmp_ln90)> <Delay = 2.92> <CoreInst = "m_axi">   --->   Core 123 'm_axi' <Latency = 9> <II = 1> <Delay = 1.34> <Adapter> <Opcode : 'read' 'write' 'readreq' 'writereq' 'writeresp'>

State 56 <SV = 55> <Delay = 2.92>
ST_56 : Operation 170 [23/74] (2.92ns)   --->   "%gmem_out_addr_resp = writeresp i1 @_ssdm_op_WriteResp.m_axi.i32P1A, i64 %gmem_out_addr" [../rgb2gray_kernel.cpp:95]   --->   Operation 170 'writeresp' 'gmem_out_addr_resp' <Predicate = (!icmp_ln90)> <Delay = 2.92> <CoreInst = "m_axi">   --->   Core 123 'm_axi' <Latency = 9> <II = 1> <Delay = 1.34> <Adapter> <Opcode : 'read' 'write' 'readreq' 'writereq' 'writeresp'>

State 57 <SV = 56> <Delay = 2.92>
ST_57 : Operation 171 [22/74] (2.92ns)   --->   "%gmem_out_addr_resp = writeresp i1 @_ssdm_op_WriteResp.m_axi.i32P1A, i64 %gmem_out_addr" [../rgb2gray_kernel.cpp:95]   --->   Operation 171 'writeresp' 'gmem_out_addr_resp' <Predicate = (!icmp_ln90)> <Delay = 2.92> <CoreInst = "m_axi">   --->   Core 123 'm_axi' <Latency = 9> <II = 1> <Delay = 1.34> <Adapter> <Opcode : 'read' 'write' 'readreq' 'writereq' 'writeresp'>

State 58 <SV = 57> <Delay = 2.92>
ST_58 : Operation 172 [21/74] (2.92ns)   --->   "%gmem_out_addr_resp = writeresp i1 @_ssdm_op_WriteResp.m_axi.i32P1A, i64 %gmem_out_addr" [../rgb2gray_kernel.cpp:95]   --->   Operation 172 'writeresp' 'gmem_out_addr_resp' <Predicate = (!icmp_ln90)> <Delay = 2.92> <CoreInst = "m_axi">   --->   Core 123 'm_axi' <Latency = 9> <II = 1> <Delay = 1.34> <Adapter> <Opcode : 'read' 'write' 'readreq' 'writereq' 'writeresp'>

State 59 <SV = 58> <Delay = 2.92>
ST_59 : Operation 173 [20/74] (2.92ns)   --->   "%gmem_out_addr_resp = writeresp i1 @_ssdm_op_WriteResp.m_axi.i32P1A, i64 %gmem_out_addr" [../rgb2gray_kernel.cpp:95]   --->   Operation 173 'writeresp' 'gmem_out_addr_resp' <Predicate = (!icmp_ln90)> <Delay = 2.92> <CoreInst = "m_axi">   --->   Core 123 'm_axi' <Latency = 9> <II = 1> <Delay = 1.34> <Adapter> <Opcode : 'read' 'write' 'readreq' 'writereq' 'writeresp'>

State 60 <SV = 59> <Delay = 2.92>
ST_60 : Operation 174 [19/74] (2.92ns)   --->   "%gmem_out_addr_resp = writeresp i1 @_ssdm_op_WriteResp.m_axi.i32P1A, i64 %gmem_out_addr" [../rgb2gray_kernel.cpp:95]   --->   Operation 174 'writeresp' 'gmem_out_addr_resp' <Predicate = (!icmp_ln90)> <Delay = 2.92> <CoreInst = "m_axi">   --->   Core 123 'm_axi' <Latency = 9> <II = 1> <Delay = 1.34> <Adapter> <Opcode : 'read' 'write' 'readreq' 'writereq' 'writeresp'>

State 61 <SV = 60> <Delay = 2.92>
ST_61 : Operation 175 [18/74] (2.92ns)   --->   "%gmem_out_addr_resp = writeresp i1 @_ssdm_op_WriteResp.m_axi.i32P1A, i64 %gmem_out_addr" [../rgb2gray_kernel.cpp:95]   --->   Operation 175 'writeresp' 'gmem_out_addr_resp' <Predicate = (!icmp_ln90)> <Delay = 2.92> <CoreInst = "m_axi">   --->   Core 123 'm_axi' <Latency = 9> <II = 1> <Delay = 1.34> <Adapter> <Opcode : 'read' 'write' 'readreq' 'writereq' 'writeresp'>

State 62 <SV = 61> <Delay = 2.92>
ST_62 : Operation 176 [17/74] (2.92ns)   --->   "%gmem_out_addr_resp = writeresp i1 @_ssdm_op_WriteResp.m_axi.i32P1A, i64 %gmem_out_addr" [../rgb2gray_kernel.cpp:95]   --->   Operation 176 'writeresp' 'gmem_out_addr_resp' <Predicate = (!icmp_ln90)> <Delay = 2.92> <CoreInst = "m_axi">   --->   Core 123 'm_axi' <Latency = 9> <II = 1> <Delay = 1.34> <Adapter> <Opcode : 'read' 'write' 'readreq' 'writereq' 'writeresp'>

State 63 <SV = 62> <Delay = 2.92>
ST_63 : Operation 177 [16/74] (2.92ns)   --->   "%gmem_out_addr_resp = writeresp i1 @_ssdm_op_WriteResp.m_axi.i32P1A, i64 %gmem_out_addr" [../rgb2gray_kernel.cpp:95]   --->   Operation 177 'writeresp' 'gmem_out_addr_resp' <Predicate = (!icmp_ln90)> <Delay = 2.92> <CoreInst = "m_axi">   --->   Core 123 'm_axi' <Latency = 9> <II = 1> <Delay = 1.34> <Adapter> <Opcode : 'read' 'write' 'readreq' 'writereq' 'writeresp'>

State 64 <SV = 63> <Delay = 2.92>
ST_64 : Operation 178 [15/74] (2.92ns)   --->   "%gmem_out_addr_resp = writeresp i1 @_ssdm_op_WriteResp.m_axi.i32P1A, i64 %gmem_out_addr" [../rgb2gray_kernel.cpp:95]   --->   Operation 178 'writeresp' 'gmem_out_addr_resp' <Predicate = (!icmp_ln90)> <Delay = 2.92> <CoreInst = "m_axi">   --->   Core 123 'm_axi' <Latency = 9> <II = 1> <Delay = 1.34> <Adapter> <Opcode : 'read' 'write' 'readreq' 'writereq' 'writeresp'>

State 65 <SV = 64> <Delay = 2.92>
ST_65 : Operation 179 [14/74] (2.92ns)   --->   "%gmem_out_addr_resp = writeresp i1 @_ssdm_op_WriteResp.m_axi.i32P1A, i64 %gmem_out_addr" [../rgb2gray_kernel.cpp:95]   --->   Operation 179 'writeresp' 'gmem_out_addr_resp' <Predicate = (!icmp_ln90)> <Delay = 2.92> <CoreInst = "m_axi">   --->   Core 123 'm_axi' <Latency = 9> <II = 1> <Delay = 1.34> <Adapter> <Opcode : 'read' 'write' 'readreq' 'writereq' 'writeresp'>

State 66 <SV = 65> <Delay = 2.92>
ST_66 : Operation 180 [13/74] (2.92ns)   --->   "%gmem_out_addr_resp = writeresp i1 @_ssdm_op_WriteResp.m_axi.i32P1A, i64 %gmem_out_addr" [../rgb2gray_kernel.cpp:95]   --->   Operation 180 'writeresp' 'gmem_out_addr_resp' <Predicate = (!icmp_ln90)> <Delay = 2.92> <CoreInst = "m_axi">   --->   Core 123 'm_axi' <Latency = 9> <II = 1> <Delay = 1.34> <Adapter> <Opcode : 'read' 'write' 'readreq' 'writereq' 'writeresp'>

State 67 <SV = 66> <Delay = 2.92>
ST_67 : Operation 181 [12/74] (2.92ns)   --->   "%gmem_out_addr_resp = writeresp i1 @_ssdm_op_WriteResp.m_axi.i32P1A, i64 %gmem_out_addr" [../rgb2gray_kernel.cpp:95]   --->   Operation 181 'writeresp' 'gmem_out_addr_resp' <Predicate = (!icmp_ln90)> <Delay = 2.92> <CoreInst = "m_axi">   --->   Core 123 'm_axi' <Latency = 9> <II = 1> <Delay = 1.34> <Adapter> <Opcode : 'read' 'write' 'readreq' 'writereq' 'writeresp'>

State 68 <SV = 67> <Delay = 2.92>
ST_68 : Operation 182 [11/74] (2.92ns)   --->   "%gmem_out_addr_resp = writeresp i1 @_ssdm_op_WriteResp.m_axi.i32P1A, i64 %gmem_out_addr" [../rgb2gray_kernel.cpp:95]   --->   Operation 182 'writeresp' 'gmem_out_addr_resp' <Predicate = (!icmp_ln90)> <Delay = 2.92> <CoreInst = "m_axi">   --->   Core 123 'm_axi' <Latency = 9> <II = 1> <Delay = 1.34> <Adapter> <Opcode : 'read' 'write' 'readreq' 'writereq' 'writeresp'>

State 69 <SV = 68> <Delay = 2.92>
ST_69 : Operation 183 [10/74] (2.92ns)   --->   "%gmem_out_addr_resp = writeresp i1 @_ssdm_op_WriteResp.m_axi.i32P1A, i64 %gmem_out_addr" [../rgb2gray_kernel.cpp:95]   --->   Operation 183 'writeresp' 'gmem_out_addr_resp' <Predicate = (!icmp_ln90)> <Delay = 2.92> <CoreInst = "m_axi">   --->   Core 123 'm_axi' <Latency = 9> <II = 1> <Delay = 1.34> <Adapter> <Opcode : 'read' 'write' 'readreq' 'writereq' 'writeresp'>

State 70 <SV = 69> <Delay = 2.92>
ST_70 : Operation 184 [9/74] (2.92ns)   --->   "%gmem_out_addr_resp = writeresp i1 @_ssdm_op_WriteResp.m_axi.i32P1A, i64 %gmem_out_addr" [../rgb2gray_kernel.cpp:95]   --->   Operation 184 'writeresp' 'gmem_out_addr_resp' <Predicate = (!icmp_ln90)> <Delay = 2.92> <CoreInst = "m_axi">   --->   Core 123 'm_axi' <Latency = 9> <II = 1> <Delay = 1.34> <Adapter> <Opcode : 'read' 'write' 'readreq' 'writereq' 'writeresp'>

State 71 <SV = 70> <Delay = 2.92>
ST_71 : Operation 185 [8/74] (2.92ns)   --->   "%gmem_out_addr_resp = writeresp i1 @_ssdm_op_WriteResp.m_axi.i32P1A, i64 %gmem_out_addr" [../rgb2gray_kernel.cpp:95]   --->   Operation 185 'writeresp' 'gmem_out_addr_resp' <Predicate = (!icmp_ln90)> <Delay = 2.92> <CoreInst = "m_axi">   --->   Core 123 'm_axi' <Latency = 9> <II = 1> <Delay = 1.34> <Adapter> <Opcode : 'read' 'write' 'readreq' 'writereq' 'writeresp'>

State 72 <SV = 71> <Delay = 2.92>
ST_72 : Operation 186 [7/74] (2.92ns)   --->   "%gmem_out_addr_resp = writeresp i1 @_ssdm_op_WriteResp.m_axi.i32P1A, i64 %gmem_out_addr" [../rgb2gray_kernel.cpp:95]   --->   Operation 186 'writeresp' 'gmem_out_addr_resp' <Predicate = (!icmp_ln90)> <Delay = 2.92> <CoreInst = "m_axi">   --->   Core 123 'm_axi' <Latency = 9> <II = 1> <Delay = 1.34> <Adapter> <Opcode : 'read' 'write' 'readreq' 'writereq' 'writeresp'>

State 73 <SV = 72> <Delay = 2.92>
ST_73 : Operation 187 [6/74] (2.92ns)   --->   "%gmem_out_addr_resp = writeresp i1 @_ssdm_op_WriteResp.m_axi.i32P1A, i64 %gmem_out_addr" [../rgb2gray_kernel.cpp:95]   --->   Operation 187 'writeresp' 'gmem_out_addr_resp' <Predicate = (!icmp_ln90)> <Delay = 2.92> <CoreInst = "m_axi">   --->   Core 123 'm_axi' <Latency = 9> <II = 1> <Delay = 1.34> <Adapter> <Opcode : 'read' 'write' 'readreq' 'writereq' 'writeresp'>

State 74 <SV = 73> <Delay = 2.92>
ST_74 : Operation 188 [5/74] (2.92ns)   --->   "%gmem_out_addr_resp = writeresp i1 @_ssdm_op_WriteResp.m_axi.i32P1A, i64 %gmem_out_addr" [../rgb2gray_kernel.cpp:95]   --->   Operation 188 'writeresp' 'gmem_out_addr_resp' <Predicate = (!icmp_ln90)> <Delay = 2.92> <CoreInst = "m_axi">   --->   Core 123 'm_axi' <Latency = 9> <II = 1> <Delay = 1.34> <Adapter> <Opcode : 'read' 'write' 'readreq' 'writereq' 'writeresp'>

State 75 <SV = 74> <Delay = 2.92>
ST_75 : Operation 189 [4/74] (2.92ns)   --->   "%gmem_out_addr_resp = writeresp i1 @_ssdm_op_WriteResp.m_axi.i32P1A, i64 %gmem_out_addr" [../rgb2gray_kernel.cpp:95]   --->   Operation 189 'writeresp' 'gmem_out_addr_resp' <Predicate = (!icmp_ln90)> <Delay = 2.92> <CoreInst = "m_axi">   --->   Core 123 'm_axi' <Latency = 9> <II = 1> <Delay = 1.34> <Adapter> <Opcode : 'read' 'write' 'readreq' 'writereq' 'writeresp'>

State 76 <SV = 75> <Delay = 2.92>
ST_76 : Operation 190 [3/74] (2.92ns)   --->   "%gmem_out_addr_resp = writeresp i1 @_ssdm_op_WriteResp.m_axi.i32P1A, i64 %gmem_out_addr" [../rgb2gray_kernel.cpp:95]   --->   Operation 190 'writeresp' 'gmem_out_addr_resp' <Predicate = (!icmp_ln90)> <Delay = 2.92> <CoreInst = "m_axi">   --->   Core 123 'm_axi' <Latency = 9> <II = 1> <Delay = 1.34> <Adapter> <Opcode : 'read' 'write' 'readreq' 'writereq' 'writeresp'>

State 77 <SV = 76> <Delay = 2.92>
ST_77 : Operation 191 [2/74] (2.92ns)   --->   "%gmem_out_addr_resp = writeresp i1 @_ssdm_op_WriteResp.m_axi.i32P1A, i64 %gmem_out_addr" [../rgb2gray_kernel.cpp:95]   --->   Operation 191 'writeresp' 'gmem_out_addr_resp' <Predicate = (!icmp_ln90)> <Delay = 2.92> <CoreInst = "m_axi">   --->   Core 123 'm_axi' <Latency = 9> <II = 1> <Delay = 1.34> <Adapter> <Opcode : 'read' 'write' 'readreq' 'writereq' 'writeresp'>

State 78 <SV = 77> <Delay = 0.81>
ST_78 : Operation 192 [1/1] (0.00ns)   --->   "%specpipeline_ln91 = specpipeline void @_ssdm_op_SpecPipeline, i32 1, i32 0, i32 0, i32 1, void @empty_0" [../rgb2gray_kernel.cpp:91]   --->   Operation 192 'specpipeline' 'specpipeline_ln91' <Predicate = (!icmp_ln90)> <Delay = 0.00>
ST_78 : Operation 193 [1/1] (0.00ns)   --->   "%specloopname_ln90 = specloopname void @_ssdm_op_SpecLoopName, void @empty_19" [../rgb2gray_kernel.cpp:90]   --->   Operation 193 'specloopname' 'specloopname_ln90' <Predicate = (!icmp_ln90)> <Delay = 0.00>
ST_78 : Operation 194 [1/74] (0.81ns)   --->   "%gmem_out_addr_resp = writeresp i1 @_ssdm_op_WriteResp.m_axi.i32P1A, i64 %gmem_out_addr" [../rgb2gray_kernel.cpp:95]   --->   Operation 194 'writeresp' 'gmem_out_addr_resp' <Predicate = (!icmp_ln90)> <Delay = 0.81> <CoreInst = "m_axi">   --->   Core 123 'm_axi' <Latency = 9> <II = 1> <Delay = 1.34> <Adapter> <Opcode : 'read' 'write' 'readreq' 'writereq' 'writeresp'>
ST_78 : Operation 195 [1/1] (0.00ns)   --->   "%return_ln97 = return void @_ssdm_op_Return" [../rgb2gray_kernel.cpp:97]   --->   Operation 195 'return' 'return_ln97' <Predicate = (icmp_ln90)> <Delay = 0.00>


============================================================
+ Verbose Summary: Binding
============================================================
STG Binding: 
---------------- STG Properties BEGIN ----------------
- Is combinational: 0
- Is one-state seq: 0
- Is datapath-only: 0
- Is pipelined: 0
- Is top level: 0
Port [ Return ] is wired: 1; IO mode=ap_ctrl_hs:ce=0
Port [ stream_gray]:  wired=1; compound=1; hidden=0; nouse=0; global=0; static=0; extern=0; dir=0; type=3; pingpong=0; private_global=0; IO mode=ap_fifo:ce=0
Port [ gmem_out]:  wired=1; compound=1; hidden=0; nouse=0; global=0; static=0; extern=0; dir=1; type=4; pingpong=0; private_global=0; IO mode=m_axi:ce=0
Port [ m_axi_out]:  wired=1; compound=1; hidden=0; nouse=0; global=0; static=0; extern=0; dir=0; type=3; pingpong=0; private_global=0; IO mode=ap_fifo:ce=0
Port [ addr_out]:  wired=1; compound=1; hidden=0; nouse=0; global=0; static=0; extern=0; dir=0; type=3; pingpong=0; private_global=0; IO mode=ap_fifo:ce=0
Port [ num_pixels]:  wired=1; compound=1; hidden=0; nouse=0; global=0; static=0; extern=0; dir=0; type=3; pingpong=0; private_global=0; IO mode=ap_fifo:ce=0
---------------- STG Properties END ------------------

---------------- Datapath Model BEGIN ----------------

<LifeTime>
<method=bitvector/>
specinterface_ln0             (specinterface ) [ 0000000000000000000000000000000000000000000000000000000000000000000000000000000]
specinterface_ln0             (specinterface ) [ 0000000000000000000000000000000000000000000000000000000000000000000000000000000]
specinterface_ln0             (specinterface ) [ 0000000000000000000000000000000000000000000000000000000000000000000000000000000]
specinterface_ln0             (specinterface ) [ 0000000000000000000000000000000000000000000000000000000000000000000000000000000]
specinterface_ln0             (specinterface ) [ 0000000000000000000000000000000000000000000000000000000000000000000000000000000]
br_ln90                       (br            ) [ 0111111111111111111111111111111111111111111111111111111111111111111111111111111]
do_init                       (phi           ) [ 0011111111111111111111111111111111111111111111111111111111111111111111111111111]
m_axi_out_1_rewind            (phi           ) [ 0011111111111111111111111111111111111111111111111111111111111111111111111111111]
addr_out_load_rewind          (phi           ) [ 0011111111111111111111111111111111111111111111111111111111111111111111111111111]
num_pixels_load_rewind        (phi           ) [ 0011111111111111111111111111111111111111111111111111111111111111111111111111111]
i                             (phi           ) [ 0011111111111111111111111111111111111111111111111111111111111111111111111111111]
br_ln0                        (br            ) [ 0000000000000000000000000000000000000000000000000000000000000000000000000000000]
muxLogicCE_to_num_pixels_read (muxlogic      ) [ 0000000000000000000000000000000000000000000000000000000000000000000000000000000]
num_pixels_read               (read          ) [ 0000000000000000000000000000000000000000000000000000000000000000000000000000000]
muxLogicCE_to_addr_out_read   (muxlogic      ) [ 0000000000000000000000000000000000000000000000000000000000000000000000000000000]
addr_out_read                 (read          ) [ 0000000000000000000000000000000000000000000000000000000000000000000000000000000]
muxLogicCE_to_m_axi_out_1     (muxlogic      ) [ 0000000000000000000000000000000000000000000000000000000000000000000000000000000]
m_axi_out_1                   (read          ) [ 0000000000000000000000000000000000000000000000000000000000000000000000000000000]
br_ln90                       (br            ) [ 0000000000000000000000000000000000000000000000000000000000000000000000000000000]
m_axi_out_1_phi               (phi           ) [ 0111111111111111111111111111111111111111111111111111111111111111111111111111111]
addr_out_load_phi             (phi           ) [ 0111111111111111111111111111111111111111111111111111111111111111111111111111111]
num_pixels_load_phi           (phi           ) [ 0111111111111111111111111111111111111111111111111111111111111111111111111111111]
add_ln90                      (add           ) [ 0111111111111111111111111111111111111111111111111111111111111111111111111111111]
icmp_ln90                     (icmp          ) [ 0011111111111111111111111111111111111111111111111111111111111111111111111111111]
br_ln90                       (br            ) [ 0000000000000000000000000000000000000000000000000000000000000000000000000000000]
out_addr                      (add           ) [ 0011000000000000000000000000000000000000000000000000000000000000000000000000000]
br_ln90                       (br            ) [ 0111111111111111111111111111111111111111111111111111111111111111111111111111111]
br_ln97                       (br            ) [ 0111111111111111111111111111111111111111111111111111111111111111111111111111111]
shl_ln                        (bitconcatenate) [ 0000000000000000000000000000000000000000000000000000000000000000000000000000000]
zext_ln95_1                   (zext          ) [ 0000000000000000000000000000000000000000000000000000000000000000000000000000000]
add_ln95                      (add           ) [ 0000000000000000000000000000000000000000000000000000000000000000000000000000000]
trunc_ln                      (partselect    ) [ 0000000000000000000000000000000000000000000000000000000000000000000000000000000]
sext_ln95                     (sext          ) [ 0000000000000000000000000000000000000000000000000000000000000000000000000000000]
gmem_out_addr                 (getelementptr ) [ 0010111111111111111111111111111111111111111111111111111111111111111111111111111]
gmem_out_addr_req             (writereq      ) [ 0000000000000000000000000000000000000000000000000000000000000000000000000000000]
muxLogicCE_to_gray            (muxlogic      ) [ 0000000000000000000000000000000000000000000000000000000000000000000000000000000]
gray                          (read          ) [ 0000000000000000000000000000000000000000000000000000000000000000000000000000000]
zext_ln95                     (zext          ) [ 0000000000000000000000000000000000000000000000000000000000000000000000000000000]
muxLogicData_to_write_ln95    (muxlogic      ) [ 0000000000000000000000000000000000000000000000000000000000000000000000000000000]
write_ln95                    (write         ) [ 0000000000000000000000000000000000000000000000000000000000000000000000000000000]
specpipeline_ln91             (specpipeline  ) [ 0000000000000000000000000000000000000000000000000000000000000000000000000000000]
specloopname_ln90             (specloopname  ) [ 0000000000000000000000000000000000000000000000000000000000000000000000000000000]
gmem_out_addr_resp            (writeresp     ) [ 0000000000000000000000000000000000000000000000000000000000000000000000000000000]
return_ln97                   (return        ) [ 0000000000000000000000000000000000000000000000000000000000000000000000000000000]
</LifeTime>

<model>

<comp_list>
<comp id="0" class="1000" name="stream_gray">
<pin_list>
<pin id="1" dir="1" index="0" bw="1" slack="0"/>
</pin_list>
<bind>
<StgValue><ssdm name="stream_gray"/></StgValue>
</bind>
</comp>

<comp id="2" class="1000" name="gmem_out">
<pin_list>
<pin id="3" dir="1" index="0" bw="1" slack="0"/>
</pin_list>
<bind>
<StgValue><ssdm name="gmem_out"/></StgValue>
</bind>
</comp>

<comp id="4" class="1000" name="m_axi_out">
<pin_list>
<pin id="5" dir="1" index="0" bw="1" slack="0"/>
</pin_list>
<bind>
<StgValue><ssdm name="m_axi_out"/></StgValue>
</bind>
</comp>

<comp id="6" class="1000" name="addr_out">
<pin_list>
<pin id="7" dir="1" index="0" bw="1" slack="0"/>
</pin_list>
<bind>
<StgValue><ssdm name="addr_out"/></StgValue>
</bind>
</comp>

<comp id="8" class="1000" name="num_pixels">
<pin_list>
<pin id="9" dir="1" index="0" bw="1" slack="0"/>
</pin_list>
<bind>
<StgValue><ssdm name="num_pixels"/></StgValue>
</bind>
</comp>

<comp id="10" class="1001" name="const_10">
<pin_list>
<pin id="11" dir="1" index="0" bw="1" slack="2147483647"/>
</pin_list>
<bind>
<StgValue><ssdm name="_ssdm_op_SpecInterface"/></StgValue>
</bind>
</comp>

<comp id="12" class="1001" name="const_12">
<pin_list>
<pin id="13" dir="1" index="0" bw="1" slack="2147483647"/>
</pin_list>
<bind>
<StgValue><ssdm name="ap_fifo_str"/></StgValue>
</bind>
</comp>

<comp id="14" class="1001" name="const_14">
<pin_list>
<pin id="15" dir="1" index="0" bw="1" slack="0"/>
</pin_list>
<bind>
<StgValue><ssdm name=""/></StgValue>
</bind>
</comp>

<comp id="16" class="1001" name="const_16">
<pin_list>
<pin id="17" dir="1" index="0" bw="1" slack="2147483647"/>
</pin_list>
<bind>
<StgValue><ssdm name="p_str"/></StgValue>
</bind>
</comp>

<comp id="18" class="1001" name="const_18">
<pin_list>
<pin id="19" dir="1" index="0" bw="1" slack="0"/>
</pin_list>
<bind>
<StgValue><ssdm name=""/></StgValue>
</bind>
</comp>

<comp id="20" class="1001" name="const_20">
<pin_list>
<pin id="21" dir="1" index="0" bw="1" slack="2147483647"/>
</pin_list>
<bind>
<StgValue><ssdm name=""/></StgValue>
</bind>
</comp>

<comp id="22" class="1001" name="const_22">
<pin_list>
<pin id="23" dir="1" index="0" bw="1" slack="2147483647"/>
</pin_list>
<bind>
<StgValue><ssdm name="ScalarProp_str"/></StgValue>
</bind>
</comp>

<comp id="24" class="1001" name="const_24">
<pin_list>
<pin id="25" dir="1" index="0" bw="1" slack="2147483647"/>
</pin_list>
<bind>
<StgValue><ssdm name=""/></StgValue>
</bind>
</comp>

<comp id="26" class="1001" name="const_26">
<pin_list>
<pin id="27" dir="1" index="0" bw="1" slack="2147483647"/>
</pin_list>
<bind>
<StgValue><ssdm name="empty_14"/></StgValue>
</bind>
</comp>

<comp id="28" class="1001" name="const_28">
<pin_list>
<pin id="29" dir="1" index="0" bw="1" slack="2147483647"/>
</pin_list>
<bind>
<StgValue><ssdm name="empty_0"/></StgValue>
</bind>
</comp>

<comp id="30" class="1001" name="const_30">
<pin_list>
<pin id="31" dir="1" index="0" bw="1" slack="2147483647"/>
</pin_list>
<bind>
<StgValue><ssdm name="empty"/></StgValue>
</bind>
</comp>

<comp id="32" class="1001" name="const_32">
<pin_list>
<pin id="33" dir="1" index="0" bw="1" slack="2147483647"/>
</pin_list>
<bind>
<StgValue><ssdm name=""/></StgValue>
</bind>
</comp>

<comp id="34" class="1001" name="const_34">
<pin_list>
<pin id="35" dir="1" index="0" bw="1" slack="2147483647"/>
</pin_list>
<bind>
<StgValue><ssdm name=""/></StgValue>
</bind>
</comp>

<comp id="36" class="1001" name="const_36">
<pin_list>
<pin id="37" dir="1" index="0" bw="1" slack="2147483647"/>
</pin_list>
<bind>
<StgValue><ssdm name="empty_3"/></StgValue>
</bind>
</comp>

<comp id="38" class="1001" name="const_38">
<pin_list>
<pin id="39" dir="1" index="0" bw="1" slack="2147483647"/>
</pin_list>
<bind>
<StgValue><ssdm name="empty_2"/></StgValue>
</bind>
</comp>

<comp id="40" class="1001" name="const_40">
<pin_list>
<pin id="41" dir="1" index="0" bw="1" slack="0"/>
</pin_list>
<bind>
<StgValue><ssdm name=""/></StgValue>
</bind>
</comp>

<comp id="42" class="1001" name="const_42">
<pin_list>
<pin id="43" dir="1" index="0" bw="1" slack="0"/>
</pin_list>
<bind>
<StgValue><ssdm name=""/></StgValue>
</bind>
</comp>

<comp id="44" class="1001" name="const_44">
<pin_list>
<pin id="45" dir="1" index="0" bw="1" slack="0"/>
</pin_list>
<bind>
<StgValue><ssdm name=""/></StgValue>
</bind>
</comp>

<comp id="46" class="1001" name="const_46">
<pin_list>
<pin id="47" dir="1" index="0" bw="1" slack="0"/>
</pin_list>
<bind>
<StgValue><ssdm name=""/></StgValue>
</bind>
</comp>

<comp id="48" class="1001" name="const_48">
<pin_list>
<pin id="49" dir="1" index="0" bw="1" slack="0"/>
</pin_list>
<bind>
<StgValue><ssdm name="_ssdm_op_Read.ap_fifo.i32P0A"/></StgValue>
</bind>
</comp>

<comp id="50" class="1001" name="const_50">
<pin_list>
<pin id="51" dir="1" index="0" bw="1" slack="0"/>
</pin_list>
<bind>
<StgValue><ssdm name="_ssdm_op_Read.ap_fifo.i64P0A"/></StgValue>
</bind>
</comp>

<comp id="52" class="1001" name="const_52">
<pin_list>
<pin id="53" dir="1" index="0" bw="1" slack="0"/>
</pin_list>
<bind>
<StgValue><ssdm name=""/></StgValue>
</bind>
</comp>

<comp id="54" class="1001" name="const_54">
<pin_list>
<pin id="55" dir="1" index="0" bw="1" slack="0"/>
</pin_list>
<bind>
<StgValue><ssdm name="_ssdm_op_BitConcatenate.i34.i32.i2"/></StgValue>
</bind>
</comp>

<comp id="56" class="1001" name="const_56">
<pin_list>
<pin id="57" dir="1" index="0" bw="1" slack="0"/>
</pin_list>
<bind>
<StgValue><ssdm name=""/></StgValue>
</bind>
</comp>

<comp id="58" class="1001" name="const_58">
<pin_list>
<pin id="59" dir="1" index="0" bw="1" slack="0"/>
</pin_list>
<bind>
<StgValue><ssdm name="_ssdm_op_PartSelect.i62.i64.i32.i32"/></StgValue>
</bind>
</comp>

<comp id="60" class="1001" name="const_60">
<pin_list>
<pin id="61" dir="1" index="0" bw="1" slack="0"/>
</pin_list>
<bind>
<StgValue><ssdm name=""/></StgValue>
</bind>
</comp>

<comp id="62" class="1001" name="const_62">
<pin_list>
<pin id="63" dir="1" index="0" bw="1" slack="0"/>
</pin_list>
<bind>
<StgValue><ssdm name="_ssdm_op_WriteReq.m_axi.i32P1A"/></StgValue>
</bind>
</comp>

<comp id="64" class="1001" name="const_64">
<pin_list>
<pin id="65" dir="1" index="0" bw="1" slack="0"/>
</pin_list>
<bind>
<StgValue><ssdm name=""/></StgValue>
</bind>
</comp>

<comp id="66" class="1001" name="const_66">
<pin_list>
<pin id="67" dir="1" index="0" bw="1" slack="0"/>
</pin_list>
<bind>
<StgValue><ssdm name="_ssdm_op_Read.ap_fifo.volatile.i8P0A"/></StgValue>
</bind>
</comp>

<comp id="68" class="1001" name="const_68">
<pin_list>
<pin id="69" dir="1" index="0" bw="1" slack="0"/>
</pin_list>
<bind>
<StgValue><ssdm name="_ssdm_op_Write.m_axi.volatile.i32P1A"/></StgValue>
</bind>
</comp>

<comp id="70" class="1001" name="const_70">
<pin_list>
<pin id="71" dir="1" index="0" bw="1" slack="0"/>
</pin_list>
<bind>
<StgValue><ssdm name=""/></StgValue>
</bind>
</comp>

<comp id="72" class="1001" name="const_72">
<pin_list>
<pin id="73" dir="1" index="0" bw="1" slack="0"/>
</pin_list>
<bind>
<StgValue><ssdm name="_ssdm_op_WriteResp.m_axi.i32P1A"/></StgValue>
</bind>
</comp>

<comp id="74" class="1001" name="const_74">
<pin_list>
<pin id="75" dir="1" index="0" bw="1" slack="2147483647"/>
</pin_list>
<bind>
<StgValue><ssdm name="_ssdm_op_SpecPipeline"/></StgValue>
</bind>
</comp>

<comp id="76" class="1001" name="const_76">
<pin_list>
<pin id="77" dir="1" index="0" bw="1" slack="2147483647"/>
</pin_list>
<bind>
<StgValue><ssdm name="_ssdm_op_SpecLoopName"/></StgValue>
</bind>
</comp>

<comp id="78" class="1001" name="const_78">
<pin_list>
<pin id="79" dir="1" index="0" bw="1" slack="2147483647"/>
</pin_list>
<bind>
<StgValue><ssdm name="empty_19"/></StgValue>
</bind>
</comp>

<comp id="80" class="1004" name="num_pixels_read_read_fu_80">
<pin_list>
<pin id="81" dir="0" index="0" bw="32" slack="0"/>
<pin id="82" dir="0" index="1" bw="32" slack="0"/>
<pin id="83" dir="1" index="2" bw="32" slack="0"/>
</pin_list>
<bind>
<opcode="read(1150) " fcode="read"/>
<opset="num_pixels_read/2 "/>
</bind>
</comp>

<comp id="86" class="1004" name="addr_out_read_read_fu_86">
<pin_list>
<pin id="87" dir="0" index="0" bw="32" slack="0"/>
<pin id="88" dir="0" index="1" bw="32" slack="0"/>
<pin id="89" dir="1" index="2" bw="32" slack="0"/>
</pin_list>
<bind>
<opcode="read(1150) " fcode="read"/>
<opset="addr_out_read/2 "/>
</bind>
</comp>

<comp id="92" class="1004" name="m_axi_out_1_read_fu_92">
<pin_list>
<pin id="93" dir="0" index="0" bw="64" slack="0"/>
<pin id="94" dir="0" index="1" bw="64" slack="0"/>
<pin id="95" dir="1" index="2" bw="64" slack="0"/>
</pin_list>
<bind>
<opcode="read(1150) " fcode="read"/>
<opset="m_axi_out_1/2 "/>
</bind>
</comp>

<comp id="98" class="1004" name="grp_writeresp_fu_98">
<pin_list>
<pin id="99" dir="0" index="0" bw="1" slack="0"/>
<pin id="100" dir="0" index="1" bw="32" slack="0"/>
<pin id="101" dir="0" index="2" bw="1" slack="0"/>
<pin id="102" dir="1" index="3" bw="1" slack="2147483647"/>
</pin_list>
<bind>
<opcode="writereq(1155) writeresp(1158) " fcode="writeresp"/>
<opset="gmem_out_addr_req/3 gmem_out_addr_resp/5 "/>
</bind>
</comp>

<comp id="105" class="1004" name="gray_read_fu_105">
<pin_list>
<pin id="106" dir="0" index="0" bw="8" slack="0"/>
<pin id="107" dir="0" index="1" bw="8" slack="0"/>
<pin id="108" dir="1" index="2" bw="8" slack="0"/>
</pin_list>
<bind>
<opcode="read(1150) " fcode="read"/>
<opset="gray/4 "/>
</bind>
</comp>

<comp id="111" class="1004" name="write_ln95_write_fu_111">
<pin_list>
<pin id="112" dir="0" index="0" bw="0" slack="0"/>
<pin id="113" dir="0" index="1" bw="32" slack="1"/>
<pin id="114" dir="0" index="2" bw="8" slack="0"/>
<pin id="115" dir="0" index="3" bw="1" slack="0"/>
<pin id="116" dir="1" index="4" bw="0" slack="2147483647"/>
</pin_list>
<bind>
<opcode="write(1151) " fcode="write"/>
<opset="write_ln95/4 "/>
</bind>
</comp>

<comp id="120" class="1005" name="do_init_reg_120">
<pin_list>
<pin id="121" dir="0" index="0" bw="1" slack="1"/>
<pin id="122" dir="1" index="1" bw="1" slack="1"/>
</pin_list>
<bind>
<opset="do_init (phireg) "/>
</bind>
</comp>

<comp id="124" class="1004" name="do_init_phi_fu_124">
<pin_list>
<pin id="125" dir="0" index="0" bw="1" slack="1"/>
<pin id="126" dir="0" index="1" bw="0" slack="2147483647"/>
<pin id="127" dir="0" index="2" bw="1" slack="0"/>
<pin id="128" dir="0" index="3" bw="0" slack="2147483647"/>
<pin id="129" dir="0" index="4" bw="1" slack="0"/>
<pin id="130" dir="0" index="5" bw="0" slack="2147483647"/>
<pin id="131" dir="1" index="6" bw="1" slack="1"/>
</pin_list>
<bind>
<opcode="phi(47) " fcode="phi"/>
<opset="do_init/2 "/>
</bind>
</comp>

<comp id="136" class="1005" name="m_axi_out_1_rewind_reg_136">
<pin_list>
<pin id="137" dir="0" index="0" bw="64" slack="1"/>
<pin id="138" dir="1" index="1" bw="64" slack="1"/>
</pin_list>
<bind>
<opset="m_axi_out_1_rewind (phireg) "/>
</bind>
</comp>

<comp id="140" class="1004" name="m_axi_out_1_rewind_phi_fu_140">
<pin_list>
<pin id="141" dir="0" index="0" bw="1" slack="1"/>
<pin id="142" dir="0" index="1" bw="0" slack="2147483647"/>
<pin id="143" dir="0" index="2" bw="64" slack="0"/>
<pin id="144" dir="0" index="3" bw="0" slack="2147483647"/>
<pin id="145" dir="0" index="4" bw="1" slack="0"/>
<pin id="146" dir="0" index="5" bw="0" slack="2147483647"/>
<pin id="147" dir="1" index="6" bw="64" slack="0"/>
</pin_list>
<bind>
<opcode="phi(47) " fcode="phi"/>
<opset="m_axi_out_1_rewind/2 "/>
</bind>
</comp>

<comp id="150" class="1005" name="addr_out_load_rewind_reg_150">
<pin_list>
<pin id="151" dir="0" index="0" bw="32" slack="1"/>
<pin id="152" dir="1" index="1" bw="32" slack="1"/>
</pin_list>
<bind>
<opset="addr_out_load_rewind (phireg) "/>
</bind>
</comp>

<comp id="154" class="1004" name="addr_out_load_rewind_phi_fu_154">
<pin_list>
<pin id="155" dir="0" index="0" bw="1" slack="1"/>
<pin id="156" dir="0" index="1" bw="0" slack="2147483647"/>
<pin id="157" dir="0" index="2" bw="32" slack="0"/>
<pin id="158" dir="0" index="3" bw="0" slack="2147483647"/>
<pin id="159" dir="0" index="4" bw="1" slack="0"/>
<pin id="160" dir="0" index="5" bw="0" slack="2147483647"/>
<pin id="161" dir="1" index="6" bw="32" slack="0"/>
</pin_list>
<bind>
<opcode="phi(47) " fcode="phi"/>
<opset="addr_out_load_rewind/2 "/>
</bind>
</comp>

<comp id="164" class="1005" name="num_pixels_load_rewind_reg_164">
<pin_list>
<pin id="165" dir="0" index="0" bw="32" slack="1"/>
<pin id="166" dir="1" index="1" bw="32" slack="1"/>
</pin_list>
<bind>
<opset="num_pixels_load_rewind (phireg) "/>
</bind>
</comp>

<comp id="168" class="1004" name="num_pixels_load_rewind_phi_fu_168">
<pin_list>
<pin id="169" dir="0" index="0" bw="1" slack="1"/>
<pin id="170" dir="0" index="1" bw="0" slack="2147483647"/>
<pin id="171" dir="0" index="2" bw="32" slack="0"/>
<pin id="172" dir="0" index="3" bw="0" slack="2147483647"/>
<pin id="173" dir="0" index="4" bw="1" slack="0"/>
<pin id="174" dir="0" index="5" bw="0" slack="2147483647"/>
<pin id="175" dir="1" index="6" bw="32" slack="0"/>
</pin_list>
<bind>
<opcode="phi(47) " fcode="phi"/>
<opset="num_pixels_load_rewind/2 "/>
</bind>
</comp>

<comp id="178" class="1005" name="i_reg_178">
<pin_list>
<pin id="179" dir="0" index="0" bw="32" slack="1"/>
<pin id="180" dir="1" index="1" bw="32" slack="1"/>
</pin_list>
<bind>
<opset="i (phireg) "/>
</bind>
</comp>

<comp id="182" class="1004" name="i_phi_fu_182">
<pin_list>
<pin id="183" dir="0" index="0" bw="32" slack="0"/>
<pin id="184" dir="0" index="1" bw="0" slack="2147483647"/>
<pin id="185" dir="0" index="2" bw="1" slack="1"/>
<pin id="186" dir="0" index="3" bw="0" slack="2147483647"/>
<pin id="187" dir="0" index="4" bw="1" slack="0"/>
<pin id="188" dir="0" index="5" bw="0" slack="2147483647"/>
<pin id="189" dir="1" index="6" bw="32" slack="0"/>
</pin_list>
<bind>
<opcode="phi(47) " fcode="phi"/>
<opset="i/2 "/>
</bind>
</comp>

<comp id="192" class="1005" name="m_axi_out_1_phi_reg_192">
<pin_list>
<pin id="193" dir="0" index="0" bw="64" slack="0"/>
<pin id="194" dir="1" index="1" bw="64" slack="0"/>
</pin_list>
<bind>
<opset="m_axi_out_1_phi (phireg) "/>
</bind>
</comp>

<comp id="196" class="1004" name="m_axi_out_1_phi_phi_fu_196">
<pin_list>
<pin id="197" dir="0" index="0" bw="64" slack="0"/>
<pin id="198" dir="0" index="1" bw="0" slack="2147483647"/>
<pin id="199" dir="0" index="2" bw="64" slack="0"/>
<pin id="200" dir="0" index="3" bw="0" slack="2147483647"/>
<pin id="201" dir="1" index="4" bw="64" slack="0"/>
</pin_list>
<bind>
<opcode="phi(47) " fcode="phi"/>
<opset="m_axi_out_1_phi/2 "/>
</bind>
</comp>

<comp id="205" class="1005" name="addr_out_load_phi_reg_205">
<pin_list>
<pin id="206" dir="0" index="0" bw="32" slack="0"/>
<pin id="207" dir="1" index="1" bw="32" slack="0"/>
</pin_list>
<bind>
<opset="addr_out_load_phi (phireg) "/>
</bind>
</comp>

<comp id="209" class="1004" name="addr_out_load_phi_phi_fu_209">
<pin_list>
<pin id="210" dir="0" index="0" bw="32" slack="0"/>
<pin id="211" dir="0" index="1" bw="0" slack="2147483647"/>
<pin id="212" dir="0" index="2" bw="32" slack="0"/>
<pin id="213" dir="0" index="3" bw="0" slack="2147483647"/>
<pin id="214" dir="1" index="4" bw="32" slack="0"/>
</pin_list>
<bind>
<opcode="phi(47) " fcode="phi"/>
<opset="addr_out_load_phi/2 "/>
</bind>
</comp>

<comp id="218" class="1005" name="num_pixels_load_phi_reg_218">
<pin_list>
<pin id="219" dir="0" index="0" bw="32" slack="0"/>
<pin id="220" dir="1" index="1" bw="32" slack="0"/>
</pin_list>
<bind>
<opset="num_pixels_load_phi (phireg) "/>
</bind>
</comp>

<comp id="222" class="1004" name="num_pixels_load_phi_phi_fu_222">
<pin_list>
<pin id="223" dir="0" index="0" bw="32" slack="0"/>
<pin id="224" dir="0" index="1" bw="0" slack="2147483647"/>
<pin id="225" dir="0" index="2" bw="32" slack="0"/>
<pin id="226" dir="0" index="3" bw="0" slack="2147483647"/>
<pin id="227" dir="1" index="4" bw="32" slack="0"/>
</pin_list>
<bind>
<opcode="phi(47) " fcode="phi"/>
<opset="num_pixels_load_phi/2 "/>
</bind>
</comp>

<comp id="231" class="1004" name="muxLogicCE_to_num_pixels_read_fu_231">
<pin_list>
<pin id="232" dir="1" index="0" bw="32" slack="2147483647"/>
</pin_list>
<bind>
<opcode="muxlogic(592) " fcode="muxlogic"/>
<opset="muxLogicCE_to_num_pixels_read/2 "/>
</bind>
</comp>

<comp id="233" class="1004" name="muxLogicCE_to_addr_out_read_fu_233">
<pin_list>
<pin id="234" dir="1" index="0" bw="32" slack="2147483647"/>
</pin_list>
<bind>
<opcode="muxlogic(592) " fcode="muxlogic"/>
<opset="muxLogicCE_to_addr_out_read/2 "/>
</bind>
</comp>

<comp id="235" class="1004" name="muxLogicCE_to_m_axi_out_1_fu_235">
<pin_list>
<pin id="236" dir="1" index="0" bw="64" slack="2147483647"/>
</pin_list>
<bind>
<opcode="muxlogic(592) " fcode="muxlogic"/>
<opset="muxLogicCE_to_m_axi_out_1/2 "/>
</bind>
</comp>

<comp id="237" class="1004" name="add_ln90_fu_237">
<pin_list>
<pin id="238" dir="0" index="0" bw="32" slack="0"/>
<pin id="239" dir="0" index="1" bw="1" slack="0"/>
<pin id="240" dir="1" index="2" bw="32" slack="0"/>
</pin_list>
<bind>
<opcode="add(8) " fcode="add"/>
<opset="add_ln90/2 "/>
</bind>
</comp>

<comp id="243" class="1004" name="icmp_ln90_fu_243">
<pin_list>
<pin id="244" dir="0" index="0" bw="32" slack="0"/>
<pin id="245" dir="0" index="1" bw="32" slack="0"/>
<pin id="246" dir="1" index="2" bw="1" slack="1"/>
</pin_list>
<bind>
<opcode="icmp(45) " fcode="icmp"/>
<opset="icmp_ln90/2 "/>
</bind>
</comp>

<comp id="249" class="1004" name="out_addr_fu_249">
<pin_list>
<pin id="250" dir="0" index="0" bw="32" slack="0"/>
<pin id="251" dir="0" index="1" bw="32" slack="0"/>
<pin id="252" dir="1" index="2" bw="32" slack="1"/>
</pin_list>
<bind>
<opcode="add(8) " fcode="add"/>
<opset="out_addr/2 "/>
</bind>
</comp>

<comp id="255" class="1004" name="shl_ln_fu_255">
<pin_list>
<pin id="256" dir="0" index="0" bw="34" slack="0"/>
<pin id="257" dir="0" index="1" bw="32" slack="1"/>
<pin id="258" dir="0" index="2" bw="1" slack="0"/>
<pin id="259" dir="1" index="3" bw="34" slack="0"/>
</pin_list>
<bind>
<opcode="bitconcatenate(1004) " fcode="bitconcatenate"/>
<opset="shl_ln/3 "/>
</bind>
</comp>

<comp id="262" class="1004" name="zext_ln95_1_fu_262">
<pin_list>
<pin id="263" dir="0" index="0" bw="34" slack="0"/>
<pin id="264" dir="1" index="1" bw="64" slack="0"/>
</pin_list>
<bind>
<opcode="zext(34) " fcode="zext"/>
<opset="zext_ln95_1/3 "/>
</bind>
</comp>

<comp id="266" class="1004" name="add_ln95_fu_266">
<pin_list>
<pin id="267" dir="0" index="0" bw="64" slack="1"/>
<pin id="268" dir="0" index="1" bw="34" slack="0"/>
<pin id="269" dir="1" index="2" bw="64" slack="0"/>
</pin_list>
<bind>
<opcode="add(8) " fcode="add"/>
<opset="add_ln95/3 "/>
</bind>
</comp>

<comp id="272" class="1004" name="trunc_ln_fu_272">
<pin_list>
<pin id="273" dir="0" index="0" bw="62" slack="0"/>
<pin id="274" dir="0" index="1" bw="64" slack="0"/>
<pin id="275" dir="0" index="2" bw="3" slack="0"/>
<pin id="276" dir="0" index="3" bw="7" slack="0"/>
<pin id="277" dir="1" index="4" bw="62" slack="0"/>
</pin_list>
<bind>
<opcode="partselect(1002) " fcode="partselect"/>
<opset="trunc_ln/3 "/>
</bind>
</comp>

<comp id="282" class="1004" name="sext_ln95_fu_282">
<pin_list>
<pin id="283" dir="0" index="0" bw="62" slack="0"/>
<pin id="284" dir="1" index="1" bw="64" slack="0"/>
</pin_list>
<bind>
<opcode="sext(35) " fcode="sext"/>
<opset="sext_ln95/3 "/>
</bind>
</comp>

<comp id="286" class="1004" name="gmem_out_addr_fu_286">
<pin_list>
<pin id="287" dir="0" index="0" bw="64" slack="0"/>
<pin id="288" dir="0" index="1" bw="64" slack="0"/>
<pin id="289" dir="1" index="2" bw="64" slack="0"/>
</pin_list>
<bind>
<opcode="getelementptr(29) " fcode="getelementptr"/>
<opset="gmem_out_addr/3 "/>
</bind>
</comp>

<comp id="293" class="1004" name="muxLogicCE_to_gray_fu_293">
<pin_list>
<pin id="294" dir="1" index="0" bw="8" slack="2147483647"/>
</pin_list>
<bind>
<opcode="muxlogic(592) " fcode="muxlogic"/>
<opset="muxLogicCE_to_gray/4 "/>
</bind>
</comp>

<comp id="295" class="1004" name="zext_ln95_fu_295">
<pin_list>
<pin id="296" dir="0" index="0" bw="8" slack="0"/>
<pin id="297" dir="1" index="1" bw="32" slack="0"/>
</pin_list>
<bind>
<opcode="zext(34) " fcode="zext"/>
<opset="zext_ln95/4 "/>
</bind>
</comp>

<comp id="300" class="1004" name="muxLogicData_to_write_ln95_fu_300">
<pin_list>
<pin id="301" dir="0" index="0" bw="8" slack="0"/>
<pin id="302" dir="1" index="1" bw="0" slack="2147483647"/>
</pin_list>
<bind>
<opcode="muxlogic(592) " fcode="muxlogic"/>
<opset="muxLogicData_to_write_ln95/4 "/>
</bind>
</comp>

<comp id="304" class="1004" name="return_ln97_fu_304">
<pin_list>
<pin id="305" dir="1" index="0" bw="0" slack="2147483647"/>
</pin_list>
<bind>
<opcode="return(1203) " fcode="return"/>
<opset="return_ln97/78 "/>
</bind>
</comp>

<comp id="306" class="1005" name="add_ln90_reg_306">
<pin_list>
<pin id="307" dir="0" index="0" bw="32" slack="0"/>
<pin id="308" dir="1" index="1" bw="32" slack="0"/>
</pin_list>
<bind>
<opset="add_ln90 "/>
</bind>
</comp>

<comp id="311" class="1005" name="icmp_ln90_reg_311">
<pin_list>
<pin id="312" dir="0" index="0" bw="1" slack="1"/>
<pin id="313" dir="1" index="1" bw="1" slack="2147483647"/>
</pin_list>
<bind>
<opset="icmp_ln90 "/>
</bind>
</comp>

<comp id="315" class="1005" name="out_addr_reg_315">
<pin_list>
<pin id="316" dir="0" index="0" bw="32" slack="1"/>
<pin id="317" dir="1" index="1" bw="32" slack="1"/>
</pin_list>
<bind>
<opset="out_addr "/>
</bind>
</comp>

<comp id="320" class="1005" name="gmem_out_addr_reg_320">
<pin_list>
<pin id="321" dir="0" index="0" bw="32" slack="1"/>
<pin id="322" dir="1" index="1" bw="32" slack="1"/>
</pin_list>
<bind>
<opset="gmem_out_addr "/>
</bind>
</comp>

</comp_list>

<net_list>
<net id="84"><net_src comp="48" pin="0"/><net_sink comp="80" pin=0"/></net>

<net id="85"><net_src comp="8" pin="0"/><net_sink comp="80" pin=1"/></net>

<net id="90"><net_src comp="48" pin="0"/><net_sink comp="86" pin=0"/></net>

<net id="91"><net_src comp="6" pin="0"/><net_sink comp="86" pin=1"/></net>

<net id="96"><net_src comp="50" pin="0"/><net_sink comp="92" pin=0"/></net>

<net id="97"><net_src comp="4" pin="0"/><net_sink comp="92" pin=1"/></net>

<net id="103"><net_src comp="62" pin="0"/><net_sink comp="98" pin=0"/></net>

<net id="104"><net_src comp="64" pin="0"/><net_sink comp="98" pin=2"/></net>

<net id="109"><net_src comp="66" pin="0"/><net_sink comp="105" pin=0"/></net>

<net id="110"><net_src comp="0" pin="0"/><net_sink comp="105" pin=1"/></net>

<net id="117"><net_src comp="68" pin="0"/><net_sink comp="111" pin=0"/></net>

<net id="118"><net_src comp="70" pin="0"/><net_sink comp="111" pin=3"/></net>

<net id="119"><net_src comp="72" pin="0"/><net_sink comp="98" pin=0"/></net>

<net id="123"><net_src comp="40" pin="0"/><net_sink comp="120" pin=0"/></net>

<net id="132"><net_src comp="120" pin="1"/><net_sink comp="124" pin=0"/></net>

<net id="133"><net_src comp="42" pin="0"/><net_sink comp="124" pin=2"/></net>

<net id="134"><net_src comp="40" pin="0"/><net_sink comp="124" pin=4"/></net>

<net id="135"><net_src comp="124" pin="6"/><net_sink comp="120" pin=0"/></net>

<net id="139"><net_src comp="44" pin="0"/><net_sink comp="136" pin=0"/></net>

<net id="148"><net_src comp="136" pin="1"/><net_sink comp="140" pin=0"/></net>

<net id="149"><net_src comp="44" pin="0"/><net_sink comp="140" pin=4"/></net>

<net id="153"><net_src comp="46" pin="0"/><net_sink comp="150" pin=0"/></net>

<net id="162"><net_src comp="150" pin="1"/><net_sink comp="154" pin=0"/></net>

<net id="163"><net_src comp="46" pin="0"/><net_sink comp="154" pin=4"/></net>

<net id="167"><net_src comp="46" pin="0"/><net_sink comp="164" pin=0"/></net>

<net id="176"><net_src comp="164" pin="1"/><net_sink comp="168" pin=0"/></net>

<net id="177"><net_src comp="46" pin="0"/><net_sink comp="168" pin=4"/></net>

<net id="181"><net_src comp="14" pin="0"/><net_sink comp="178" pin=0"/></net>

<net id="190"><net_src comp="178" pin="1"/><net_sink comp="182" pin=2"/></net>

<net id="191"><net_src comp="14" pin="0"/><net_sink comp="182" pin=4"/></net>

<net id="195"><net_src comp="192" pin="1"/><net_sink comp="140" pin=2"/></net>

<net id="202"><net_src comp="92" pin="2"/><net_sink comp="196" pin=0"/></net>

<net id="203"><net_src comp="140" pin="6"/><net_sink comp="196" pin=2"/></net>

<net id="204"><net_src comp="196" pin="4"/><net_sink comp="192" pin=0"/></net>

<net id="208"><net_src comp="205" pin="1"/><net_sink comp="154" pin=2"/></net>

<net id="215"><net_src comp="86" pin="2"/><net_sink comp="209" pin=0"/></net>

<net id="216"><net_src comp="154" pin="6"/><net_sink comp="209" pin=2"/></net>

<net id="217"><net_src comp="209" pin="4"/><net_sink comp="205" pin=0"/></net>

<net id="221"><net_src comp="218" pin="1"/><net_sink comp="168" pin=2"/></net>

<net id="228"><net_src comp="80" pin="2"/><net_sink comp="222" pin=0"/></net>

<net id="229"><net_src comp="168" pin="6"/><net_sink comp="222" pin=2"/></net>

<net id="230"><net_src comp="222" pin="4"/><net_sink comp="218" pin=0"/></net>

<net id="241"><net_src comp="182" pin="6"/><net_sink comp="237" pin=0"/></net>

<net id="242"><net_src comp="52" pin="0"/><net_sink comp="237" pin=1"/></net>

<net id="247"><net_src comp="182" pin="6"/><net_sink comp="243" pin=0"/></net>

<net id="248"><net_src comp="222" pin="4"/><net_sink comp="243" pin=1"/></net>

<net id="253"><net_src comp="209" pin="4"/><net_sink comp="249" pin=0"/></net>

<net id="254"><net_src comp="182" pin="6"/><net_sink comp="249" pin=1"/></net>

<net id="260"><net_src comp="54" pin="0"/><net_sink comp="255" pin=0"/></net>

<net id="261"><net_src comp="56" pin="0"/><net_sink comp="255" pin=2"/></net>

<net id="265"><net_src comp="255" pin="3"/><net_sink comp="262" pin=0"/></net>

<net id="270"><net_src comp="192" pin="1"/><net_sink comp="266" pin=0"/></net>

<net id="271"><net_src comp="262" pin="1"/><net_sink comp="266" pin=1"/></net>

<net id="278"><net_src comp="58" pin="0"/><net_sink comp="272" pin=0"/></net>

<net id="279"><net_src comp="266" pin="2"/><net_sink comp="272" pin=1"/></net>

<net id="280"><net_src comp="18" pin="0"/><net_sink comp="272" pin=2"/></net>

<net id="281"><net_src comp="60" pin="0"/><net_sink comp="272" pin=3"/></net>

<net id="285"><net_src comp="272" pin="4"/><net_sink comp="282" pin=0"/></net>

<net id="290"><net_src comp="2" pin="0"/><net_sink comp="286" pin=0"/></net>

<net id="291"><net_src comp="282" pin="1"/><net_sink comp="286" pin=1"/></net>

<net id="292"><net_src comp="286" pin="2"/><net_sink comp="98" pin=1"/></net>

<net id="298"><net_src comp="105" pin="2"/><net_sink comp="295" pin=0"/></net>

<net id="299"><net_src comp="295" pin="1"/><net_sink comp="111" pin=2"/></net>

<net id="303"><net_src comp="295" pin="1"/><net_sink comp="300" pin=0"/></net>

<net id="309"><net_src comp="237" pin="2"/><net_sink comp="306" pin=0"/></net>

<net id="310"><net_src comp="306" pin="1"/><net_sink comp="182" pin=0"/></net>

<net id="314"><net_src comp="243" pin="2"/><net_sink comp="311" pin=0"/></net>

<net id="318"><net_src comp="249" pin="2"/><net_sink comp="315" pin=0"/></net>

<net id="319"><net_src comp="315" pin="1"/><net_sink comp="255" pin=1"/></net>

<net id="323"><net_src comp="286" pin="2"/><net_sink comp="320" pin=0"/></net>

<net id="324"><net_src comp="320" pin="1"/><net_sink comp="111" pin=1"/></net>

<net id="325"><net_src comp="320" pin="1"/><net_sink comp="98" pin=1"/></net>

</net_list>

</model> 
---------------- Datapath Model END ------------------

* FSMD analyzer results:
  - Output states:
	Port: gmem_out | {3 4 5 6 7 8 9 10 11 12 13 14 15 16 17 18 19 20 21 22 23 24 25 26 27 28 29 30 31 32 33 34 35 36 37 38 39 40 41 42 43 44 45 46 47 48 49 50 51 52 53 54 55 56 57 58 59 60 61 62 63 64 65 66 67 68 69 70 71 72 73 74 75 76 77 78 }
 - Input state : 
	Port: store_gray : stream_gray | {4 }
	Port: store_gray : gmem_out | {}
	Port: store_gray : m_axi_out | {2 }
	Port: store_gray : addr_out | {2 }
	Port: store_gray : num_pixels | {2 }
  - Chain level:
	State 1
	State 2
		br_ln0 : 1
		m_axi_out_1_phi : 2
		addr_out_load_phi : 2
		num_pixels_load_phi : 2
		add_ln90 : 1
		icmp_ln90 : 3
		br_ln90 : 4
		out_addr : 3
	State 3
		zext_ln95_1 : 1
		add_ln95 : 2
		trunc_ln : 3
		sext_ln95 : 4
		gmem_out_addr : 5
		gmem_out_addr_req : 6
	State 4
		muxLogicData_to_write_ln95 : 1
		write_ln95 : 1
	State 5
	State 6
	State 7
	State 8
	State 9
	State 10
	State 11
	State 12
	State 13
	State 14
	State 15
	State 16
	State 17
	State 18
	State 19
	State 20
	State 21
	State 22
	State 23
	State 24
	State 25
	State 26
	State 27
	State 28
	State 29
	State 30
	State 31
	State 32
	State 33
	State 34
	State 35
	State 36
	State 37
	State 38
	State 39
	State 40
	State 41
	State 42
	State 43
	State 44
	State 45
	State 46
	State 47
	State 48
	State 49
	State 50
	State 51
	State 52
	State 53
	State 54
	State 55
	State 56
	State 57
	State 58
	State 59
	State 60
	State 61
	State 62
	State 63
	State 64
	State 65
	State 66
	State 67
	State 68
	State 69
	State 70
	State 71
	State 72
	State 73
	State 74
	State 75
	State 76
	State 77
	State 78


============================================================
+ Verbose Summary: Datapath Resource usage 
============================================================

* Functional unit list:
|----------|--------------------------------------|---------|---------|
| Operation|            Functional Unit           |    FF   |   LUT   |
|----------|--------------------------------------|---------|---------|
|          |            add_ln90_fu_237           |    0    |    32   |
|    add   |            out_addr_fu_249           |    0    |    32   |
|          |            add_ln95_fu_266           |    0    |    64   |
|----------|--------------------------------------|---------|---------|
|   icmp   |           icmp_ln90_fu_243           |    0    |    13   |
|----------|--------------------------------------|---------|---------|
|          |      num_pixels_read_read_fu_80      |    0    |    0    |
|   read   |       addr_out_read_read_fu_86       |    0    |    0    |
|          |        m_axi_out_1_read_fu_92        |    0    |    0    |
|          |           gray_read_fu_105           |    0    |    0    |
|----------|--------------------------------------|---------|---------|
| writeresp|          grp_writeresp_fu_98         |    0    |    0    |
|----------|--------------------------------------|---------|---------|
|   write  |        write_ln95_write_fu_111       |    0    |    0    |
|----------|--------------------------------------|---------|---------|
|          | muxLogicCE_to_num_pixels_read_fu_231 |    0    |    0    |
|          |  muxLogicCE_to_addr_out_read_fu_233  |    0    |    0    |
| muxlogic |   muxLogicCE_to_m_axi_out_1_fu_235   |    0    |    0    |
|          |       muxLogicCE_to_gray_fu_293      |    0    |    0    |
|          |   muxLogicData_to_write_ln95_fu_300  |    0    |    0    |
|----------|--------------------------------------|---------|---------|
|bitconcatenate|             shl_ln_fu_255            |    0    |    0    |
|----------|--------------------------------------|---------|---------|
|   zext   |          zext_ln95_1_fu_262          |    0    |    0    |
|          |           zext_ln95_fu_295           |    0    |    0    |
|----------|--------------------------------------|---------|---------|
|partselect|            trunc_ln_fu_272           |    0    |    0    |
|----------|--------------------------------------|---------|---------|
|   sext   |           sext_ln95_fu_282           |    0    |    0    |
|----------|--------------------------------------|---------|---------|
|  return  |          return_ln97_fu_304          |    0    |    0    |
|----------|--------------------------------------|---------|---------|
|   Total  |                                      |    0    |   141   |
|----------|--------------------------------------|---------|---------|

Memories:
N/A

* Register list:
+------------------------------+--------+
|                              |   FF   |
+------------------------------+--------+
|       add_ln90_reg_306       |   32   |
|   addr_out_load_phi_reg_205  |   32   |
| addr_out_load_rewind_reg_150 |   32   |
|        do_init_reg_120       |    1   |
|     gmem_out_addr_reg_320    |   32   |
|           i_reg_178          |   32   |
|       icmp_ln90_reg_311      |    1   |
|    m_axi_out_1_phi_reg_192   |   64   |
|  m_axi_out_1_rewind_reg_136  |   64   |
|  num_pixels_load_phi_reg_218 |   32   |
|num_pixels_load_rewind_reg_164|   32   |
|       out_addr_reg_315       |   32   |
+------------------------------+--------+
|             Total            |   386  |
+------------------------------+--------+

* Multiplexer (MUX) list: 
|---------------------|------|------|------|--------||---------||---------||---------|
|         Comp        |  Pin | Size |  BW  | S x BW ||  Delay  ||    FF   ||   LUT   |
|---------------------|------|------|------|--------||---------||---------||---------|
| grp_writeresp_fu_98 |  p0  |   2  |   1  |    2   |
| grp_writeresp_fu_98 |  p1  |   2  |  32  |   64   ||    0    ||    32   |
|   do_init_reg_120   |  p0  |   2  |   1  |    2   ||    0    ||    8    |
|---------------------|------|------|------|--------||---------||---------||---------|
|        Total        |      |      |      |   68   ||  1.164  ||    0    ||    40   |
|---------------------|------|------|------|--------||---------||---------||---------|



* Summary:
+-----------+--------+--------+--------+
|           |  Delay |   FF   |   LUT  |
+-----------+--------+--------+--------+
|  Function |    -   |    0   |   141  |
|   Memory  |    -   |    -   |    -   |
|Multiplexer|    1   |    0   |   40   |
|  Register |    -   |   386  |    -   |
+-----------+--------+--------+--------+
|   Total   |    1   |   386  |   181  |
+-----------+--------+--------+--------+
