Copyright 1986-2022 Xilinx, Inc. All Rights Reserved. Copyright 2022-2024 Advanced Micro Devices, Inc. All Rights Reserved.
----------------------------------------------------------------------------------------------------------------------------------------------------------------------------------------------------------------------------------------------
| Tool Version      : Vivado v.2024.1 (lin64) Build 5076996 Wed May 22 18:36:09 MDT 2024
| Date              : Thu Aug  6 02:27:07 2026
| Host              : linux running 64-bit Ubuntu 22.04.5 LTS
| Command           : report_timing_summary -delay_type max -max_paths 20 -file ${PROJECT_ROOT}/ProyectoFinal/HLS/reports/isolated_inverse/post_route/timing_post_route.rpt
| Design            : wht_lossless_inverse_isolated
| Device            : xck26-sfvc784
| Speed File        : -2LV  PRODUCTION 1.30 05-15-2022
| Design State      : Routed
| Temperature Grade : C
----------------------------------------------------------------------------------------------------------------------------------------------------------------------------------------------------------------------------------------------

Timing Summary Report

------------------------------------------------------------------------------------------------
| Timer Settings
| --------------
------------------------------------------------------------------------------------------------

  Enable Multi Corner Analysis               :  Yes
  Enable Pessimism Removal                   :  Yes
  Pessimism Removal Resolution               :  Nearest Common Node
  Enable Input Delay Default Clock           :  No
  Enable Preset / Clear Arcs                 :  No
  Disable Flight Delays                      :  No
  Ignore I/O Paths                           :  No
  Timing Early Launch at Borrowing Latches   :  No
  Borrow Time for Max Delay Exceptions       :  Yes
  Merge Timing Exceptions                    :  Yes
  Inter-SLR Compensation                     :  Conservative

  Corner  Analyze    Analyze    
  Name    Max Paths  Min Paths  
  ------  ---------  ---------  
  Slow    Yes        Yes        
  Fast    Yes        Yes        


------------------------------------------------------------------------------------------------
| Report Methodology
| ------------------
------------------------------------------------------------------------------------------------

No report available as report_methodology has not been run prior. Run report_methodology on the current design for the summary of methodology violations.



check_timing report

Table of Contents
-----------------
1. checking no_clock (0)
2. checking constant_clock (0)
3. checking pulse_width_clock (0)
4. checking unconstrained_internal_endpoints (0)
5. checking no_input_delay (52)
6. checking no_output_delay (38)
7. checking multiple_clock (0)
8. checking generated_clocks (0)
9. checking loops (0)
10. checking partial_input_delay (0)
11. checking partial_output_delay (0)
12. checking latch_loops (0)

1. checking no_clock (0)
------------------------
 There are 0 register/latch pins with no clock.


2. checking constant_clock (0)
------------------------------
 There are 0 register/latch pins with constant_clock.


3. checking pulse_width_clock (0)
---------------------------------
 There are 0 register/latch pins which need pulse_width check


4. checking unconstrained_internal_endpoints (0)
------------------------------------------------
 There are 0 pins that are not constrained for maximum delay.

 There are 0 pins that are not constrained for maximum delay due to constant clock.


5. checking no_input_delay (52)
-------------------------------
 There are 52 input ports with no input delay specified. (HIGH)

 There are 0 input ports with no input delay but user has a false path constraint.


6. checking no_output_delay (38)
--------------------------------
 There are 38 ports with no output delay specified. (HIGH)

 There are 0 ports with no output delay but user has a false path constraint

 There are 0 ports with no output delay but with a timing clock defined on it or propagating through it


7. checking multiple_clock (0)
------------------------------
 There are 0 register/latch pins with multiple clocks.


8. checking generated_clocks (0)
--------------------------------
 There are 0 generated clocks that are not connected to a clock source.


9. checking loops (0)
---------------------
 There are 0 combinational loops in the design.


10. checking partial_input_delay (0)
------------------------------------
 There are 0 input ports with partial input delay specified.


11. checking partial_output_delay (0)
-------------------------------------
 There are 0 ports with partial output delay specified.


12. checking latch_loops (0)
----------------------------
 There are 0 combinational latch loops in the design through latch input



------------------------------------------------------------------------------------------------
| Design Timing Summary
| ---------------------
------------------------------------------------------------------------------------------------

    WNS(ns)      TNS(ns)  TNS Failing Endpoints  TNS Total Endpoints     WPWS(ns)     TPWS(ns)  TPWS Failing Endpoints  TPWS Total Endpoints  
    -------      -------  ---------------------  -------------------     --------     --------  ----------------------  --------------------  
      5.427        0.000                      0                  868        4.423        0.000                       0                   413  


All user specified timing constraints are met.


------------------------------------------------------------------------------------------------
| Clock Summary
| -------------
------------------------------------------------------------------------------------------------

Clock   Waveform(ns)       Period(ns)      Frequency(MHz)
-----   ------------       ----------      --------------
ap_clk  {0.000 5.000}      10.000          100.000         


------------------------------------------------------------------------------------------------
| Intra Clock Table
| -----------------
------------------------------------------------------------------------------------------------

Clock             WNS(ns)      TNS(ns)  TNS Failing Endpoints  TNS Total Endpoints     WPWS(ns)     TPWS(ns)  TPWS Failing Endpoints  TPWS Total Endpoints  
-----             -------      -------  ---------------------  -------------------     --------     --------  ----------------------  --------------------  
ap_clk              5.427        0.000                      0                  868        4.423        0.000                       0                   413  


------------------------------------------------------------------------------------------------
| Inter Clock Table
| -----------------
------------------------------------------------------------------------------------------------

From Clock    To Clock          WNS(ns)      TNS(ns)  TNS Failing Endpoints  TNS Total Endpoints  
----------    --------          -------      -------  ---------------------  -------------------  


------------------------------------------------------------------------------------------------
| Other Path Groups Table
| -----------------------
------------------------------------------------------------------------------------------------

Path Group    From Clock    To Clock          WNS(ns)      TNS(ns)  TNS Failing Endpoints  TNS Total Endpoints  
----------    ----------    --------          -------      -------  ---------------------  -------------------  


------------------------------------------------------------------------------------------------
| Timing Details
| --------------
------------------------------------------------------------------------------------------------


---------------------------------------------------------------------------------------------------
From Clock:  ap_clk
  To Clock:  ap_clk

Setup :            0  Failing Endpoints,  Worst Slack        5.427ns,  Total Violation        0.000ns
Hold  :           NA  Failing Endpoints,  Worst Slack           NA  ,  Total Violation           NA
PW    :            0  Failing Endpoints,  Worst Slack        4.423ns,  Total Violation        0.000ns
---------------------------------------------------------------------------------------------------


Max Delay Paths
--------------------------------------------------------------------------------------
Slack (MET) :             5.427ns  (required time - arrival time)
  Source:                 s_5_reg_512_reg[4]/C
                            (rising edge-triggered cell FDRE clocked by ap_clk  {rise@0.000ns fall@5.000ns period=10.000ns})
  Destination:            control_s_axi_U/int_block_out/mem_reg/DINADIN[15]
                            (rising edge-triggered cell RAMB18E2 clocked by ap_clk  {rise@0.000ns fall@5.000ns period=10.000ns})
  Path Group:             ap_clk
  Path Type:              Setup (Max at Slow Process Corner)
  Requirement:            10.000ns  (ap_clk rise@10.000ns - ap_clk rise@0.000ns)
  Data Path Delay:        3.945ns  (logic 1.352ns (34.274%)  route 2.593ns (65.726%))
  Logic Levels:           7  (CARRY8=3 LUT2=2 LUT6=2)
  Clock Path Skew:        0.007ns (DCD - SCD + CPR)
    Destination Clock Delay (DCD):    0.049ns = ( 10.049 - 10.000 ) 
    Source Clock Delay      (SCD):    0.042ns
    Clock Pessimism Removal (CPR):    0.000ns
  Clock Uncertainty:      0.035ns  ((TSJ^2 + TIJ^2)^1/2 + DJ) / 2 + PE
    Total System Jitter     (TSJ):    0.071ns
    Total Input Jitter      (TIJ):    0.000ns
    Discrete Jitter          (DJ):    0.000ns
    Phase Error              (PE):    0.000ns

    Location             Delay type                Incr(ns)  Path(ns)    Netlist Resource(s)
  -------------------------------------------------------------------    -------------------
                         (clock ap_clk rise edge)     0.000     0.000 r  
                                                      0.000     0.000 r  ap_clk (IN)
                         net (fo=412, unset)          0.042     0.042    ap_clk
    SLICE_X48Y166        FDRE                                         r  s_5_reg_512_reg[4]/C
  -------------------------------------------------------------------    -------------------
    SLICE_X48Y166        FDRE (Prop_EFF_SLICEL_C_Q)
                                                      0.114     0.156 r  s_5_reg_512_reg[4]/Q
                         net (fo=5, routed)           1.022     1.178    control_s_axi_U/int_block_out/d_9_reg_602_reg[15]_i_2_0[4]
    SLICE_X51Y163        LUT2 (Prop_E6LUT_SLICEL_I0_O)
                                                      0.057     1.235 r  control_s_axi_U/int_block_out/d_9_reg_602[7]_i_14/O
                         net (fo=1, routed)           0.011     1.246    control_s_axi_U/int_block_out/d_9_reg_602[7]_i_14_n_0
    SLICE_X51Y163        CARRY8 (Prop_CARRY8_SLICEL_S[4]_CO[7])
                                                      0.232     1.478 r  control_s_axi_U/int_block_out/d_9_reg_602_reg[7]_i_2/CO[7]
                         net (fo=1, routed)           0.030     1.508    control_s_axi_U/int_block_out/d_9_reg_602_reg[7]_i_2_n_0
    SLICE_X51Y164        CARRY8 (Prop_CARRY8_SLICEL_CI_O[2])
                                                      0.093     1.601 r  control_s_axi_U/int_block_out/d_9_reg_602_reg[15]_i_2/O[2]
                         net (fo=4, routed)           0.184     1.785    control_s_axi_U/int_block_out/sext_ln21_8_fu_404_p1[9]
    SLICE_X49Y164        LUT2 (Prop_B6LUT_SLICEL_I1_O)
                                                      0.224     2.009 r  control_s_axi_U/int_block_out/sub_ln22_7_reg_617[15]_i_17/O
                         net (fo=1, routed)           0.013     2.022    control_s_axi_U/int_block_out/sub_ln22_7_reg_617[15]_i_17_n_0
    SLICE_X49Y164        CARRY8 (Prop_CARRY8_SLICEL_S[1]_O[7])
                                                      0.327     2.349 r  control_s_axi_U/int_block_out/sub_ln22_7_reg_617_reg[15]_i_2/O[7]
                         net (fo=2, routed)           0.654     3.004    control_s_axi_U/int_block_out/data7[15]
    SLICE_X48Y159        LUT6 (Prop_F6LUT_SLICEL_I0_O)
                                                      0.224     3.228 r  control_s_axi_U/int_block_out/mem_reg_i_31/O
                         net (fo=1, routed)           0.337     3.565    control_s_axi_U/int_block_out/mem_reg_i_31_n_0
    SLICE_X44Y162        LUT6 (Prop_F6LUT_SLICEL_I4_O)
                                                      0.081     3.646 r  control_s_axi_U/int_block_out/mem_reg_i_5/O
                         net (fo=1, routed)           0.341     3.987    control_s_axi_U/int_block_out/mem_reg_i_5_n_0
    RAMB18_X1Y64         RAMB18E2                                     r  control_s_axi_U/int_block_out/mem_reg/DINADIN[15]
  -------------------------------------------------------------------    -------------------

                         (clock ap_clk rise edge)    10.000    10.000 r  
                                                      0.000    10.000 r  ap_clk (IN)
                         net (fo=412, unset)          0.049    10.049    control_s_axi_U/int_block_out/ap_clk
    RAMB18_X1Y64         RAMB18E2                                     r  control_s_axi_U/int_block_out/mem_reg/CLKBWRCLK
                         clock pessimism              0.000    10.049    
                         clock uncertainty           -0.035    10.014    
    RAMB18_X1Y64         RAMB18E2 (Setup_RAMB18E2_L_RAMB180_CLKBWRCLK_DINADIN[15])
                                                     -0.600     9.414    control_s_axi_U/int_block_out/mem_reg
  -------------------------------------------------------------------
                         required time                          9.414    
                         arrival time                          -3.987    
  -------------------------------------------------------------------
                         slack                                  5.427    

Slack (MET) :             5.794ns  (required time - arrival time)
  Source:                 control_s_axi_U/int_block_in/mem_reg/CLKBWRCLK
                            (rising edge-triggered cell RAMB36E2 clocked by ap_clk  {rise@0.000ns fall@5.000ns period=10.000ns})
  Destination:            s_10_reg_585_reg[15]/D
                            (rising edge-triggered cell FDRE clocked by ap_clk  {rise@0.000ns fall@5.000ns period=10.000ns})
  Path Group:             ap_clk
  Path Type:              Setup (Max at Slow Process Corner)
  Requirement:            10.000ns  (ap_clk rise@10.000ns - ap_clk rise@0.000ns)
  Data Path Delay:        4.138ns  (logic 2.219ns (53.628%)  route 1.919ns (46.372%))
  Logic Levels:           4  (CARRY8=2 LUT4=1 LUT5=1)
  Clock Path Skew:        -0.077ns (DCD - SCD + CPR)
    Destination Clock Delay (DCD):    0.029ns = ( 10.029 - 10.000 ) 
    Source Clock Delay      (SCD):    0.106ns
    Clock Pessimism Removal (CPR):    0.000ns
  Clock Uncertainty:      0.035ns  ((TSJ^2 + TIJ^2)^1/2 + DJ) / 2 + PE
    Total System Jitter     (TSJ):    0.071ns
    Total Input Jitter      (TIJ):    0.000ns
    Discrete Jitter          (DJ):    0.000ns
    Phase Error              (PE):    0.000ns

    Location             Delay type                Incr(ns)  Path(ns)    Netlist Resource(s)
  -------------------------------------------------------------------    -------------------
                         (clock ap_clk rise edge)     0.000     0.000 r  
                                                      0.000     0.000 r  ap_clk (IN)
                         net (fo=412, unset)          0.106     0.106    control_s_axi_U/int_block_in/ap_clk
    RAMB36_X1Y33         RAMB36E2                                     r  control_s_axi_U/int_block_in/mem_reg/CLKBWRCLK
  -------------------------------------------------------------------    -------------------
    RAMB36_X1Y33         RAMB36E2 (Prop_RAMB36E2_RAMB36_CLKBWRCLK_DOUTBDOUT[3])
                                                      1.318     1.424 r  control_s_axi_U/int_block_in/mem_reg/DOUTBDOUT[3]
                         net (fo=6, routed)           0.851     2.275    control_s_axi_U/int_block_in/int_block_in_q0[3]
    SLICE_X48Y168        LUT4 (Prop_C6LUT_SLICEL_I1_O)
                                                      0.150     2.425 r  control_s_axi_U/int_block_in/s_10_reg_585[7]_i_23/O
                         net (fo=1, routed)           0.015     2.440    control_s_axi_U/int_block_in/s_10_reg_585[7]_i_23_n_0
    SLICE_X48Y168        CARRY8 (Prop_CARRY8_SLICEL_S[2]_O[7])
                                                      0.281     2.721 r  control_s_axi_U/int_block_in/s_10_reg_585_reg[7]_i_9/O[7]
                         net (fo=5, routed)           0.159     2.880    control_s_axi_U/int_block_in/s_4_fu_266_p2[7]
    SLICE_X48Y170        LUT5 (Prop_G6LUT_SLICEL_I1_O)
                                                      0.151     3.031 r  control_s_axi_U/int_block_in/s_10_reg_585[15]_i_8/O
                         net (fo=1, routed)           0.860     3.891    control_s_axi_U/int_block_in/s_10_reg_585[15]_i_8_n_0
    SLICE_X49Y168        CARRY8 (Prop_CARRY8_SLICEL_DI[0]_O[7])
                                                      0.319     4.210 r  control_s_axi_U/int_block_in/s_10_reg_585_reg[15]_i_1/O[7]
                         net (fo=1, routed)           0.034     4.244    s_10_fu_333_p2[15]
    SLICE_X49Y168        FDRE                                         r  s_10_reg_585_reg[15]/D
  -------------------------------------------------------------------    -------------------

                         (clock ap_clk rise edge)    10.000    10.000 r  
                                                      0.000    10.000 r  ap_clk (IN)
                         net (fo=412, unset)          0.029    10.029    ap_clk
    SLICE_X49Y168        FDRE                                         r  s_10_reg_585_reg[15]/C
                         clock pessimism              0.000    10.029    
                         clock uncertainty           -0.035     9.994    
    SLICE_X49Y168        FDRE (Setup_HFF_SLICEL_C_D)
                                                      0.044    10.038    s_10_reg_585_reg[15]
  -------------------------------------------------------------------
                         required time                         10.038    
                         arrival time                          -4.244    
  -------------------------------------------------------------------
                         slack                                  5.794    

Slack (MET) :             5.799ns  (required time - arrival time)
  Source:                 control_s_axi_U/int_block_in/mem_reg/CLKBWRCLK
                            (rising edge-triggered cell RAMB36E2 clocked by ap_clk  {rise@0.000ns fall@5.000ns period=10.000ns})
  Destination:            s_10_reg_585_reg[14]/D
                            (rising edge-triggered cell FDRE clocked by ap_clk  {rise@0.000ns fall@5.000ns period=10.000ns})
  Path Group:             ap_clk
  Path Type:              Setup (Max at Slow Process Corner)
  Requirement:            10.000ns  (ap_clk rise@10.000ns - ap_clk rise@0.000ns)
  Data Path Delay:        4.133ns  (logic 2.214ns (53.572%)  route 1.919ns (46.428%))
  Logic Levels:           4  (CARRY8=2 LUT4=1 LUT5=1)
  Clock Path Skew:        -0.077ns (DCD - SCD + CPR)
    Destination Clock Delay (DCD):    0.029ns = ( 10.029 - 10.000 ) 
    Source Clock Delay      (SCD):    0.106ns
    Clock Pessimism Removal (CPR):    0.000ns
  Clock Uncertainty:      0.035ns  ((TSJ^2 + TIJ^2)^1/2 + DJ) / 2 + PE
    Total System Jitter     (TSJ):    0.071ns
    Total Input Jitter      (TIJ):    0.000ns
    Discrete Jitter          (DJ):    0.000ns
    Phase Error              (PE):    0.000ns

    Location             Delay type                Incr(ns)  Path(ns)    Netlist Resource(s)
  -------------------------------------------------------------------    -------------------
                         (clock ap_clk rise edge)     0.000     0.000 r  
                                                      0.000     0.000 r  ap_clk (IN)
                         net (fo=412, unset)          0.106     0.106    control_s_axi_U/int_block_in/ap_clk
    RAMB36_X1Y33         RAMB36E2                                     r  control_s_axi_U/int_block_in/mem_reg/CLKBWRCLK
  -------------------------------------------------------------------    -------------------
    RAMB36_X1Y33         RAMB36E2 (Prop_RAMB36E2_RAMB36_CLKBWRCLK_DOUTBDOUT[3])
                                                      1.318     1.424 r  control_s_axi_U/int_block_in/mem_reg/DOUTBDOUT[3]
                         net (fo=6, routed)           0.851     2.275    control_s_axi_U/int_block_in/int_block_in_q0[3]
    SLICE_X48Y168        LUT4 (Prop_C6LUT_SLICEL_I1_O)
                                                      0.150     2.425 r  control_s_axi_U/int_block_in/s_10_reg_585[7]_i_23/O
                         net (fo=1, routed)           0.015     2.440    control_s_axi_U/int_block_in/s_10_reg_585[7]_i_23_n_0
    SLICE_X48Y168        CARRY8 (Prop_CARRY8_SLICEL_S[2]_O[7])
                                                      0.281     2.721 r  control_s_axi_U/int_block_in/s_10_reg_585_reg[7]_i_9/O[7]
                         net (fo=5, routed)           0.159     2.880    control_s_axi_U/int_block_in/s_4_fu_266_p2[7]
    SLICE_X48Y170        LUT5 (Prop_G6LUT_SLICEL_I1_O)
                                                      0.151     3.031 r  control_s_axi_U/int_block_in/s_10_reg_585[15]_i_8/O
                         net (fo=1, routed)           0.860     3.891    control_s_axi_U/int_block_in/s_10_reg_585[15]_i_8_n_0
    SLICE_X49Y168        CARRY8 (Prop_CARRY8_SLICEL_DI[0]_O[6])
                                                      0.314     4.205 r  control_s_axi_U/int_block_in/s_10_reg_585_reg[15]_i_1/O[6]
                         net (fo=1, routed)           0.034     4.239    s_10_fu_333_p2[14]
    SLICE_X49Y168        FDRE                                         r  s_10_reg_585_reg[14]/D
  -------------------------------------------------------------------    -------------------

                         (clock ap_clk rise edge)    10.000    10.000 r  
                                                      0.000    10.000 r  ap_clk (IN)
                         net (fo=412, unset)          0.029    10.029    ap_clk
    SLICE_X49Y168        FDRE                                         r  s_10_reg_585_reg[14]/C
                         clock pessimism              0.000    10.029    
                         clock uncertainty           -0.035     9.994    
    SLICE_X49Y168        FDRE (Setup_GFF_SLICEL_C_D)
                                                      0.044    10.038    s_10_reg_585_reg[14]
  -------------------------------------------------------------------
                         required time                         10.038    
                         arrival time                          -4.239    
  -------------------------------------------------------------------
                         slack                                  5.799    

Slack (MET) :             5.801ns  (required time - arrival time)
  Source:                 control_s_axi_U/int_block_in/mem_reg/CLKBWRCLK
                            (rising edge-triggered cell RAMB36E2 clocked by ap_clk  {rise@0.000ns fall@5.000ns period=10.000ns})
  Destination:            s_10_reg_585_reg[13]/D
                            (rising edge-triggered cell FDRE clocked by ap_clk  {rise@0.000ns fall@5.000ns period=10.000ns})
  Path Group:             ap_clk
  Path Type:              Setup (Max at Slow Process Corner)
  Requirement:            10.000ns  (ap_clk rise@10.000ns - ap_clk rise@0.000ns)
  Data Path Delay:        4.131ns  (logic 2.213ns (53.574%)  route 1.918ns (46.426%))
  Logic Levels:           4  (CARRY8=2 LUT4=1 LUT5=1)
  Clock Path Skew:        -0.077ns (DCD - SCD + CPR)
    Destination Clock Delay (DCD):    0.029ns = ( 10.029 - 10.000 ) 
    Source Clock Delay      (SCD):    0.106ns
    Clock Pessimism Removal (CPR):    0.000ns
  Clock Uncertainty:      0.035ns  ((TSJ^2 + TIJ^2)^1/2 + DJ) / 2 + PE
    Total System Jitter     (TSJ):    0.071ns
    Total Input Jitter      (TIJ):    0.000ns
    Discrete Jitter          (DJ):    0.000ns
    Phase Error              (PE):    0.000ns

    Location             Delay type                Incr(ns)  Path(ns)    Netlist Resource(s)
  -------------------------------------------------------------------    -------------------
                         (clock ap_clk rise edge)     0.000     0.000 r  
                                                      0.000     0.000 r  ap_clk (IN)
                         net (fo=412, unset)          0.106     0.106    control_s_axi_U/int_block_in/ap_clk
    RAMB36_X1Y33         RAMB36E2                                     r  control_s_axi_U/int_block_in/mem_reg/CLKBWRCLK
  -------------------------------------------------------------------    -------------------
    RAMB36_X1Y33         RAMB36E2 (Prop_RAMB36E2_RAMB36_CLKBWRCLK_DOUTBDOUT[3])
                                                      1.318     1.424 r  control_s_axi_U/int_block_in/mem_reg/DOUTBDOUT[3]
                         net (fo=6, routed)           0.851     2.275    control_s_axi_U/int_block_in/int_block_in_q0[3]
    SLICE_X48Y168        LUT4 (Prop_C6LUT_SLICEL_I1_O)
                                                      0.150     2.425 r  control_s_axi_U/int_block_in/s_10_reg_585[7]_i_23/O
                         net (fo=1, routed)           0.015     2.440    control_s_axi_U/int_block_in/s_10_reg_585[7]_i_23_n_0
    SLICE_X48Y168        CARRY8 (Prop_CARRY8_SLICEL_S[2]_O[7])
                                                      0.281     2.721 r  control_s_axi_U/int_block_in/s_10_reg_585_reg[7]_i_9/O[7]
                         net (fo=5, routed)           0.159     2.880    control_s_axi_U/int_block_in/s_4_fu_266_p2[7]
    SLICE_X48Y170        LUT5 (Prop_G6LUT_SLICEL_I1_O)
                                                      0.151     3.031 r  control_s_axi_U/int_block_in/s_10_reg_585[15]_i_8/O
                         net (fo=1, routed)           0.860     3.891    control_s_axi_U/int_block_in/s_10_reg_585[15]_i_8_n_0
    SLICE_X49Y168        CARRY8 (Prop_CARRY8_SLICEL_DI[0]_O[5])
                                                      0.313     4.204 r  control_s_axi_U/int_block_in/s_10_reg_585_reg[15]_i_1/O[5]
                         net (fo=1, routed)           0.033     4.237    s_10_fu_333_p2[13]
    SLICE_X49Y168        FDRE                                         r  s_10_reg_585_reg[13]/D
  -------------------------------------------------------------------    -------------------

                         (clock ap_clk rise edge)    10.000    10.000 r  
                                                      0.000    10.000 r  ap_clk (IN)
                         net (fo=412, unset)          0.029    10.029    ap_clk
    SLICE_X49Y168        FDRE                                         r  s_10_reg_585_reg[13]/C
                         clock pessimism              0.000    10.029    
                         clock uncertainty           -0.035     9.994    
    SLICE_X49Y168        FDRE (Setup_FFF_SLICEL_C_D)
                                                      0.044    10.038    s_10_reg_585_reg[13]
  -------------------------------------------------------------------
                         required time                         10.038    
                         arrival time                          -4.237    
  -------------------------------------------------------------------
                         slack                                  5.801    

Slack (MET) :             5.826ns  (required time - arrival time)
  Source:                 control_s_axi_U/int_block_in/mem_reg/CLKBWRCLK
                            (rising edge-triggered cell RAMB36E2 clocked by ap_clk  {rise@0.000ns fall@5.000ns period=10.000ns})
  Destination:            s_10_reg_585_reg[12]/D
                            (rising edge-triggered cell FDRE clocked by ap_clk  {rise@0.000ns fall@5.000ns period=10.000ns})
  Path Group:             ap_clk
  Path Type:              Setup (Max at Slow Process Corner)
  Requirement:            10.000ns  (ap_clk rise@10.000ns - ap_clk rise@0.000ns)
  Data Path Delay:        4.106ns  (logic 2.189ns (53.316%)  route 1.917ns (46.684%))
  Logic Levels:           4  (CARRY8=2 LUT4=1 LUT5=1)
  Clock Path Skew:        -0.077ns (DCD - SCD + CPR)
    Destination Clock Delay (DCD):    0.029ns = ( 10.029 - 10.000 ) 
    Source Clock Delay      (SCD):    0.106ns
    Clock Pessimism Removal (CPR):    0.000ns
  Clock Uncertainty:      0.035ns  ((TSJ^2 + TIJ^2)^1/2 + DJ) / 2 + PE
    Total System Jitter     (TSJ):    0.071ns
    Total Input Jitter      (TIJ):    0.000ns
    Discrete Jitter          (DJ):    0.000ns
    Phase Error              (PE):    0.000ns

    Location             Delay type                Incr(ns)  Path(ns)    Netlist Resource(s)
  -------------------------------------------------------------------    -------------------
                         (clock ap_clk rise edge)     0.000     0.000 r  
                                                      0.000     0.000 r  ap_clk (IN)
                         net (fo=412, unset)          0.106     0.106    control_s_axi_U/int_block_in/ap_clk
    RAMB36_X1Y33         RAMB36E2                                     r  control_s_axi_U/int_block_in/mem_reg/CLKBWRCLK
  -------------------------------------------------------------------    -------------------
    RAMB36_X1Y33         RAMB36E2 (Prop_RAMB36E2_RAMB36_CLKBWRCLK_DOUTBDOUT[3])
                                                      1.318     1.424 r  control_s_axi_U/int_block_in/mem_reg/DOUTBDOUT[3]
                         net (fo=6, routed)           0.851     2.275    control_s_axi_U/int_block_in/int_block_in_q0[3]
    SLICE_X48Y168        LUT4 (Prop_C6LUT_SLICEL_I1_O)
                                                      0.150     2.425 r  control_s_axi_U/int_block_in/s_10_reg_585[7]_i_23/O
                         net (fo=1, routed)           0.015     2.440    control_s_axi_U/int_block_in/s_10_reg_585[7]_i_23_n_0
    SLICE_X48Y168        CARRY8 (Prop_CARRY8_SLICEL_S[2]_O[7])
                                                      0.281     2.721 r  control_s_axi_U/int_block_in/s_10_reg_585_reg[7]_i_9/O[7]
                         net (fo=5, routed)           0.159     2.880    control_s_axi_U/int_block_in/s_4_fu_266_p2[7]
    SLICE_X48Y170        LUT5 (Prop_G6LUT_SLICEL_I1_O)
                                                      0.151     3.031 r  control_s_axi_U/int_block_in/s_10_reg_585[15]_i_8/O
                         net (fo=1, routed)           0.860     3.891    control_s_axi_U/int_block_in/s_10_reg_585[15]_i_8_n_0
    SLICE_X49Y168        CARRY8 (Prop_CARRY8_SLICEL_DI[0]_O[4])
                                                      0.289     4.180 r  control_s_axi_U/int_block_in/s_10_reg_585_reg[15]_i_1/O[4]
                         net (fo=1, routed)           0.032     4.212    s_10_fu_333_p2[12]
    SLICE_X49Y168        FDRE                                         r  s_10_reg_585_reg[12]/D
  -------------------------------------------------------------------    -------------------

                         (clock ap_clk rise edge)    10.000    10.000 r  
                                                      0.000    10.000 r  ap_clk (IN)
                         net (fo=412, unset)          0.029    10.029    ap_clk
    SLICE_X49Y168        FDRE                                         r  s_10_reg_585_reg[12]/C
                         clock pessimism              0.000    10.029    
                         clock uncertainty           -0.035     9.994    
    SLICE_X49Y168        FDRE (Setup_EFF_SLICEL_C_D)
                                                      0.044    10.038    s_10_reg_585_reg[12]
  -------------------------------------------------------------------
                         required time                         10.038    
                         arrival time                          -4.212    
  -------------------------------------------------------------------
                         slack                                  5.826    

Slack (MET) :             5.842ns  (required time - arrival time)
  Source:                 s_5_reg_512_reg[4]/C
                            (rising edge-triggered cell FDRE clocked by ap_clk  {rise@0.000ns fall@5.000ns period=10.000ns})
  Destination:            control_s_axi_U/int_block_out/mem_reg/DINADIN[14]
                            (rising edge-triggered cell RAMB18E2 clocked by ap_clk  {rise@0.000ns fall@5.000ns period=10.000ns})
  Path Group:             ap_clk
  Path Type:              Setup (Max at Slow Process Corner)
  Requirement:            10.000ns  (ap_clk rise@10.000ns - ap_clk rise@0.000ns)
  Data Path Delay:        3.726ns  (logic 1.402ns (37.629%)  route 2.324ns (62.371%))
  Logic Levels:           7  (CARRY8=3 LUT2=2 LUT6=2)
  Clock Path Skew:        0.007ns (DCD - SCD + CPR)
    Destination Clock Delay (DCD):    0.049ns = ( 10.049 - 10.000 ) 
    Source Clock Delay      (SCD):    0.042ns
    Clock Pessimism Removal (CPR):    0.000ns
  Clock Uncertainty:      0.035ns  ((TSJ^2 + TIJ^2)^1/2 + DJ) / 2 + PE
    Total System Jitter     (TSJ):    0.071ns
    Total Input Jitter      (TIJ):    0.000ns
    Discrete Jitter          (DJ):    0.000ns
    Phase Error              (PE):    0.000ns

    Location             Delay type                Incr(ns)  Path(ns)    Netlist Resource(s)
  -------------------------------------------------------------------    -------------------
                         (clock ap_clk rise edge)     0.000     0.000 r  
                                                      0.000     0.000 r  ap_clk (IN)
                         net (fo=412, unset)          0.042     0.042    ap_clk
    SLICE_X48Y166        FDRE                                         r  s_5_reg_512_reg[4]/C
  -------------------------------------------------------------------    -------------------
    SLICE_X48Y166        FDRE (Prop_EFF_SLICEL_C_Q)
                                                      0.114     0.156 r  s_5_reg_512_reg[4]/Q
                         net (fo=5, routed)           1.022     1.178    control_s_axi_U/int_block_out/d_9_reg_602_reg[15]_i_2_0[4]
    SLICE_X51Y163        LUT2 (Prop_E6LUT_SLICEL_I0_O)
                                                      0.057     1.235 r  control_s_axi_U/int_block_out/d_9_reg_602[7]_i_14/O
                         net (fo=1, routed)           0.011     1.246    control_s_axi_U/int_block_out/d_9_reg_602[7]_i_14_n_0
    SLICE_X51Y163        CARRY8 (Prop_CARRY8_SLICEL_S[4]_CO[7])
                                                      0.232     1.478 r  control_s_axi_U/int_block_out/d_9_reg_602_reg[7]_i_2/CO[7]
                         net (fo=1, routed)           0.030     1.508    control_s_axi_U/int_block_out/d_9_reg_602_reg[7]_i_2_n_0
    SLICE_X51Y164        CARRY8 (Prop_CARRY8_SLICEL_CI_O[2])
                                                      0.093     1.601 r  control_s_axi_U/int_block_out/d_9_reg_602_reg[15]_i_2/O[2]
                         net (fo=4, routed)           0.184     1.785    control_s_axi_U/int_block_out/sext_ln21_8_fu_404_p1[9]
    SLICE_X49Y164        LUT2 (Prop_B6LUT_SLICEL_I1_O)
                                                      0.224     2.009 r  control_s_axi_U/int_block_out/sub_ln22_7_reg_617[15]_i_17/O
                         net (fo=1, routed)           0.013     2.022    control_s_axi_U/int_block_out/sub_ln22_7_reg_617[15]_i_17_n_0
    SLICE_X49Y164        CARRY8 (Prop_CARRY8_SLICEL_S[1]_O[6])
                                                      0.306     2.328 r  control_s_axi_U/int_block_out/sub_ln22_7_reg_617_reg[15]_i_2/O[6]
                         net (fo=3, routed)           0.405     2.733    control_s_axi_U/int_block_out/data7[14]
    SLICE_X49Y159        LUT6 (Prop_G6LUT_SLICEL_I0_O)
                                                      0.226     2.959 r  control_s_axi_U/int_block_out/mem_reg_i_33/O
                         net (fo=1, routed)           0.498     3.457    control_s_axi_U/int_block_out/mem_reg_i_33_n_0
    SLICE_X47Y159        LUT6 (Prop_F6LUT_SLICEL_I4_O)
                                                      0.150     3.607 r  control_s_axi_U/int_block_out/mem_reg_i_6__0/O
                         net (fo=1, routed)           0.161     3.768    control_s_axi_U/int_block_out/mem_reg_i_6__0_n_0
    RAMB18_X1Y64         RAMB18E2                                     r  control_s_axi_U/int_block_out/mem_reg/DINADIN[14]
  -------------------------------------------------------------------    -------------------

                         (clock ap_clk rise edge)    10.000    10.000 r  
                                                      0.000    10.000 r  ap_clk (IN)
                         net (fo=412, unset)          0.049    10.049    control_s_axi_U/int_block_out/ap_clk
    RAMB18_X1Y64         RAMB18E2                                     r  control_s_axi_U/int_block_out/mem_reg/CLKBWRCLK
                         clock pessimism              0.000    10.049    
                         clock uncertainty           -0.035    10.014    
    RAMB18_X1Y64         RAMB18E2 (Setup_RAMB18E2_L_RAMB180_CLKBWRCLK_DINADIN[14])
                                                     -0.404     9.610    control_s_axi_U/int_block_out/mem_reg
  -------------------------------------------------------------------
                         required time                          9.610    
                         arrival time                          -3.768    
  -------------------------------------------------------------------
                         slack                                  5.842    

Slack (MET) :             5.849ns  (required time - arrival time)
  Source:                 s_5_reg_512_reg[4]/C
                            (rising edge-triggered cell FDRE clocked by ap_clk  {rise@0.000ns fall@5.000ns period=10.000ns})
  Destination:            control_s_axi_U/int_block_out/mem_reg/DINADIN[9]
                            (rising edge-triggered cell RAMB18E2 clocked by ap_clk  {rise@0.000ns fall@5.000ns period=10.000ns})
  Path Group:             ap_clk
  Path Type:              Setup (Max at Slow Process Corner)
  Requirement:            10.000ns  (ap_clk rise@10.000ns - ap_clk rise@0.000ns)
  Data Path Delay:        3.709ns  (logic 1.203ns (32.436%)  route 2.506ns (67.564%))
  Logic Levels:           8  (CARRY8=4 LUT2=2 LUT6=2)
  Clock Path Skew:        0.007ns (DCD - SCD + CPR)
    Destination Clock Delay (DCD):    0.049ns = ( 10.049 - 10.000 ) 
    Source Clock Delay      (SCD):    0.042ns
    Clock Pessimism Removal (CPR):    0.000ns
  Clock Uncertainty:      0.035ns  ((TSJ^2 + TIJ^2)^1/2 + DJ) / 2 + PE
    Total System Jitter     (TSJ):    0.071ns
    Total Input Jitter      (TIJ):    0.000ns
    Discrete Jitter          (DJ):    0.000ns
    Phase Error              (PE):    0.000ns

    Location             Delay type                Incr(ns)  Path(ns)    Netlist Resource(s)
  -------------------------------------------------------------------    -------------------
                         (clock ap_clk rise edge)     0.000     0.000 r  
                                                      0.000     0.000 r  ap_clk (IN)
                         net (fo=412, unset)          0.042     0.042    ap_clk
    SLICE_X48Y166        FDRE                                         r  s_5_reg_512_reg[4]/C
  -------------------------------------------------------------------    -------------------
    SLICE_X48Y166        FDRE (Prop_EFF_SLICEL_C_Q)
                                                      0.114     0.156 r  s_5_reg_512_reg[4]/Q
                         net (fo=5, routed)           1.022     1.178    control_s_axi_U/int_block_out/d_9_reg_602_reg[15]_i_2_0[4]
    SLICE_X51Y163        LUT2 (Prop_E6LUT_SLICEL_I0_O)
                                                      0.057     1.235 r  control_s_axi_U/int_block_out/d_9_reg_602[7]_i_14/O
                         net (fo=1, routed)           0.011     1.246    control_s_axi_U/int_block_out/d_9_reg_602[7]_i_14_n_0
    SLICE_X51Y163        CARRY8 (Prop_CARRY8_SLICEL_S[4]_CO[7])
                                                      0.232     1.478 r  control_s_axi_U/int_block_out/d_9_reg_602_reg[7]_i_2/CO[7]
                         net (fo=1, routed)           0.030     1.508    control_s_axi_U/int_block_out/d_9_reg_602_reg[7]_i_2_n_0
    SLICE_X51Y164        CARRY8 (Prop_CARRY8_SLICEL_CI_O[0])
                                                      0.078     1.586 r  control_s_axi_U/int_block_out/d_9_reg_602_reg[15]_i_2/O[0]
                         net (fo=4, routed)           0.260     1.846    control_s_axi_U/int_block_out/sext_ln21_8_fu_404_p1[7]
    SLICE_X49Y163        LUT2 (Prop_H6LUT_SLICEL_I1_O)
                                                      0.083     1.929 r  control_s_axi_U/int_block_out/sub_ln22_7_reg_617[7]_i_11/O
                         net (fo=1, routed)           0.015     1.944    control_s_axi_U/int_block_out/sub_ln22_7_reg_617[7]_i_11_n_0
    SLICE_X49Y163        CARRY8 (Prop_CARRY8_SLICEL_S[7]_CO[7])
                                                      0.172     2.116 r  control_s_axi_U/int_block_out/sub_ln22_7_reg_617_reg[7]_i_2/CO[7]
                         net (fo=1, routed)           0.030     2.146    control_s_axi_U/int_block_out/sub_ln22_7_reg_617_reg[7]_i_2_n_0
    SLICE_X49Y164        CARRY8 (Prop_CARRY8_SLICEL_CI_O[1])
                                                      0.106     2.252 r  control_s_axi_U/int_block_out/sub_ln22_7_reg_617_reg[15]_i_2/O[1]
                         net (fo=3, routed)           0.237     2.489    control_s_axi_U/int_block_out/data7[9]
    SLICE_X49Y160        LUT6 (Prop_B6LUT_SLICEL_I0_O)
                                                      0.224     2.713 r  control_s_axi_U/int_block_out/mem_reg_i_43/O
                         net (fo=1, routed)           0.683     3.396    control_s_axi_U/int_block_out/mem_reg_i_43_n_0
    SLICE_X45Y160        LUT6 (Prop_G6LUT_SLICEM_I4_O)
                                                      0.137     3.533 r  control_s_axi_U/int_block_out/mem_reg_i_11__0/O
                         net (fo=1, routed)           0.218     3.751    control_s_axi_U/int_block_out/mem_reg_i_11__0_n_0
    RAMB18_X1Y64         RAMB18E2                                     r  control_s_axi_U/int_block_out/mem_reg/DINADIN[9]
  -------------------------------------------------------------------    -------------------

                         (clock ap_clk rise edge)    10.000    10.000 r  
                                                      0.000    10.000 r  ap_clk (IN)
                         net (fo=412, unset)          0.049    10.049    control_s_axi_U/int_block_out/ap_clk
    RAMB18_X1Y64         RAMB18E2                                     r  control_s_axi_U/int_block_out/mem_reg/CLKBWRCLK
                         clock pessimism              0.000    10.049    
                         clock uncertainty           -0.035    10.014    
    RAMB18_X1Y64         RAMB18E2 (Setup_RAMB18E2_L_RAMB180_CLKBWRCLK_DINADIN[9])
                                                     -0.414     9.600    control_s_axi_U/int_block_out/mem_reg
  -------------------------------------------------------------------
                         required time                          9.600    
                         arrival time                          -3.751    
  -------------------------------------------------------------------
                         slack                                  5.849    

Slack (MET) :             5.895ns  (required time - arrival time)
  Source:                 s_5_reg_512_reg[4]/C
                            (rising edge-triggered cell FDRE clocked by ap_clk  {rise@0.000ns fall@5.000ns period=10.000ns})
  Destination:            control_s_axi_U/int_block_out/mem_reg/DINADIN[12]
                            (rising edge-triggered cell RAMB18E2 clocked by ap_clk  {rise@0.000ns fall@5.000ns period=10.000ns})
  Path Group:             ap_clk
  Path Type:              Setup (Max at Slow Process Corner)
  Requirement:            10.000ns  (ap_clk rise@10.000ns - ap_clk rise@0.000ns)
  Data Path Delay:        3.632ns  (logic 1.275ns (35.101%)  route 2.357ns (64.899%))
  Logic Levels:           7  (CARRY8=3 LUT2=2 LUT6=2)
  Clock Path Skew:        0.007ns (DCD - SCD + CPR)
    Destination Clock Delay (DCD):    0.049ns = ( 10.049 - 10.000 ) 
    Source Clock Delay      (SCD):    0.042ns
    Clock Pessimism Removal (CPR):    0.000ns
  Clock Uncertainty:      0.035ns  ((TSJ^2 + TIJ^2)^1/2 + DJ) / 2 + PE
    Total System Jitter     (TSJ):    0.071ns
    Total Input Jitter      (TIJ):    0.000ns
    Discrete Jitter          (DJ):    0.000ns
    Phase Error              (PE):    0.000ns

    Location             Delay type                Incr(ns)  Path(ns)    Netlist Resource(s)
  -------------------------------------------------------------------    -------------------
                         (clock ap_clk rise edge)     0.000     0.000 r  
                                                      0.000     0.000 r  ap_clk (IN)
                         net (fo=412, unset)          0.042     0.042    ap_clk
    SLICE_X48Y166        FDRE                                         r  s_5_reg_512_reg[4]/C
  -------------------------------------------------------------------    -------------------
    SLICE_X48Y166        FDRE (Prop_EFF_SLICEL_C_Q)
                                                      0.114     0.156 r  s_5_reg_512_reg[4]/Q
                         net (fo=5, routed)           1.022     1.178    control_s_axi_U/int_block_out/d_9_reg_602_reg[15]_i_2_0[4]
    SLICE_X51Y163        LUT2 (Prop_E6LUT_SLICEL_I0_O)
                                                      0.057     1.235 r  control_s_axi_U/int_block_out/d_9_reg_602[7]_i_14/O
                         net (fo=1, routed)           0.011     1.246    control_s_axi_U/int_block_out/d_9_reg_602[7]_i_14_n_0
    SLICE_X51Y163        CARRY8 (Prop_CARRY8_SLICEL_S[4]_CO[7])
                                                      0.232     1.478 r  control_s_axi_U/int_block_out/d_9_reg_602_reg[7]_i_2/CO[7]
                         net (fo=1, routed)           0.030     1.508    control_s_axi_U/int_block_out/d_9_reg_602_reg[7]_i_2_n_0
    SLICE_X51Y164        CARRY8 (Prop_CARRY8_SLICEL_CI_O[2])
                                                      0.093     1.601 r  control_s_axi_U/int_block_out/d_9_reg_602_reg[15]_i_2/O[2]
                         net (fo=4, routed)           0.184     1.785    control_s_axi_U/int_block_out/sext_ln21_8_fu_404_p1[9]
    SLICE_X49Y164        LUT2 (Prop_B6LUT_SLICEL_I1_O)
                                                      0.224     2.009 r  control_s_axi_U/int_block_out/sub_ln22_7_reg_617[15]_i_17/O
                         net (fo=1, routed)           0.013     2.022    control_s_axi_U/int_block_out/sub_ln22_7_reg_617[15]_i_17_n_0
    SLICE_X49Y164        CARRY8 (Prop_CARRY8_SLICEL_S[1]_O[4])
                                                      0.279     2.301 r  control_s_axi_U/int_block_out/sub_ln22_7_reg_617_reg[15]_i_2/O[4]
                         net (fo=3, routed)           0.773     3.074    control_s_axi_U/int_block_out/data7[12]
    SLICE_X45Y163        LUT6 (Prop_D6LUT_SLICEM_I0_O)
                                                      0.220     3.294 r  control_s_axi_U/int_block_out/mem_reg_i_37/O
                         net (fo=1, routed)           0.047     3.341    control_s_axi_U/int_block_out/mem_reg_i_37_n_0
    SLICE_X45Y163        LUT6 (Prop_F6LUT_SLICEM_I4_O)
                                                      0.056     3.397 r  control_s_axi_U/int_block_out/mem_reg_i_8__0/O
                         net (fo=1, routed)           0.277     3.674    control_s_axi_U/int_block_out/mem_reg_i_8__0_n_0
    RAMB18_X1Y64         RAMB18E2                                     r  control_s_axi_U/int_block_out/mem_reg/DINADIN[12]
  -------------------------------------------------------------------    -------------------

                         (clock ap_clk rise edge)    10.000    10.000 r  
                                                      0.000    10.000 r  ap_clk (IN)
                         net (fo=412, unset)          0.049    10.049    control_s_axi_U/int_block_out/ap_clk
    RAMB18_X1Y64         RAMB18E2                                     r  control_s_axi_U/int_block_out/mem_reg/CLKBWRCLK
                         clock pessimism              0.000    10.049    
                         clock uncertainty           -0.035    10.014    
    RAMB18_X1Y64         RAMB18E2 (Setup_RAMB18E2_L_RAMB180_CLKBWRCLK_DINADIN[12])
                                                     -0.444     9.570    control_s_axi_U/int_block_out/mem_reg
  -------------------------------------------------------------------
                         required time                          9.570    
                         arrival time                          -3.674    
  -------------------------------------------------------------------
                         slack                                  5.895    

Slack (MET) :             5.908ns  (required time - arrival time)
  Source:                 control_s_axi_U/int_block_in/mem_reg/CLKBWRCLK
                            (rising edge-triggered cell RAMB36E2 clocked by ap_clk  {rise@0.000ns fall@5.000ns period=10.000ns})
  Destination:            trunc_ln21_3_reg_544_reg[2]/D
                            (rising edge-triggered cell FDRE clocked by ap_clk  {rise@0.000ns fall@5.000ns period=10.000ns})
  Path Group:             ap_clk
  Path Type:              Setup (Max at Slow Process Corner)
  Requirement:            10.000ns  (ap_clk rise@10.000ns - ap_clk rise@0.000ns)
  Data Path Delay:        4.023ns  (logic 1.539ns (38.254%)  route 2.484ns (61.746%))
  Logic Levels:           1  (LUT3=1)
  Clock Path Skew:        -0.077ns (DCD - SCD + CPR)
    Destination Clock Delay (DCD):    0.029ns = ( 10.029 - 10.000 ) 
    Source Clock Delay      (SCD):    0.106ns
    Clock Pessimism Removal (CPR):    0.000ns
  Clock Uncertainty:      0.035ns  ((TSJ^2 + TIJ^2)^1/2 + DJ) / 2 + PE
    Total System Jitter     (TSJ):    0.071ns
    Total Input Jitter      (TIJ):    0.000ns
    Discrete Jitter          (DJ):    0.000ns
    Phase Error              (PE):    0.000ns

    Location             Delay type                Incr(ns)  Path(ns)    Netlist Resource(s)
  -------------------------------------------------------------------    -------------------
                         (clock ap_clk rise edge)     0.000     0.000 r  
                                                      0.000     0.000 r  ap_clk (IN)
                         net (fo=412, unset)          0.106     0.106    control_s_axi_U/int_block_in/ap_clk
    RAMB36_X1Y33         RAMB36E2                                     r  control_s_axi_U/int_block_in/mem_reg/CLKBWRCLK
  -------------------------------------------------------------------    -------------------
    RAMB36_X1Y33         RAMB36E2 (Prop_RAMB36E2_RAMB36_CLKBWRCLK_DOUTBDOUT[3])
                                                      1.318     1.424 r  control_s_axi_U/int_block_in/mem_reg/DOUTBDOUT[3]
                         net (fo=6, routed)           1.337     2.761    control_s_axi_U/int_block_in/int_block_in_q0[3]
    SLICE_X49Y170        LUT3 (Prop_D6LUT_SLICEL_I0_O)
                                                      0.221     2.982 r  control_s_axi_U/int_block_in/reg_228[3]_i_1/O
                         net (fo=5, routed)           1.147     4.129    block_in_q0[3]
    SLICE_X47Y165        FDRE                                         r  trunc_ln21_3_reg_544_reg[2]/D
  -------------------------------------------------------------------    -------------------

                         (clock ap_clk rise edge)    10.000    10.000 r  
                                                      0.000    10.000 r  ap_clk (IN)
                         net (fo=412, unset)          0.029    10.029    ap_clk
    SLICE_X47Y165        FDRE                                         r  trunc_ln21_3_reg_544_reg[2]/C
                         clock pessimism              0.000    10.029    
                         clock uncertainty           -0.035     9.994    
    SLICE_X47Y165        FDRE (Setup_BFF_SLICEL_C_D)
                                                      0.044    10.038    trunc_ln21_3_reg_544_reg[2]
  -------------------------------------------------------------------
                         required time                         10.038    
                         arrival time                          -4.129    
  -------------------------------------------------------------------
                         slack                                  5.908    

Slack (MET) :             5.939ns  (required time - arrival time)
  Source:                 control_s_axi_U/int_block_in/mem_reg/CLKBWRCLK
                            (rising edge-triggered cell RAMB36E2 clocked by ap_clk  {rise@0.000ns fall@5.000ns period=10.000ns})
  Destination:            s_8_reg_574_reg[15]/D
                            (rising edge-triggered cell FDRE clocked by ap_clk  {rise@0.000ns fall@5.000ns period=10.000ns})
  Path Group:             ap_clk
  Path Type:              Setup (Max at Slow Process Corner)
  Requirement:            10.000ns  (ap_clk rise@10.000ns - ap_clk rise@0.000ns)
  Data Path Delay:        3.993ns  (logic 2.319ns (58.076%)  route 1.674ns (41.924%))
  Logic Levels:           5  (CARRY8=3 LUT2=1 LUT4=1)
  Clock Path Skew:        -0.077ns (DCD - SCD + CPR)
    Destination Clock Delay (DCD):    0.029ns = ( 10.029 - 10.000 ) 
    Source Clock Delay      (SCD):    0.106ns
    Clock Pessimism Removal (CPR):    0.000ns
  Clock Uncertainty:      0.035ns  ((TSJ^2 + TIJ^2)^1/2 + DJ) / 2 + PE
    Total System Jitter     (TSJ):    0.071ns
    Total Input Jitter      (TIJ):    0.000ns
    Discrete Jitter          (DJ):    0.000ns
    Phase Error              (PE):    0.000ns

    Location             Delay type                Incr(ns)  Path(ns)    Netlist Resource(s)
  -------------------------------------------------------------------    -------------------
                         (clock ap_clk rise edge)     0.000     0.000 r  
                                                      0.000     0.000 r  ap_clk (IN)
                         net (fo=412, unset)          0.106     0.106    control_s_axi_U/int_block_in/ap_clk
    RAMB36_X1Y33         RAMB36E2                                     r  control_s_axi_U/int_block_in/mem_reg/CLKBWRCLK
  -------------------------------------------------------------------    -------------------
    RAMB36_X1Y33         RAMB36E2 (Prop_RAMB36E2_RAMB36_CLKBWRCLK_DOUTBDOUT[3])
                                                      1.318     1.424 r  control_s_axi_U/int_block_in/mem_reg/DOUTBDOUT[3]
                         net (fo=6, routed)           0.851     2.275    control_s_axi_U/int_block_in/int_block_in_q0[3]
    SLICE_X48Y168        LUT4 (Prop_C6LUT_SLICEL_I1_O)
                                                      0.150     2.425 r  control_s_axi_U/int_block_in/s_10_reg_585[7]_i_23/O
                         net (fo=1, routed)           0.015     2.440    control_s_axi_U/int_block_in/s_10_reg_585[7]_i_23_n_0
    SLICE_X48Y168        CARRY8 (Prop_CARRY8_SLICEL_S[2]_O[7])
                                                      0.281     2.721 r  control_s_axi_U/int_block_in/s_10_reg_585_reg[7]_i_9/O[7]
                         net (fo=5, routed)           0.729     3.450    control_s_axi_U/int_block_in/s_4_fu_266_p2[7]
    SLICE_X50Y166        LUT2 (Prop_H6LUT_SLICEL_I0_O)
                                                      0.227     3.677 r  control_s_axi_U/int_block_in/s_8_reg_574[7]_i_2/O
                         net (fo=1, routed)           0.015     3.692    control_s_axi_U/int_block_in/s_8_reg_574[7]_i_2_n_0
    SLICE_X50Y166        CARRY8 (Prop_CARRY8_SLICEL_S[7]_CO[7])
                                                      0.172     3.864 r  control_s_axi_U/int_block_in/s_8_reg_574_reg[7]_i_1/CO[7]
                         net (fo=1, routed)           0.030     3.894    control_s_axi_U/int_block_in/s_8_reg_574_reg[7]_i_1_n_0
    SLICE_X50Y167        CARRY8 (Prop_CARRY8_SLICEL_CI_O[7])
                                                      0.171     4.065 r  control_s_axi_U/int_block_in/s_8_reg_574_reg[15]_i_1/O[7]
                         net (fo=1, routed)           0.034     4.099    s_8_fu_303_p2[15]
    SLICE_X50Y167        FDRE                                         r  s_8_reg_574_reg[15]/D
  -------------------------------------------------------------------    -------------------

                         (clock ap_clk rise edge)    10.000    10.000 r  
                                                      0.000    10.000 r  ap_clk (IN)
                         net (fo=412, unset)          0.029    10.029    ap_clk
    SLICE_X50Y167        FDRE                                         r  s_8_reg_574_reg[15]/C
                         clock pessimism              0.000    10.029    
                         clock uncertainty           -0.035     9.994    
    SLICE_X50Y167        FDRE (Setup_HFF_SLICEL_C_D)
                                                      0.044    10.038    s_8_reg_574_reg[15]
  -------------------------------------------------------------------
                         required time                         10.038    
                         arrival time                          -4.099    
  -------------------------------------------------------------------
                         slack                                  5.939    

Slack (MET) :             5.944ns  (required time - arrival time)
  Source:                 control_s_axi_U/int_block_in/mem_reg/CLKBWRCLK
                            (rising edge-triggered cell RAMB36E2 clocked by ap_clk  {rise@0.000ns fall@5.000ns period=10.000ns})
  Destination:            s_10_reg_585_reg[11]/D
                            (rising edge-triggered cell FDRE clocked by ap_clk  {rise@0.000ns fall@5.000ns period=10.000ns})
  Path Group:             ap_clk
  Path Type:              Setup (Max at Slow Process Corner)
  Requirement:            10.000ns  (ap_clk rise@10.000ns - ap_clk rise@0.000ns)
  Data Path Delay:        3.988ns  (logic 2.069ns (51.884%)  route 1.919ns (48.116%))
  Logic Levels:           4  (CARRY8=2 LUT4=1 LUT5=1)
  Clock Path Skew:        -0.077ns (DCD - SCD + CPR)
    Destination Clock Delay (DCD):    0.029ns = ( 10.029 - 10.000 ) 
    Source Clock Delay      (SCD):    0.106ns
    Clock Pessimism Removal (CPR):    0.000ns
  Clock Uncertainty:      0.035ns  ((TSJ^2 + TIJ^2)^1/2 + DJ) / 2 + PE
    Total System Jitter     (TSJ):    0.071ns
    Total Input Jitter      (TIJ):    0.000ns
    Discrete Jitter          (DJ):    0.000ns
    Phase Error              (PE):    0.000ns

    Location             Delay type                Incr(ns)  Path(ns)    Netlist Resource(s)
  -------------------------------------------------------------------    -------------------
                         (clock ap_clk rise edge)     0.000     0.000 r  
                                                      0.000     0.000 r  ap_clk (IN)
                         net (fo=412, unset)          0.106     0.106    control_s_axi_U/int_block_in/ap_clk
    RAMB36_X1Y33         RAMB36E2                                     r  control_s_axi_U/int_block_in/mem_reg/CLKBWRCLK
  -------------------------------------------------------------------    -------------------
    RAMB36_X1Y33         RAMB36E2 (Prop_RAMB36E2_RAMB36_CLKBWRCLK_DOUTBDOUT[3])
                                                      1.318     1.424 r  control_s_axi_U/int_block_in/mem_reg/DOUTBDOUT[3]
                         net (fo=6, routed)           0.851     2.275    control_s_axi_U/int_block_in/int_block_in_q0[3]
    SLICE_X48Y168        LUT4 (Prop_C6LUT_SLICEL_I1_O)
                                                      0.150     2.425 r  control_s_axi_U/int_block_in/s_10_reg_585[7]_i_23/O
                         net (fo=1, routed)           0.015     2.440    control_s_axi_U/int_block_in/s_10_reg_585[7]_i_23_n_0
    SLICE_X48Y168        CARRY8 (Prop_CARRY8_SLICEL_S[2]_O[7])
                                                      0.281     2.721 r  control_s_axi_U/int_block_in/s_10_reg_585_reg[7]_i_9/O[7]
                         net (fo=5, routed)           0.159     2.880    control_s_axi_U/int_block_in/s_4_fu_266_p2[7]
    SLICE_X48Y170        LUT5 (Prop_G6LUT_SLICEL_I1_O)
                                                      0.151     3.031 r  control_s_axi_U/int_block_in/s_10_reg_585[15]_i_8/O
                         net (fo=1, routed)           0.860     3.891    control_s_axi_U/int_block_in/s_10_reg_585[15]_i_8_n_0
    SLICE_X49Y168        CARRY8 (Prop_CARRY8_SLICEL_DI[0]_O[3])
                                                      0.169     4.060 r  control_s_axi_U/int_block_in/s_10_reg_585_reg[15]_i_1/O[3]
                         net (fo=1, routed)           0.034     4.094    s_10_fu_333_p2[11]
    SLICE_X49Y168        FDRE                                         r  s_10_reg_585_reg[11]/D
  -------------------------------------------------------------------    -------------------

                         (clock ap_clk rise edge)    10.000    10.000 r  
                                                      0.000    10.000 r  ap_clk (IN)
                         net (fo=412, unset)          0.029    10.029    ap_clk
    SLICE_X49Y168        FDRE                                         r  s_10_reg_585_reg[11]/C
                         clock pessimism              0.000    10.029    
                         clock uncertainty           -0.035     9.994    
    SLICE_X49Y168        FDRE (Setup_DFF_SLICEL_C_D)
                                                      0.044    10.038    s_10_reg_585_reg[11]
  -------------------------------------------------------------------
                         required time                         10.038    
                         arrival time                          -4.094    
  -------------------------------------------------------------------
                         slack                                  5.944    

Slack (MET) :             5.950ns  (required time - arrival time)
  Source:                 control_s_axi_U/int_block_in/mem_reg/CLKBWRCLK
                            (rising edge-triggered cell RAMB36E2 clocked by ap_clk  {rise@0.000ns fall@5.000ns period=10.000ns})
  Destination:            s_8_reg_574_reg[13]/D
                            (rising edge-triggered cell FDRE clocked by ap_clk  {rise@0.000ns fall@5.000ns period=10.000ns})
  Path Group:             ap_clk
  Path Type:              Setup (Max at Slow Process Corner)
  Requirement:            10.000ns  (ap_clk rise@10.000ns - ap_clk rise@0.000ns)
  Data Path Delay:        3.982ns  (logic 2.309ns (57.986%)  route 1.673ns (42.014%))
  Logic Levels:           5  (CARRY8=3 LUT2=1 LUT4=1)
  Clock Path Skew:        -0.077ns (DCD - SCD + CPR)
    Destination Clock Delay (DCD):    0.029ns = ( 10.029 - 10.000 ) 
    Source Clock Delay      (SCD):    0.106ns
    Clock Pessimism Removal (CPR):    0.000ns
  Clock Uncertainty:      0.035ns  ((TSJ^2 + TIJ^2)^1/2 + DJ) / 2 + PE
    Total System Jitter     (TSJ):    0.071ns
    Total Input Jitter      (TIJ):    0.000ns
    Discrete Jitter          (DJ):    0.000ns
    Phase Error              (PE):    0.000ns

    Location             Delay type                Incr(ns)  Path(ns)    Netlist Resource(s)
  -------------------------------------------------------------------    -------------------
                         (clock ap_clk rise edge)     0.000     0.000 r  
                                                      0.000     0.000 r  ap_clk (IN)
                         net (fo=412, unset)          0.106     0.106    control_s_axi_U/int_block_in/ap_clk
    RAMB36_X1Y33         RAMB36E2                                     r  control_s_axi_U/int_block_in/mem_reg/CLKBWRCLK
  -------------------------------------------------------------------    -------------------
    RAMB36_X1Y33         RAMB36E2 (Prop_RAMB36E2_RAMB36_CLKBWRCLK_DOUTBDOUT[3])
                                                      1.318     1.424 r  control_s_axi_U/int_block_in/mem_reg/DOUTBDOUT[3]
                         net (fo=6, routed)           0.851     2.275    control_s_axi_U/int_block_in/int_block_in_q0[3]
    SLICE_X48Y168        LUT4 (Prop_C6LUT_SLICEL_I1_O)
                                                      0.150     2.425 r  control_s_axi_U/int_block_in/s_10_reg_585[7]_i_23/O
                         net (fo=1, routed)           0.015     2.440    control_s_axi_U/int_block_in/s_10_reg_585[7]_i_23_n_0
    SLICE_X48Y168        CARRY8 (Prop_CARRY8_SLICEL_S[2]_O[7])
                                                      0.281     2.721 r  control_s_axi_U/int_block_in/s_10_reg_585_reg[7]_i_9/O[7]
                         net (fo=5, routed)           0.729     3.450    control_s_axi_U/int_block_in/s_4_fu_266_p2[7]
    SLICE_X50Y166        LUT2 (Prop_H6LUT_SLICEL_I0_O)
                                                      0.227     3.677 r  control_s_axi_U/int_block_in/s_8_reg_574[7]_i_2/O
                         net (fo=1, routed)           0.015     3.692    control_s_axi_U/int_block_in/s_8_reg_574[7]_i_2_n_0
    SLICE_X50Y166        CARRY8 (Prop_CARRY8_SLICEL_S[7]_CO[7])
                                                      0.172     3.864 r  control_s_axi_U/int_block_in/s_8_reg_574_reg[7]_i_1/CO[7]
                         net (fo=1, routed)           0.030     3.894    control_s_axi_U/int_block_in/s_8_reg_574_reg[7]_i_1_n_0
    SLICE_X50Y167        CARRY8 (Prop_CARRY8_SLICEL_CI_O[5])
                                                      0.161     4.055 r  control_s_axi_U/int_block_in/s_8_reg_574_reg[15]_i_1/O[5]
                         net (fo=1, routed)           0.033     4.088    s_8_fu_303_p2[13]
    SLICE_X50Y167        FDRE                                         r  s_8_reg_574_reg[13]/D
  -------------------------------------------------------------------    -------------------

                         (clock ap_clk rise edge)    10.000    10.000 r  
                                                      0.000    10.000 r  ap_clk (IN)
                         net (fo=412, unset)          0.029    10.029    ap_clk
    SLICE_X50Y167        FDRE                                         r  s_8_reg_574_reg[13]/C
                         clock pessimism              0.000    10.029    
                         clock uncertainty           -0.035     9.994    
    SLICE_X50Y167        FDRE (Setup_FFF_SLICEL_C_D)
                                                      0.044    10.038    s_8_reg_574_reg[13]
  -------------------------------------------------------------------
                         required time                         10.038    
                         arrival time                          -4.088    
  -------------------------------------------------------------------
                         slack                                  5.950    

Slack (MET) :             5.950ns  (required time - arrival time)
  Source:                 s_5_reg_512_reg[4]/C
                            (rising edge-triggered cell FDRE clocked by ap_clk  {rise@0.000ns fall@5.000ns period=10.000ns})
  Destination:            control_s_axi_U/int_block_out/mem_reg/DINADIN[7]
                            (rising edge-triggered cell RAMB18E2 clocked by ap_clk  {rise@0.000ns fall@5.000ns period=10.000ns})
  Path Group:             ap_clk
  Path Type:              Setup (Max at Slow Process Corner)
  Requirement:            10.000ns  (ap_clk rise@10.000ns - ap_clk rise@0.000ns)
  Data Path Delay:        3.615ns  (logic 0.784ns (21.689%)  route 2.831ns (78.311%))
  Logic Levels:           7  (CARRY8=3 LUT2=2 LUT6=2)
  Clock Path Skew:        0.007ns (DCD - SCD + CPR)
    Destination Clock Delay (DCD):    0.049ns = ( 10.049 - 10.000 ) 
    Source Clock Delay      (SCD):    0.042ns
    Clock Pessimism Removal (CPR):    0.000ns
  Clock Uncertainty:      0.035ns  ((TSJ^2 + TIJ^2)^1/2 + DJ) / 2 + PE
    Total System Jitter     (TSJ):    0.071ns
    Total Input Jitter      (TIJ):    0.000ns
    Discrete Jitter          (DJ):    0.000ns
    Phase Error              (PE):    0.000ns

    Location             Delay type                Incr(ns)  Path(ns)    Netlist Resource(s)
  -------------------------------------------------------------------    -------------------
                         (clock ap_clk rise edge)     0.000     0.000 r  
                                                      0.000     0.000 r  ap_clk (IN)
                         net (fo=412, unset)          0.042     0.042    ap_clk
    SLICE_X48Y166        FDRE                                         r  s_5_reg_512_reg[4]/C
  -------------------------------------------------------------------    -------------------
    SLICE_X48Y166        FDRE (Prop_EFF_SLICEL_C_Q)
                                                      0.114     0.156 r  s_5_reg_512_reg[4]/Q
                         net (fo=5, routed)           1.022     1.178    control_s_axi_U/int_block_out/d_9_reg_602_reg[15]_i_2_0[4]
    SLICE_X51Y163        LUT2 (Prop_E6LUT_SLICEL_I0_O)
                                                      0.057     1.235 r  control_s_axi_U/int_block_out/d_9_reg_602[7]_i_14/O
                         net (fo=1, routed)           0.011     1.246    control_s_axi_U/int_block_out/d_9_reg_602[7]_i_14_n_0
    SLICE_X51Y163        CARRY8 (Prop_CARRY8_SLICEL_S[4]_CO[7])
                                                      0.232     1.478 r  control_s_axi_U/int_block_out/d_9_reg_602_reg[7]_i_2/CO[7]
                         net (fo=1, routed)           0.030     1.508    control_s_axi_U/int_block_out/d_9_reg_602_reg[7]_i_2_n_0
    SLICE_X51Y164        CARRY8 (Prop_CARRY8_SLICEL_CI_O[0])
                                                      0.078     1.586 r  control_s_axi_U/int_block_out/d_9_reg_602_reg[15]_i_2/O[0]
                         net (fo=4, routed)           0.260     1.846    control_s_axi_U/int_block_out/sext_ln21_8_fu_404_p1[7]
    SLICE_X49Y163        LUT2 (Prop_H6LUT_SLICEL_I1_O)
                                                      0.083     1.929 r  control_s_axi_U/int_block_out/sub_ln22_7_reg_617[7]_i_11/O
                         net (fo=1, routed)           0.015     1.944    control_s_axi_U/int_block_out/sub_ln22_7_reg_617[7]_i_11_n_0
    SLICE_X49Y163        CARRY8 (Prop_CARRY8_SLICEL_S[7]_O[7])
                                                      0.079     2.023 r  control_s_axi_U/int_block_out/sub_ln22_7_reg_617_reg[7]_i_2/O[7]
                         net (fo=3, routed)           0.200     2.223    control_s_axi_U/int_block_out/data7[7]
    SLICE_X50Y161        LUT6 (Prop_C6LUT_SLICEL_I0_O)
                                                      0.081     2.304 r  control_s_axi_U/int_block_out/mem_reg_i_47/O
                         net (fo=1, routed)           0.864     3.168    control_s_axi_U/int_block_out/mem_reg_i_47_n_0
    SLICE_X45Y164        LUT6 (Prop_H6LUT_SLICEM_I4_O)
                                                      0.060     3.228 r  control_s_axi_U/int_block_out/mem_reg_i_13__0/O
                         net (fo=2, routed)           0.429     3.657    control_s_axi_U/int_block_out/mem_reg_i_13__0_n_0
    RAMB18_X1Y64         RAMB18E2                                     r  control_s_axi_U/int_block_out/mem_reg/DINADIN[7]
  -------------------------------------------------------------------    -------------------

                         (clock ap_clk rise edge)    10.000    10.000 r  
                                                      0.000    10.000 r  ap_clk (IN)
                         net (fo=412, unset)          0.049    10.049    control_s_axi_U/int_block_out/ap_clk
    RAMB18_X1Y64         RAMB18E2                                     r  control_s_axi_U/int_block_out/mem_reg/CLKBWRCLK
                         clock pessimism              0.000    10.049    
                         clock uncertainty           -0.035    10.014    
    RAMB18_X1Y64         RAMB18E2 (Setup_RAMB18E2_L_RAMB180_CLKBWRCLK_DINADIN[7])
                                                     -0.407     9.607    control_s_axi_U/int_block_out/mem_reg
  -------------------------------------------------------------------
                         required time                          9.607    
                         arrival time                          -3.657    
  -------------------------------------------------------------------
                         slack                                  5.950    

Slack (MET) :             5.953ns  (required time - arrival time)
  Source:                 control_s_axi_U/int_block_in/mem_reg/CLKBWRCLK
                            (rising edge-triggered cell RAMB36E2 clocked by ap_clk  {rise@0.000ns fall@5.000ns period=10.000ns})
  Destination:            s_8_reg_574_reg[14]/D
                            (rising edge-triggered cell FDRE clocked by ap_clk  {rise@0.000ns fall@5.000ns period=10.000ns})
  Path Group:             ap_clk
  Path Type:              Setup (Max at Slow Process Corner)
  Requirement:            10.000ns  (ap_clk rise@10.000ns - ap_clk rise@0.000ns)
  Data Path Delay:        3.979ns  (logic 2.305ns (57.929%)  route 1.674ns (42.071%))
  Logic Levels:           5  (CARRY8=3 LUT2=1 LUT4=1)
  Clock Path Skew:        -0.077ns (DCD - SCD + CPR)
    Destination Clock Delay (DCD):    0.029ns = ( 10.029 - 10.000 ) 
    Source Clock Delay      (SCD):    0.106ns
    Clock Pessimism Removal (CPR):    0.000ns
  Clock Uncertainty:      0.035ns  ((TSJ^2 + TIJ^2)^1/2 + DJ) / 2 + PE
    Total System Jitter     (TSJ):    0.071ns
    Total Input Jitter      (TIJ):    0.000ns
    Discrete Jitter          (DJ):    0.000ns
    Phase Error              (PE):    0.000ns

    Location             Delay type                Incr(ns)  Path(ns)    Netlist Resource(s)
  -------------------------------------------------------------------    -------------------
                         (clock ap_clk rise edge)     0.000     0.000 r  
                                                      0.000     0.000 r  ap_clk (IN)
                         net (fo=412, unset)          0.106     0.106    control_s_axi_U/int_block_in/ap_clk
    RAMB36_X1Y33         RAMB36E2                                     r  control_s_axi_U/int_block_in/mem_reg/CLKBWRCLK
  -------------------------------------------------------------------    -------------------
    RAMB36_X1Y33         RAMB36E2 (Prop_RAMB36E2_RAMB36_CLKBWRCLK_DOUTBDOUT[3])
                                                      1.318     1.424 r  control_s_axi_U/int_block_in/mem_reg/DOUTBDOUT[3]
                         net (fo=6, routed)           0.851     2.275    control_s_axi_U/int_block_in/int_block_in_q0[3]
    SLICE_X48Y168        LUT4 (Prop_C6LUT_SLICEL_I1_O)
                                                      0.150     2.425 r  control_s_axi_U/int_block_in/s_10_reg_585[7]_i_23/O
                         net (fo=1, routed)           0.015     2.440    control_s_axi_U/int_block_in/s_10_reg_585[7]_i_23_n_0
    SLICE_X48Y168        CARRY8 (Prop_CARRY8_SLICEL_S[2]_O[7])
                                                      0.281     2.721 r  control_s_axi_U/int_block_in/s_10_reg_585_reg[7]_i_9/O[7]
                         net (fo=5, routed)           0.729     3.450    control_s_axi_U/int_block_in/s_4_fu_266_p2[7]
    SLICE_X50Y166        LUT2 (Prop_H6LUT_SLICEL_I0_O)
                                                      0.227     3.677 r  control_s_axi_U/int_block_in/s_8_reg_574[7]_i_2/O
                         net (fo=1, routed)           0.015     3.692    control_s_axi_U/int_block_in/s_8_reg_574[7]_i_2_n_0
    SLICE_X50Y166        CARRY8 (Prop_CARRY8_SLICEL_S[7]_CO[7])
                                                      0.172     3.864 r  control_s_axi_U/int_block_in/s_8_reg_574_reg[7]_i_1/CO[7]
                         net (fo=1, routed)           0.030     3.894    control_s_axi_U/int_block_in/s_8_reg_574_reg[7]_i_1_n_0
    SLICE_X50Y167        CARRY8 (Prop_CARRY8_SLICEL_CI_O[6])
                                                      0.157     4.051 r  control_s_axi_U/int_block_in/s_8_reg_574_reg[15]_i_1/O[6]
                         net (fo=1, routed)           0.034     4.085    s_8_fu_303_p2[14]
    SLICE_X50Y167        FDRE                                         r  s_8_reg_574_reg[14]/D
  -------------------------------------------------------------------    -------------------

                         (clock ap_clk rise edge)    10.000    10.000 r  
                                                      0.000    10.000 r  ap_clk (IN)
                         net (fo=412, unset)          0.029    10.029    ap_clk
    SLICE_X50Y167        FDRE                                         r  s_8_reg_574_reg[14]/C
                         clock pessimism              0.000    10.029    
                         clock uncertainty           -0.035     9.994    
    SLICE_X50Y167        FDRE (Setup_GFF_SLICEL_C_D)
                                                      0.044    10.038    s_8_reg_574_reg[14]
  -------------------------------------------------------------------
                         required time                         10.038    
                         arrival time                          -4.085    
  -------------------------------------------------------------------
                         slack                                  5.953    

Slack (MET) :             5.957ns  (required time - arrival time)
  Source:                 control_s_axi_U/int_block_in/mem_reg/CLKBWRCLK
                            (rising edge-triggered cell RAMB36E2 clocked by ap_clk  {rise@0.000ns fall@5.000ns period=10.000ns})
  Destination:            s_10_reg_585_reg[10]/D
                            (rising edge-triggered cell FDRE clocked by ap_clk  {rise@0.000ns fall@5.000ns period=10.000ns})
  Path Group:             ap_clk
  Path Type:              Setup (Max at Slow Process Corner)
  Requirement:            10.000ns  (ap_clk rise@10.000ns - ap_clk rise@0.000ns)
  Data Path Delay:        3.975ns  (logic 2.056ns (51.727%)  route 1.919ns (48.273%))
  Logic Levels:           4  (CARRY8=2 LUT4=1 LUT5=1)
  Clock Path Skew:        -0.077ns (DCD - SCD + CPR)
    Destination Clock Delay (DCD):    0.029ns = ( 10.029 - 10.000 ) 
    Source Clock Delay      (SCD):    0.106ns
    Clock Pessimism Removal (CPR):    0.000ns
  Clock Uncertainty:      0.035ns  ((TSJ^2 + TIJ^2)^1/2 + DJ) / 2 + PE
    Total System Jitter     (TSJ):    0.071ns
    Total Input Jitter      (TIJ):    0.000ns
    Discrete Jitter          (DJ):    0.000ns
    Phase Error              (PE):    0.000ns

    Location             Delay type                Incr(ns)  Path(ns)    Netlist Resource(s)
  -------------------------------------------------------------------    -------------------
                         (clock ap_clk rise edge)     0.000     0.000 r  
                                                      0.000     0.000 r  ap_clk (IN)
                         net (fo=412, unset)          0.106     0.106    control_s_axi_U/int_block_in/ap_clk
    RAMB36_X1Y33         RAMB36E2                                     r  control_s_axi_U/int_block_in/mem_reg/CLKBWRCLK
  -------------------------------------------------------------------    -------------------
    RAMB36_X1Y33         RAMB36E2 (Prop_RAMB36E2_RAMB36_CLKBWRCLK_DOUTBDOUT[3])
                                                      1.318     1.424 r  control_s_axi_U/int_block_in/mem_reg/DOUTBDOUT[3]
                         net (fo=6, routed)           0.851     2.275    control_s_axi_U/int_block_in/int_block_in_q0[3]
    SLICE_X48Y168        LUT4 (Prop_C6LUT_SLICEL_I1_O)
                                                      0.150     2.425 r  control_s_axi_U/int_block_in/s_10_reg_585[7]_i_23/O
                         net (fo=1, routed)           0.015     2.440    control_s_axi_U/int_block_in/s_10_reg_585[7]_i_23_n_0
    SLICE_X48Y168        CARRY8 (Prop_CARRY8_SLICEL_S[2]_O[7])
                                                      0.281     2.721 r  control_s_axi_U/int_block_in/s_10_reg_585_reg[7]_i_9/O[7]
                         net (fo=5, routed)           0.159     2.880    control_s_axi_U/int_block_in/s_4_fu_266_p2[7]
    SLICE_X48Y170        LUT5 (Prop_G6LUT_SLICEL_I1_O)
                                                      0.151     3.031 r  control_s_axi_U/int_block_in/s_10_reg_585[15]_i_8/O
                         net (fo=1, routed)           0.860     3.891    control_s_axi_U/int_block_in/s_10_reg_585[15]_i_8_n_0
    SLICE_X49Y168        CARRY8 (Prop_CARRY8_SLICEL_DI[0]_O[2])
                                                      0.156     4.047 r  control_s_axi_U/int_block_in/s_10_reg_585_reg[15]_i_1/O[2]
                         net (fo=1, routed)           0.034     4.081    s_10_fu_333_p2[10]
    SLICE_X49Y168        FDRE                                         r  s_10_reg_585_reg[10]/D
  -------------------------------------------------------------------    -------------------

                         (clock ap_clk rise edge)    10.000    10.000 r  
                                                      0.000    10.000 r  ap_clk (IN)
                         net (fo=412, unset)          0.029    10.029    ap_clk
    SLICE_X49Y168        FDRE                                         r  s_10_reg_585_reg[10]/C
                         clock pessimism              0.000    10.029    
                         clock uncertainty           -0.035     9.994    
    SLICE_X49Y168        FDRE (Setup_CFF_SLICEL_C_D)
                                                      0.044    10.038    s_10_reg_585_reg[10]
  -------------------------------------------------------------------
                         required time                         10.038    
                         arrival time                          -4.081    
  -------------------------------------------------------------------
                         slack                                  5.957    

Slack (MET) :             5.976ns  (required time - arrival time)
  Source:                 s_5_reg_512_reg[4]/C
                            (rising edge-triggered cell FDRE clocked by ap_clk  {rise@0.000ns fall@5.000ns period=10.000ns})
  Destination:            control_s_axi_U/int_block_out/mem_reg/DINBDIN[7]
                            (rising edge-triggered cell RAMB18E2 clocked by ap_clk  {rise@0.000ns fall@5.000ns period=10.000ns})
  Path Group:             ap_clk
  Path Type:              Setup (Max at Slow Process Corner)
  Requirement:            10.000ns  (ap_clk rise@10.000ns - ap_clk rise@0.000ns)
  Data Path Delay:        3.558ns  (logic 0.784ns (22.037%)  route 2.774ns (77.963%))
  Logic Levels:           7  (CARRY8=3 LUT2=2 LUT6=2)
  Clock Path Skew:        0.007ns (DCD - SCD + CPR)
    Destination Clock Delay (DCD):    0.049ns = ( 10.049 - 10.000 ) 
    Source Clock Delay      (SCD):    0.042ns
    Clock Pessimism Removal (CPR):    0.000ns
  Clock Uncertainty:      0.035ns  ((TSJ^2 + TIJ^2)^1/2 + DJ) / 2 + PE
    Total System Jitter     (TSJ):    0.071ns
    Total Input Jitter      (TIJ):    0.000ns
    Discrete Jitter          (DJ):    0.000ns
    Phase Error              (PE):    0.000ns

    Location             Delay type                Incr(ns)  Path(ns)    Netlist Resource(s)
  -------------------------------------------------------------------    -------------------
                         (clock ap_clk rise edge)     0.000     0.000 r  
                                                      0.000     0.000 r  ap_clk (IN)
                         net (fo=412, unset)          0.042     0.042    ap_clk
    SLICE_X48Y166        FDRE                                         r  s_5_reg_512_reg[4]/C
  -------------------------------------------------------------------    -------------------
    SLICE_X48Y166        FDRE (Prop_EFF_SLICEL_C_Q)
                                                      0.114     0.156 r  s_5_reg_512_reg[4]/Q
                         net (fo=5, routed)           1.022     1.178    control_s_axi_U/int_block_out/d_9_reg_602_reg[15]_i_2_0[4]
    SLICE_X51Y163        LUT2 (Prop_E6LUT_SLICEL_I0_O)
                                                      0.057     1.235 r  control_s_axi_U/int_block_out/d_9_reg_602[7]_i_14/O
                         net (fo=1, routed)           0.011     1.246    control_s_axi_U/int_block_out/d_9_reg_602[7]_i_14_n_0
    SLICE_X51Y163        CARRY8 (Prop_CARRY8_SLICEL_S[4]_CO[7])
                                                      0.232     1.478 r  control_s_axi_U/int_block_out/d_9_reg_602_reg[7]_i_2/CO[7]
                         net (fo=1, routed)           0.030     1.508    control_s_axi_U/int_block_out/d_9_reg_602_reg[7]_i_2_n_0
    SLICE_X51Y164        CARRY8 (Prop_CARRY8_SLICEL_CI_O[0])
                                                      0.078     1.586 r  control_s_axi_U/int_block_out/d_9_reg_602_reg[15]_i_2/O[0]
                         net (fo=4, routed)           0.260     1.846    control_s_axi_U/int_block_out/sext_ln21_8_fu_404_p1[7]
    SLICE_X49Y163        LUT2 (Prop_H6LUT_SLICEL_I1_O)
                                                      0.083     1.929 r  control_s_axi_U/int_block_out/sub_ln22_7_reg_617[7]_i_11/O
                         net (fo=1, routed)           0.015     1.944    control_s_axi_U/int_block_out/sub_ln22_7_reg_617[7]_i_11_n_0
    SLICE_X49Y163        CARRY8 (Prop_CARRY8_SLICEL_S[7]_O[7])
                                                      0.079     2.023 r  control_s_axi_U/int_block_out/sub_ln22_7_reg_617_reg[7]_i_2/O[7]
                         net (fo=3, routed)           0.200     2.223    control_s_axi_U/int_block_out/data7[7]
    SLICE_X50Y161        LUT6 (Prop_C6LUT_SLICEL_I0_O)
                                                      0.081     2.304 r  control_s_axi_U/int_block_out/mem_reg_i_47/O
                         net (fo=1, routed)           0.864     3.168    control_s_axi_U/int_block_out/mem_reg_i_47_n_0
    SLICE_X45Y164        LUT6 (Prop_H6LUT_SLICEM_I4_O)
                                                      0.060     3.228 r  control_s_axi_U/int_block_out/mem_reg_i_13__0/O
                         net (fo=2, routed)           0.372     3.600    control_s_axi_U/int_block_out/mem_reg_i_13__0_n_0
    RAMB18_X1Y64         RAMB18E2                                     r  control_s_axi_U/int_block_out/mem_reg/DINBDIN[7]
  -------------------------------------------------------------------    -------------------

                         (clock ap_clk rise edge)    10.000    10.000 r  
                                                      0.000    10.000 r  ap_clk (IN)
                         net (fo=412, unset)          0.049    10.049    control_s_axi_U/int_block_out/ap_clk
    RAMB18_X1Y64         RAMB18E2                                     r  control_s_axi_U/int_block_out/mem_reg/CLKBWRCLK
                         clock pessimism              0.000    10.049    
                         clock uncertainty           -0.035    10.014    
    RAMB18_X1Y64         RAMB18E2 (Setup_RAMB18E2_L_RAMB180_CLKBWRCLK_DINBDIN[7])
                                                     -0.438     9.576    control_s_axi_U/int_block_out/mem_reg
  -------------------------------------------------------------------
                         required time                          9.576    
                         arrival time                          -3.600    
  -------------------------------------------------------------------
                         slack                                  5.976    

Slack (MET) :             5.990ns  (required time - arrival time)
  Source:                 s_5_reg_512_reg[4]/C
                            (rising edge-triggered cell FDRE clocked by ap_clk  {rise@0.000ns fall@5.000ns period=10.000ns})
  Destination:            control_s_axi_U/int_block_out/mem_reg/DINADIN[10]
                            (rising edge-triggered cell RAMB18E2 clocked by ap_clk  {rise@0.000ns fall@5.000ns period=10.000ns})
  Path Group:             ap_clk
  Path Type:              Setup (Max at Slow Process Corner)
  Requirement:            10.000ns  (ap_clk rise@10.000ns - ap_clk rise@0.000ns)
  Data Path Delay:        3.578ns  (logic 1.065ns (29.762%)  route 2.513ns (70.238%))
  Logic Levels:           8  (CARRY8=4 LUT2=2 LUT6=2)
  Clock Path Skew:        0.007ns (DCD - SCD + CPR)
    Destination Clock Delay (DCD):    0.049ns = ( 10.049 - 10.000 ) 
    Source Clock Delay      (SCD):    0.042ns
    Clock Pessimism Removal (CPR):    0.000ns
  Clock Uncertainty:      0.035ns  ((TSJ^2 + TIJ^2)^1/2 + DJ) / 2 + PE
    Total System Jitter     (TSJ):    0.071ns
    Total Input Jitter      (TIJ):    0.000ns
    Discrete Jitter          (DJ):    0.000ns
    Phase Error              (PE):    0.000ns

    Location             Delay type                Incr(ns)  Path(ns)    Netlist Resource(s)
  -------------------------------------------------------------------    -------------------
                         (clock ap_clk rise edge)     0.000     0.000 r  
                                                      0.000     0.000 r  ap_clk (IN)
                         net (fo=412, unset)          0.042     0.042    ap_clk
    SLICE_X48Y166        FDRE                                         r  s_5_reg_512_reg[4]/C
  -------------------------------------------------------------------    -------------------
    SLICE_X48Y166        FDRE (Prop_EFF_SLICEL_C_Q)
                                                      0.114     0.156 r  s_5_reg_512_reg[4]/Q
                         net (fo=5, routed)           1.022     1.178    control_s_axi_U/int_block_out/d_9_reg_602_reg[15]_i_2_0[4]
    SLICE_X51Y163        LUT2 (Prop_E6LUT_SLICEL_I0_O)
                                                      0.057     1.235 r  control_s_axi_U/int_block_out/d_9_reg_602[7]_i_14/O
                         net (fo=1, routed)           0.011     1.246    control_s_axi_U/int_block_out/d_9_reg_602[7]_i_14_n_0
    SLICE_X51Y163        CARRY8 (Prop_CARRY8_SLICEL_S[4]_CO[7])
                                                      0.232     1.478 r  control_s_axi_U/int_block_out/d_9_reg_602_reg[7]_i_2/CO[7]
                         net (fo=1, routed)           0.030     1.508    control_s_axi_U/int_block_out/d_9_reg_602_reg[7]_i_2_n_0
    SLICE_X51Y164        CARRY8 (Prop_CARRY8_SLICEL_CI_O[0])
                                                      0.078     1.586 r  control_s_axi_U/int_block_out/d_9_reg_602_reg[15]_i_2/O[0]
                         net (fo=4, routed)           0.260     1.846    control_s_axi_U/int_block_out/sext_ln21_8_fu_404_p1[7]
    SLICE_X49Y163        LUT2 (Prop_H6LUT_SLICEL_I1_O)
                                                      0.083     1.929 r  control_s_axi_U/int_block_out/sub_ln22_7_reg_617[7]_i_11/O
                         net (fo=1, routed)           0.015     1.944    control_s_axi_U/int_block_out/sub_ln22_7_reg_617[7]_i_11_n_0
    SLICE_X49Y163        CARRY8 (Prop_CARRY8_SLICEL_S[7]_CO[7])
                                                      0.172     2.116 r  control_s_axi_U/int_block_out/sub_ln22_7_reg_617_reg[7]_i_2/CO[7]
                         net (fo=1, routed)           0.030     2.146    control_s_axi_U/int_block_out/sub_ln22_7_reg_617_reg[7]_i_2_n_0
    SLICE_X49Y164        CARRY8 (Prop_CARRY8_SLICEL_CI_O[2])
                                                      0.093     2.239 r  control_s_axi_U/int_block_out/sub_ln22_7_reg_617_reg[15]_i_2/O[2]
                         net (fo=3, routed)           0.691     2.930    control_s_axi_U/int_block_out/data7[10]
    SLICE_X48Y161        LUT6 (Prop_D6LUT_SLICEL_I0_O)
                                                      0.152     3.082 r  control_s_axi_U/int_block_out/mem_reg_i_41/O
                         net (fo=1, routed)           0.234     3.316    control_s_axi_U/int_block_out/mem_reg_i_41_n_0
    SLICE_X45Y160        LUT6 (Prop_H6LUT_SLICEM_I4_O)
                                                      0.084     3.400 r  control_s_axi_U/int_block_out/mem_reg_i_10__0/O
                         net (fo=1, routed)           0.220     3.620    control_s_axi_U/int_block_out/mem_reg_i_10__0_n_0
    RAMB18_X1Y64         RAMB18E2                                     r  control_s_axi_U/int_block_out/mem_reg/DINADIN[10]
  -------------------------------------------------------------------    -------------------

                         (clock ap_clk rise edge)    10.000    10.000 r  
                                                      0.000    10.000 r  ap_clk (IN)
                         net (fo=412, unset)          0.049    10.049    control_s_axi_U/int_block_out/ap_clk
    RAMB18_X1Y64         RAMB18E2                                     r  control_s_axi_U/int_block_out/mem_reg/CLKBWRCLK
                         clock pessimism              0.000    10.049    
                         clock uncertainty           -0.035    10.014    
    RAMB18_X1Y64         RAMB18E2 (Setup_RAMB18E2_L_RAMB180_CLKBWRCLK_DINADIN[10])
                                                     -0.403     9.611    control_s_axi_U/int_block_out/mem_reg
  -------------------------------------------------------------------
                         required time                          9.611    
                         arrival time                          -3.620    
  -------------------------------------------------------------------
                         slack                                  5.990    

Slack (MET) :             5.993ns  (required time - arrival time)
  Source:                 control_s_axi_U/int_block_in/mem_reg/CLKBWRCLK
                            (rising edge-triggered cell RAMB36E2 clocked by ap_clk  {rise@0.000ns fall@5.000ns period=10.000ns})
  Destination:            s_8_reg_574_reg[12]/D
                            (rising edge-triggered cell FDRE clocked by ap_clk  {rise@0.000ns fall@5.000ns period=10.000ns})
  Path Group:             ap_clk
  Path Type:              Setup (Max at Slow Process Corner)
  Requirement:            10.000ns  (ap_clk rise@10.000ns - ap_clk rise@0.000ns)
  Data Path Delay:        3.939ns  (logic 2.267ns (57.552%)  route 1.672ns (42.448%))
  Logic Levels:           5  (CARRY8=3 LUT2=1 LUT4=1)
  Clock Path Skew:        -0.077ns (DCD - SCD + CPR)
    Destination Clock Delay (DCD):    0.029ns = ( 10.029 - 10.000 ) 
    Source Clock Delay      (SCD):    0.106ns
    Clock Pessimism Removal (CPR):    0.000ns
  Clock Uncertainty:      0.035ns  ((TSJ^2 + TIJ^2)^1/2 + DJ) / 2 + PE
    Total System Jitter     (TSJ):    0.071ns
    Total Input Jitter      (TIJ):    0.000ns
    Discrete Jitter          (DJ):    0.000ns
    Phase Error              (PE):    0.000ns

    Location             Delay type                Incr(ns)  Path(ns)    Netlist Resource(s)
  -------------------------------------------------------------------    -------------------
                         (clock ap_clk rise edge)     0.000     0.000 r  
                                                      0.000     0.000 r  ap_clk (IN)
                         net (fo=412, unset)          0.106     0.106    control_s_axi_U/int_block_in/ap_clk
    RAMB36_X1Y33         RAMB36E2                                     r  control_s_axi_U/int_block_in/mem_reg/CLKBWRCLK
  -------------------------------------------------------------------    -------------------
    RAMB36_X1Y33         RAMB36E2 (Prop_RAMB36E2_RAMB36_CLKBWRCLK_DOUTBDOUT[3])
                                                      1.318     1.424 r  control_s_axi_U/int_block_in/mem_reg/DOUTBDOUT[3]
                         net (fo=6, routed)           0.851     2.275    control_s_axi_U/int_block_in/int_block_in_q0[3]
    SLICE_X48Y168        LUT4 (Prop_C6LUT_SLICEL_I1_O)
                                                      0.150     2.425 r  control_s_axi_U/int_block_in/s_10_reg_585[7]_i_23/O
                         net (fo=1, routed)           0.015     2.440    control_s_axi_U/int_block_in/s_10_reg_585[7]_i_23_n_0
    SLICE_X48Y168        CARRY8 (Prop_CARRY8_SLICEL_S[2]_O[7])
                                                      0.281     2.721 r  control_s_axi_U/int_block_in/s_10_reg_585_reg[7]_i_9/O[7]
                         net (fo=5, routed)           0.729     3.450    control_s_axi_U/int_block_in/s_4_fu_266_p2[7]
    SLICE_X50Y166        LUT2 (Prop_H6LUT_SLICEL_I0_O)
                                                      0.227     3.677 r  control_s_axi_U/int_block_in/s_8_reg_574[7]_i_2/O
                         net (fo=1, routed)           0.015     3.692    control_s_axi_U/int_block_in/s_8_reg_574[7]_i_2_n_0
    SLICE_X50Y166        CARRY8 (Prop_CARRY8_SLICEL_S[7]_CO[7])
                                                      0.172     3.864 r  control_s_axi_U/int_block_in/s_8_reg_574_reg[7]_i_1/CO[7]
                         net (fo=1, routed)           0.030     3.894    control_s_axi_U/int_block_in/s_8_reg_574_reg[7]_i_1_n_0
    SLICE_X50Y167        CARRY8 (Prop_CARRY8_SLICEL_CI_O[4])
                                                      0.119     4.013 r  control_s_axi_U/int_block_in/s_8_reg_574_reg[15]_i_1/O[4]
                         net (fo=1, routed)           0.032     4.045    s_8_fu_303_p2[12]
    SLICE_X50Y167        FDRE                                         r  s_8_reg_574_reg[12]/D
  -------------------------------------------------------------------    -------------------

                         (clock ap_clk rise edge)    10.000    10.000 r  
                                                      0.000    10.000 r  ap_clk (IN)
                         net (fo=412, unset)          0.029    10.029    ap_clk
    SLICE_X50Y167        FDRE                                         r  s_8_reg_574_reg[12]/C
                         clock pessimism              0.000    10.029    
                         clock uncertainty           -0.035     9.994    
    SLICE_X50Y167        FDRE (Setup_EFF_SLICEL_C_D)
                                                      0.044    10.038    s_8_reg_574_reg[12]
  -------------------------------------------------------------------
                         required time                         10.038    
                         arrival time                          -4.045    
  -------------------------------------------------------------------
                         slack                                  5.993    

Slack (MET) :             5.996ns  (required time - arrival time)
  Source:                 control_s_axi_U/int_block_in/mem_reg/CLKBWRCLK
                            (rising edge-triggered cell RAMB36E2 clocked by ap_clk  {rise@0.000ns fall@5.000ns period=10.000ns})
  Destination:            s_8_reg_574_reg[11]/D
                            (rising edge-triggered cell FDRE clocked by ap_clk  {rise@0.000ns fall@5.000ns period=10.000ns})
  Path Group:             ap_clk
  Path Type:              Setup (Max at Slow Process Corner)
  Requirement:            10.000ns  (ap_clk rise@10.000ns - ap_clk rise@0.000ns)
  Data Path Delay:        3.936ns  (logic 2.262ns (57.469%)  route 1.674ns (42.531%))
  Logic Levels:           5  (CARRY8=3 LUT2=1 LUT4=1)
  Clock Path Skew:        -0.077ns (DCD - SCD + CPR)
    Destination Clock Delay (DCD):    0.029ns = ( 10.029 - 10.000 ) 
    Source Clock Delay      (SCD):    0.106ns
    Clock Pessimism Removal (CPR):    0.000ns
  Clock Uncertainty:      0.035ns  ((TSJ^2 + TIJ^2)^1/2 + DJ) / 2 + PE
    Total System Jitter     (TSJ):    0.071ns
    Total Input Jitter      (TIJ):    0.000ns
    Discrete Jitter          (DJ):    0.000ns
    Phase Error              (PE):    0.000ns

    Location             Delay type                Incr(ns)  Path(ns)    Netlist Resource(s)
  -------------------------------------------------------------------    -------------------
                         (clock ap_clk rise edge)     0.000     0.000 r  
                                                      0.000     0.000 r  ap_clk (IN)
                         net (fo=412, unset)          0.106     0.106    control_s_axi_U/int_block_in/ap_clk
    RAMB36_X1Y33         RAMB36E2                                     r  control_s_axi_U/int_block_in/mem_reg/CLKBWRCLK
  -------------------------------------------------------------------    -------------------
    RAMB36_X1Y33         RAMB36E2 (Prop_RAMB36E2_RAMB36_CLKBWRCLK_DOUTBDOUT[3])
                                                      1.318     1.424 r  control_s_axi_U/int_block_in/mem_reg/DOUTBDOUT[3]
                         net (fo=6, routed)           0.851     2.275    control_s_axi_U/int_block_in/int_block_in_q0[3]
    SLICE_X48Y168        LUT4 (Prop_C6LUT_SLICEL_I1_O)
                                                      0.150     2.425 r  control_s_axi_U/int_block_in/s_10_reg_585[7]_i_23/O
                         net (fo=1, routed)           0.015     2.440    control_s_axi_U/int_block_in/s_10_reg_585[7]_i_23_n_0
    SLICE_X48Y168        CARRY8 (Prop_CARRY8_SLICEL_S[2]_O[7])
                                                      0.281     2.721 r  control_s_axi_U/int_block_in/s_10_reg_585_reg[7]_i_9/O[7]
                         net (fo=5, routed)           0.729     3.450    control_s_axi_U/int_block_in/s_4_fu_266_p2[7]
    SLICE_X50Y166        LUT2 (Prop_H6LUT_SLICEL_I0_O)
                                                      0.227     3.677 r  control_s_axi_U/int_block_in/s_8_reg_574[7]_i_2/O
                         net (fo=1, routed)           0.015     3.692    control_s_axi_U/int_block_in/s_8_reg_574[7]_i_2_n_0
    SLICE_X50Y166        CARRY8 (Prop_CARRY8_SLICEL_S[7]_CO[7])
                                                      0.172     3.864 r  control_s_axi_U/int_block_in/s_8_reg_574_reg[7]_i_1/CO[7]
                         net (fo=1, routed)           0.030     3.894    control_s_axi_U/int_block_in/s_8_reg_574_reg[7]_i_1_n_0
    SLICE_X50Y167        CARRY8 (Prop_CARRY8_SLICEL_CI_O[3])
                                                      0.114     4.008 r  control_s_axi_U/int_block_in/s_8_reg_574_reg[15]_i_1/O[3]
                         net (fo=1, routed)           0.034     4.042    s_8_fu_303_p2[11]
    SLICE_X50Y167        FDRE                                         r  s_8_reg_574_reg[11]/D
  -------------------------------------------------------------------    -------------------

                         (clock ap_clk rise edge)    10.000    10.000 r  
                                                      0.000    10.000 r  ap_clk (IN)
                         net (fo=412, unset)          0.029    10.029    ap_clk
    SLICE_X50Y167        FDRE                                         r  s_8_reg_574_reg[11]/C
                         clock pessimism              0.000    10.029    
                         clock uncertainty           -0.035     9.994    
    SLICE_X50Y167        FDRE (Setup_DFF_SLICEL_C_D)
                                                      0.044    10.038    s_8_reg_574_reg[11]
  -------------------------------------------------------------------
                         required time                         10.038    
                         arrival time                          -4.042    
  -------------------------------------------------------------------
                         slack                                  5.996    

Slack (MET) :             6.000ns  (required time - arrival time)
  Source:                 control_s_axi_U/int_block_in/mem_reg/CLKBWRCLK
                            (rising edge-triggered cell RAMB36E2 clocked by ap_clk  {rise@0.000ns fall@5.000ns period=10.000ns})
  Destination:            s_10_reg_585_reg[9]/D
                            (rising edge-triggered cell FDRE clocked by ap_clk  {rise@0.000ns fall@5.000ns period=10.000ns})
  Path Group:             ap_clk
  Path Type:              Setup (Max at Slow Process Corner)
  Requirement:            10.000ns  (ap_clk rise@10.000ns - ap_clk rise@0.000ns)
  Data Path Delay:        3.932ns  (logic 2.162ns (54.984%)  route 1.770ns (45.016%))
  Logic Levels:           5  (CARRY8=3 LUT4=1 LUT5=1)
  Clock Path Skew:        -0.077ns (DCD - SCD + CPR)
    Destination Clock Delay (DCD):    0.029ns = ( 10.029 - 10.000 ) 
    Source Clock Delay      (SCD):    0.106ns
    Clock Pessimism Removal (CPR):    0.000ns
  Clock Uncertainty:      0.035ns  ((TSJ^2 + TIJ^2)^1/2 + DJ) / 2 + PE
    Total System Jitter     (TSJ):    0.071ns
    Total Input Jitter      (TIJ):    0.000ns
    Discrete Jitter          (DJ):    0.000ns
    Phase Error              (PE):    0.000ns

    Location             Delay type                Incr(ns)  Path(ns)    Netlist Resource(s)
  -------------------------------------------------------------------    -------------------
                         (clock ap_clk rise edge)     0.000     0.000 r  
                                                      0.000     0.000 r  ap_clk (IN)
                         net (fo=412, unset)          0.106     0.106    control_s_axi_U/int_block_in/ap_clk
    RAMB36_X1Y33         RAMB36E2                                     r  control_s_axi_U/int_block_in/mem_reg/CLKBWRCLK
  -------------------------------------------------------------------    -------------------
    RAMB36_X1Y33         RAMB36E2 (Prop_RAMB36E2_RAMB36_CLKBWRCLK_DOUTBDOUT[3])
                                                      1.318     1.424 r  control_s_axi_U/int_block_in/mem_reg/DOUTBDOUT[3]
                         net (fo=6, routed)           0.851     2.275    control_s_axi_U/int_block_in/int_block_in_q0[3]
    SLICE_X48Y168        LUT4 (Prop_C6LUT_SLICEL_I1_O)
                                                      0.150     2.425 r  control_s_axi_U/int_block_in/s_10_reg_585[7]_i_23/O
                         net (fo=1, routed)           0.015     2.440    control_s_axi_U/int_block_in/s_10_reg_585[7]_i_23_n_0
    SLICE_X48Y168        CARRY8 (Prop_CARRY8_SLICEL_S[2]_O[5])
                                                      0.278     2.718 r  control_s_axi_U/int_block_in/s_10_reg_585_reg[7]_i_9/O[5]
                         net (fo=5, routed)           0.302     3.020    control_s_axi_U/int_block_in/s_4_fu_266_p2[5]
    SLICE_X47Y165        LUT5 (Prop_G6LUT_SLICEL_I1_O)
                                                      0.226     3.246 r  control_s_axi_U/int_block_in/s_10_reg_585[7]_i_3/O
                         net (fo=1, routed)           0.539     3.785    control_s_axi_U/int_block_in/s_10_reg_585[7]_i_3_n_0
    SLICE_X49Y167        CARRY8 (Prop_CARRY8_SLICEL_DI[6]_CO[7])
                                                      0.084     3.869 r  control_s_axi_U/int_block_in/s_10_reg_585_reg[7]_i_1/CO[7]
                         net (fo=1, routed)           0.030     3.899    control_s_axi_U/int_block_in/s_10_reg_585_reg[7]_i_1_n_0
    SLICE_X49Y168        CARRY8 (Prop_CARRY8_SLICEL_CI_O[1])
                                                      0.106     4.005 r  control_s_axi_U/int_block_in/s_10_reg_585_reg[15]_i_1/O[1]
                         net (fo=1, routed)           0.033     4.038    s_10_fu_333_p2[9]
    SLICE_X49Y168        FDRE                                         r  s_10_reg_585_reg[9]/D
  -------------------------------------------------------------------    -------------------

                         (clock ap_clk rise edge)    10.000    10.000 r  
                                                      0.000    10.000 r  ap_clk (IN)
                         net (fo=412, unset)          0.029    10.029    ap_clk
    SLICE_X49Y168        FDRE                                         r  s_10_reg_585_reg[9]/C
                         clock pessimism              0.000    10.029    
                         clock uncertainty           -0.035     9.994    
    SLICE_X49Y168        FDRE (Setup_BFF_SLICEL_C_D)
                                                      0.044    10.038    s_10_reg_585_reg[9]
  -------------------------------------------------------------------
                         required time                         10.038    
                         arrival time                          -4.038    
  -------------------------------------------------------------------
                         slack                                  6.000    





Pulse Width Checks
--------------------------------------------------------------------------------------
Clock Name:         ap_clk
Waveform(ns):       { 0.000 5.000 }
Period(ns):         10.000
Sources:            { ap_clk }

Check Type        Corner  Lib Pin             Reference Pin  Required(ns)  Actual(ns)  Slack(ns)  Location       Pin
Min Period        n/a     RAMB36E2/CLKARDCLK  n/a            1.960         10.000      8.040      RAMB36_X1Y33   control_s_axi_U/int_block_in/mem_reg/CLKARDCLK
Min Period        n/a     RAMB18E2/CLKARDCLK  n/a            1.960         10.000      8.040      RAMB18_X1Y64   control_s_axi_U/int_block_out/mem_reg/CLKARDCLK
Min Period        n/a     RAMB18E2/CLKBWRCLK  n/a            1.960         10.000      8.040      RAMB18_X1Y64   control_s_axi_U/int_block_out/mem_reg/CLKBWRCLK
Min Period        n/a     RAMB36E2/CLKBWRCLK  n/a            1.709         10.000      8.291      RAMB36_X1Y33   control_s_axi_U/int_block_in/mem_reg/CLKBWRCLK
Min Period        n/a     FDRE/C              n/a            0.550         10.000      9.450      SLICE_X48Y162  add_ln21_7_reg_622_reg[0]/C
Min Period        n/a     FDRE/C              n/a            0.550         10.000      9.450      SLICE_X48Y163  add_ln21_7_reg_622_reg[10]/C
Min Period        n/a     FDRE/C              n/a            0.550         10.000      9.450      SLICE_X48Y163  add_ln21_7_reg_622_reg[11]/C
Min Period        n/a     FDRE/C              n/a            0.550         10.000      9.450      SLICE_X48Y163  add_ln21_7_reg_622_reg[12]/C
Min Period        n/a     FDRE/C              n/a            0.550         10.000      9.450      SLICE_X48Y163  add_ln21_7_reg_622_reg[13]/C
Min Period        n/a     FDRE/C              n/a            0.550         10.000      9.450      SLICE_X48Y163  add_ln21_7_reg_622_reg[14]/C
Min Period        n/a     FDRE/C              n/a            0.550         10.000      9.450      SLICE_X48Y163  add_ln21_7_reg_622_reg[15]/C
Min Period        n/a     FDRE/C              n/a            0.550         10.000      9.450      SLICE_X48Y162  add_ln21_7_reg_622_reg[1]/C
Min Period        n/a     FDRE/C              n/a            0.550         10.000      9.450      SLICE_X48Y162  add_ln21_7_reg_622_reg[2]/C
Min Period        n/a     FDRE/C              n/a            0.550         10.000      9.450      SLICE_X48Y162  add_ln21_7_reg_622_reg[3]/C
Min Period        n/a     FDRE/C              n/a            0.550         10.000      9.450      SLICE_X48Y162  add_ln21_7_reg_622_reg[4]/C
Min Period        n/a     FDRE/C              n/a            0.550         10.000      9.450      SLICE_X48Y162  add_ln21_7_reg_622_reg[5]/C
Min Period        n/a     FDRE/C              n/a            0.550         10.000      9.450      SLICE_X48Y162  add_ln21_7_reg_622_reg[6]/C
Min Period        n/a     FDRE/C              n/a            0.550         10.000      9.450      SLICE_X48Y162  add_ln21_7_reg_622_reg[7]/C
Min Period        n/a     FDRE/C              n/a            0.550         10.000      9.450      SLICE_X48Y163  add_ln21_7_reg_622_reg[8]/C
Min Period        n/a     FDRE/C              n/a            0.550         10.000      9.450      SLICE_X48Y163  add_ln21_7_reg_622_reg[9]/C
Low Pulse Width   Slow    RAMB36E2/CLKARDCLK  n/a            0.577         5.000       4.423      RAMB36_X1Y33   control_s_axi_U/int_block_in/mem_reg/CLKARDCLK
Low Pulse Width   Fast    RAMB36E2/CLKARDCLK  n/a            0.577         5.000       4.423      RAMB36_X1Y33   control_s_axi_U/int_block_in/mem_reg/CLKARDCLK
Low Pulse Width   Slow    RAMB36E2/CLKBWRCLK  n/a            0.577         5.000       4.423      RAMB36_X1Y33   control_s_axi_U/int_block_in/mem_reg/CLKBWRCLK
Low Pulse Width   Fast    RAMB36E2/CLKBWRCLK  n/a            0.577         5.000       4.423      RAMB36_X1Y33   control_s_axi_U/int_block_in/mem_reg/CLKBWRCLK
Low Pulse Width   Slow    RAMB18E2/CLKARDCLK  n/a            0.577         5.000       4.423      RAMB18_X1Y64   control_s_axi_U/int_block_out/mem_reg/CLKARDCLK
Low Pulse Width   Fast    RAMB18E2/CLKARDCLK  n/a            0.577         5.000       4.423      RAMB18_X1Y64   control_s_axi_U/int_block_out/mem_reg/CLKARDCLK
Low Pulse Width   Slow    RAMB18E2/CLKBWRCLK  n/a            0.577         5.000       4.423      RAMB18_X1Y64   control_s_axi_U/int_block_out/mem_reg/CLKBWRCLK
Low Pulse Width   Fast    RAMB18E2/CLKBWRCLK  n/a            0.577         5.000       4.423      RAMB18_X1Y64   control_s_axi_U/int_block_out/mem_reg/CLKBWRCLK
Low Pulse Width   Slow    FDRE/C              n/a            0.275         5.000       4.725      SLICE_X48Y162  add_ln21_7_reg_622_reg[0]/C
Low Pulse Width   Fast    FDRE/C              n/a            0.275         5.000       4.725      SLICE_X48Y162  add_ln21_7_reg_622_reg[0]/C
Low Pulse Width   Slow    FDRE/C              n/a            0.275         5.000       4.725      SLICE_X48Y163  add_ln21_7_reg_622_reg[10]/C
Low Pulse Width   Fast    FDRE/C              n/a            0.275         5.000       4.725      SLICE_X48Y163  add_ln21_7_reg_622_reg[10]/C
Low Pulse Width   Slow    FDRE/C              n/a            0.275         5.000       4.725      SLICE_X48Y163  add_ln21_7_reg_622_reg[11]/C
Low Pulse Width   Fast    FDRE/C              n/a            0.275         5.000       4.725      SLICE_X48Y163  add_ln21_7_reg_622_reg[11]/C
Low Pulse Width   Slow    FDRE/C              n/a            0.275         5.000       4.725      SLICE_X48Y163  add_ln21_7_reg_622_reg[12]/C
Low Pulse Width   Fast    FDRE/C              n/a            0.275         5.000       4.725      SLICE_X48Y163  add_ln21_7_reg_622_reg[12]/C
Low Pulse Width   Slow    FDRE/C              n/a            0.275         5.000       4.725      SLICE_X48Y163  add_ln21_7_reg_622_reg[13]/C
Low Pulse Width   Fast    FDRE/C              n/a            0.275         5.000       4.725      SLICE_X48Y163  add_ln21_7_reg_622_reg[13]/C
Low Pulse Width   Slow    FDRE/C              n/a            0.275         5.000       4.725      SLICE_X48Y163  add_ln21_7_reg_622_reg[14]/C
Low Pulse Width   Fast    FDRE/C              n/a            0.275         5.000       4.725      SLICE_X48Y163  add_ln21_7_reg_622_reg[14]/C
High Pulse Width  Slow    RAMB36E2/CLKARDCLK  n/a            0.577         5.000       4.423      RAMB36_X1Y33   control_s_axi_U/int_block_in/mem_reg/CLKARDCLK
High Pulse Width  Fast    RAMB36E2/CLKARDCLK  n/a            0.577         5.000       4.423      RAMB36_X1Y33   control_s_axi_U/int_block_in/mem_reg/CLKARDCLK
High Pulse Width  Slow    RAMB36E2/CLKBWRCLK  n/a            0.577         5.000       4.423      RAMB36_X1Y33   control_s_axi_U/int_block_in/mem_reg/CLKBWRCLK
High Pulse Width  Fast    RAMB36E2/CLKBWRCLK  n/a            0.577         5.000       4.423      RAMB36_X1Y33   control_s_axi_U/int_block_in/mem_reg/CLKBWRCLK
High Pulse Width  Slow    RAMB18E2/CLKARDCLK  n/a            0.577         5.000       4.423      RAMB18_X1Y64   control_s_axi_U/int_block_out/mem_reg/CLKARDCLK
High Pulse Width  Fast    RAMB18E2/CLKARDCLK  n/a            0.577         5.000       4.423      RAMB18_X1Y64   control_s_axi_U/int_block_out/mem_reg/CLKARDCLK
High Pulse Width  Slow    RAMB18E2/CLKBWRCLK  n/a            0.577         5.000       4.423      RAMB18_X1Y64   control_s_axi_U/int_block_out/mem_reg/CLKBWRCLK
High Pulse Width  Fast    RAMB18E2/CLKBWRCLK  n/a            0.577         5.000       4.423      RAMB18_X1Y64   control_s_axi_U/int_block_out/mem_reg/CLKBWRCLK
High Pulse Width  Slow    FDRE/C              n/a            0.275         5.000       4.725      SLICE_X48Y162  add_ln21_7_reg_622_reg[0]/C
High Pulse Width  Fast    FDRE/C              n/a            0.275         5.000       4.725      SLICE_X48Y162  add_ln21_7_reg_622_reg[0]/C
High Pulse Width  Slow    FDRE/C              n/a            0.275         5.000       4.725      SLICE_X48Y163  add_ln21_7_reg_622_reg[10]/C
High Pulse Width  Fast    FDRE/C              n/a            0.275         5.000       4.725      SLICE_X48Y163  add_ln21_7_reg_622_reg[10]/C
High Pulse Width  Slow    FDRE/C              n/a            0.275         5.000       4.725      SLICE_X48Y163  add_ln21_7_reg_622_reg[11]/C
High Pulse Width  Fast    FDRE/C              n/a            0.275         5.000       4.725      SLICE_X48Y163  add_ln21_7_reg_622_reg[11]/C
High Pulse Width  Slow    FDRE/C              n/a            0.275         5.000       4.725      SLICE_X48Y163  add_ln21_7_reg_622_reg[12]/C
High Pulse Width  Fast    FDRE/C              n/a            0.275         5.000       4.725      SLICE_X48Y163  add_ln21_7_reg_622_reg[12]/C
High Pulse Width  Slow    FDRE/C              n/a            0.275         5.000       4.725      SLICE_X48Y163  add_ln21_7_reg_622_reg[13]/C
High Pulse Width  Fast    FDRE/C              n/a            0.275         5.000       4.725      SLICE_X48Y163  add_ln21_7_reg_622_reg[13]/C
High Pulse Width  Slow    FDRE/C              n/a            0.275         5.000       4.725      SLICE_X48Y163  add_ln21_7_reg_622_reg[14]/C
High Pulse Width  Fast    FDRE/C              n/a            0.275         5.000       4.725      SLICE_X48Y163  add_ln21_7_reg_622_reg[14]/C



