Copyright 1986-2022 Xilinx, Inc. All Rights Reserved. Copyright 2022-2024 Advanced Micro Devices, Inc. All Rights Reserved.
------------------------------------------------------------------------------------------------------------------------------------------------------------------------------------------------------------------------------------------------------
| Tool Version      : Vivado v.2024.1 (lin64) Build 5076996 Wed May 22 18:36:09 MDT 2024
| Date              : Thu Aug  6 01:16:26 2026
| Host              : linux running 64-bit Ubuntu 22.04.5 LTS
| Command           : report_timing_summary -delay_type max -max_paths 20 -file ${PROJECT_ROOT}/ProyectoFinal/HLS/reports/isolated_forward/timing_sweep/5p0ns/timing_post_route.rpt
| Design            : wht_lossless_forward_isolated
| Device            : xck26-sfvc784
| Speed File        : -2LV  PRODUCTION 1.30 05-15-2022
| Design State      : Routed
| Temperature Grade : C
------------------------------------------------------------------------------------------------------------------------------------------------------------------------------------------------------------------------------------------------------

Timing Summary Report

------------------------------------------------------------------------------------------------
| Timer Settings
| --------------
------------------------------------------------------------------------------------------------

  Enable Multi Corner Analysis               :  Yes
  Enable Pessimism Removal                   :  Yes
  Pessimism Removal Resolution               :  Nearest Common Node
  Enable Input Delay Default Clock           :  No
  Enable Preset / Clear Arcs                 :  No
  Disable Flight Delays                      :  No
  Ignore I/O Paths                           :  No
  Timing Early Launch at Borrowing Latches   :  No
  Borrow Time for Max Delay Exceptions       :  Yes
  Merge Timing Exceptions                    :  Yes
  Inter-SLR Compensation                     :  Conservative

  Corner  Analyze    Analyze    
  Name    Max Paths  Min Paths  
  ------  ---------  ---------  
  Slow    Yes        Yes        
  Fast    Yes        Yes        


------------------------------------------------------------------------------------------------
| Report Methodology
| ------------------
------------------------------------------------------------------------------------------------

No report available as report_methodology has not been run prior. Run report_methodology on the current design for the summary of methodology violations.



check_timing report

Table of Contents
-----------------
1. checking no_clock (0)
2. checking constant_clock (0)
3. checking pulse_width_clock (0)
4. checking unconstrained_internal_endpoints (0)
5. checking no_input_delay (52)
6. checking no_output_delay (38)
7. checking multiple_clock (0)
8. checking generated_clocks (0)
9. checking loops (0)
10. checking partial_input_delay (0)
11. checking partial_output_delay (0)
12. checking latch_loops (0)

1. checking no_clock (0)
------------------------
 There are 0 register/latch pins with no clock.


2. checking constant_clock (0)
------------------------------
 There are 0 register/latch pins with constant_clock.


3. checking pulse_width_clock (0)
---------------------------------
 There are 0 register/latch pins which need pulse_width check


4. checking unconstrained_internal_endpoints (0)
------------------------------------------------
 There are 0 pins that are not constrained for maximum delay.

 There are 0 pins that are not constrained for maximum delay due to constant clock.


5. checking no_input_delay (52)
-------------------------------
 There are 52 input ports with no input delay specified. (HIGH)

 There are 0 input ports with no input delay but user has a false path constraint.


6. checking no_output_delay (38)
--------------------------------
 There are 38 ports with no output delay specified. (HIGH)

 There are 0 ports with no output delay but user has a false path constraint

 There are 0 ports with no output delay but with a timing clock defined on it or propagating through it


7. checking multiple_clock (0)
------------------------------
 There are 0 register/latch pins with multiple clocks.


8. checking generated_clocks (0)
--------------------------------
 There are 0 generated clocks that are not connected to a clock source.


9. checking loops (0)
---------------------
 There are 0 combinational loops in the design.


10. checking partial_input_delay (0)
------------------------------------
 There are 0 input ports with partial input delay specified.


11. checking partial_output_delay (0)
-------------------------------------
 There are 0 ports with partial output delay specified.


12. checking latch_loops (0)
----------------------------
 There are 0 combinational latch loops in the design through latch input



------------------------------------------------------------------------------------------------
| Design Timing Summary
| ---------------------
------------------------------------------------------------------------------------------------

    WNS(ns)      TNS(ns)  TNS Failing Endpoints  TNS Total Endpoints     WPWS(ns)     TPWS(ns)  TPWS Failing Endpoints  TPWS Total Endpoints  
    -------      -------  ---------------------  -------------------     --------     --------  ----------------------  --------------------  
      0.882        0.000                      0                  898        1.923        0.000                       0                   428  


All user specified timing constraints are met.


------------------------------------------------------------------------------------------------
| Clock Summary
| -------------
------------------------------------------------------------------------------------------------

Clock   Waveform(ns)         Period(ns)      Frequency(MHz)
-----   ------------         ----------      --------------
ap_clk  {0.000 2.500}        5.000           200.000         


------------------------------------------------------------------------------------------------
| Intra Clock Table
| -----------------
------------------------------------------------------------------------------------------------

Clock             WNS(ns)      TNS(ns)  TNS Failing Endpoints  TNS Total Endpoints     WPWS(ns)     TPWS(ns)  TPWS Failing Endpoints  TPWS Total Endpoints  
-----             -------      -------  ---------------------  -------------------     --------     --------  ----------------------  --------------------  
ap_clk              0.882        0.000                      0                  898        1.923        0.000                       0                   428  


------------------------------------------------------------------------------------------------
| Inter Clock Table
| -----------------
------------------------------------------------------------------------------------------------

From Clock    To Clock          WNS(ns)      TNS(ns)  TNS Failing Endpoints  TNS Total Endpoints  
----------    --------          -------      -------  ---------------------  -------------------  


------------------------------------------------------------------------------------------------
| Other Path Groups Table
| -----------------------
------------------------------------------------------------------------------------------------

Path Group    From Clock    To Clock          WNS(ns)      TNS(ns)  TNS Failing Endpoints  TNS Total Endpoints  
----------    ----------    --------          -------      -------  ---------------------  -------------------  


------------------------------------------------------------------------------------------------
| Timing Details
| --------------
------------------------------------------------------------------------------------------------


---------------------------------------------------------------------------------------------------
From Clock:  ap_clk
  To Clock:  ap_clk

Setup :            0  Failing Endpoints,  Worst Slack        0.882ns,  Total Violation        0.000ns
Hold  :           NA  Failing Endpoints,  Worst Slack           NA  ,  Total Violation           NA
PW    :            0  Failing Endpoints,  Worst Slack        1.923ns,  Total Violation        0.000ns
---------------------------------------------------------------------------------------------------


Max Delay Paths
--------------------------------------------------------------------------------------
Slack (MET) :             0.882ns  (required time - arrival time)
  Source:                 reg_218_reg[1]/C
                            (rising edge-triggered cell FDRE clocked by ap_clk  {rise@0.000ns fall@2.500ns period=5.000ns})
  Destination:            control_s_axi_U/int_block_out/mem_reg/DINADIN[15]
                            (rising edge-triggered cell RAMB18E2 clocked by ap_clk  {rise@0.000ns fall@2.500ns period=5.000ns})
  Path Group:             ap_clk
  Path Type:              Setup (Max at Slow Process Corner)
  Requirement:            5.000ns  (ap_clk rise@5.000ns - ap_clk rise@0.000ns)
  Data Path Delay:        3.489ns  (logic 1.561ns (44.744%)  route 1.928ns (55.256%))
  Logic Levels:           9  (CARRY8=4 LUT2=1 LUT3=2 LUT6=2)
  Clock Path Skew:        0.006ns (DCD - SCD + CPR)
    Destination Clock Delay (DCD):    0.049ns = ( 5.049 - 5.000 ) 
    Source Clock Delay      (SCD):    0.043ns
    Clock Pessimism Removal (CPR):    0.000ns
  Clock Uncertainty:      0.035ns  ((TSJ^2 + TIJ^2)^1/2 + DJ) / 2 + PE
    Total System Jitter     (TSJ):    0.071ns
    Total Input Jitter      (TIJ):    0.000ns
    Discrete Jitter          (DJ):    0.000ns
    Phase Error              (PE):    0.000ns

    Location             Delay type                Incr(ns)  Path(ns)    Netlist Resource(s)
  -------------------------------------------------------------------    -------------------
                         (clock ap_clk rise edge)     0.000     0.000 r  
                                                      0.000     0.000 r  ap_clk (IN)
                         net (fo=427, unset)          0.043     0.043    ap_clk
    SLICE_X31Y96         FDRE                                         r  reg_218_reg[1]/C
  -------------------------------------------------------------------    -------------------
    SLICE_X31Y96         FDRE (Prop_FFF_SLICEM_C_Q)
                                                      0.112     0.155 r  reg_218_reg[1]/Q
                         net (fo=1, routed)           0.113     0.268    control_s_axi_U/int_block_out/reg_238_reg[15]_0[1]
    SLICE_X31Y97         LUT2 (Prop_B6LUT_SLICEM_I1_O)
                                                      0.188     0.456 r  control_s_axi_U/int_block_out/reg_238[7]_i_8/O
                         net (fo=1, routed)           0.022     0.478    control_s_axi_U/int_block_out/reg_238[7]_i_8_n_0
    SLICE_X31Y97         CARRY8 (Prop_CARRY8_SLICEM_S[1]_CO[7])
                                                      0.267     0.745 r  control_s_axi_U/int_block_out/reg_238_reg[7]_i_1/CO[7]
                         net (fo=1, routed)           0.030     0.775    control_s_axi_U/int_block_out/reg_238_reg[7]_i_1_n_0
    SLICE_X31Y98         CARRY8 (Prop_CARRY8_SLICEM_CI_O[3])
                                                      0.122     0.897 r  control_s_axi_U/int_block_out/reg_238_reg[15]_i_2/O[3]
                         net (fo=5, routed)           0.227     1.124    control_s_axi_U/int_block_out/reg_214_reg[14][3]
    SLICE_X31Y103        LUT3 (Prop_D6LUT_SLICEM_I2_O)
                                                      0.151     1.275 r  control_s_axi_U/int_block_out/b_6_reg_611[15]_i_6/O
                         net (fo=1, routed)           0.286     1.561    control_s_axi_U/int_block_out/b_6_reg_611[15]_i_6_n_0
    SLICE_X30Y100        CARRY8 (Prop_CARRY8_SLICEL_DI[3]_O[5])
                                                      0.268     1.829 r  control_s_axi_U/int_block_out/b_6_reg_611_reg[15]_i_2/O[5]
                         net (fo=4, routed)           0.165     1.994    control_s_axi_U/int_block_out/reg_214_reg[14]_0[5]
    SLICE_X30Y102        LUT3 (Prop_D5LUT_SLICEL_I2_O)
                                                      0.152     2.146 r  control_s_axi_U/int_block_out/trunc_ln11_8_reg_626[14]_i_3/O
                         net (fo=1, routed)           0.406     2.552    control_s_axi_U/int_block_out/trunc_ln11_8_reg_626[14]_i_3_n_0
    SLICE_X31Y100        CARRY8 (Prop_CARRY8_SLICEM_DI[5]_O[7])
                                                      0.165     2.717 r  control_s_axi_U/int_block_out/trunc_ln11_8_reg_626_reg[14]_i_1/O[7]
                         net (fo=2, routed)           0.212     2.929    control_s_axi_U/int_block_out/a_6_reg_581_reg[14][14]
    SLICE_X31Y96         LUT6 (Prop_D6LUT_SLICEM_I0_O)
                                                      0.080     3.009 r  control_s_axi_U/int_block_out/mem_reg_i_31/O
                         net (fo=1, routed)           0.157     3.166    control_s_axi_U/int_block_out/mem_reg_i_31_n_0
    SLICE_X30Y96         LUT6 (Prop_F6LUT_SLICEL_I4_O)
                                                      0.056     3.222 r  control_s_axi_U/int_block_out/mem_reg_i_5/O
                         net (fo=1, routed)           0.310     3.532    control_s_axi_U/int_block_out/mem_reg_i_5_n_0
    RAMB18_X0Y36         RAMB18E2                                     r  control_s_axi_U/int_block_out/mem_reg/DINADIN[15]
  -------------------------------------------------------------------    -------------------

                         (clock ap_clk rise edge)     5.000     5.000 r  
                                                      0.000     5.000 r  ap_clk (IN)
                         net (fo=427, unset)          0.049     5.049    control_s_axi_U/int_block_out/ap_clk
    RAMB18_X0Y36         RAMB18E2                                     r  control_s_axi_U/int_block_out/mem_reg/CLKBWRCLK
                         clock pessimism              0.000     5.049    
                         clock uncertainty           -0.035     5.014    
    RAMB18_X0Y36         RAMB18E2 (Setup_RAMB18E2_L_RAMB180_CLKBWRCLK_DINADIN[15])
                                                     -0.600     4.414    control_s_axi_U/int_block_out/mem_reg
  -------------------------------------------------------------------
                         required time                          4.414    
                         arrival time                          -3.532    
  -------------------------------------------------------------------
                         slack                                  0.882    

Slack (MET) :             0.916ns  (required time - arrival time)
  Source:                 reg_218_reg[1]/C
                            (rising edge-triggered cell FDRE clocked by ap_clk  {rise@0.000ns fall@2.500ns period=5.000ns})
  Destination:            control_s_axi_U/int_block_out/mem_reg/DINADIN[12]
                            (rising edge-triggered cell RAMB18E2 clocked by ap_clk  {rise@0.000ns fall@2.500ns period=5.000ns})
  Path Group:             ap_clk
  Path Type:              Setup (Max at Slow Process Corner)
  Requirement:            5.000ns  (ap_clk rise@5.000ns - ap_clk rise@0.000ns)
  Data Path Delay:        3.611ns  (logic 1.543ns (42.734%)  route 2.068ns (57.266%))
  Logic Levels:           9  (CARRY8=4 LUT2=1 LUT3=2 LUT6=2)
  Clock Path Skew:        0.006ns (DCD - SCD + CPR)
    Destination Clock Delay (DCD):    0.049ns = ( 5.049 - 5.000 ) 
    Source Clock Delay      (SCD):    0.043ns
    Clock Pessimism Removal (CPR):    0.000ns
  Clock Uncertainty:      0.035ns  ((TSJ^2 + TIJ^2)^1/2 + DJ) / 2 + PE
    Total System Jitter     (TSJ):    0.071ns
    Total Input Jitter      (TIJ):    0.000ns
    Discrete Jitter          (DJ):    0.000ns
    Phase Error              (PE):    0.000ns

    Location             Delay type                Incr(ns)  Path(ns)    Netlist Resource(s)
  -------------------------------------------------------------------    -------------------
                         (clock ap_clk rise edge)     0.000     0.000 r  
                                                      0.000     0.000 r  ap_clk (IN)
                         net (fo=427, unset)          0.043     0.043    ap_clk
    SLICE_X31Y96         FDRE                                         r  reg_218_reg[1]/C
  -------------------------------------------------------------------    -------------------
    SLICE_X31Y96         FDRE (Prop_FFF_SLICEM_C_Q)
                                                      0.112     0.155 r  reg_218_reg[1]/Q
                         net (fo=1, routed)           0.113     0.268    control_s_axi_U/int_block_out/reg_238_reg[15]_0[1]
    SLICE_X31Y97         LUT2 (Prop_B6LUT_SLICEM_I1_O)
                                                      0.188     0.456 r  control_s_axi_U/int_block_out/reg_238[7]_i_8/O
                         net (fo=1, routed)           0.022     0.478    control_s_axi_U/int_block_out/reg_238[7]_i_8_n_0
    SLICE_X31Y97         CARRY8 (Prop_CARRY8_SLICEM_S[1]_CO[7])
                                                      0.267     0.745 r  control_s_axi_U/int_block_out/reg_238_reg[7]_i_1/CO[7]
                         net (fo=1, routed)           0.030     0.775    control_s_axi_U/int_block_out/reg_238_reg[7]_i_1_n_0
    SLICE_X31Y98         CARRY8 (Prop_CARRY8_SLICEM_CI_O[1])
                                                      0.114     0.889 r  control_s_axi_U/int_block_out/reg_238_reg[15]_i_2/O[1]
                         net (fo=5, routed)           0.295     1.184    control_s_axi_U/int_block_out/reg_214_reg[14][1]
    SLICE_X30Y101        LUT3 (Prop_D6LUT_SLICEL_I2_O)
                                                      0.081     1.265 r  control_s_axi_U/int_block_out/b_6_reg_611[15]_i_8/O
                         net (fo=1, routed)           0.219     1.484    control_s_axi_U/int_block_out/b_6_reg_611[15]_i_8_n_0
    SLICE_X30Y100        CARRY8 (Prop_CARRY8_SLICEL_DI[1]_O[2])
                                                      0.145     1.629 r  control_s_axi_U/int_block_out/b_6_reg_611_reg[15]_i_2/O[2]
                         net (fo=4, routed)           0.156     1.785    control_s_axi_U/int_block_out/reg_214_reg[14]_0[2]
    SLICE_X29Y100        LUT3 (Prop_C5LUT_SLICEM_I2_O)
                                                      0.193     1.978 r  control_s_axi_U/int_block_out/trunc_ln11_8_reg_626[14]_i_6/O
                         net (fo=1, routed)           0.414     2.392    control_s_axi_U/int_block_out/trunc_ln11_8_reg_626[14]_i_6_n_0
    SLICE_X31Y100        CARRY8 (Prop_CARRY8_SLICEM_DI[2]_O[4])
                                                      0.248     2.640 r  control_s_axi_U/int_block_out/trunc_ln11_8_reg_626_reg[14]_i_1/O[4]
                         net (fo=2, routed)           0.323     2.963    control_s_axi_U/int_block_out/a_6_reg_581_reg[14][11]
    SLICE_X34Y94         LUT6 (Prop_H6LUT_SLICEM_I0_O)
                                                      0.060     3.023 r  control_s_axi_U/int_block_out/mem_reg_i_37/O
                         net (fo=1, routed)           0.049     3.072    control_s_axi_U/int_block_out/mem_reg_i_37_n_0
    SLICE_X34Y94         LUT6 (Prop_F6LUT_SLICEM_I4_O)
                                                      0.135     3.207 r  control_s_axi_U/int_block_out/mem_reg_i_8__0/O
                         net (fo=1, routed)           0.447     3.654    control_s_axi_U/int_block_out/mem_reg_i_8__0_n_0
    RAMB18_X0Y36         RAMB18E2                                     r  control_s_axi_U/int_block_out/mem_reg/DINADIN[12]
  -------------------------------------------------------------------    -------------------

                         (clock ap_clk rise edge)     5.000     5.000 r  
                                                      0.000     5.000 r  ap_clk (IN)
                         net (fo=427, unset)          0.049     5.049    control_s_axi_U/int_block_out/ap_clk
    RAMB18_X0Y36         RAMB18E2                                     r  control_s_axi_U/int_block_out/mem_reg/CLKBWRCLK
                         clock pessimism              0.000     5.049    
                         clock uncertainty           -0.035     5.014    
    RAMB18_X0Y36         RAMB18E2 (Setup_RAMB18E2_L_RAMB180_CLKBWRCLK_DINADIN[12])
                                                     -0.444     4.570    control_s_axi_U/int_block_out/mem_reg
  -------------------------------------------------------------------
                         required time                          4.570    
                         arrival time                          -3.654    
  -------------------------------------------------------------------
                         slack                                  0.916    

Slack (MET) :             0.930ns  (required time - arrival time)
  Source:                 reg_218_reg[1]/C
                            (rising edge-triggered cell FDRE clocked by ap_clk  {rise@0.000ns fall@2.500ns period=5.000ns})
  Destination:            control_s_axi_U/int_block_out/mem_reg/DINADIN[11]
                            (rising edge-triggered cell RAMB18E2 clocked by ap_clk  {rise@0.000ns fall@2.500ns period=5.000ns})
  Path Group:             ap_clk
  Path Type:              Setup (Max at Slow Process Corner)
  Requirement:            5.000ns  (ap_clk rise@5.000ns - ap_clk rise@0.000ns)
  Data Path Delay:        3.573ns  (logic 1.472ns (41.196%)  route 2.101ns (58.804%))
  Logic Levels:           9  (CARRY8=4 LUT2=1 LUT3=2 LUT6=2)
  Clock Path Skew:        0.006ns (DCD - SCD + CPR)
    Destination Clock Delay (DCD):    0.049ns = ( 5.049 - 5.000 ) 
    Source Clock Delay      (SCD):    0.043ns
    Clock Pessimism Removal (CPR):    0.000ns
  Clock Uncertainty:      0.035ns  ((TSJ^2 + TIJ^2)^1/2 + DJ) / 2 + PE
    Total System Jitter     (TSJ):    0.071ns
    Total Input Jitter      (TIJ):    0.000ns
    Discrete Jitter          (DJ):    0.000ns
    Phase Error              (PE):    0.000ns

    Location             Delay type                Incr(ns)  Path(ns)    Netlist Resource(s)
  -------------------------------------------------------------------    -------------------
                         (clock ap_clk rise edge)     0.000     0.000 r  
                                                      0.000     0.000 r  ap_clk (IN)
                         net (fo=427, unset)          0.043     0.043    ap_clk
    SLICE_X31Y96         FDRE                                         r  reg_218_reg[1]/C
  -------------------------------------------------------------------    -------------------
    SLICE_X31Y96         FDRE (Prop_FFF_SLICEM_C_Q)
                                                      0.112     0.155 r  reg_218_reg[1]/Q
                         net (fo=1, routed)           0.113     0.268    control_s_axi_U/int_block_out/reg_238_reg[15]_0[1]
    SLICE_X31Y97         LUT2 (Prop_B6LUT_SLICEM_I1_O)
                                                      0.188     0.456 r  control_s_axi_U/int_block_out/reg_238[7]_i_8/O
                         net (fo=1, routed)           0.022     0.478    control_s_axi_U/int_block_out/reg_238[7]_i_8_n_0
    SLICE_X31Y97         CARRY8 (Prop_CARRY8_SLICEM_S[1]_O[4])
                                                      0.294     0.772 r  control_s_axi_U/int_block_out/reg_238_reg[7]_i_1/O[4]
                         net (fo=5, routed)           0.257     1.029    control_s_axi_U/int_block_out/O[4]
    SLICE_X30Y98         LUT3 (Prop_D6LUT_SLICEL_I2_O)
                                                      0.081     1.110 r  control_s_axi_U/int_block_out/b_6_reg_611[7]_i_5/O
                         net (fo=1, routed)           0.224     1.334    control_s_axi_U/int_block_out/b_6_reg_611[7]_i_5_n_0
    SLICE_X30Y99         CARRY8 (Prop_CARRY8_SLICEL_DI[4]_O[6])
                                                      0.169     1.503 r  control_s_axi_U/int_block_out/b_6_reg_611_reg[7]_i_1/O[6]
                         net (fo=4, routed)           0.160     1.663    control_s_axi_U/int_block_out/reg_214_reg[6][6]
    SLICE_X29Y99         LUT3 (Prop_C5LUT_SLICEM_I2_O)
                                                      0.223     1.886 r  control_s_axi_U/int_block_out/trunc_ln11_8_reg_626[6]_i_3/O
                         net (fo=1, routed)           0.423     2.309    control_s_axi_U/int_block_out/trunc_ln11_8_reg_626[6]_i_3_n_0
    SLICE_X31Y99         CARRY8 (Prop_CARRY8_SLICEM_DI[6]_CO[7])
                                                      0.092     2.401 r  control_s_axi_U/int_block_out/trunc_ln11_8_reg_626_reg[6]_i_1/CO[7]
                         net (fo=1, routed)           0.030     2.431    control_s_axi_U/int_block_out/trunc_ln11_8_reg_626_reg[6]_i_1_n_0
    SLICE_X31Y100        CARRY8 (Prop_CARRY8_SLICEM_CI_O[3])
                                                      0.122     2.553 r  control_s_axi_U/int_block_out/trunc_ln11_8_reg_626_reg[14]_i_1/O[3]
                         net (fo=2, routed)           0.366     2.919    control_s_axi_U/int_block_out/a_6_reg_581_reg[14][10]
    SLICE_X34Y94         LUT6 (Prop_D6LUT_SLICEM_I0_O)
                                                      0.056     2.975 r  control_s_axi_U/int_block_out/mem_reg_i_39/O
                         net (fo=1, routed)           0.099     3.074    control_s_axi_U/int_block_out/mem_reg_i_39_n_0
    SLICE_X34Y93         LUT6 (Prop_C6LUT_SLICEM_I4_O)
                                                      0.135     3.209 r  control_s_axi_U/int_block_out/mem_reg_i_9__0/O
                         net (fo=1, routed)           0.407     3.616    control_s_axi_U/int_block_out/mem_reg_i_9__0_n_0
    RAMB18_X0Y36         RAMB18E2                                     r  control_s_axi_U/int_block_out/mem_reg/DINADIN[11]
  -------------------------------------------------------------------    -------------------

                         (clock ap_clk rise edge)     5.000     5.000 r  
                                                      0.000     5.000 r  ap_clk (IN)
                         net (fo=427, unset)          0.049     5.049    control_s_axi_U/int_block_out/ap_clk
    RAMB18_X0Y36         RAMB18E2                                     r  control_s_axi_U/int_block_out/mem_reg/CLKBWRCLK
                         clock pessimism              0.000     5.049    
                         clock uncertainty           -0.035     5.014    
    RAMB18_X0Y36         RAMB18E2 (Setup_RAMB18E2_L_RAMB180_CLKBWRCLK_DINADIN[11])
                                                     -0.467     4.547    control_s_axi_U/int_block_out/mem_reg
  -------------------------------------------------------------------
                         required time                          4.547    
                         arrival time                          -3.616    
  -------------------------------------------------------------------
                         slack                                  0.930    

Slack (MET) :             1.003ns  (required time - arrival time)
  Source:                 reg_218_reg[1]/C
                            (rising edge-triggered cell FDRE clocked by ap_clk  {rise@0.000ns fall@2.500ns period=5.000ns})
  Destination:            control_s_axi_U/int_block_out/mem_reg/DINADIN[14]
                            (rising edge-triggered cell RAMB18E2 clocked by ap_clk  {rise@0.000ns fall@2.500ns period=5.000ns})
  Path Group:             ap_clk
  Path Type:              Setup (Max at Slow Process Corner)
  Requirement:            5.000ns  (ap_clk rise@5.000ns - ap_clk rise@0.000ns)
  Data Path Delay:        3.564ns  (logic 1.630ns (45.738%)  route 1.934ns (54.262%))
  Logic Levels:           9  (CARRY8=4 LUT2=1 LUT3=2 LUT6=2)
  Clock Path Skew:        0.006ns (DCD - SCD + CPR)
    Destination Clock Delay (DCD):    0.049ns = ( 5.049 - 5.000 ) 
    Source Clock Delay      (SCD):    0.043ns
    Clock Pessimism Removal (CPR):    0.000ns
  Clock Uncertainty:      0.035ns  ((TSJ^2 + TIJ^2)^1/2 + DJ) / 2 + PE
    Total System Jitter     (TSJ):    0.071ns
    Total Input Jitter      (TIJ):    0.000ns
    Discrete Jitter          (DJ):    0.000ns
    Phase Error              (PE):    0.000ns

    Location             Delay type                Incr(ns)  Path(ns)    Netlist Resource(s)
  -------------------------------------------------------------------    -------------------
                         (clock ap_clk rise edge)     0.000     0.000 r  
                                                      0.000     0.000 r  ap_clk (IN)
                         net (fo=427, unset)          0.043     0.043    ap_clk
    SLICE_X31Y96         FDRE                                         r  reg_218_reg[1]/C
  -------------------------------------------------------------------    -------------------
    SLICE_X31Y96         FDRE (Prop_FFF_SLICEM_C_Q)
                                                      0.112     0.155 r  reg_218_reg[1]/Q
                         net (fo=1, routed)           0.113     0.268    control_s_axi_U/int_block_out/reg_238_reg[15]_0[1]
    SLICE_X31Y97         LUT2 (Prop_B6LUT_SLICEM_I1_O)
                                                      0.188     0.456 r  control_s_axi_U/int_block_out/reg_238[7]_i_8/O
                         net (fo=1, routed)           0.022     0.478    control_s_axi_U/int_block_out/reg_238[7]_i_8_n_0
    SLICE_X31Y97         CARRY8 (Prop_CARRY8_SLICEM_S[1]_CO[7])
                                                      0.267     0.745 r  control_s_axi_U/int_block_out/reg_238_reg[7]_i_1/CO[7]
                         net (fo=1, routed)           0.030     0.775    control_s_axi_U/int_block_out/reg_238_reg[7]_i_1_n_0
    SLICE_X31Y98         CARRY8 (Prop_CARRY8_SLICEM_CI_O[3])
                                                      0.122     0.897 r  control_s_axi_U/int_block_out/reg_238_reg[15]_i_2/O[3]
                         net (fo=5, routed)           0.227     1.124    control_s_axi_U/int_block_out/reg_214_reg[14][3]
    SLICE_X31Y103        LUT3 (Prop_D6LUT_SLICEM_I2_O)
                                                      0.151     1.275 r  control_s_axi_U/int_block_out/b_6_reg_611[15]_i_6/O
                         net (fo=1, routed)           0.286     1.561    control_s_axi_U/int_block_out/b_6_reg_611[15]_i_6_n_0
    SLICE_X30Y100        CARRY8 (Prop_CARRY8_SLICEL_DI[3]_O[5])
                                                      0.268     1.829 r  control_s_axi_U/int_block_out/b_6_reg_611_reg[15]_i_2/O[5]
                         net (fo=4, routed)           0.165     1.994    control_s_axi_U/int_block_out/reg_214_reg[14]_0[5]
    SLICE_X30Y102        LUT3 (Prop_D5LUT_SLICEL_I2_O)
                                                      0.152     2.146 r  control_s_axi_U/int_block_out/trunc_ln11_8_reg_626[14]_i_3/O
                         net (fo=1, routed)           0.406     2.552    control_s_axi_U/int_block_out/trunc_ln11_8_reg_626[14]_i_3_n_0
    SLICE_X31Y100        CARRY8 (Prop_CARRY8_SLICEM_DI[5]_O[6])
                                                      0.152     2.704 r  control_s_axi_U/int_block_out/trunc_ln11_8_reg_626_reg[14]_i_1/O[6]
                         net (fo=2, routed)           0.217     2.921    control_s_axi_U/int_block_out/a_6_reg_581_reg[14][13]
    SLICE_X31Y96         LUT6 (Prop_G6LUT_SLICEM_I0_O)
                                                      0.137     3.058 r  control_s_axi_U/int_block_out/mem_reg_i_33/O
                         net (fo=1, routed)           0.195     3.253    control_s_axi_U/int_block_out/mem_reg_i_33_n_0
    SLICE_X30Y96         LUT6 (Prop_C6LUT_SLICEL_I4_O)
                                                      0.081     3.334 r  control_s_axi_U/int_block_out/mem_reg_i_6/O
                         net (fo=1, routed)           0.273     3.607    control_s_axi_U/int_block_out/mem_reg_i_6_n_0
    RAMB18_X0Y36         RAMB18E2                                     r  control_s_axi_U/int_block_out/mem_reg/DINADIN[14]
  -------------------------------------------------------------------    -------------------

                         (clock ap_clk rise edge)     5.000     5.000 r  
                                                      0.000     5.000 r  ap_clk (IN)
                         net (fo=427, unset)          0.049     5.049    control_s_axi_U/int_block_out/ap_clk
    RAMB18_X0Y36         RAMB18E2                                     r  control_s_axi_U/int_block_out/mem_reg/CLKBWRCLK
                         clock pessimism              0.000     5.049    
                         clock uncertainty           -0.035     5.014    
    RAMB18_X0Y36         RAMB18E2 (Setup_RAMB18E2_L_RAMB180_CLKBWRCLK_DINADIN[14])
                                                     -0.404     4.610    control_s_axi_U/int_block_out/mem_reg
  -------------------------------------------------------------------
                         required time                          4.610    
                         arrival time                          -3.607    
  -------------------------------------------------------------------
                         slack                                  1.003    

Slack (MET) :             1.061ns  (required time - arrival time)
  Source:                 reg_218_reg[1]/C
                            (rising edge-triggered cell FDRE clocked by ap_clk  {rise@0.000ns fall@2.500ns period=5.000ns})
  Destination:            control_s_axi_U/int_block_out/mem_reg/DINADIN[13]
                            (rising edge-triggered cell RAMB18E2 clocked by ap_clk  {rise@0.000ns fall@2.500ns period=5.000ns})
  Path Group:             ap_clk
  Path Type:              Setup (Max at Slow Process Corner)
  Requirement:            5.000ns  (ap_clk rise@5.000ns - ap_clk rise@0.000ns)
  Data Path Delay:        3.497ns  (logic 1.506ns (43.069%)  route 1.991ns (56.931%))
  Logic Levels:           9  (CARRY8=4 LUT2=1 LUT3=2 LUT6=2)
  Clock Path Skew:        0.006ns (DCD - SCD + CPR)
    Destination Clock Delay (DCD):    0.049ns = ( 5.049 - 5.000 ) 
    Source Clock Delay      (SCD):    0.043ns
    Clock Pessimism Removal (CPR):    0.000ns
  Clock Uncertainty:      0.035ns  ((TSJ^2 + TIJ^2)^1/2 + DJ) / 2 + PE
    Total System Jitter     (TSJ):    0.071ns
    Total Input Jitter      (TIJ):    0.000ns
    Discrete Jitter          (DJ):    0.000ns
    Phase Error              (PE):    0.000ns

    Location             Delay type                Incr(ns)  Path(ns)    Netlist Resource(s)
  -------------------------------------------------------------------    -------------------
                         (clock ap_clk rise edge)     0.000     0.000 r  
                                                      0.000     0.000 r  ap_clk (IN)
                         net (fo=427, unset)          0.043     0.043    ap_clk
    SLICE_X31Y96         FDRE                                         r  reg_218_reg[1]/C
  -------------------------------------------------------------------    -------------------
    SLICE_X31Y96         FDRE (Prop_FFF_SLICEM_C_Q)
                                                      0.112     0.155 r  reg_218_reg[1]/Q
                         net (fo=1, routed)           0.113     0.268    control_s_axi_U/int_block_out/reg_238_reg[15]_0[1]
    SLICE_X31Y97         LUT2 (Prop_B6LUT_SLICEM_I1_O)
                                                      0.188     0.456 r  control_s_axi_U/int_block_out/reg_238[7]_i_8/O
                         net (fo=1, routed)           0.022     0.478    control_s_axi_U/int_block_out/reg_238[7]_i_8_n_0
    SLICE_X31Y97         CARRY8 (Prop_CARRY8_SLICEM_S[1]_CO[7])
                                                      0.267     0.745 r  control_s_axi_U/int_block_out/reg_238_reg[7]_i_1/CO[7]
                         net (fo=1, routed)           0.030     0.775    control_s_axi_U/int_block_out/reg_238_reg[7]_i_1_n_0
    SLICE_X31Y98         CARRY8 (Prop_CARRY8_SLICEM_CI_O[1])
                                                      0.114     0.889 r  control_s_axi_U/int_block_out/reg_238_reg[15]_i_2/O[1]
                         net (fo=5, routed)           0.295     1.184    control_s_axi_U/int_block_out/reg_214_reg[14][1]
    SLICE_X30Y101        LUT3 (Prop_D6LUT_SLICEL_I2_O)
                                                      0.081     1.265 r  control_s_axi_U/int_block_out/b_6_reg_611[15]_i_8/O
                         net (fo=1, routed)           0.219     1.484    control_s_axi_U/int_block_out/b_6_reg_611[15]_i_8_n_0
    SLICE_X30Y100        CARRY8 (Prop_CARRY8_SLICEL_DI[1]_O[2])
                                                      0.145     1.629 r  control_s_axi_U/int_block_out/b_6_reg_611_reg[15]_i_2/O[2]
                         net (fo=4, routed)           0.156     1.785    control_s_axi_U/int_block_out/reg_214_reg[14]_0[2]
    SLICE_X29Y100        LUT3 (Prop_C5LUT_SLICEM_I2_O)
                                                      0.193     1.978 r  control_s_axi_U/int_block_out/trunc_ln11_8_reg_626[14]_i_6/O
                         net (fo=1, routed)           0.414     2.392    control_s_axi_U/int_block_out/trunc_ln11_8_reg_626[14]_i_6_n_0
    SLICE_X31Y100        CARRY8 (Prop_CARRY8_SLICEM_DI[2]_O[5])
                                                      0.292     2.684 r  control_s_axi_U/int_block_out/trunc_ln11_8_reg_626_reg[14]_i_1/O[5]
                         net (fo=2, routed)           0.231     2.915    control_s_axi_U/int_block_out/a_6_reg_581_reg[14][12]
    SLICE_X30Y95         LUT6 (Prop_G6LUT_SLICEL_I0_O)
                                                      0.057     2.972 r  control_s_axi_U/int_block_out/mem_reg_i_35/O
                         net (fo=1, routed)           0.174     3.146    control_s_axi_U/int_block_out/mem_reg_i_35_n_0
    SLICE_X30Y94         LUT6 (Prop_E6LUT_SLICEL_I4_O)
                                                      0.057     3.203 r  control_s_axi_U/int_block_out/mem_reg_i_7__0/O
                         net (fo=1, routed)           0.337     3.540    control_s_axi_U/int_block_out/mem_reg_i_7__0_n_0
    RAMB18_X0Y36         RAMB18E2                                     r  control_s_axi_U/int_block_out/mem_reg/DINADIN[13]
  -------------------------------------------------------------------    -------------------

                         (clock ap_clk rise edge)     5.000     5.000 r  
                                                      0.000     5.000 r  ap_clk (IN)
                         net (fo=427, unset)          0.049     5.049    control_s_axi_U/int_block_out/ap_clk
    RAMB18_X0Y36         RAMB18E2                                     r  control_s_axi_U/int_block_out/mem_reg/CLKBWRCLK
                         clock pessimism              0.000     5.049    
                         clock uncertainty           -0.035     5.014    
    RAMB18_X0Y36         RAMB18E2 (Setup_RAMB18E2_L_RAMB180_CLKBWRCLK_DINADIN[13])
                                                     -0.413     4.601    control_s_axi_U/int_block_out/mem_reg
  -------------------------------------------------------------------
                         required time                          4.601    
                         arrival time                          -3.540    
  -------------------------------------------------------------------
                         slack                                  1.061    

Slack (MET) :             1.210ns  (required time - arrival time)
  Source:                 reg_218_reg[1]/C
                            (rising edge-triggered cell FDRE clocked by ap_clk  {rise@0.000ns fall@2.500ns period=5.000ns})
  Destination:            control_s_axi_U/int_block_out/mem_reg/DINADIN[8]
                            (rising edge-triggered cell RAMB18E2 clocked by ap_clk  {rise@0.000ns fall@2.500ns period=5.000ns})
  Path Group:             ap_clk
  Path Type:              Setup (Max at Slow Process Corner)
  Requirement:            5.000ns  (ap_clk rise@5.000ns - ap_clk rise@0.000ns)
  Data Path Delay:        3.321ns  (logic 1.410ns (42.455%)  route 1.911ns (57.545%))
  Logic Levels:           9  (CARRY8=4 LUT2=1 LUT3=2 LUT6=2)
  Clock Path Skew:        0.006ns (DCD - SCD + CPR)
    Destination Clock Delay (DCD):    0.049ns = ( 5.049 - 5.000 ) 
    Source Clock Delay      (SCD):    0.043ns
    Clock Pessimism Removal (CPR):    0.000ns
  Clock Uncertainty:      0.035ns  ((TSJ^2 + TIJ^2)^1/2 + DJ) / 2 + PE
    Total System Jitter     (TSJ):    0.071ns
    Total Input Jitter      (TIJ):    0.000ns
    Discrete Jitter          (DJ):    0.000ns
    Phase Error              (PE):    0.000ns

    Location             Delay type                Incr(ns)  Path(ns)    Netlist Resource(s)
  -------------------------------------------------------------------    -------------------
                         (clock ap_clk rise edge)     0.000     0.000 r  
                                                      0.000     0.000 r  ap_clk (IN)
                         net (fo=427, unset)          0.043     0.043    ap_clk
    SLICE_X31Y96         FDRE                                         r  reg_218_reg[1]/C
  -------------------------------------------------------------------    -------------------
    SLICE_X31Y96         FDRE (Prop_FFF_SLICEM_C_Q)
                                                      0.112     0.155 r  reg_218_reg[1]/Q
                         net (fo=1, routed)           0.113     0.268    control_s_axi_U/int_block_out/reg_238_reg[15]_0[1]
    SLICE_X31Y97         LUT2 (Prop_B6LUT_SLICEM_I1_O)
                                                      0.188     0.456 r  control_s_axi_U/int_block_out/reg_238[7]_i_8/O
                         net (fo=1, routed)           0.022     0.478    control_s_axi_U/int_block_out/reg_238[7]_i_8_n_0
    SLICE_X31Y97         CARRY8 (Prop_CARRY8_SLICEM_S[1]_O[4])
                                                      0.294     0.772 r  control_s_axi_U/int_block_out/reg_238_reg[7]_i_1/O[4]
                         net (fo=5, routed)           0.257     1.029    control_s_axi_U/int_block_out/O[4]
    SLICE_X30Y98         LUT3 (Prop_D6LUT_SLICEL_I2_O)
                                                      0.081     1.110 r  control_s_axi_U/int_block_out/b_6_reg_611[7]_i_5/O
                         net (fo=1, routed)           0.224     1.334    control_s_axi_U/int_block_out/b_6_reg_611[7]_i_5_n_0
    SLICE_X30Y99         CARRY8 (Prop_CARRY8_SLICEL_DI[4]_O[6])
                                                      0.169     1.503 r  control_s_axi_U/int_block_out/b_6_reg_611_reg[7]_i_1/O[6]
                         net (fo=4, routed)           0.160     1.663    control_s_axi_U/int_block_out/reg_214_reg[6][6]
    SLICE_X29Y99         LUT3 (Prop_C5LUT_SLICEM_I2_O)
                                                      0.223     1.886 r  control_s_axi_U/int_block_out/trunc_ln11_8_reg_626[6]_i_3/O
                         net (fo=1, routed)           0.423     2.309    control_s_axi_U/int_block_out/trunc_ln11_8_reg_626[6]_i_3_n_0
    SLICE_X31Y99         CARRY8 (Prop_CARRY8_SLICEM_DI[6]_CO[7])
                                                      0.092     2.401 r  control_s_axi_U/int_block_out/trunc_ln11_8_reg_626_reg[6]_i_1/CO[7]
                         net (fo=1, routed)           0.030     2.431    control_s_axi_U/int_block_out/trunc_ln11_8_reg_626_reg[6]_i_1_n_0
    SLICE_X31Y100        CARRY8 (Prop_CARRY8_SLICEM_CI_O[0])
                                                      0.086     2.517 r  control_s_axi_U/int_block_out/trunc_ln11_8_reg_626_reg[14]_i_1/O[0]
                         net (fo=2, routed)           0.225     2.742    control_s_axi_U/int_block_out/a_6_reg_581_reg[14][7]
    SLICE_X30Y96         LUT6 (Prop_D6LUT_SLICEL_I0_O)
                                                      0.081     2.823 r  control_s_axi_U/int_block_out/mem_reg_i_45/O
                         net (fo=1, routed)           0.108     2.931    control_s_axi_U/int_block_out/mem_reg_i_45_n_0
    SLICE_X29Y96         LUT6 (Prop_H6LUT_SLICEM_I4_O)
                                                      0.084     3.015 r  control_s_axi_U/int_block_out/mem_reg_i_12__0/O
                         net (fo=1, routed)           0.349     3.364    control_s_axi_U/int_block_out/mem_reg_i_12__0_n_0
    RAMB18_X0Y36         RAMB18E2                                     r  control_s_axi_U/int_block_out/mem_reg/DINADIN[8]
  -------------------------------------------------------------------    -------------------

                         (clock ap_clk rise edge)     5.000     5.000 r  
                                                      0.000     5.000 r  ap_clk (IN)
                         net (fo=427, unset)          0.049     5.049    control_s_axi_U/int_block_out/ap_clk
    RAMB18_X0Y36         RAMB18E2                                     r  control_s_axi_U/int_block_out/mem_reg/CLKBWRCLK
                         clock pessimism              0.000     5.049    
                         clock uncertainty           -0.035     5.014    
    RAMB18_X0Y36         RAMB18E2 (Setup_RAMB18E2_L_RAMB180_CLKBWRCLK_DINADIN[8])
                                                     -0.439     4.575    control_s_axi_U/int_block_out/mem_reg
  -------------------------------------------------------------------
                         required time                          4.575    
                         arrival time                          -3.364    
  -------------------------------------------------------------------
                         slack                                  1.210    

Slack (MET) :             1.215ns  (required time - arrival time)
  Source:                 reg_218_reg[1]/C
                            (rising edge-triggered cell FDRE clocked by ap_clk  {rise@0.000ns fall@2.500ns period=5.000ns})
  Destination:            control_s_axi_U/int_block_out/mem_reg/DINADIN[9]
                            (rising edge-triggered cell RAMB18E2 clocked by ap_clk  {rise@0.000ns fall@2.500ns period=5.000ns})
  Path Group:             ap_clk
  Path Type:              Setup (Max at Slow Process Corner)
  Requirement:            5.000ns  (ap_clk rise@5.000ns - ap_clk rise@0.000ns)
  Data Path Delay:        3.341ns  (logic 1.387ns (41.512%)  route 1.954ns (58.488%))
  Logic Levels:           9  (CARRY8=4 LUT2=1 LUT3=2 LUT6=2)
  Clock Path Skew:        0.006ns (DCD - SCD + CPR)
    Destination Clock Delay (DCD):    0.049ns = ( 5.049 - 5.000 ) 
    Source Clock Delay      (SCD):    0.043ns
    Clock Pessimism Removal (CPR):    0.000ns
  Clock Uncertainty:      0.035ns  ((TSJ^2 + TIJ^2)^1/2 + DJ) / 2 + PE
    Total System Jitter     (TSJ):    0.071ns
    Total Input Jitter      (TIJ):    0.000ns
    Discrete Jitter          (DJ):    0.000ns
    Phase Error              (PE):    0.000ns

    Location             Delay type                Incr(ns)  Path(ns)    Netlist Resource(s)
  -------------------------------------------------------------------    -------------------
                         (clock ap_clk rise edge)     0.000     0.000 r  
                                                      0.000     0.000 r  ap_clk (IN)
                         net (fo=427, unset)          0.043     0.043    ap_clk
    SLICE_X31Y96         FDRE                                         r  reg_218_reg[1]/C
  -------------------------------------------------------------------    -------------------
    SLICE_X31Y96         FDRE (Prop_FFF_SLICEM_C_Q)
                                                      0.112     0.155 r  reg_218_reg[1]/Q
                         net (fo=1, routed)           0.113     0.268    control_s_axi_U/int_block_out/reg_238_reg[15]_0[1]
    SLICE_X31Y97         LUT2 (Prop_B6LUT_SLICEM_I1_O)
                                                      0.188     0.456 r  control_s_axi_U/int_block_out/reg_238[7]_i_8/O
                         net (fo=1, routed)           0.022     0.478    control_s_axi_U/int_block_out/reg_238[7]_i_8_n_0
    SLICE_X31Y97         CARRY8 (Prop_CARRY8_SLICEM_S[1]_O[4])
                                                      0.294     0.772 r  control_s_axi_U/int_block_out/reg_238_reg[7]_i_1/O[4]
                         net (fo=5, routed)           0.257     1.029    control_s_axi_U/int_block_out/O[4]
    SLICE_X30Y98         LUT3 (Prop_D6LUT_SLICEL_I2_O)
                                                      0.081     1.110 r  control_s_axi_U/int_block_out/b_6_reg_611[7]_i_5/O
                         net (fo=1, routed)           0.224     1.334    control_s_axi_U/int_block_out/b_6_reg_611[7]_i_5_n_0
    SLICE_X30Y99         CARRY8 (Prop_CARRY8_SLICEL_DI[4]_O[6])
                                                      0.169     1.503 r  control_s_axi_U/int_block_out/b_6_reg_611_reg[7]_i_1/O[6]
                         net (fo=4, routed)           0.160     1.663    control_s_axi_U/int_block_out/reg_214_reg[6][6]
    SLICE_X29Y99         LUT3 (Prop_C5LUT_SLICEM_I2_O)
                                                      0.223     1.886 r  control_s_axi_U/int_block_out/trunc_ln11_8_reg_626[6]_i_3/O
                         net (fo=1, routed)           0.423     2.309    control_s_axi_U/int_block_out/trunc_ln11_8_reg_626[6]_i_3_n_0
    SLICE_X31Y99         CARRY8 (Prop_CARRY8_SLICEM_DI[6]_CO[7])
                                                      0.092     2.401 r  control_s_axi_U/int_block_out/trunc_ln11_8_reg_626_reg[6]_i_1/CO[7]
                         net (fo=1, routed)           0.030     2.431    control_s_axi_U/int_block_out/trunc_ln11_8_reg_626_reg[6]_i_1_n_0
    SLICE_X31Y100        CARRY8 (Prop_CARRY8_SLICEM_CI_O[1])
                                                      0.114     2.545 r  control_s_axi_U/int_block_out/trunc_ln11_8_reg_626_reg[14]_i_1/O[1]
                         net (fo=2, routed)           0.348     2.893    control_s_axi_U/int_block_out/a_6_reg_581_reg[14][8]
    SLICE_X30Y94         LUT6 (Prop_F6LUT_SLICEL_I0_O)
                                                      0.056     2.949 r  control_s_axi_U/int_block_out/mem_reg_i_43/O
                         net (fo=1, routed)           0.047     2.996    control_s_axi_U/int_block_out/mem_reg_i_43_n_0
    SLICE_X30Y94         LUT6 (Prop_H6LUT_SLICEL_I4_O)
                                                      0.058     3.054 r  control_s_axi_U/int_block_out/mem_reg_i_11__0/O
                         net (fo=1, routed)           0.330     3.384    control_s_axi_U/int_block_out/mem_reg_i_11__0_n_0
    RAMB18_X0Y36         RAMB18E2                                     r  control_s_axi_U/int_block_out/mem_reg/DINADIN[9]
  -------------------------------------------------------------------    -------------------

                         (clock ap_clk rise edge)     5.000     5.000 r  
                                                      0.000     5.000 r  ap_clk (IN)
                         net (fo=427, unset)          0.049     5.049    control_s_axi_U/int_block_out/ap_clk
    RAMB18_X0Y36         RAMB18E2                                     r  control_s_axi_U/int_block_out/mem_reg/CLKBWRCLK
                         clock pessimism              0.000     5.049    
                         clock uncertainty           -0.035     5.014    
    RAMB18_X0Y36         RAMB18E2 (Setup_RAMB18E2_L_RAMB180_CLKBWRCLK_DINADIN[9])
                                                     -0.414     4.600    control_s_axi_U/int_block_out/mem_reg
  -------------------------------------------------------------------
                         required time                          4.600    
                         arrival time                          -3.384    
  -------------------------------------------------------------------
                         slack                                  1.215    

Slack (MET) :             1.266ns  (required time - arrival time)
  Source:                 reg_218_reg[1]/C
                            (rising edge-triggered cell FDRE clocked by ap_clk  {rise@0.000ns fall@2.500ns period=5.000ns})
  Destination:            control_s_axi_U/int_block_out/mem_reg/DINADIN[5]
                            (rising edge-triggered cell RAMB18E2 clocked by ap_clk  {rise@0.000ns fall@2.500ns period=5.000ns})
  Path Group:             ap_clk
  Path Type:              Setup (Max at Slow Process Corner)
  Requirement:            5.000ns  (ap_clk rise@5.000ns - ap_clk rise@0.000ns)
  Data Path Delay:        3.288ns  (logic 1.387ns (42.179%)  route 1.901ns (57.821%))
  Logic Levels:           8  (CARRY8=3 LUT2=1 LUT3=1 LUT6=3)
  Clock Path Skew:        0.006ns (DCD - SCD + CPR)
    Destination Clock Delay (DCD):    0.049ns = ( 5.049 - 5.000 ) 
    Source Clock Delay      (SCD):    0.043ns
    Clock Pessimism Removal (CPR):    0.000ns
  Clock Uncertainty:      0.035ns  ((TSJ^2 + TIJ^2)^1/2 + DJ) / 2 + PE
    Total System Jitter     (TSJ):    0.071ns
    Total Input Jitter      (TIJ):    0.000ns
    Discrete Jitter          (DJ):    0.000ns
    Phase Error              (PE):    0.000ns

    Location             Delay type                Incr(ns)  Path(ns)    Netlist Resource(s)
  -------------------------------------------------------------------    -------------------
                         (clock ap_clk rise edge)     0.000     0.000 r  
                                                      0.000     0.000 r  ap_clk (IN)
                         net (fo=427, unset)          0.043     0.043    ap_clk
    SLICE_X31Y96         FDRE                                         r  reg_218_reg[1]/C
  -------------------------------------------------------------------    -------------------
    SLICE_X31Y96         FDRE (Prop_FFF_SLICEM_C_Q)
                                                      0.112     0.155 r  reg_218_reg[1]/Q
                         net (fo=1, routed)           0.113     0.268    control_s_axi_U/int_block_out/reg_238_reg[15]_0[1]
    SLICE_X31Y97         LUT2 (Prop_B6LUT_SLICEM_I1_O)
                                                      0.188     0.456 r  control_s_axi_U/int_block_out/reg_238[7]_i_8/O
                         net (fo=1, routed)           0.022     0.478    control_s_axi_U/int_block_out/reg_238[7]_i_8_n_0
    SLICE_X31Y97         CARRY8 (Prop_CARRY8_SLICEM_S[1]_O[4])
                                                      0.294     0.772 r  control_s_axi_U/int_block_out/reg_238_reg[7]_i_1/O[4]
                         net (fo=5, routed)           0.264     1.036    control_s_axi_U/int_block_out/O[4]
    SLICE_X30Y99         LUT6 (Prop_D6LUT_SLICEL_I3_O)
                                                      0.152     1.188 r  control_s_axi_U/int_block_out/b_6_reg_611[7]_i_13/O
                         net (fo=1, routed)           0.013     1.201    control_s_axi_U/int_block_out/b_6_reg_611[7]_i_13_n_0
    SLICE_X30Y99         CARRY8 (Prop_CARRY8_SLICEL_S[3]_O[3])
                                                      0.087     1.288 r  control_s_axi_U/int_block_out/b_6_reg_611_reg[7]_i_1/O[3]
                         net (fo=4, routed)           0.317     1.605    control_s_axi_U/int_block_out/reg_214_reg[6][3]
    SLICE_X29Y99         LUT3 (Prop_A5LUT_SLICEM_I2_O)
                                                      0.138     1.743 r  control_s_axi_U/int_block_out/trunc_ln11_8_reg_626[6]_i_6/O
                         net (fo=1, routed)           0.312     2.055    control_s_axi_U/int_block_out/trunc_ln11_8_reg_626[6]_i_6_n_0
    SLICE_X31Y99         CARRY8 (Prop_CARRY8_SLICEM_DI[3]_O[5])
                                                      0.276     2.331 r  control_s_axi_U/int_block_out/trunc_ln11_8_reg_626_reg[6]_i_1/O[5]
                         net (fo=2, routed)           0.345     2.676    control_s_axi_U/int_block_out/a_6_reg_581_reg[14][4]
    SLICE_X33Y92         LUT6 (Prop_G6LUT_SLICEL_I0_O)
                                                      0.057     2.733 r  control_s_axi_U/int_block_out/mem_reg_i_51/O
                         net (fo=1, routed)           0.054     2.787    control_s_axi_U/int_block_out/mem_reg_i_51_n_0
    SLICE_X33Y92         LUT6 (Prop_H6LUT_SLICEL_I4_O)
                                                      0.083     2.870 r  control_s_axi_U/int_block_out/mem_reg_i_15__0/O
                         net (fo=2, routed)           0.461     3.331    control_s_axi_U/int_block_out/mem_reg_i_15__0_n_0
    RAMB18_X0Y36         RAMB18E2                                     r  control_s_axi_U/int_block_out/mem_reg/DINADIN[5]
  -------------------------------------------------------------------    -------------------

                         (clock ap_clk rise edge)     5.000     5.000 r  
                                                      0.000     5.000 r  ap_clk (IN)
                         net (fo=427, unset)          0.049     5.049    control_s_axi_U/int_block_out/ap_clk
    RAMB18_X0Y36         RAMB18E2                                     r  control_s_axi_U/int_block_out/mem_reg/CLKBWRCLK
                         clock pessimism              0.000     5.049    
                         clock uncertainty           -0.035     5.014    
    RAMB18_X0Y36         RAMB18E2 (Setup_RAMB18E2_L_RAMB180_CLKBWRCLK_DINADIN[5])
                                                     -0.416     4.598    control_s_axi_U/int_block_out/mem_reg
  -------------------------------------------------------------------
                         required time                          4.598    
                         arrival time                          -3.331    
  -------------------------------------------------------------------
                         slack                                  1.266    

Slack (MET) :             1.267ns  (required time - arrival time)
  Source:                 reg_218_reg[1]/C
                            (rising edge-triggered cell FDRE clocked by ap_clk  {rise@0.000ns fall@2.500ns period=5.000ns})
  Destination:            control_s_axi_U/int_block_out/mem_reg/DINADIN[4]
                            (rising edge-triggered cell RAMB18E2 clocked by ap_clk  {rise@0.000ns fall@2.500ns period=5.000ns})
  Path Group:             ap_clk
  Path Type:              Setup (Max at Slow Process Corner)
  Requirement:            5.000ns  (ap_clk rise@5.000ns - ap_clk rise@0.000ns)
  Data Path Delay:        3.261ns  (logic 1.442ns (44.216%)  route 1.819ns (55.784%))
  Logic Levels:           8  (CARRY8=3 LUT2=1 LUT3=1 LUT6=3)
  Clock Path Skew:        0.006ns (DCD - SCD + CPR)
    Destination Clock Delay (DCD):    0.049ns = ( 5.049 - 5.000 ) 
    Source Clock Delay      (SCD):    0.043ns
    Clock Pessimism Removal (CPR):    0.000ns
  Clock Uncertainty:      0.035ns  ((TSJ^2 + TIJ^2)^1/2 + DJ) / 2 + PE
    Total System Jitter     (TSJ):    0.071ns
    Total Input Jitter      (TIJ):    0.000ns
    Discrete Jitter          (DJ):    0.000ns
    Phase Error              (PE):    0.000ns

    Location             Delay type                Incr(ns)  Path(ns)    Netlist Resource(s)
  -------------------------------------------------------------------    -------------------
                         (clock ap_clk rise edge)     0.000     0.000 r  
                                                      0.000     0.000 r  ap_clk (IN)
                         net (fo=427, unset)          0.043     0.043    ap_clk
    SLICE_X31Y96         FDRE                                         r  reg_218_reg[1]/C
  -------------------------------------------------------------------    -------------------
    SLICE_X31Y96         FDRE (Prop_FFF_SLICEM_C_Q)
                                                      0.112     0.155 r  reg_218_reg[1]/Q
                         net (fo=1, routed)           0.113     0.268    control_s_axi_U/int_block_out/reg_238_reg[15]_0[1]
    SLICE_X31Y97         LUT2 (Prop_B6LUT_SLICEM_I1_O)
                                                      0.188     0.456 r  control_s_axi_U/int_block_out/reg_238[7]_i_8/O
                         net (fo=1, routed)           0.022     0.478    control_s_axi_U/int_block_out/reg_238[7]_i_8_n_0
    SLICE_X31Y97         CARRY8 (Prop_CARRY8_SLICEM_S[1]_O[4])
                                                      0.294     0.772 r  control_s_axi_U/int_block_out/reg_238_reg[7]_i_1/O[4]
                         net (fo=5, routed)           0.264     1.036    control_s_axi_U/int_block_out/O[4]
    SLICE_X30Y99         LUT6 (Prop_D6LUT_SLICEL_I3_O)
                                                      0.152     1.188 r  control_s_axi_U/int_block_out/b_6_reg_611[7]_i_13/O
                         net (fo=1, routed)           0.013     1.201    control_s_axi_U/int_block_out/b_6_reg_611[7]_i_13_n_0
    SLICE_X30Y99         CARRY8 (Prop_CARRY8_SLICEL_S[3]_O[3])
                                                      0.087     1.288 r  control_s_axi_U/int_block_out/b_6_reg_611_reg[7]_i_1/O[3]
                         net (fo=4, routed)           0.317     1.605    control_s_axi_U/int_block_out/reg_214_reg[6][3]
    SLICE_X29Y99         LUT3 (Prop_A5LUT_SLICEM_I2_O)
                                                      0.138     1.743 r  control_s_axi_U/int_block_out/trunc_ln11_8_reg_626[6]_i_6/O
                         net (fo=1, routed)           0.312     2.055    control_s_axi_U/int_block_out/trunc_ln11_8_reg_626[6]_i_6_n_0
    SLICE_X31Y99         CARRY8 (Prop_CARRY8_SLICEM_DI[3]_O[4])
                                                      0.235     2.290 r  control_s_axi_U/int_block_out/trunc_ln11_8_reg_626_reg[6]_i_1/O[4]
                         net (fo=2, routed)           0.349     2.639    control_s_axi_U/int_block_out/a_6_reg_581_reg[14][3]
    SLICE_X32Y92         LUT6 (Prop_G6LUT_SLICEM_I0_O)
                                                      0.152     2.791 r  control_s_axi_U/int_block_out/mem_reg_i_53/O
                         net (fo=1, routed)           0.059     2.850    control_s_axi_U/int_block_out/mem_reg_i_53_n_0
    SLICE_X32Y92         LUT6 (Prop_H6LUT_SLICEM_I4_O)
                                                      0.084     2.934 r  control_s_axi_U/int_block_out/mem_reg_i_16__0/O
                         net (fo=2, routed)           0.370     3.304    control_s_axi_U/int_block_out/mem_reg_i_16__0_n_0
    RAMB18_X0Y36         RAMB18E2                                     r  control_s_axi_U/int_block_out/mem_reg/DINADIN[4]
  -------------------------------------------------------------------    -------------------

                         (clock ap_clk rise edge)     5.000     5.000 r  
                                                      0.000     5.000 r  ap_clk (IN)
                         net (fo=427, unset)          0.049     5.049    control_s_axi_U/int_block_out/ap_clk
    RAMB18_X0Y36         RAMB18E2                                     r  control_s_axi_U/int_block_out/mem_reg/CLKBWRCLK
                         clock pessimism              0.000     5.049    
                         clock uncertainty           -0.035     5.014    
    RAMB18_X0Y36         RAMB18E2 (Setup_RAMB18E2_L_RAMB180_CLKBWRCLK_DINADIN[4])
                                                     -0.442     4.572    control_s_axi_U/int_block_out/mem_reg
  -------------------------------------------------------------------
                         required time                          4.572    
                         arrival time                          -3.304    
  -------------------------------------------------------------------
                         slack                                  1.267    

Slack (MET) :             1.308ns  (required time - arrival time)
  Source:                 reg_218_reg[1]/C
                            (rising edge-triggered cell FDRE clocked by ap_clk  {rise@0.000ns fall@2.500ns period=5.000ns})
  Destination:            control_s_axi_U/int_block_out/mem_reg/DINADIN[10]
                            (rising edge-triggered cell RAMB18E2 clocked by ap_clk  {rise@0.000ns fall@2.500ns period=5.000ns})
  Path Group:             ap_clk
  Path Type:              Setup (Max at Slow Process Corner)
  Requirement:            5.000ns  (ap_clk rise@5.000ns - ap_clk rise@0.000ns)
  Data Path Delay:        3.259ns  (logic 1.400ns (42.956%)  route 1.859ns (57.044%))
  Logic Levels:           9  (CARRY8=4 LUT2=1 LUT3=2 LUT6=2)
  Clock Path Skew:        0.006ns (DCD - SCD + CPR)
    Destination Clock Delay (DCD):    0.049ns = ( 5.049 - 5.000 ) 
    Source Clock Delay      (SCD):    0.043ns
    Clock Pessimism Removal (CPR):    0.000ns
  Clock Uncertainty:      0.035ns  ((TSJ^2 + TIJ^2)^1/2 + DJ) / 2 + PE
    Total System Jitter     (TSJ):    0.071ns
    Total Input Jitter      (TIJ):    0.000ns
    Discrete Jitter          (DJ):    0.000ns
    Phase Error              (PE):    0.000ns

    Location             Delay type                Incr(ns)  Path(ns)    Netlist Resource(s)
  -------------------------------------------------------------------    -------------------
                         (clock ap_clk rise edge)     0.000     0.000 r  
                                                      0.000     0.000 r  ap_clk (IN)
                         net (fo=427, unset)          0.043     0.043    ap_clk
    SLICE_X31Y96         FDRE                                         r  reg_218_reg[1]/C
  -------------------------------------------------------------------    -------------------
    SLICE_X31Y96         FDRE (Prop_FFF_SLICEM_C_Q)
                                                      0.112     0.155 r  reg_218_reg[1]/Q
                         net (fo=1, routed)           0.113     0.268    control_s_axi_U/int_block_out/reg_238_reg[15]_0[1]
    SLICE_X31Y97         LUT2 (Prop_B6LUT_SLICEM_I1_O)
                                                      0.188     0.456 r  control_s_axi_U/int_block_out/reg_238[7]_i_8/O
                         net (fo=1, routed)           0.022     0.478    control_s_axi_U/int_block_out/reg_238[7]_i_8_n_0
    SLICE_X31Y97         CARRY8 (Prop_CARRY8_SLICEM_S[1]_O[4])
                                                      0.294     0.772 r  control_s_axi_U/int_block_out/reg_238_reg[7]_i_1/O[4]
                         net (fo=5, routed)           0.257     1.029    control_s_axi_U/int_block_out/O[4]
    SLICE_X30Y98         LUT3 (Prop_D6LUT_SLICEL_I2_O)
                                                      0.081     1.110 r  control_s_axi_U/int_block_out/b_6_reg_611[7]_i_5/O
                         net (fo=1, routed)           0.224     1.334    control_s_axi_U/int_block_out/b_6_reg_611[7]_i_5_n_0
    SLICE_X30Y99         CARRY8 (Prop_CARRY8_SLICEL_DI[4]_O[6])
                                                      0.169     1.503 r  control_s_axi_U/int_block_out/b_6_reg_611_reg[7]_i_1/O[6]
                         net (fo=4, routed)           0.160     1.663    control_s_axi_U/int_block_out/reg_214_reg[6][6]
    SLICE_X29Y99         LUT3 (Prop_C5LUT_SLICEM_I2_O)
                                                      0.223     1.886 r  control_s_axi_U/int_block_out/trunc_ln11_8_reg_626[6]_i_3/O
                         net (fo=1, routed)           0.423     2.309    control_s_axi_U/int_block_out/trunc_ln11_8_reg_626[6]_i_3_n_0
    SLICE_X31Y99         CARRY8 (Prop_CARRY8_SLICEM_DI[6]_CO[7])
                                                      0.092     2.401 r  control_s_axi_U/int_block_out/trunc_ln11_8_reg_626_reg[6]_i_1/CO[7]
                         net (fo=1, routed)           0.030     2.431    control_s_axi_U/int_block_out/trunc_ln11_8_reg_626_reg[6]_i_1_n_0
    SLICE_X31Y100        CARRY8 (Prop_CARRY8_SLICEM_CI_O[2])
                                                      0.101     2.532 r  control_s_axi_U/int_block_out/trunc_ln11_8_reg_626_reg[14]_i_1/O[2]
                         net (fo=2, routed)           0.215     2.747    control_s_axi_U/int_block_out/a_6_reg_581_reg[14][9]
    SLICE_X31Y96         LUT6 (Prop_F6LUT_SLICEM_I0_O)
                                                      0.056     2.803 r  control_s_axi_U/int_block_out/mem_reg_i_41/O
                         net (fo=1, routed)           0.053     2.856    control_s_axi_U/int_block_out/mem_reg_i_41_n_0
    SLICE_X31Y96         LUT6 (Prop_H6LUT_SLICEM_I4_O)
                                                      0.084     2.940 r  control_s_axi_U/int_block_out/mem_reg_i_10__0/O
                         net (fo=1, routed)           0.362     3.302    control_s_axi_U/int_block_out/mem_reg_i_10__0_n_0
    RAMB18_X0Y36         RAMB18E2                                     r  control_s_axi_U/int_block_out/mem_reg/DINADIN[10]
  -------------------------------------------------------------------    -------------------

                         (clock ap_clk rise edge)     5.000     5.000 r  
                                                      0.000     5.000 r  ap_clk (IN)
                         net (fo=427, unset)          0.049     5.049    control_s_axi_U/int_block_out/ap_clk
    RAMB18_X0Y36         RAMB18E2                                     r  control_s_axi_U/int_block_out/mem_reg/CLKBWRCLK
                         clock pessimism              0.000     5.049    
                         clock uncertainty           -0.035     5.014    
    RAMB18_X0Y36         RAMB18E2 (Setup_RAMB18E2_L_RAMB180_CLKBWRCLK_DINADIN[10])
                                                     -0.403     4.611    control_s_axi_U/int_block_out/mem_reg
  -------------------------------------------------------------------
                         required time                          4.611    
                         arrival time                          -3.302    
  -------------------------------------------------------------------
                         slack                                  1.308    

Slack (MET) :             1.325ns  (required time - arrival time)
  Source:                 reg_218_reg[1]/C
                            (rising edge-triggered cell FDRE clocked by ap_clk  {rise@0.000ns fall@2.500ns period=5.000ns})
  Destination:            control_s_axi_U/int_block_out/mem_reg/DINBDIN[7]
                            (rising edge-triggered cell RAMB18E2 clocked by ap_clk  {rise@0.000ns fall@2.500ns period=5.000ns})
  Path Group:             ap_clk
  Path Type:              Setup (Max at Slow Process Corner)
  Requirement:            5.000ns  (ap_clk rise@5.000ns - ap_clk rise@0.000ns)
  Data Path Delay:        3.207ns  (logic 1.349ns (42.061%)  route 1.858ns (57.940%))
  Logic Levels:           8  (CARRY8=3 LUT2=1 LUT3=2 LUT6=2)
  Clock Path Skew:        0.006ns (DCD - SCD + CPR)
    Destination Clock Delay (DCD):    0.049ns = ( 5.049 - 5.000 ) 
    Source Clock Delay      (SCD):    0.043ns
    Clock Pessimism Removal (CPR):    0.000ns
  Clock Uncertainty:      0.035ns  ((TSJ^2 + TIJ^2)^1/2 + DJ) / 2 + PE
    Total System Jitter     (TSJ):    0.071ns
    Total Input Jitter      (TIJ):    0.000ns
    Discrete Jitter          (DJ):    0.000ns
    Phase Error              (PE):    0.000ns

    Location             Delay type                Incr(ns)  Path(ns)    Netlist Resource(s)
  -------------------------------------------------------------------    -------------------
                         (clock ap_clk rise edge)     0.000     0.000 r  
                                                      0.000     0.000 r  ap_clk (IN)
                         net (fo=427, unset)          0.043     0.043    ap_clk
    SLICE_X31Y96         FDRE                                         r  reg_218_reg[1]/C
  -------------------------------------------------------------------    -------------------
    SLICE_X31Y96         FDRE (Prop_FFF_SLICEM_C_Q)
                                                      0.112     0.155 r  reg_218_reg[1]/Q
                         net (fo=1, routed)           0.113     0.268    control_s_axi_U/int_block_out/reg_238_reg[15]_0[1]
    SLICE_X31Y97         LUT2 (Prop_B6LUT_SLICEM_I1_O)
                                                      0.188     0.456 r  control_s_axi_U/int_block_out/reg_238[7]_i_8/O
                         net (fo=1, routed)           0.022     0.478    control_s_axi_U/int_block_out/reg_238[7]_i_8_n_0
    SLICE_X31Y97         CARRY8 (Prop_CARRY8_SLICEM_S[1]_O[4])
                                                      0.294     0.772 r  control_s_axi_U/int_block_out/reg_238_reg[7]_i_1/O[4]
                         net (fo=5, routed)           0.257     1.029    control_s_axi_U/int_block_out/O[4]
    SLICE_X30Y98         LUT3 (Prop_D6LUT_SLICEL_I2_O)
                                                      0.081     1.110 r  control_s_axi_U/int_block_out/b_6_reg_611[7]_i_5/O
                         net (fo=1, routed)           0.224     1.334    control_s_axi_U/int_block_out/b_6_reg_611[7]_i_5_n_0
    SLICE_X30Y99         CARRY8 (Prop_CARRY8_SLICEL_DI[4]_O[6])
                                                      0.169     1.503 r  control_s_axi_U/int_block_out/b_6_reg_611_reg[7]_i_1/O[6]
                         net (fo=4, routed)           0.160     1.663    control_s_axi_U/int_block_out/reg_214_reg[6][6]
    SLICE_X29Y99         LUT3 (Prop_C5LUT_SLICEM_I2_O)
                                                      0.223     1.886 r  control_s_axi_U/int_block_out/trunc_ln11_8_reg_626[6]_i_3/O
                         net (fo=1, routed)           0.423     2.309    control_s_axi_U/int_block_out/trunc_ln11_8_reg_626[6]_i_3_n_0
    SLICE_X31Y99         CARRY8 (Prop_CARRY8_SLICEM_DI[6]_O[7])
                                                      0.141     2.450 r  control_s_axi_U/int_block_out/trunc_ln11_8_reg_626_reg[6]_i_1/O[7]
                         net (fo=2, routed)           0.221     2.671    control_s_axi_U/int_block_out/a_6_reg_581_reg[14][6]
    SLICE_X31Y93         LUT6 (Prop_G6LUT_SLICEM_I0_O)
                                                      0.057     2.728 r  control_s_axi_U/int_block_out/mem_reg_i_47/O
                         net (fo=1, routed)           0.059     2.787    control_s_axi_U/int_block_out/mem_reg_i_47_n_0
    SLICE_X31Y93         LUT6 (Prop_H6LUT_SLICEM_I4_O)
                                                      0.084     2.871 r  control_s_axi_U/int_block_out/mem_reg_i_13__0/O
                         net (fo=2, routed)           0.379     3.250    control_s_axi_U/int_block_out/mem_reg_i_13__0_n_0
    RAMB18_X0Y36         RAMB18E2                                     r  control_s_axi_U/int_block_out/mem_reg/DINBDIN[7]
  -------------------------------------------------------------------    -------------------

                         (clock ap_clk rise edge)     5.000     5.000 r  
                                                      0.000     5.000 r  ap_clk (IN)
                         net (fo=427, unset)          0.049     5.049    control_s_axi_U/int_block_out/ap_clk
    RAMB18_X0Y36         RAMB18E2                                     r  control_s_axi_U/int_block_out/mem_reg/CLKBWRCLK
                         clock pessimism              0.000     5.049    
                         clock uncertainty           -0.035     5.014    
    RAMB18_X0Y36         RAMB18E2 (Setup_RAMB18E2_L_RAMB180_CLKBWRCLK_DINBDIN[7])
                                                     -0.438     4.576    control_s_axi_U/int_block_out/mem_reg
  -------------------------------------------------------------------
                         required time                          4.576    
                         arrival time                          -3.250    
  -------------------------------------------------------------------
                         slack                                  1.325    

Slack (MET) :             1.334ns  (required time - arrival time)
  Source:                 reg_218_reg[1]/C
                            (rising edge-triggered cell FDRE clocked by ap_clk  {rise@0.000ns fall@2.500ns period=5.000ns})
  Destination:            control_s_axi_U/int_block_out/mem_reg/DINBDIN[4]
                            (rising edge-triggered cell RAMB18E2 clocked by ap_clk  {rise@0.000ns fall@2.500ns period=5.000ns})
  Path Group:             ap_clk
  Path Type:              Setup (Max at Slow Process Corner)
  Requirement:            5.000ns  (ap_clk rise@5.000ns - ap_clk rise@0.000ns)
  Data Path Delay:        3.255ns  (logic 1.442ns (44.297%)  route 1.813ns (55.703%))
  Logic Levels:           8  (CARRY8=3 LUT2=1 LUT3=1 LUT6=3)
  Clock Path Skew:        0.006ns (DCD - SCD + CPR)
    Destination Clock Delay (DCD):    0.049ns = ( 5.049 - 5.000 ) 
    Source Clock Delay      (SCD):    0.043ns
    Clock Pessimism Removal (CPR):    0.000ns
  Clock Uncertainty:      0.035ns  ((TSJ^2 + TIJ^2)^1/2 + DJ) / 2 + PE
    Total System Jitter     (TSJ):    0.071ns
    Total Input Jitter      (TIJ):    0.000ns
    Discrete Jitter          (DJ):    0.000ns
    Phase Error              (PE):    0.000ns

    Location             Delay type                Incr(ns)  Path(ns)    Netlist Resource(s)
  -------------------------------------------------------------------    -------------------
                         (clock ap_clk rise edge)     0.000     0.000 r  
                                                      0.000     0.000 r  ap_clk (IN)
                         net (fo=427, unset)          0.043     0.043    ap_clk
    SLICE_X31Y96         FDRE                                         r  reg_218_reg[1]/C
  -------------------------------------------------------------------    -------------------
    SLICE_X31Y96         FDRE (Prop_FFF_SLICEM_C_Q)
                                                      0.112     0.155 r  reg_218_reg[1]/Q
                         net (fo=1, routed)           0.113     0.268    control_s_axi_U/int_block_out/reg_238_reg[15]_0[1]
    SLICE_X31Y97         LUT2 (Prop_B6LUT_SLICEM_I1_O)
                                                      0.188     0.456 r  control_s_axi_U/int_block_out/reg_238[7]_i_8/O
                         net (fo=1, routed)           0.022     0.478    control_s_axi_U/int_block_out/reg_238[7]_i_8_n_0
    SLICE_X31Y97         CARRY8 (Prop_CARRY8_SLICEM_S[1]_O[4])
                                                      0.294     0.772 r  control_s_axi_U/int_block_out/reg_238_reg[7]_i_1/O[4]
                         net (fo=5, routed)           0.264     1.036    control_s_axi_U/int_block_out/O[4]
    SLICE_X30Y99         LUT6 (Prop_D6LUT_SLICEL_I3_O)
                                                      0.152     1.188 r  control_s_axi_U/int_block_out/b_6_reg_611[7]_i_13/O
                         net (fo=1, routed)           0.013     1.201    control_s_axi_U/int_block_out/b_6_reg_611[7]_i_13_n_0
    SLICE_X30Y99         CARRY8 (Prop_CARRY8_SLICEL_S[3]_O[3])
                                                      0.087     1.288 r  control_s_axi_U/int_block_out/b_6_reg_611_reg[7]_i_1/O[3]
                         net (fo=4, routed)           0.317     1.605    control_s_axi_U/int_block_out/reg_214_reg[6][3]
    SLICE_X29Y99         LUT3 (Prop_A5LUT_SLICEM_I2_O)
                                                      0.138     1.743 r  control_s_axi_U/int_block_out/trunc_ln11_8_reg_626[6]_i_6/O
                         net (fo=1, routed)           0.312     2.055    control_s_axi_U/int_block_out/trunc_ln11_8_reg_626[6]_i_6_n_0
    SLICE_X31Y99         CARRY8 (Prop_CARRY8_SLICEM_DI[3]_O[4])
                                                      0.235     2.290 r  control_s_axi_U/int_block_out/trunc_ln11_8_reg_626_reg[6]_i_1/O[4]
                         net (fo=2, routed)           0.349     2.639    control_s_axi_U/int_block_out/a_6_reg_581_reg[14][3]
    SLICE_X32Y92         LUT6 (Prop_G6LUT_SLICEM_I0_O)
                                                      0.152     2.791 r  control_s_axi_U/int_block_out/mem_reg_i_53/O
                         net (fo=1, routed)           0.059     2.850    control_s_axi_U/int_block_out/mem_reg_i_53_n_0
    SLICE_X32Y92         LUT6 (Prop_H6LUT_SLICEM_I4_O)
                                                      0.084     2.934 r  control_s_axi_U/int_block_out/mem_reg_i_16__0/O
                         net (fo=2, routed)           0.364     3.298    control_s_axi_U/int_block_out/mem_reg_i_16__0_n_0
    RAMB18_X0Y36         RAMB18E2                                     r  control_s_axi_U/int_block_out/mem_reg/DINBDIN[4]
  -------------------------------------------------------------------    -------------------

                         (clock ap_clk rise edge)     5.000     5.000 r  
                                                      0.000     5.000 r  ap_clk (IN)
                         net (fo=427, unset)          0.049     5.049    control_s_axi_U/int_block_out/ap_clk
    RAMB18_X0Y36         RAMB18E2                                     r  control_s_axi_U/int_block_out/mem_reg/CLKBWRCLK
                         clock pessimism              0.000     5.049    
                         clock uncertainty           -0.035     5.014    
    RAMB18_X0Y36         RAMB18E2 (Setup_RAMB18E2_L_RAMB180_CLKBWRCLK_DINBDIN[4])
                                                     -0.381     4.633    control_s_axi_U/int_block_out/mem_reg
  -------------------------------------------------------------------
                         required time                          4.633    
                         arrival time                          -3.298    
  -------------------------------------------------------------------
                         slack                                  1.334    

Slack (MET) :             1.353ns  (required time - arrival time)
  Source:                 reg_218_reg[1]/C
                            (rising edge-triggered cell FDRE clocked by ap_clk  {rise@0.000ns fall@2.500ns period=5.000ns})
  Destination:            control_s_axi_U/int_block_out/mem_reg/DINBDIN[5]
                            (rising edge-triggered cell RAMB18E2 clocked by ap_clk  {rise@0.000ns fall@2.500ns period=5.000ns})
  Path Group:             ap_clk
  Path Type:              Setup (Max at Slow Process Corner)
  Requirement:            5.000ns  (ap_clk rise@5.000ns - ap_clk rise@0.000ns)
  Data Path Delay:        3.238ns  (logic 1.387ns (42.830%)  route 1.851ns (57.170%))
  Logic Levels:           8  (CARRY8=3 LUT2=1 LUT3=1 LUT6=3)
  Clock Path Skew:        0.006ns (DCD - SCD + CPR)
    Destination Clock Delay (DCD):    0.049ns = ( 5.049 - 5.000 ) 
    Source Clock Delay      (SCD):    0.043ns
    Clock Pessimism Removal (CPR):    0.000ns
  Clock Uncertainty:      0.035ns  ((TSJ^2 + TIJ^2)^1/2 + DJ) / 2 + PE
    Total System Jitter     (TSJ):    0.071ns
    Total Input Jitter      (TIJ):    0.000ns
    Discrete Jitter          (DJ):    0.000ns
    Phase Error              (PE):    0.000ns

    Location             Delay type                Incr(ns)  Path(ns)    Netlist Resource(s)
  -------------------------------------------------------------------    -------------------
                         (clock ap_clk rise edge)     0.000     0.000 r  
                                                      0.000     0.000 r  ap_clk (IN)
                         net (fo=427, unset)          0.043     0.043    ap_clk
    SLICE_X31Y96         FDRE                                         r  reg_218_reg[1]/C
  -------------------------------------------------------------------    -------------------
    SLICE_X31Y96         FDRE (Prop_FFF_SLICEM_C_Q)
                                                      0.112     0.155 r  reg_218_reg[1]/Q
                         net (fo=1, routed)           0.113     0.268    control_s_axi_U/int_block_out/reg_238_reg[15]_0[1]
    SLICE_X31Y97         LUT2 (Prop_B6LUT_SLICEM_I1_O)
                                                      0.188     0.456 r  control_s_axi_U/int_block_out/reg_238[7]_i_8/O
                         net (fo=1, routed)           0.022     0.478    control_s_axi_U/int_block_out/reg_238[7]_i_8_n_0
    SLICE_X31Y97         CARRY8 (Prop_CARRY8_SLICEM_S[1]_O[4])
                                                      0.294     0.772 r  control_s_axi_U/int_block_out/reg_238_reg[7]_i_1/O[4]
                         net (fo=5, routed)           0.264     1.036    control_s_axi_U/int_block_out/O[4]
    SLICE_X30Y99         LUT6 (Prop_D6LUT_SLICEL_I3_O)
                                                      0.152     1.188 r  control_s_axi_U/int_block_out/b_6_reg_611[7]_i_13/O
                         net (fo=1, routed)           0.013     1.201    control_s_axi_U/int_block_out/b_6_reg_611[7]_i_13_n_0
    SLICE_X30Y99         CARRY8 (Prop_CARRY8_SLICEL_S[3]_O[3])
                                                      0.087     1.288 r  control_s_axi_U/int_block_out/b_6_reg_611_reg[7]_i_1/O[3]
                         net (fo=4, routed)           0.317     1.605    control_s_axi_U/int_block_out/reg_214_reg[6][3]
    SLICE_X29Y99         LUT3 (Prop_A5LUT_SLICEM_I2_O)
                                                      0.138     1.743 r  control_s_axi_U/int_block_out/trunc_ln11_8_reg_626[6]_i_6/O
                         net (fo=1, routed)           0.312     2.055    control_s_axi_U/int_block_out/trunc_ln11_8_reg_626[6]_i_6_n_0
    SLICE_X31Y99         CARRY8 (Prop_CARRY8_SLICEM_DI[3]_O[5])
                                                      0.276     2.331 r  control_s_axi_U/int_block_out/trunc_ln11_8_reg_626_reg[6]_i_1/O[5]
                         net (fo=2, routed)           0.345     2.676    control_s_axi_U/int_block_out/a_6_reg_581_reg[14][4]
    SLICE_X33Y92         LUT6 (Prop_G6LUT_SLICEL_I0_O)
                                                      0.057     2.733 r  control_s_axi_U/int_block_out/mem_reg_i_51/O
                         net (fo=1, routed)           0.054     2.787    control_s_axi_U/int_block_out/mem_reg_i_51_n_0
    SLICE_X33Y92         LUT6 (Prop_H6LUT_SLICEL_I4_O)
                                                      0.083     2.870 r  control_s_axi_U/int_block_out/mem_reg_i_15__0/O
                         net (fo=2, routed)           0.411     3.281    control_s_axi_U/int_block_out/mem_reg_i_15__0_n_0
    RAMB18_X0Y36         RAMB18E2                                     r  control_s_axi_U/int_block_out/mem_reg/DINBDIN[5]
  -------------------------------------------------------------------    -------------------

                         (clock ap_clk rise edge)     5.000     5.000 r  
                                                      0.000     5.000 r  ap_clk (IN)
                         net (fo=427, unset)          0.049     5.049    control_s_axi_U/int_block_out/ap_clk
    RAMB18_X0Y36         RAMB18E2                                     r  control_s_axi_U/int_block_out/mem_reg/CLKBWRCLK
                         clock pessimism              0.000     5.049    
                         clock uncertainty           -0.035     5.014    
    RAMB18_X0Y36         RAMB18E2 (Setup_RAMB18E2_L_RAMB180_CLKBWRCLK_DINBDIN[5])
                                                     -0.379     4.635    control_s_axi_U/int_block_out/mem_reg
  -------------------------------------------------------------------
                         required time                          4.635    
                         arrival time                          -3.281    
  -------------------------------------------------------------------
                         slack                                  1.353    

Slack (MET) :             1.378ns  (required time - arrival time)
  Source:                 reg_218_reg[1]/C
                            (rising edge-triggered cell FDRE clocked by ap_clk  {rise@0.000ns fall@2.500ns period=5.000ns})
  Destination:            control_s_axi_U/int_block_out/mem_reg/DINBDIN[6]
                            (rising edge-triggered cell RAMB18E2 clocked by ap_clk  {rise@0.000ns fall@2.500ns period=5.000ns})
  Path Group:             ap_clk
  Path Type:              Setup (Max at Slow Process Corner)
  Requirement:            5.000ns  (ap_clk rise@5.000ns - ap_clk rise@0.000ns)
  Data Path Delay:        3.181ns  (logic 1.393ns (43.786%)  route 1.788ns (56.214%))
  Logic Levels:           8  (CARRY8=3 LUT2=1 LUT3=1 LUT6=3)
  Clock Path Skew:        0.006ns (DCD - SCD + CPR)
    Destination Clock Delay (DCD):    0.049ns = ( 5.049 - 5.000 ) 
    Source Clock Delay      (SCD):    0.043ns
    Clock Pessimism Removal (CPR):    0.000ns
  Clock Uncertainty:      0.035ns  ((TSJ^2 + TIJ^2)^1/2 + DJ) / 2 + PE
    Total System Jitter     (TSJ):    0.071ns
    Total Input Jitter      (TIJ):    0.000ns
    Discrete Jitter          (DJ):    0.000ns
    Phase Error              (PE):    0.000ns

    Location             Delay type                Incr(ns)  Path(ns)    Netlist Resource(s)
  -------------------------------------------------------------------    -------------------
                         (clock ap_clk rise edge)     0.000     0.000 r  
                                                      0.000     0.000 r  ap_clk (IN)
                         net (fo=427, unset)          0.043     0.043    ap_clk
    SLICE_X31Y96         FDRE                                         r  reg_218_reg[1]/C
  -------------------------------------------------------------------    -------------------
    SLICE_X31Y96         FDRE (Prop_FFF_SLICEM_C_Q)
                                                      0.112     0.155 r  reg_218_reg[1]/Q
                         net (fo=1, routed)           0.113     0.268    control_s_axi_U/int_block_out/reg_238_reg[15]_0[1]
    SLICE_X31Y97         LUT2 (Prop_B6LUT_SLICEM_I1_O)
                                                      0.188     0.456 r  control_s_axi_U/int_block_out/reg_238[7]_i_8/O
                         net (fo=1, routed)           0.022     0.478    control_s_axi_U/int_block_out/reg_238[7]_i_8_n_0
    SLICE_X31Y97         CARRY8 (Prop_CARRY8_SLICEM_S[1]_O[4])
                                                      0.294     0.772 r  control_s_axi_U/int_block_out/reg_238_reg[7]_i_1/O[4]
                         net (fo=5, routed)           0.264     1.036    control_s_axi_U/int_block_out/O[4]
    SLICE_X30Y99         LUT6 (Prop_D6LUT_SLICEL_I3_O)
                                                      0.152     1.188 r  control_s_axi_U/int_block_out/b_6_reg_611[7]_i_13/O
                         net (fo=1, routed)           0.013     1.201    control_s_axi_U/int_block_out/b_6_reg_611[7]_i_13_n_0
    SLICE_X30Y99         CARRY8 (Prop_CARRY8_SLICEL_S[3]_O[3])
                                                      0.087     1.288 r  control_s_axi_U/int_block_out/b_6_reg_611_reg[7]_i_1/O[3]
                         net (fo=4, routed)           0.317     1.605    control_s_axi_U/int_block_out/reg_214_reg[6][3]
    SLICE_X29Y99         LUT3 (Prop_A5LUT_SLICEM_I2_O)
                                                      0.138     1.743 r  control_s_axi_U/int_block_out/trunc_ln11_8_reg_626[6]_i_6/O
                         net (fo=1, routed)           0.312     2.055    control_s_axi_U/int_block_out/trunc_ln11_8_reg_626[6]_i_6_n_0
    SLICE_X31Y99         CARRY8 (Prop_CARRY8_SLICEM_DI[3]_O[6])
                                                      0.257     2.312 r  control_s_axi_U/int_block_out/trunc_ln11_8_reg_626_reg[6]_i_1/O[6]
                         net (fo=2, routed)           0.340     2.652    control_s_axi_U/int_block_out/a_6_reg_581_reg[14][5]
    SLICE_X30Y93         LUT6 (Prop_G6LUT_SLICEL_I0_O)
                                                      0.082     2.734 r  control_s_axi_U/int_block_out/mem_reg_i_49/O
                         net (fo=1, routed)           0.054     2.788    control_s_axi_U/int_block_out/mem_reg_i_49_n_0
    SLICE_X30Y93         LUT6 (Prop_H6LUT_SLICEL_I4_O)
                                                      0.083     2.871 r  control_s_axi_U/int_block_out/mem_reg_i_14__0/O
                         net (fo=2, routed)           0.353     3.224    control_s_axi_U/int_block_out/mem_reg_i_14__0_n_0
    RAMB18_X0Y36         RAMB18E2                                     r  control_s_axi_U/int_block_out/mem_reg/DINBDIN[6]
  -------------------------------------------------------------------    -------------------

                         (clock ap_clk rise edge)     5.000     5.000 r  
                                                      0.000     5.000 r  ap_clk (IN)
                         net (fo=427, unset)          0.049     5.049    control_s_axi_U/int_block_out/ap_clk
    RAMB18_X0Y36         RAMB18E2                                     r  control_s_axi_U/int_block_out/mem_reg/CLKBWRCLK
                         clock pessimism              0.000     5.049    
                         clock uncertainty           -0.035     5.014    
    RAMB18_X0Y36         RAMB18E2 (Setup_RAMB18E2_L_RAMB180_CLKBWRCLK_DINBDIN[6])
                                                     -0.411     4.603    control_s_axi_U/int_block_out/mem_reg
  -------------------------------------------------------------------
                         required time                          4.603    
                         arrival time                          -3.224    
  -------------------------------------------------------------------
                         slack                                  1.378    

Slack (MET) :             1.422ns  (required time - arrival time)
  Source:                 reg_218_reg[1]/C
                            (rising edge-triggered cell FDRE clocked by ap_clk  {rise@0.000ns fall@2.500ns period=5.000ns})
  Destination:            control_s_axi_U/int_block_out/mem_reg/DINADIN[6]
                            (rising edge-triggered cell RAMB18E2 clocked by ap_clk  {rise@0.000ns fall@2.500ns period=5.000ns})
  Path Group:             ap_clk
  Path Type:              Setup (Max at Slow Process Corner)
  Requirement:            5.000ns  (ap_clk rise@5.000ns - ap_clk rise@0.000ns)
  Data Path Delay:        3.151ns  (logic 1.393ns (44.203%)  route 1.758ns (55.797%))
  Logic Levels:           8  (CARRY8=3 LUT2=1 LUT3=1 LUT6=3)
  Clock Path Skew:        0.006ns (DCD - SCD + CPR)
    Destination Clock Delay (DCD):    0.049ns = ( 5.049 - 5.000 ) 
    Source Clock Delay      (SCD):    0.043ns
    Clock Pessimism Removal (CPR):    0.000ns
  Clock Uncertainty:      0.035ns  ((TSJ^2 + TIJ^2)^1/2 + DJ) / 2 + PE
    Total System Jitter     (TSJ):    0.071ns
    Total Input Jitter      (TIJ):    0.000ns
    Discrete Jitter          (DJ):    0.000ns
    Phase Error              (PE):    0.000ns

    Location             Delay type                Incr(ns)  Path(ns)    Netlist Resource(s)
  -------------------------------------------------------------------    -------------------
                         (clock ap_clk rise edge)     0.000     0.000 r  
                                                      0.000     0.000 r  ap_clk (IN)
                         net (fo=427, unset)          0.043     0.043    ap_clk
    SLICE_X31Y96         FDRE                                         r  reg_218_reg[1]/C
  -------------------------------------------------------------------    -------------------
    SLICE_X31Y96         FDRE (Prop_FFF_SLICEM_C_Q)
                                                      0.112     0.155 r  reg_218_reg[1]/Q
                         net (fo=1, routed)           0.113     0.268    control_s_axi_U/int_block_out/reg_238_reg[15]_0[1]
    SLICE_X31Y97         LUT2 (Prop_B6LUT_SLICEM_I1_O)
                                                      0.188     0.456 r  control_s_axi_U/int_block_out/reg_238[7]_i_8/O
                         net (fo=1, routed)           0.022     0.478    control_s_axi_U/int_block_out/reg_238[7]_i_8_n_0
    SLICE_X31Y97         CARRY8 (Prop_CARRY8_SLICEM_S[1]_O[4])
                                                      0.294     0.772 r  control_s_axi_U/int_block_out/reg_238_reg[7]_i_1/O[4]
                         net (fo=5, routed)           0.264     1.036    control_s_axi_U/int_block_out/O[4]
    SLICE_X30Y99         LUT6 (Prop_D6LUT_SLICEL_I3_O)
                                                      0.152     1.188 r  control_s_axi_U/int_block_out/b_6_reg_611[7]_i_13/O
                         net (fo=1, routed)           0.013     1.201    control_s_axi_U/int_block_out/b_6_reg_611[7]_i_13_n_0
    SLICE_X30Y99         CARRY8 (Prop_CARRY8_SLICEL_S[3]_O[3])
                                                      0.087     1.288 r  control_s_axi_U/int_block_out/b_6_reg_611_reg[7]_i_1/O[3]
                         net (fo=4, routed)           0.317     1.605    control_s_axi_U/int_block_out/reg_214_reg[6][3]
    SLICE_X29Y99         LUT3 (Prop_A5LUT_SLICEM_I2_O)
                                                      0.138     1.743 r  control_s_axi_U/int_block_out/trunc_ln11_8_reg_626[6]_i_6/O
                         net (fo=1, routed)           0.312     2.055    control_s_axi_U/int_block_out/trunc_ln11_8_reg_626[6]_i_6_n_0
    SLICE_X31Y99         CARRY8 (Prop_CARRY8_SLICEM_DI[3]_O[6])
                                                      0.257     2.312 r  control_s_axi_U/int_block_out/trunc_ln11_8_reg_626_reg[6]_i_1/O[6]
                         net (fo=2, routed)           0.340     2.652    control_s_axi_U/int_block_out/a_6_reg_581_reg[14][5]
    SLICE_X30Y93         LUT6 (Prop_G6LUT_SLICEL_I0_O)
                                                      0.082     2.734 r  control_s_axi_U/int_block_out/mem_reg_i_49/O
                         net (fo=1, routed)           0.054     2.788    control_s_axi_U/int_block_out/mem_reg_i_49_n_0
    SLICE_X30Y93         LUT6 (Prop_H6LUT_SLICEL_I4_O)
                                                      0.083     2.871 r  control_s_axi_U/int_block_out/mem_reg_i_14__0/O
                         net (fo=2, routed)           0.323     3.194    control_s_axi_U/int_block_out/mem_reg_i_14__0_n_0
    RAMB18_X0Y36         RAMB18E2                                     r  control_s_axi_U/int_block_out/mem_reg/DINADIN[6]
  -------------------------------------------------------------------    -------------------

                         (clock ap_clk rise edge)     5.000     5.000 r  
                                                      0.000     5.000 r  ap_clk (IN)
                         net (fo=427, unset)          0.049     5.049    control_s_axi_U/int_block_out/ap_clk
    RAMB18_X0Y36         RAMB18E2                                     r  control_s_axi_U/int_block_out/mem_reg/CLKBWRCLK
                         clock pessimism              0.000     5.049    
                         clock uncertainty           -0.035     5.014    
    RAMB18_X0Y36         RAMB18E2 (Setup_RAMB18E2_L_RAMB180_CLKBWRCLK_DINADIN[6])
                                                     -0.397     4.617    control_s_axi_U/int_block_out/mem_reg
  -------------------------------------------------------------------
                         required time                          4.617    
                         arrival time                          -3.194    
  -------------------------------------------------------------------
                         slack                                  1.422    

Slack (MET) :             1.453ns  (required time - arrival time)
  Source:                 reg_218_reg[1]/C
                            (rising edge-triggered cell FDRE clocked by ap_clk  {rise@0.000ns fall@2.500ns period=5.000ns})
  Destination:            control_s_axi_U/int_block_out/mem_reg/DINADIN[7]
                            (rising edge-triggered cell RAMB18E2 clocked by ap_clk  {rise@0.000ns fall@2.500ns period=5.000ns})
  Path Group:             ap_clk
  Path Type:              Setup (Max at Slow Process Corner)
  Requirement:            5.000ns  (ap_clk rise@5.000ns - ap_clk rise@0.000ns)
  Data Path Delay:        3.110ns  (logic 1.349ns (43.372%)  route 1.761ns (56.628%))
  Logic Levels:           8  (CARRY8=3 LUT2=1 LUT3=2 LUT6=2)
  Clock Path Skew:        0.006ns (DCD - SCD + CPR)
    Destination Clock Delay (DCD):    0.049ns = ( 5.049 - 5.000 ) 
    Source Clock Delay      (SCD):    0.043ns
    Clock Pessimism Removal (CPR):    0.000ns
  Clock Uncertainty:      0.035ns  ((TSJ^2 + TIJ^2)^1/2 + DJ) / 2 + PE
    Total System Jitter     (TSJ):    0.071ns
    Total Input Jitter      (TIJ):    0.000ns
    Discrete Jitter          (DJ):    0.000ns
    Phase Error              (PE):    0.000ns

    Location             Delay type                Incr(ns)  Path(ns)    Netlist Resource(s)
  -------------------------------------------------------------------    -------------------
                         (clock ap_clk rise edge)     0.000     0.000 r  
                                                      0.000     0.000 r  ap_clk (IN)
                         net (fo=427, unset)          0.043     0.043    ap_clk
    SLICE_X31Y96         FDRE                                         r  reg_218_reg[1]/C
  -------------------------------------------------------------------    -------------------
    SLICE_X31Y96         FDRE (Prop_FFF_SLICEM_C_Q)
                                                      0.112     0.155 r  reg_218_reg[1]/Q
                         net (fo=1, routed)           0.113     0.268    control_s_axi_U/int_block_out/reg_238_reg[15]_0[1]
    SLICE_X31Y97         LUT2 (Prop_B6LUT_SLICEM_I1_O)
                                                      0.188     0.456 r  control_s_axi_U/int_block_out/reg_238[7]_i_8/O
                         net (fo=1, routed)           0.022     0.478    control_s_axi_U/int_block_out/reg_238[7]_i_8_n_0
    SLICE_X31Y97         CARRY8 (Prop_CARRY8_SLICEM_S[1]_O[4])
                                                      0.294     0.772 r  control_s_axi_U/int_block_out/reg_238_reg[7]_i_1/O[4]
                         net (fo=5, routed)           0.257     1.029    control_s_axi_U/int_block_out/O[4]
    SLICE_X30Y98         LUT3 (Prop_D6LUT_SLICEL_I2_O)
                                                      0.081     1.110 r  control_s_axi_U/int_block_out/b_6_reg_611[7]_i_5/O
                         net (fo=1, routed)           0.224     1.334    control_s_axi_U/int_block_out/b_6_reg_611[7]_i_5_n_0
    SLICE_X30Y99         CARRY8 (Prop_CARRY8_SLICEL_DI[4]_O[6])
                                                      0.169     1.503 r  control_s_axi_U/int_block_out/b_6_reg_611_reg[7]_i_1/O[6]
                         net (fo=4, routed)           0.160     1.663    control_s_axi_U/int_block_out/reg_214_reg[6][6]
    SLICE_X29Y99         LUT3 (Prop_C5LUT_SLICEM_I2_O)
                                                      0.223     1.886 r  control_s_axi_U/int_block_out/trunc_ln11_8_reg_626[6]_i_3/O
                         net (fo=1, routed)           0.423     2.309    control_s_axi_U/int_block_out/trunc_ln11_8_reg_626[6]_i_3_n_0
    SLICE_X31Y99         CARRY8 (Prop_CARRY8_SLICEM_DI[6]_O[7])
                                                      0.141     2.450 r  control_s_axi_U/int_block_out/trunc_ln11_8_reg_626_reg[6]_i_1/O[7]
                         net (fo=2, routed)           0.221     2.671    control_s_axi_U/int_block_out/a_6_reg_581_reg[14][6]
    SLICE_X31Y93         LUT6 (Prop_G6LUT_SLICEM_I0_O)
                                                      0.057     2.728 r  control_s_axi_U/int_block_out/mem_reg_i_47/O
                         net (fo=1, routed)           0.059     2.787    control_s_axi_U/int_block_out/mem_reg_i_47_n_0
    SLICE_X31Y93         LUT6 (Prop_H6LUT_SLICEM_I4_O)
                                                      0.084     2.871 r  control_s_axi_U/int_block_out/mem_reg_i_13__0/O
                         net (fo=2, routed)           0.282     3.153    control_s_axi_U/int_block_out/mem_reg_i_13__0_n_0
    RAMB18_X0Y36         RAMB18E2                                     r  control_s_axi_U/int_block_out/mem_reg/DINADIN[7]
  -------------------------------------------------------------------    -------------------

                         (clock ap_clk rise edge)     5.000     5.000 r  
                                                      0.000     5.000 r  ap_clk (IN)
                         net (fo=427, unset)          0.049     5.049    control_s_axi_U/int_block_out/ap_clk
    RAMB18_X0Y36         RAMB18E2                                     r  control_s_axi_U/int_block_out/mem_reg/CLKBWRCLK
                         clock pessimism              0.000     5.049    
                         clock uncertainty           -0.035     5.014    
    RAMB18_X0Y36         RAMB18E2 (Setup_RAMB18E2_L_RAMB180_CLKBWRCLK_DINADIN[7])
                                                     -0.407     4.607    control_s_axi_U/int_block_out/mem_reg
  -------------------------------------------------------------------
                         required time                          4.607    
                         arrival time                          -3.153    
  -------------------------------------------------------------------
                         slack                                  1.453    

Slack (MET) :             1.503ns  (required time - arrival time)
  Source:                 reg_218_reg[1]/C
                            (rising edge-triggered cell FDRE clocked by ap_clk  {rise@0.000ns fall@2.500ns period=5.000ns})
  Destination:            control_s_axi_U/int_block_out/mem_reg/DINADIN[2]
                            (rising edge-triggered cell RAMB18E2 clocked by ap_clk  {rise@0.000ns fall@2.500ns period=5.000ns})
  Path Group:             ap_clk
  Path Type:              Setup (Max at Slow Process Corner)
  Requirement:            5.000ns  (ap_clk rise@5.000ns - ap_clk rise@0.000ns)
  Data Path Delay:        2.974ns  (logic 1.411ns (47.446%)  route 1.563ns (52.554%))
  Logic Levels:           8  (CARRY8=3 LUT2=1 LUT5=2 LUT6=2)
  Clock Path Skew:        0.006ns (DCD - SCD + CPR)
    Destination Clock Delay (DCD):    0.049ns = ( 5.049 - 5.000 ) 
    Source Clock Delay      (SCD):    0.043ns
    Clock Pessimism Removal (CPR):    0.000ns
  Clock Uncertainty:      0.035ns  ((TSJ^2 + TIJ^2)^1/2 + DJ) / 2 + PE
    Total System Jitter     (TSJ):    0.071ns
    Total Input Jitter      (TIJ):    0.000ns
    Discrete Jitter          (DJ):    0.000ns
    Phase Error              (PE):    0.000ns

    Location             Delay type                Incr(ns)  Path(ns)    Netlist Resource(s)
  -------------------------------------------------------------------    -------------------
                         (clock ap_clk rise edge)     0.000     0.000 r  
                                                      0.000     0.000 r  ap_clk (IN)
                         net (fo=427, unset)          0.043     0.043    ap_clk
    SLICE_X31Y96         FDRE                                         r  reg_218_reg[1]/C
  -------------------------------------------------------------------    -------------------
    SLICE_X31Y96         FDRE (Prop_FFF_SLICEM_C_Q)
                                                      0.112     0.155 r  reg_218_reg[1]/Q
                         net (fo=1, routed)           0.113     0.268    control_s_axi_U/int_block_out/reg_238_reg[15]_0[1]
    SLICE_X31Y97         LUT2 (Prop_B6LUT_SLICEM_I1_O)
                                                      0.188     0.456 r  control_s_axi_U/int_block_out/reg_238[7]_i_8/O
                         net (fo=1, routed)           0.022     0.478    control_s_axi_U/int_block_out/reg_238[7]_i_8_n_0
    SLICE_X31Y97         CARRY8 (Prop_CARRY8_SLICEM_S[1]_O[2])
                                                      0.187     0.665 r  control_s_axi_U/int_block_out/reg_238_reg[7]_i_1/O[2]
                         net (fo=5, routed)           0.219     0.884    control_s_axi_U/int_block_out/O[2]
    SLICE_X30Y99         LUT5 (Prop_B6LUT_SLICEL_I2_O)
                                                      0.138     1.022 r  control_s_axi_U/int_block_out/b_6_reg_611[7]_i_15/O
                         net (fo=1, routed)           0.013     1.035    control_s_axi_U/int_block_out/b_6_reg_611[7]_i_15_n_0
    SLICE_X30Y99         CARRY8 (Prop_CARRY8_SLICEL_S[1]_O[2])
                                                      0.183     1.218 r  control_s_axi_U/int_block_out/b_6_reg_611_reg[7]_i_1/O[2]
                         net (fo=4, routed)           0.268     1.486    control_s_axi_U/int_block_out/reg_214_reg[6][2]
    SLICE_X31Y99         LUT5 (Prop_B6LUT_SLICEM_I2_O)
                                                      0.137     1.623 r  control_s_axi_U/int_block_out/trunc_ln11_8_reg_626[6]_i_15/O
                         net (fo=1, routed)           0.022     1.645    control_s_axi_U/int_block_out/trunc_ln11_8_reg_626[6]_i_15_n_0
    SLICE_X31Y99         CARRY8 (Prop_CARRY8_SLICEM_S[1]_O[2])
                                                      0.187     1.832 r  control_s_axi_U/int_block_out/trunc_ln11_8_reg_626_reg[6]_i_1/O[2]
                         net (fo=2, routed)           0.382     2.214    control_s_axi_U/int_block_out/a_6_reg_581_reg[14][1]
    SLICE_X32Y92         LUT6 (Prop_E6LUT_SLICEM_I0_O)
                                                      0.223     2.437 r  control_s_axi_U/int_block_out/mem_reg_i_57/O
                         net (fo=1, routed)           0.050     2.487    control_s_axi_U/int_block_out/mem_reg_i_57_n_0
    SLICE_X32Y92         LUT6 (Prop_D6LUT_SLICEM_I4_O)
                                                      0.056     2.543 r  control_s_axi_U/int_block_out/mem_reg_i_18__0/O
                         net (fo=2, routed)           0.473     3.017    control_s_axi_U/int_block_out/mem_reg_i_18__0_n_0
    RAMB18_X0Y36         RAMB18E2                                     r  control_s_axi_U/int_block_out/mem_reg/DINADIN[2]
  -------------------------------------------------------------------    -------------------

                         (clock ap_clk rise edge)     5.000     5.000 r  
                                                      0.000     5.000 r  ap_clk (IN)
                         net (fo=427, unset)          0.049     5.049    control_s_axi_U/int_block_out/ap_clk
    RAMB18_X0Y36         RAMB18E2                                     r  control_s_axi_U/int_block_out/mem_reg/CLKBWRCLK
                         clock pessimism              0.000     5.049    
                         clock uncertainty           -0.035     5.014    
    RAMB18_X0Y36         RAMB18E2 (Setup_RAMB18E2_L_RAMB180_CLKBWRCLK_DINADIN[2])
                                                     -0.494     4.520    control_s_axi_U/int_block_out/mem_reg
  -------------------------------------------------------------------
                         required time                          4.520    
                         arrival time                          -3.017    
  -------------------------------------------------------------------
                         slack                                  1.503    

Slack (MET) :             1.507ns  (required time - arrival time)
  Source:                 a_7_reg_575_reg[0]/C
                            (rising edge-triggered cell FDRE clocked by ap_clk  {rise@0.000ns fall@2.500ns period=5.000ns})
  Destination:            control_s_axi_U/int_block_out/mem_reg/DINBDIN[12]
                            (rising edge-triggered cell RAMB18E2 clocked by ap_clk  {rise@0.000ns fall@2.500ns period=5.000ns})
  Path Group:             ap_clk
  Path Type:              Setup (Max at Slow Process Corner)
  Requirement:            5.000ns  (ap_clk rise@5.000ns - ap_clk rise@0.000ns)
  Data Path Delay:        3.051ns  (logic 1.312ns (43.001%)  route 1.739ns (56.999%))
  Logic Levels:           7  (CARRY8=3 LUT2=1 LUT3=1 LUT5=1 LUT6=1)
  Clock Path Skew:        0.006ns (DCD - SCD + CPR)
    Destination Clock Delay (DCD):    0.049ns = ( 5.049 - 5.000 ) 
    Source Clock Delay      (SCD):    0.043ns
    Clock Pessimism Removal (CPR):    0.000ns
  Clock Uncertainty:      0.035ns  ((TSJ^2 + TIJ^2)^1/2 + DJ) / 2 + PE
    Total System Jitter     (TSJ):    0.071ns
    Total Input Jitter      (TIJ):    0.000ns
    Discrete Jitter          (DJ):    0.000ns
    Phase Error              (PE):    0.000ns

    Location             Delay type                Incr(ns)  Path(ns)    Netlist Resource(s)
  -------------------------------------------------------------------    -------------------
                         (clock ap_clk rise edge)     0.000     0.000 r  
                                                      0.000     0.000 r  ap_clk (IN)
                         net (fo=427, unset)          0.043     0.043    ap_clk
    SLICE_X34Y101        FDRE                                         r  a_7_reg_575_reg[0]/C
  -------------------------------------------------------------------    -------------------
    SLICE_X34Y101        FDRE (Prop_AFF_SLICEM_C_Q)
                                                      0.113     0.156 r  a_7_reg_575_reg[0]/Q
                         net (fo=5, routed)           0.211     0.367    control_s_axi_U/int_block_out/b_7_reg_631_reg[15][0]
    SLICE_X34Y97         LUT2 (Prop_A6LUT_SLICEM_I0_O)
                                                      0.226     0.593 r  control_s_axi_U/int_block_out/b_7_reg_631[7]_i_9/O
                         net (fo=1, routed)           0.017     0.610    control_s_axi_U/int_block_out/b_7_reg_631[7]_i_9_n_0
    SLICE_X34Y97         CARRY8 (Prop_CARRY8_SLICEM_S[0]_CO[7])
                                                      0.281     0.891 r  control_s_axi_U/int_block_out/b_7_reg_631_reg[7]_i_1/CO[7]
                         net (fo=1, routed)           0.030     0.921    control_s_axi_U/int_block_out/b_7_reg_631_reg[7]_i_1_n_0
    SLICE_X34Y98         CARRY8 (Prop_CARRY8_SLICEM_CI_O[2])
                                                      0.101     1.022 r  control_s_axi_U/int_block_out/b_7_reg_631_reg[15]_i_1/O[2]
                         net (fo=4, routed)           0.235     1.257    control_s_axi_U/int_block_out/a_7_reg_575_reg[14]_0[2]
    SLICE_X35Y96         LUT3 (Prop_D6LUT_SLICEM_I2_O)
                                                      0.185     1.442 r  control_s_axi_U/int_block_out/mem_reg_i_90/O
                         net (fo=1, routed)           0.301     1.743    control_s_axi_U/int_block_out/mem_reg_i_90_n_0
    SLICE_X34Y96         CARRY8 (Prop_CARRY8_SLICEM_DI[2]_O[4])
                                                      0.240     1.983 r  control_s_axi_U/int_block_out/mem_reg_i_77/O[4]
                         net (fo=3, routed)           0.266     2.249    control_s_axi_U/int_block_out/a_7_reg_575_reg[14][11]
    SLICE_X34Y93         LUT5 (Prop_B6LUT_SLICEM_I2_O)
                                                      0.082     2.331 r  control_s_axi_U/int_block_out/mem_reg_i_68/O
                         net (fo=1, routed)           0.108     2.439    control_s_axi_U/int_block_out/mem_reg_i_68_n_0
    SLICE_X34Y93         LUT6 (Prop_H6LUT_SLICEM_I5_O)
                                                      0.084     2.523 r  control_s_axi_U/int_block_out/mem_reg_i_24/O
                         net (fo=1, routed)           0.571     3.094    control_s_axi_U/int_block_out/p_1_in[28]
    RAMB18_X0Y36         RAMB18E2                                     r  control_s_axi_U/int_block_out/mem_reg/DINBDIN[12]
  -------------------------------------------------------------------    -------------------

                         (clock ap_clk rise edge)     5.000     5.000 r  
                                                      0.000     5.000 r  ap_clk (IN)
                         net (fo=427, unset)          0.049     5.049    control_s_axi_U/int_block_out/ap_clk
    RAMB18_X0Y36         RAMB18E2                                     r  control_s_axi_U/int_block_out/mem_reg/CLKBWRCLK
                         clock pessimism              0.000     5.049    
                         clock uncertainty           -0.035     5.014    
    RAMB18_X0Y36         RAMB18E2 (Setup_RAMB18E2_L_RAMB180_CLKBWRCLK_DINBDIN[12])
                                                     -0.413     4.601    control_s_axi_U/int_block_out/mem_reg
  -------------------------------------------------------------------
                         required time                          4.601    
                         arrival time                          -3.094    
  -------------------------------------------------------------------
                         slack                                  1.507    

Slack (MET) :             1.513ns  (required time - arrival time)
  Source:                 a_7_reg_575_reg[0]/C
                            (rising edge-triggered cell FDRE clocked by ap_clk  {rise@0.000ns fall@2.500ns period=5.000ns})
  Destination:            control_s_axi_U/int_block_out/mem_reg/DINBDIN[15]
                            (rising edge-triggered cell RAMB18E2 clocked by ap_clk  {rise@0.000ns fall@2.500ns period=5.000ns})
  Path Group:             ap_clk
  Path Type:              Setup (Max at Slow Process Corner)
  Requirement:            5.000ns  (ap_clk rise@5.000ns - ap_clk rise@0.000ns)
  Data Path Delay:        2.858ns  (logic 1.304ns (45.633%)  route 1.554ns (54.367%))
  Logic Levels:           7  (CARRY8=3 LUT2=1 LUT3=1 LUT5=1 LUT6=1)
  Clock Path Skew:        0.006ns (DCD - SCD + CPR)
    Destination Clock Delay (DCD):    0.049ns = ( 5.049 - 5.000 ) 
    Source Clock Delay      (SCD):    0.043ns
    Clock Pessimism Removal (CPR):    0.000ns
  Clock Uncertainty:      0.035ns  ((TSJ^2 + TIJ^2)^1/2 + DJ) / 2 + PE
    Total System Jitter     (TSJ):    0.071ns
    Total Input Jitter      (TIJ):    0.000ns
    Discrete Jitter          (DJ):    0.000ns
    Phase Error              (PE):    0.000ns

    Location             Delay type                Incr(ns)  Path(ns)    Netlist Resource(s)
  -------------------------------------------------------------------    -------------------
                         (clock ap_clk rise edge)     0.000     0.000 r  
                                                      0.000     0.000 r  ap_clk (IN)
                         net (fo=427, unset)          0.043     0.043    ap_clk
    SLICE_X34Y101        FDRE                                         r  a_7_reg_575_reg[0]/C
  -------------------------------------------------------------------    -------------------
    SLICE_X34Y101        FDRE (Prop_AFF_SLICEM_C_Q)
                                                      0.113     0.156 r  a_7_reg_575_reg[0]/Q
                         net (fo=5, routed)           0.211     0.367    control_s_axi_U/int_block_out/b_7_reg_631_reg[15][0]
    SLICE_X34Y97         LUT2 (Prop_A6LUT_SLICEM_I0_O)
                                                      0.226     0.593 r  control_s_axi_U/int_block_out/b_7_reg_631[7]_i_9/O
                         net (fo=1, routed)           0.017     0.610    control_s_axi_U/int_block_out/b_7_reg_631[7]_i_9_n_0
    SLICE_X34Y97         CARRY8 (Prop_CARRY8_SLICEM_S[0]_CO[7])
                                                      0.281     0.891 r  control_s_axi_U/int_block_out/b_7_reg_631_reg[7]_i_1/CO[7]
                         net (fo=1, routed)           0.030     0.921    control_s_axi_U/int_block_out/b_7_reg_631_reg[7]_i_1_n_0
    SLICE_X34Y98         CARRY8 (Prop_CARRY8_SLICEM_CI_O[2])
                                                      0.101     1.022 r  control_s_axi_U/int_block_out/b_7_reg_631_reg[15]_i_1/O[2]
                         net (fo=4, routed)           0.235     1.257    control_s_axi_U/int_block_out/a_7_reg_575_reg[14]_0[2]
    SLICE_X35Y96         LUT3 (Prop_D6LUT_SLICEM_I2_O)
                                                      0.185     1.442 r  control_s_axi_U/int_block_out/mem_reg_i_90/O
                         net (fo=1, routed)           0.301     1.743    control_s_axi_U/int_block_out/mem_reg_i_90_n_0
    SLICE_X34Y96         CARRY8 (Prop_CARRY8_SLICEM_DI[2]_O[7])
                                                      0.282     2.025 r  control_s_axi_U/int_block_out/mem_reg_i_77/O[7]
                         net (fo=4, routed)           0.301     2.327    control_s_axi_U/int_block_out/a_7_reg_575_reg[14][14]
    SLICE_X30Y96         LUT5 (Prop_B6LUT_SLICEL_I2_O)
                                                      0.058     2.385 r  control_s_axi_U/int_block_out/mem_reg_i_65/O
                         net (fo=1, routed)           0.102     2.487    control_s_axi_U/int_block_out/mem_reg_i_65_n_0
    SLICE_X30Y96         LUT6 (Prop_H6LUT_SLICEL_I5_O)
                                                      0.058     2.545 r  control_s_axi_U/int_block_out/mem_reg_i_21/O
                         net (fo=1, routed)           0.356     2.901    control_s_axi_U/int_block_out/p_1_in[31]
    RAMB18_X0Y36         RAMB18E2                                     r  control_s_axi_U/int_block_out/mem_reg/DINBDIN[15]
  -------------------------------------------------------------------    -------------------

                         (clock ap_clk rise edge)     5.000     5.000 r  
                                                      0.000     5.000 r  ap_clk (IN)
                         net (fo=427, unset)          0.049     5.049    control_s_axi_U/int_block_out/ap_clk
    RAMB18_X0Y36         RAMB18E2                                     r  control_s_axi_U/int_block_out/mem_reg/CLKBWRCLK
                         clock pessimism              0.000     5.049    
                         clock uncertainty           -0.035     5.014    
    RAMB18_X0Y36         RAMB18E2 (Setup_RAMB18E2_L_RAMB180_CLKBWRCLK_DINBDIN[15])
                                                     -0.600     4.414    control_s_axi_U/int_block_out/mem_reg
  -------------------------------------------------------------------
                         required time                          4.414    
                         arrival time                          -2.901    
  -------------------------------------------------------------------
                         slack                                  1.513    

Slack (MET) :             1.585ns  (required time - arrival time)
  Source:                 reg_218_reg[1]/C
                            (rising edge-triggered cell FDRE clocked by ap_clk  {rise@0.000ns fall@2.500ns period=5.000ns})
  Destination:            control_s_axi_U/int_block_out/mem_reg/DINBDIN[2]
                            (rising edge-triggered cell RAMB18E2 clocked by ap_clk  {rise@0.000ns fall@2.500ns period=5.000ns})
  Path Group:             ap_clk
  Path Type:              Setup (Max at Slow Process Corner)
  Requirement:            5.000ns  (ap_clk rise@5.000ns - ap_clk rise@0.000ns)
  Data Path Delay:        2.976ns  (logic 1.411ns (47.414%)  route 1.565ns (52.586%))
  Logic Levels:           8  (CARRY8=3 LUT2=1 LUT5=2 LUT6=2)
  Clock Path Skew:        0.006ns (DCD - SCD + CPR)
    Destination Clock Delay (DCD):    0.049ns = ( 5.049 - 5.000 ) 
    Source Clock Delay      (SCD):    0.043ns
    Clock Pessimism Removal (CPR):    0.000ns
  Clock Uncertainty:      0.035ns  ((TSJ^2 + TIJ^2)^1/2 + DJ) / 2 + PE
    Total System Jitter     (TSJ):    0.071ns
    Total Input Jitter      (TIJ):    0.000ns
    Discrete Jitter          (DJ):    0.000ns
    Phase Error              (PE):    0.000ns

    Location             Delay type                Incr(ns)  Path(ns)    Netlist Resource(s)
  -------------------------------------------------------------------    -------------------
                         (clock ap_clk rise edge)     0.000     0.000 r  
                                                      0.000     0.000 r  ap_clk (IN)
                         net (fo=427, unset)          0.043     0.043    ap_clk
    SLICE_X31Y96         FDRE                                         r  reg_218_reg[1]/C
  -------------------------------------------------------------------    -------------------
    SLICE_X31Y96         FDRE (Prop_FFF_SLICEM_C_Q)
                                                      0.112     0.155 r  reg_218_reg[1]/Q
                         net (fo=1, routed)           0.113     0.268    control_s_axi_U/int_block_out/reg_238_reg[15]_0[1]
    SLICE_X31Y97         LUT2 (Prop_B6LUT_SLICEM_I1_O)
                                                      0.188     0.456 r  control_s_axi_U/int_block_out/reg_238[7]_i_8/O
                         net (fo=1, routed)           0.022     0.478    control_s_axi_U/int_block_out/reg_238[7]_i_8_n_0
    SLICE_X31Y97         CARRY8 (Prop_CARRY8_SLICEM_S[1]_O[2])
                                                      0.187     0.665 r  control_s_axi_U/int_block_out/reg_238_reg[7]_i_1/O[2]
                         net (fo=5, routed)           0.219     0.884    control_s_axi_U/int_block_out/O[2]
    SLICE_X30Y99         LUT5 (Prop_B6LUT_SLICEL_I2_O)
                                                      0.138     1.022 r  control_s_axi_U/int_block_out/b_6_reg_611[7]_i_15/O
                         net (fo=1, routed)           0.013     1.035    control_s_axi_U/int_block_out/b_6_reg_611[7]_i_15_n_0
    SLICE_X30Y99         CARRY8 (Prop_CARRY8_SLICEL_S[1]_O[2])
                                                      0.183     1.218 r  control_s_axi_U/int_block_out/b_6_reg_611_reg[7]_i_1/O[2]
                         net (fo=4, routed)           0.268     1.486    control_s_axi_U/int_block_out/reg_214_reg[6][2]
    SLICE_X31Y99         LUT5 (Prop_B6LUT_SLICEM_I2_O)
                                                      0.137     1.623 r  control_s_axi_U/int_block_out/trunc_ln11_8_reg_626[6]_i_15/O
                         net (fo=1, routed)           0.022     1.645    control_s_axi_U/int_block_out/trunc_ln11_8_reg_626[6]_i_15_n_0
    SLICE_X31Y99         CARRY8 (Prop_CARRY8_SLICEM_S[1]_O[2])
                                                      0.187     1.832 r  control_s_axi_U/int_block_out/trunc_ln11_8_reg_626_reg[6]_i_1/O[2]
                         net (fo=2, routed)           0.382     2.214    control_s_axi_U/int_block_out/a_6_reg_581_reg[14][1]
    SLICE_X32Y92         LUT6 (Prop_E6LUT_SLICEM_I0_O)
                                                      0.223     2.437 r  control_s_axi_U/int_block_out/mem_reg_i_57/O
                         net (fo=1, routed)           0.050     2.487    control_s_axi_U/int_block_out/mem_reg_i_57_n_0
    SLICE_X32Y92         LUT6 (Prop_D6LUT_SLICEM_I4_O)
                                                      0.056     2.543 r  control_s_axi_U/int_block_out/mem_reg_i_18__0/O
                         net (fo=2, routed)           0.475     3.019    control_s_axi_U/int_block_out/mem_reg_i_18__0_n_0
    RAMB18_X0Y36         RAMB18E2                                     r  control_s_axi_U/int_block_out/mem_reg/DINBDIN[2]
  -------------------------------------------------------------------    -------------------

                         (clock ap_clk rise edge)     5.000     5.000 r  
                                                      0.000     5.000 r  ap_clk (IN)
                         net (fo=427, unset)          0.049     5.049    control_s_axi_U/int_block_out/ap_clk
    RAMB18_X0Y36         RAMB18E2                                     r  control_s_axi_U/int_block_out/mem_reg/CLKBWRCLK
                         clock pessimism              0.000     5.049    
                         clock uncertainty           -0.035     5.014    
    RAMB18_X0Y36         RAMB18E2 (Setup_RAMB18E2_L_RAMB180_CLKBWRCLK_DINBDIN[2])
                                                     -0.410     4.604    control_s_axi_U/int_block_out/mem_reg
  -------------------------------------------------------------------
                         required time                          4.604    
                         arrival time                          -3.019    
  -------------------------------------------------------------------
                         slack                                  1.585    





Pulse Width Checks
--------------------------------------------------------------------------------------
Clock Name:         ap_clk
Waveform(ns):       { 0.000 2.500 }
Period(ns):         5.000
Sources:            { ap_clk }

Check Type        Corner  Lib Pin             Reference Pin  Required(ns)  Actual(ns)  Slack(ns)  Location       Pin
Min Period        n/a     RAMB36E2/CLKARDCLK  n/a            1.960         5.000       3.040      RAMB36_X0Y17   control_s_axi_U/int_block_in/mem_reg/CLKARDCLK
Min Period        n/a     RAMB18E2/CLKARDCLK  n/a            1.960         5.000       3.040      RAMB18_X0Y36   control_s_axi_U/int_block_out/mem_reg/CLKARDCLK
Min Period        n/a     RAMB18E2/CLKBWRCLK  n/a            1.960         5.000       3.040      RAMB18_X0Y36   control_s_axi_U/int_block_out/mem_reg/CLKBWRCLK
Min Period        n/a     RAMB36E2/CLKBWRCLK  n/a            1.709         5.000       3.291      RAMB36_X0Y17   control_s_axi_U/int_block_in/mem_reg/CLKBWRCLK
Min Period        n/a     FDRE/C              n/a            0.550         5.000       4.450      SLICE_X34Y94   a_10_reg_587_reg[0]/C
Min Period        n/a     FDRE/C              n/a            0.550         5.000       4.450      SLICE_X30Y102  a_10_reg_587_reg[10]/C
Min Period        n/a     FDRE/C              n/a            0.550         5.000       4.450      SLICE_X30Y102  a_10_reg_587_reg[11]/C
Min Period        n/a     FDRE/C              n/a            0.550         5.000       4.450      SLICE_X32Y103  a_10_reg_587_reg[12]/C
Min Period        n/a     FDRE/C              n/a            0.550         5.000       4.450      SLICE_X30Y102  a_10_reg_587_reg[13]/C
Min Period        n/a     FDRE/C              n/a            0.550         5.000       4.450      SLICE_X30Y102  a_10_reg_587_reg[14]/C
Min Period        n/a     FDRE/C              n/a            0.550         5.000       4.450      SLICE_X31Y96   a_10_reg_587_reg[15]/C
Min Period        n/a     FDRE/C              n/a            0.550         5.000       4.450      SLICE_X34Y94   a_10_reg_587_reg[1]/C
Min Period        n/a     FDRE/C              n/a            0.550         5.000       4.450      SLICE_X34Y94   a_10_reg_587_reg[2]/C
Min Period        n/a     FDRE/C              n/a            0.550         5.000       4.450      SLICE_X32Y92   a_10_reg_587_reg[3]/C
Min Period        n/a     FDRE/C              n/a            0.550         5.000       4.450      SLICE_X32Y92   a_10_reg_587_reg[4]/C
Min Period        n/a     FDRE/C              n/a            0.550         5.000       4.450      SLICE_X34Y94   a_10_reg_587_reg[5]/C
Min Period        n/a     FDRE/C              n/a            0.550         5.000       4.450      SLICE_X32Y92   a_10_reg_587_reg[6]/C
Min Period        n/a     FDRE/C              n/a            0.550         5.000       4.450      SLICE_X34Y94   a_10_reg_587_reg[7]/C
Min Period        n/a     FDRE/C              n/a            0.550         5.000       4.450      SLICE_X32Y100  a_10_reg_587_reg[8]/C
Min Period        n/a     FDRE/C              n/a            0.550         5.000       4.450      SLICE_X32Y103  a_10_reg_587_reg[9]/C
Low Pulse Width   Slow    RAMB36E2/CLKARDCLK  n/a            0.577         2.500       1.923      RAMB36_X0Y17   control_s_axi_U/int_block_in/mem_reg/CLKARDCLK
Low Pulse Width   Fast    RAMB36E2/CLKARDCLK  n/a            0.577         2.500       1.923      RAMB36_X0Y17   control_s_axi_U/int_block_in/mem_reg/CLKARDCLK
Low Pulse Width   Slow    RAMB36E2/CLKBWRCLK  n/a            0.577         2.500       1.923      RAMB36_X0Y17   control_s_axi_U/int_block_in/mem_reg/CLKBWRCLK
Low Pulse Width   Fast    RAMB36E2/CLKBWRCLK  n/a            0.577         2.500       1.923      RAMB36_X0Y17   control_s_axi_U/int_block_in/mem_reg/CLKBWRCLK
Low Pulse Width   Slow    RAMB18E2/CLKARDCLK  n/a            0.577         2.500       1.923      RAMB18_X0Y36   control_s_axi_U/int_block_out/mem_reg/CLKARDCLK
Low Pulse Width   Fast    RAMB18E2/CLKARDCLK  n/a            0.577         2.500       1.923      RAMB18_X0Y36   control_s_axi_U/int_block_out/mem_reg/CLKARDCLK
Low Pulse Width   Slow    RAMB18E2/CLKBWRCLK  n/a            0.577         2.500       1.923      RAMB18_X0Y36   control_s_axi_U/int_block_out/mem_reg/CLKBWRCLK
Low Pulse Width   Fast    RAMB18E2/CLKBWRCLK  n/a            0.577         2.500       1.923      RAMB18_X0Y36   control_s_axi_U/int_block_out/mem_reg/CLKBWRCLK
Low Pulse Width   Slow    FDRE/C              n/a            0.275         2.500       2.225      SLICE_X34Y94   a_10_reg_587_reg[0]/C
Low Pulse Width   Fast    FDRE/C              n/a            0.275         2.500       2.225      SLICE_X34Y94   a_10_reg_587_reg[0]/C
Low Pulse Width   Slow    FDRE/C              n/a            0.275         2.500       2.225      SLICE_X30Y102  a_10_reg_587_reg[10]/C
Low Pulse Width   Fast    FDRE/C              n/a            0.275         2.500       2.225      SLICE_X30Y102  a_10_reg_587_reg[10]/C
Low Pulse Width   Slow    FDRE/C              n/a            0.275         2.500       2.225      SLICE_X30Y102  a_10_reg_587_reg[11]/C
Low Pulse Width   Fast    FDRE/C              n/a            0.275         2.500       2.225      SLICE_X30Y102  a_10_reg_587_reg[11]/C
Low Pulse Width   Slow    FDRE/C              n/a            0.275         2.500       2.225      SLICE_X32Y103  a_10_reg_587_reg[12]/C
Low Pulse Width   Fast    FDRE/C              n/a            0.275         2.500       2.225      SLICE_X32Y103  a_10_reg_587_reg[12]/C
Low Pulse Width   Slow    FDRE/C              n/a            0.275         2.500       2.225      SLICE_X30Y102  a_10_reg_587_reg[13]/C
Low Pulse Width   Fast    FDRE/C              n/a            0.275         2.500       2.225      SLICE_X30Y102  a_10_reg_587_reg[13]/C
Low Pulse Width   Slow    FDRE/C              n/a            0.275         2.500       2.225      SLICE_X30Y102  a_10_reg_587_reg[14]/C
Low Pulse Width   Fast    FDRE/C              n/a            0.275         2.500       2.225      SLICE_X30Y102  a_10_reg_587_reg[14]/C
High Pulse Width  Slow    RAMB36E2/CLKARDCLK  n/a            0.577         2.500       1.923      RAMB36_X0Y17   control_s_axi_U/int_block_in/mem_reg/CLKARDCLK
High Pulse Width  Fast    RAMB36E2/CLKARDCLK  n/a            0.577         2.500       1.923      RAMB36_X0Y17   control_s_axi_U/int_block_in/mem_reg/CLKARDCLK
High Pulse Width  Slow    RAMB36E2/CLKBWRCLK  n/a            0.577         2.500       1.923      RAMB36_X0Y17   control_s_axi_U/int_block_in/mem_reg/CLKBWRCLK
High Pulse Width  Fast    RAMB36E2/CLKBWRCLK  n/a            0.577         2.500       1.923      RAMB36_X0Y17   control_s_axi_U/int_block_in/mem_reg/CLKBWRCLK
High Pulse Width  Slow    RAMB18E2/CLKARDCLK  n/a            0.577         2.500       1.923      RAMB18_X0Y36   control_s_axi_U/int_block_out/mem_reg/CLKARDCLK
High Pulse Width  Fast    RAMB18E2/CLKARDCLK  n/a            0.577         2.500       1.923      RAMB18_X0Y36   control_s_axi_U/int_block_out/mem_reg/CLKARDCLK
High Pulse Width  Slow    RAMB18E2/CLKBWRCLK  n/a            0.577         2.500       1.923      RAMB18_X0Y36   control_s_axi_U/int_block_out/mem_reg/CLKBWRCLK
High Pulse Width  Fast    RAMB18E2/CLKBWRCLK  n/a            0.577         2.500       1.923      RAMB18_X0Y36   control_s_axi_U/int_block_out/mem_reg/CLKBWRCLK
High Pulse Width  Slow    FDRE/C              n/a            0.275         2.500       2.225      SLICE_X34Y94   a_10_reg_587_reg[0]/C
High Pulse Width  Fast    FDRE/C              n/a            0.275         2.500       2.225      SLICE_X34Y94   a_10_reg_587_reg[0]/C
High Pulse Width  Slow    FDRE/C              n/a            0.275         2.500       2.225      SLICE_X30Y102  a_10_reg_587_reg[10]/C
High Pulse Width  Fast    FDRE/C              n/a            0.275         2.500       2.225      SLICE_X30Y102  a_10_reg_587_reg[10]/C
High Pulse Width  Slow    FDRE/C              n/a            0.275         2.500       2.225      SLICE_X30Y102  a_10_reg_587_reg[11]/C
High Pulse Width  Fast    FDRE/C              n/a            0.275         2.500       2.225      SLICE_X30Y102  a_10_reg_587_reg[11]/C
High Pulse Width  Slow    FDRE/C              n/a            0.275         2.500       2.225      SLICE_X32Y103  a_10_reg_587_reg[12]/C
High Pulse Width  Fast    FDRE/C              n/a            0.275         2.500       2.225      SLICE_X32Y103  a_10_reg_587_reg[12]/C
High Pulse Width  Slow    FDRE/C              n/a            0.275         2.500       2.225      SLICE_X30Y102  a_10_reg_587_reg[13]/C
High Pulse Width  Fast    FDRE/C              n/a            0.275         2.500       2.225      SLICE_X30Y102  a_10_reg_587_reg[13]/C
High Pulse Width  Slow    FDRE/C              n/a            0.275         2.500       2.225      SLICE_X30Y102  a_10_reg_587_reg[14]/C
High Pulse Width  Fast    FDRE/C              n/a            0.275         2.500       2.225      SLICE_X30Y102  a_10_reg_587_reg[14]/C



