INFO-FLOW: Workspace /home/diego/MP6160_grupo_5/tarea3_rgb2gray/solution1 opened at Sat Jul 11 13:45:37 CST 2026
Execute     ap_set_clock -name default -period 4 -unit ns -default=false 
INFO: [SYN 201-201] Setting up clock 'default' with a period of 4ns.
Execute     set_part xck26-sfvc784-2LV-c 
Execute       create_platform xck26-sfvc784-2LV-c -board  
DBG:HLSDevice: Trying to load device library: /home/Vitis_HLS/2024.1/lib/lnx64.o/libxv_hlsvwrap.so
DBG:HLSDevice: first parts/arch.xml in RDI_DATADIR: /home/Vivado/2024.1/data/parts/arch.xml
DBG:HLSDevice: init success
INFO: [HLS 200-1611] Setting target device to 'xck26-sfvc784-2LV-c'
Command       create_platform done; 0.79 sec.
Execute       source /home/Vitis_HLS/2024.1/common/technology/xilinx/common/xilinx.gen 
Execute         source /home/Vitis_HLS/2024.1/common/technology/xilinx/interface/plb46.gen 
Execute         source /home/Vitis_HLS/2024.1/common/technology/xilinx/interface/axi4.gen 
Execute         source /home/Vitis_HLS/2024.1/common/technology/xilinx/interface/nativeAXI4.gen 
Execute           source /home/Vitis_HLS/2024.1/common/technology/xilinx/interface/saxilite.gen 
Execute         source /home/Vitis_HLS/2024.1/common/technology/xilinx/scripts/xilinxcoregen.gen 
Execute         source /home/Vitis_HLS/2024.1/common/technology/xilinx/interface/XilEDKCoreGen.gen 
Execute         source /home/Vitis_HLS/2024.1/common/technology/xilinx/ip/xfft.gen 
Execute         source /home/Vitis_HLS/2024.1/common/technology/xilinx/ip/xfir.gen 
Execute         source /home/Vitis_HLS/2024.1/common/technology/xilinx/ip/dds_compiler.gen 
Execute         source /home/Vitis_HLS/2024.1/common/technology/xilinx/ip/util.gen 
Execute         source /home/Vitis_HLS/2024.1/common/technology/xilinx/DSP48/dsp48.gen 
Execute       ap_part_info -name xck26-sfvc784-2LV-c -data info 
Execute       config_compile -quiet -complex-mul-dsp=0 
Command     set_part done; 0.87 sec.
Execute     send_msg_by_id INFO @200-1505@%s%s  vivado 
INFO: [HLS 200-1505] Using flow_target 'vivado'
Command   open_solution done; 0.88 sec.
Execute   set_part xck26-sfvc784-2LV-c 
INFO: [HLS 200-1510] Running: set_part xck26-sfvc784-2LV-c 
Execute     create_platform xck26-sfvc784-2LV-c -board  
Execute     source /home/Vitis_HLS/2024.1/common/technology/xilinx/common/xilinx.gen 
Execute       source /home/Vitis_HLS/2024.1/common/technology/xilinx/interface/plb46.gen 
Execute       source /home/Vitis_HLS/2024.1/common/technology/xilinx/interface/axi4.gen 
Execute       source /home/Vitis_HLS/2024.1/common/technology/xilinx/interface/nativeAXI4.gen 
Execute         source /home/Vitis_HLS/2024.1/common/technology/xilinx/interface/saxilite.gen 
Execute       source /home/Vitis_HLS/2024.1/common/technology/xilinx/scripts/xilinxcoregen.gen 
Execute       source /home/Vitis_HLS/2024.1/common/technology/xilinx/interface/XilEDKCoreGen.gen 
Execute       source /home/Vitis_HLS/2024.1/common/technology/xilinx/ip/xfft.gen 
Execute       source /home/Vitis_HLS/2024.1/common/technology/xilinx/ip/xfir.gen 
Execute       source /home/Vitis_HLS/2024.1/common/technology/xilinx/ip/dds_compiler.gen 
Execute       source /home/Vitis_HLS/2024.1/common/technology/xilinx/ip/util.gen 
Execute       source /home/Vitis_HLS/2024.1/common/technology/xilinx/DSP48/dsp48.gen 
Execute     ap_part_info -name xck26-sfvc784-2LV-c -data info 
Execute     config_compile -quiet -complex-mul-dsp=0 
Command   set_part done; 0.14 sec.
Execute   create_clock -period 4 -name default 
INFO: [HLS 200-1510] Running: create_clock -period 4 -name default 
Execute   csynth_design 
INFO: [HLS 200-1510] Running: csynth_design 
INFO-FLOW: Running SLX 'csynth' proc: ::SLX::run_csynth
Execute     elaborate -effort=medium -skip_syncheck=0 -keep_printf=0 -skip_cdt=0 -skip_transform=0 -ng=0 -g=0 -opt_fp=0 -from_csynth_design=1 
INFO: [HLS 200-111] Finished File checks and directory preparation: CPU user time: 0.04 seconds. CPU system time: 0 seconds. Elapsed time: 0.05 seconds; current allocated memory: 385.945 MB.
Execute       set_directive_top rgb2gray_top -name=rgb2gray_top 
Execute       source /home/Vitis_HLS/2024.1/tps/tcl/tcllib1.11.1/yaml/huddle.tcl 
Execute       source /home/Vitis_HLS/2024.1/tps/tcl/tcllib1.11.1/yaml/json2huddle.tcl 
Execute         source /home/Vitis_HLS/2024.1/tps/tcl/tcllib1.11.1/try/try.tcl 
INFO: [HLS 200-10] Analyzing design file 'tarea3_rgb2gray/rgb2gray_kernel.cpp' ... 
INFO-FLOW: Compiling one TU...
INFO-FLOW: Handling tarea3_rgb2gray/rgb2gray_kernel.cpp as C++
Execute       ap_part_info -name xck26-sfvc784-2LV-c -data info 
INFO-FLOW: Running: GCC PP 39
INFO-FLOW: Source preprocessing
INFO-FLOW: run_clang exec: /home/Vitis_HLS/2024.1/lnx64/tools/clang-3.9-csynth/bin/clang tarea3_rgb2gray/rgb2gray_kernel.cpp -foptimization-record-file=/home/diego/MP6160_grupo_5/tarea3_rgb2gray/solution1/.autopilot/db/rgb2gray_kernel.cpp.clang.diag.yml -mllvm -pass-remarks-missed=reflow|pasta|unroll -mllvm -pass-remarks=reflow|pasta|unroll|inline -fno-limit-debug-info -gcc-toolchain /home/Vitis_HLS/2024.1/tps/lnx64/gcc-8.3.0 -fhls -fno-exceptions -insert-hls-directive=/home/diego/MP6160_grupo_5/tarea3_rgb2gray/solution1/.autopilot/db/all.directive.json -E -fno-math-errno -c -emit-llvm -mllvm -disable-llvm-optzns -Werror=implicit-function-declaration -Werror=implicit-hls-streams -Werror=return-type -Wpragmas -Wunused-parameter -Wdump-hls-pragmas -Wno-error=dump-hls-pragmas -hls-clock-period=4 -fno-threadsafe-statics -fno-use-cxa-atexit -std=gnu++14 -target fpga64-xilinx-linux-gnu -fno-threadsafe-statics -fno-use-cxa-atexit -D__VITIS_HLS__ -DAESL_SYN -D__SYNTHESIS__ -D__HLS_SYN__ -I /home/Vitis_HLS/2024.1/common/technology/autopilot -I /home/Vitis_HLS/2024.1/common/technology/autopilot/ap_sysc -include etc/autopilot_ssdm_op.h -D__DSP48E2__ -I /usr/include/x86_64-linux-gnu -o /home/diego/MP6160_grupo_5/tarea3_rgb2gray/solution1/.autopilot/db/rgb2gray_kernel.pp.0.cpp -hls-platform-db-name=/home/Vitis_HLS/2024.1/common/technology/xilinx/common/platform.db -hls-platform-name=zynquplus_medium -device-resource-info=BRAM_288.000000_DSP_1248.000000_FF_234240.000000_LUT_117120.000000_SLICE_14640.000000_URAM_64.000000 -device-name-info=xck26-sfvc784-2LV-c > /home/diego/MP6160_grupo_5/tarea3_rgb2gray/solution1/.autopilot/db/rgb2gray_kernel.cpp.clang.out.log 2> /home/diego/MP6160_grupo_5/tarea3_rgb2gray/solution1/.autopilot/db/rgb2gray_kernel.cpp.clang.err.log
INFO-FLOW: Done: GCC PP 39 time: 0.1 seconds per iteration
INFO-FLOW: Source syntax check for synthesis
INFO-FLOW: run_clang exec: /home/Vitis_HLS/2024.1/lnx64/tools/clang-3.9-csynth/bin/clang -foptimization-record-file=/home/diego/MP6160_grupo_5/tarea3_rgb2gray/solution1/.autopilot/db/clang.diag.yml -mllvm -pass-remarks-missed=reflow|pasta|unroll -mllvm -pass-remarks=reflow|pasta|unroll|inline -fsyntax-only -fhls -target fpga64-xilinx-linux-gnu /home/diego/MP6160_grupo_5/tarea3_rgb2gray/solution1/.autopilot/db/rgb2gray_kernel.pp.0.cpp -hls-platform-db-name=/home/Vitis_HLS/2024.1/common/technology/xilinx/common/platform.db -hls-platform-name=zynquplus_medium -device-resource-info=BRAM_288.000000_DSP_1248.000000_FF_234240.000000_LUT_117120.000000_SLICE_14640.000000_URAM_64.000000 -device-name-info=xck26-sfvc784-2LV-c > /home/diego/MP6160_grupo_5/tarea3_rgb2gray/solution1/.autopilot/db/clang.out.log 2> /home/diego/MP6160_grupo_5/tarea3_rgb2gray/solution1/.autopilot/db/clang.err.log
Execute       clang_tidy xilinx-systemc-detector -desc systemc-detector /home/diego/MP6160_grupo_5/tarea3_rgb2gray/solution1/.autopilot/db/rgb2gray_kernel.pp.0.cpp std=gnu++14 -target fpga  -directive=/home/diego/MP6160_grupo_5/tarea3_rgb2gray/solution1/.autopilot/db/.systemc_flag 
INFO-FLOW: exec /home/Vitis_HLS/2024.1/lnx64/tools/clang-3.9-csynth/bin/clang-tidy -header-filter=.* --checks=-*,xilinx-systemc-detector -import-directive=/home/diego/MP6160_grupo_5/tarea3_rgb2gray/solution1/.autopilot/db/.systemc_flag -fix-errors /home/diego/MP6160_grupo_5/tarea3_rgb2gray/solution1/.autopilot/db/rgb2gray_kernel.pp.0.cpp -- -std=gnu++14 -target fpga -fhls -ferror-limit=0
Command       clang_tidy done; 0.26 sec.
INFO-FLOW: Running: clang-tidy CDT preprocess 39
Execute       clang_tidy xilinx-directive2pragma -desc directive2pragma /home/diego/MP6160_grupo_5/tarea3_rgb2gray/solution1/.autopilot/db/rgb2gray_kernel.pp.0.cpp std=gnu++14 -target fpga  -directive=/home/diego/MP6160_grupo_5/tarea3_rgb2gray/solution1/.autopilot/db/all.directive.json 
INFO-FLOW: exec /home/Vitis_HLS/2024.1/lnx64/tools/clang-3.9-csynth/bin/clang-tidy -header-filter=.* --checks=-*,xilinx-directive2pragma -import-directive=/home/diego/MP6160_grupo_5/tarea3_rgb2gray/solution1/.autopilot/db/all.directive.json -fix-errors /home/diego/MP6160_grupo_5/tarea3_rgb2gray/solution1/.autopilot/db/rgb2gray_kernel.pp.0.cpp -- -std=gnu++14 -target fpga -fhls -ferror-limit=0
Command       clang_tidy done; 0.37 sec.
INFO-FLOW: Done: clang-tidy CDT preprocess 39 time: 0.4 seconds per iteration
INFO-FLOW: Calling xilinx-label-all-loops ... 
INFO-FLOW: Calling xilinx-aggregate-on-hls-vector ... 
Execute       clang_tidy -errorcheck -desc loop-label xilinx-label-all-loops,xilinx-aggregate-on-hls-vector,,xilinx-warn-mayneed-no-ctor-attribute /home/diego/MP6160_grupo_5/tarea3_rgb2gray/solution1/.autopilot/db/rgb2gray_kernel.pp.0.cpp std=gnu++14 -target fpga  
INFO-FLOW: run_clang exec: /home/Vitis_HLS/2024.1/lnx64/tools/clang-3.9-csynth/bin/clang-tidy -export-fixes=/home/diego/MP6160_grupo_5/tarea3_rgb2gray/solution1/.autopilot/db/rgb2gray_kernel.pp.0.cpp.clang-tidy.loop-label.diag.yml -header-filter=.* --checks=-*,xilinx-label-all-loops,xilinx-aggregate-on-hls-vector,,xilinx-warn-mayneed-no-ctor-attribute -fix-errors /home/diego/MP6160_grupo_5/tarea3_rgb2gray/solution1/.autopilot/db/rgb2gray_kernel.pp.0.cpp -- -std=gnu++14 -target fpga -fhls -ferror-limit=0 > /home/diego/MP6160_grupo_5/tarea3_rgb2gray/solution1/.autopilot/db/rgb2gray_kernel.pp.0.cpp.clang-tidy.loop-label.out.log 2> /home/diego/MP6160_grupo_5/tarea3_rgb2gray/solution1/.autopilot/db/rgb2gray_kernel.pp.0.cpp.clang-tidy.loop-label.err.log
Execute         source /home/Vitis_HLS/2024.1/tps/tcl/tcllib1.11.1/yaml/yaml.tcl 
Command       clang_tidy done; 0.45 sec.
INFO-FLOW: run_clang exec: /home/Vitis_HLS/2024.1/lnx64/tools/clang-3.9-csynth/bin/xilinx-dataflow-lawyer -export-fixes=/home/diego/MP6160_grupo_5/tarea3_rgb2gray/solution1/.autopilot/db/rgb2gray_kernel.pp.0.cpp.xilinx-dataflow-lawyer.diag.yml /home/diego/MP6160_grupo_5/tarea3_rgb2gray/solution1/.autopilot/db/rgb2gray_kernel.pp.0.cpp -- -std=gnu++14 -target fpga -fhls -ferror-limit=0 -fstrict-dataflow > /home/diego/MP6160_grupo_5/tarea3_rgb2gray/solution1/.autopilot/db/rgb2gray_kernel.pp.0.cpp.xilinx-dataflow-lawyer.out.log 2> /home/diego/MP6160_grupo_5/tarea3_rgb2gray/solution1/.autopilot/db/rgb2gray_kernel.pp.0.cpp.xilinx-dataflow-lawyer.err.log
Execute       ap_part_info -name xck26-sfvc784-2LV-c -data info 
INFO-FLOW: compiling source code to llvm bc
INFO-FLOW: run_clang exec: /home/Vitis_HLS/2024.1/lnx64/tools/clang-3.9-csynth/bin/clang -foptimization-record-file=/home/diego/MP6160_grupo_5/tarea3_rgb2gray/solution1/.autopilot/db/rgb2gray_kernel.pp.0.cpp.clang.diag.yml -mllvm -pass-remarks-missed=reflow|pasta|unroll -mllvm -pass-remarks=reflow|pasta|unroll|inline -fno-limit-debug-info -fhls -flto -fno-exceptions -Wno-error=c++11-narrowing -hls-emit-hint-scope /home/diego/MP6160_grupo_5/tarea3_rgb2gray/solution1/.autopilot/db/rgb2gray_kernel.pp.0.cpp -fno-math-errno -c -emit-llvm -mllvm -disable-llvm-optzns -Werror=implicit-function-declaration -Werror=implicit-hls-streams -Werror=return-type -Wpragmas -Wunused-parameter -Wdump-hls-pragmas -Wno-error=dump-hls-pragmas -hls-clock-period=4 -fno-threadsafe-statics -fno-use-cxa-atexit -std=gnu++14 -target fpga64-xilinx-linux-gnu -D__VITIS_HLS__ -DAESL_SYN -D__SYNTHESIS__ -D__HLS_SYN__ -I /home/Vitis_HLS/2024.1/common/technology/autopilot -I /home/Vitis_HLS/2024.1/common/technology/autopilot/ap_sysc -include etc/autopilot_ssdm_op.h -D__DSP48E2__ -g -o /home/diego/MP6160_grupo_5/tarea3_rgb2gray/solution1/.autopilot/db/rgb2gray_kernel.bc -hls-platform-db-name=/home/Vitis_HLS/2024.1/common/technology/xilinx/common/platform.db -hls-platform-name=zynquplus_medium -device-resource-info=BRAM_288.000000_DSP_1248.000000_FF_234240.000000_LUT_117120.000000_SLICE_14640.000000_URAM_64.000000 -device-name-info=xck26-sfvc784-2LV-c > /home/diego/MP6160_grupo_5/tarea3_rgb2gray/solution1/.autopilot/db/rgb2gray_kernel.pp.0.cpp.clang.out.log 2> /home/diego/MP6160_grupo_5/tarea3_rgb2gray/solution1/.autopilot/db/rgb2gray_kernel.pp.0.cpp.clang.err.log
INFO: [HLS 200-111] Finished Source Code Analysis and Preprocessing: CPU user time: 1.82 seconds. CPU system time: 0.33 seconds. Elapsed time: 2.15 seconds; current allocated memory: 387.188 MB.
INFO-FLOW: Linking Debug ...
INFO-FLOW: Linking dut bc code.
Execute       run_link_or_opt -out /home/diego/MP6160_grupo_5/tarea3_rgb2gray/solution1/.autopilot/db/a.g.ld.0.bc -args  "/home/diego/MP6160_grupo_5/tarea3_rgb2gray/solution1/.autopilot/db/rgb2gray_kernel.g.bc"  
INFO-FLOW: run_clang exec: /home/Vitis_HLS/2024.1/lnx64/tools/clang-3.9-csynth/bin/llvm-link /home/diego/MP6160_grupo_5/tarea3_rgb2gray/solution1/.autopilot/db/rgb2gray_kernel.g.bc -o /home/diego/MP6160_grupo_5/tarea3_rgb2gray/solution1/.autopilot/db/a.g.ld.0.bc > /home/diego/MP6160_grupo_5/tarea3_rgb2gray/solution1/.autopilot/db/a.g.ld.0.bc.llvm-link.out.log 2> /home/diego/MP6160_grupo_5/tarea3_rgb2gray/solution1/.autopilot/db/a.g.ld.0.bc.llvm-link.err.log
INFO-FLOW: 
Execute       run_link_or_opt -opt -out /home/diego/MP6160_grupo_5/tarea3_rgb2gray/solution1/.autopilot/db/a.g.ld.1.lower.bc -args /home/diego/MP6160_grupo_5/tarea3_rgb2gray/solution1/.autopilot/db/a.g.ld.0.bc -reflow-lower-math-intrinsics 
INFO-FLOW: run_clang exec: /home/Vitis_HLS/2024.1/lnx64/tools/clang-3.9-csynth/bin/opt -pass-remarks-missed=reflow|pasta|unroll -pass-remarks=reflow|pasta|unroll|inline -pass-remarks-output=/home/diego/MP6160_grupo_5/tarea3_rgb2gray/solution1/.autopilot/db/a.g.ld.1.lower.bc.opt.diag.yml /home/diego/MP6160_grupo_5/tarea3_rgb2gray/solution1/.autopilot/db/a.g.ld.0.bc -reflow-lower-math-intrinsics -o /home/diego/MP6160_grupo_5/tarea3_rgb2gray/solution1/.autopilot/db/a.g.ld.1.lower.bc > /home/diego/MP6160_grupo_5/tarea3_rgb2gray/solution1/.autopilot/db/a.g.ld.1.lower.bc.opt.out.log 2> /home/diego/MP6160_grupo_5/tarea3_rgb2gray/solution1/.autopilot/db/a.g.ld.1.lower.bc.opt.err.log
INFO-FLOW: 
INFO-FLOW: Running: gen_design_size_report post-opt
INFO-FLOW: Done: gen_design_size_report post-opt time: 0 seconds per iteration
INFO-FLOW: Linking math bc lib
Execute       run_link_or_opt -out /home/diego/MP6160_grupo_5/tarea3_rgb2gray/solution1/.autopilot/db/a.g.ld.2.m1.bc -args /home/diego/MP6160_grupo_5/tarea3_rgb2gray/solution1/.autopilot/db/a.g.ld.1.lower.bc -only-needed /home/Vitis_HLS/2024.1/lnx64/lib/libhlsm_39.bc /home/Vitis_HLS/2024.1/lnx64/lib/libhlsmc++_39.bc 
INFO-FLOW: run_clang exec: /home/Vitis_HLS/2024.1/lnx64/tools/clang-3.9-csynth/bin/llvm-link /home/diego/MP6160_grupo_5/tarea3_rgb2gray/solution1/.autopilot/db/a.g.ld.1.lower.bc -only-needed /home/Vitis_HLS/2024.1/lnx64/lib/libhlsm_39.bc /home/Vitis_HLS/2024.1/lnx64/lib/libhlsmc++_39.bc -o /home/diego/MP6160_grupo_5/tarea3_rgb2gray/solution1/.autopilot/db/a.g.ld.2.m1.bc > /home/diego/MP6160_grupo_5/tarea3_rgb2gray/solution1/.autopilot/db/a.g.ld.2.m1.bc.llvm-link.out.log 2> /home/diego/MP6160_grupo_5/tarea3_rgb2gray/solution1/.autopilot/db/a.g.ld.2.m1.bc.llvm-link.err.log
INFO-FLOW: 
Command       run_link_or_opt done; 0.9 sec.
Execute       run_link_or_opt -opt -out /home/diego/MP6160_grupo_5/tarea3_rgb2gray/solution1/.autopilot/db/a.g.ld.3.fpc.bc -args /home/diego/MP6160_grupo_5/tarea3_rgb2gray/solution1/.autopilot/db/a.g.ld.2.m1.bc -reflow-globaldce -hls-top-function-name=rgb2gray_top -reflow-float-conversion 
INFO-FLOW: run_clang exec: /home/Vitis_HLS/2024.1/lnx64/tools/clang-3.9-csynth/bin/opt -pass-remarks-missed=reflow|pasta|unroll -pass-remarks=reflow|pasta|unroll|inline -pass-remarks-output=/home/diego/MP6160_grupo_5/tarea3_rgb2gray/solution1/.autopilot/db/a.g.ld.3.fpc.bc.opt.diag.yml /home/diego/MP6160_grupo_5/tarea3_rgb2gray/solution1/.autopilot/db/a.g.ld.2.m1.bc -reflow-globaldce -hls-top-function-name=rgb2gray_top -reflow-float-conversion -o /home/diego/MP6160_grupo_5/tarea3_rgb2gray/solution1/.autopilot/db/a.g.ld.3.fpc.bc > /home/diego/MP6160_grupo_5/tarea3_rgb2gray/solution1/.autopilot/db/a.g.ld.3.fpc.bc.opt.out.log 2> /home/diego/MP6160_grupo_5/tarea3_rgb2gray/solution1/.autopilot/db/a.g.ld.3.fpc.bc.opt.err.log
INFO-FLOW: 
INFO-FLOW: Running: gen_design_size_report post-opt
INFO-FLOW: Done: gen_design_size_report post-opt time: 0 seconds per iteration
Command       run_link_or_opt done; 0.37 sec.
Execute       run_link_or_opt -out /home/diego/MP6160_grupo_5/tarea3_rgb2gray/solution1/.autopilot/db/a.g.ld.4.m2.bc -args /home/diego/MP6160_grupo_5/tarea3_rgb2gray/solution1/.autopilot/db/a.g.ld.3.fpc.bc -only-needed /home/Vitis_HLS/2024.1/lnx64/lib/libfloatconversion_39.bc 
INFO-FLOW: run_clang exec: /home/Vitis_HLS/2024.1/lnx64/tools/clang-3.9-csynth/bin/llvm-link /home/diego/MP6160_grupo_5/tarea3_rgb2gray/solution1/.autopilot/db/a.g.ld.3.fpc.bc -only-needed /home/Vitis_HLS/2024.1/lnx64/lib/libfloatconversion_39.bc -o /home/diego/MP6160_grupo_5/tarea3_rgb2gray/solution1/.autopilot/db/a.g.ld.4.m2.bc > /home/diego/MP6160_grupo_5/tarea3_rgb2gray/solution1/.autopilot/db/a.g.ld.4.m2.bc.llvm-link.out.log 2> /home/diego/MP6160_grupo_5/tarea3_rgb2gray/solution1/.autopilot/db/a.g.ld.4.m2.bc.llvm-link.err.log
INFO-FLOW: 
Execute       run_link_or_opt -opt -out /home/diego/MP6160_grupo_5/tarea3_rgb2gray/solution1/.autopilot/db/a.g.ld.5.gdce.bc -args /home/diego/MP6160_grupo_5/tarea3_rgb2gray/solution1/.autopilot/db/a.g.ld.4.m2.bc -reflow-globaldce -hls-top-function-name=rgb2gray_top 
INFO-FLOW: run_clang exec: /home/Vitis_HLS/2024.1/lnx64/tools/clang-3.9-csynth/bin/opt -pass-remarks-missed=reflow|pasta|unroll -pass-remarks=reflow|pasta|unroll|inline -pass-remarks-output=/home/diego/MP6160_grupo_5/tarea3_rgb2gray/solution1/.autopilot/db/a.g.ld.5.gdce.bc.opt.diag.yml /home/diego/MP6160_grupo_5/tarea3_rgb2gray/solution1/.autopilot/db/a.g.ld.4.m2.bc -reflow-globaldce -hls-top-function-name=rgb2gray_top -o /home/diego/MP6160_grupo_5/tarea3_rgb2gray/solution1/.autopilot/db/a.g.ld.5.gdce.bc > /home/diego/MP6160_grupo_5/tarea3_rgb2gray/solution1/.autopilot/db/a.g.ld.5.gdce.bc.opt.out.log 2> /home/diego/MP6160_grupo_5/tarea3_rgb2gray/solution1/.autopilot/db/a.g.ld.5.gdce.bc.opt.err.log
INFO-FLOW: 
INFO-FLOW: Running: gen_design_size_report post-opt
INFO-FLOW: Done: gen_design_size_report post-opt time: 0 seconds per iteration
Execute       send_msg_by_id INFO @200-777@%s Vivado 
INFO: [HLS 200-777] Using interface defaults for 'Vivado' flow target.
Execute       is_m_axi_addr64 
INFO-FLOW: Doing LTO.
INFO-FLOW: run_clang (background poll_ms 5000) exec: /home/Vitis_HLS/2024.1/lnx64/tools/clang-3.9-csynth/bin/clang -foptimization-record-file=/home/diego/MP6160_grupo_5/tarea3_rgb2gray/solution1/.autopilot/db/a.g.ld.0.bc.clang.reflow.diag.yml -mllvm -pass-remarks-missed=reflow|pasta|unroll -mllvm -pass-remarks=reflow|pasta|unroll|inline -fhls -mllvm -hls-top-function-name=rgb2gray_top -mllvm -hls-db-dir -mllvm /home/diego/MP6160_grupo_5/tarea3_rgb2gray/solution1/.autopilot/db -emit-llvm -c -target fpga64-xilinx-none -mllvm -xcl-xmlinfo=/home/diego/MP6160_grupo_5/tarea3_rgb2gray/solution1/.autopilot/db/kernel.internal.xml -mllvm -top-io-mapping-info=/home/diego/MP6160_grupo_5/tarea3_rgb2gray/solution1/.autopilot/db/top-io-fe.xml -mllvm -hls-bitcode-version=3.1 -mllvm -reflow-enable-slave-interface-default-setting=true -mllvm -gen-kernel-xml=false -mllvm -default-maxi-offset=slave -mllvm -maxi-latency=0 -mllvm -hls-maxi-data-size-in-bits=8 -mllvm -hls-maxi-max-data-size-in-bits=1024 -mllvm -hls-max-widen-size-in-bits=0 -mllvm -xcl-kernel-max-mem-ports=0 -mllvm -maxi-read-trans=16 -mllvm -maxi-write-trans=16 -mllvm -maxi-read-burst-len=16 -mllvm -maxi-write-burst-len=16 -mllvm -reflow-enable-saxi-64bits=0 -mllvm -reflow-basic-block-instr-threshold=200000 -mllvm -reflow-auto-pipeline-threshold=64 -mllvm -reflow-enable-maxi-auto-id-channel=0 -mllvm -enable-fp-thr=0 -mllvm -reflow-bdd-simplify-threshold=1048576 -mllvm -reflow-fanout-threshold=16 -mllvm -reflow-complete-threshold=4 -mllvm -reflow-array-promotion-threshold=64 -mllvm -assume-maxi-align=1 -mllvm -reflow-enable-dataflow-strict-mode-checking=1 -ftime-report -mllvm -time-passes -mllvm -reflow-auto-array-partition-mode=default -mllvm -reflow-enable-auto-small-array-partition=true -mllvm -reflow-enable-auto-array-partition-for-flatten=true -mllvm -reflow-enable-auto-parallel-performance-driven=true -mllvm -reflow-enable-partition-for-automation=true -mllvm -reflow-aggregate-bitwidth-threshold=4096 -mllvm -reflow-reserved-saxilite-registers=0 -mllvm -enable-reflow-auto-loop-pipeline -mllvm -reflow-max-unroll-threshold=409600 -mllvm -auto-unroll-tripcount-threshold=0 -mllvm -reflow-assume-no-address-wrap=true -mllvm -reflow-enable-occurrence-inference=true -mllvm -reflow-emit-hint-scope=true -mllvm -reflow-enable-codegen-with-if=true -mllvm -hls -mllvm -disable-inlined-alloca-merging=true -mllvm -default-clock-period=4 -mllvm -use_read_first_ram_in_loop=1 -mllvm -default-clock-uncertainty=1.08 -x ir /home/diego/MP6160_grupo_5/tarea3_rgb2gray/solution1/.autopilot/db/a.g.ld.5.gdce.bc -o /home/diego/MP6160_grupo_5/tarea3_rgb2gray/solution1/.autopilot/db/a.g.lto.bc -hls-platform-db-name=/home/Vitis_HLS/2024.1/common/technology/xilinx/common/platform.db -hls-platform-name=zynquplus_medium -device-resource-info=BRAM_288.000000_DSP_1248.000000_FF_234240.000000_LUT_117120.000000_SLICE_14640.000000_URAM_64.000000 -device-name-info=xck26-sfvc784-2LV-c 2> /home/diego/MP6160_grupo_5/tarea3_rgb2gray/solution1/.autopilot/db/a.g.ld.0.bc.clang.reflow.err.log bg_poll_cmd: ::AP::poll_clang_39_closed_source
Execute       send_msg_by_id INFO @200-1995@%s%s%s 2,799 Compile/Link /home/diego/MP6160_grupo_5/tarea3_rgb2gray/solution1/syn/report/csynth_design_size.rpt 
INFO: [HLS 200-1995] There were 2,799 instructions in the design after the 'Compile/Link' phase of compilation. See the Design Size Report for more details: /home/diego/MP6160_grupo_5/tarea3_rgb2gray/solution1/syn/report/csynth_design_size.rpt
Execute       send_msg_by_id INFO @200-1995@%s%s%s 168 Unroll/Inline (step 1) /home/diego/MP6160_grupo_5/tarea3_rgb2gray/solution1/syn/report/csynth_design_size.rpt 
INFO: [HLS 200-1995] There were 168 instructions in the design after the 'Unroll/Inline (step 1)' phase of compilation. See the Design Size Report for more details: /home/diego/MP6160_grupo_5/tarea3_rgb2gray/solution1/syn/report/csynth_design_size.rpt
Execute       send_msg_by_id INFO @200-1995@%s%s%s 98 Unroll/Inline (step 2) /home/diego/MP6160_grupo_5/tarea3_rgb2gray/solution1/syn/report/csynth_design_size.rpt 
INFO: [HLS 200-1995] There were 98 instructions in the design after the 'Unroll/Inline (step 2)' phase of compilation. See the Design Size Report for more details: /home/diego/MP6160_grupo_5/tarea3_rgb2gray/solution1/syn/report/csynth_design_size.rpt
Execute       send_msg_by_id INFO @200-1995@%s%s%s 103 Unroll/Inline (step 3) /home/diego/MP6160_grupo_5/tarea3_rgb2gray/solution1/syn/report/csynth_design_size.rpt 
INFO: [HLS 200-1995] There were 103 instructions in the design after the 'Unroll/Inline (step 3)' phase of compilation. See the Design Size Report for more details: /home/diego/MP6160_grupo_5/tarea3_rgb2gray/solution1/syn/report/csynth_design_size.rpt
Execute       send_msg_by_id INFO @200-1995@%s%s%s 103 Unroll/Inline (step 4) /home/diego/MP6160_grupo_5/tarea3_rgb2gray/solution1/syn/report/csynth_design_size.rpt 
INFO: [HLS 200-1995] There were 103 instructions in the design after the 'Unroll/Inline (step 4)' phase of compilation. See the Design Size Report for more details: /home/diego/MP6160_grupo_5/tarea3_rgb2gray/solution1/syn/report/csynth_design_size.rpt
Execute       send_msg_by_id INFO @200-1995@%s%s%s 90 Array/Struct (step 1) /home/diego/MP6160_grupo_5/tarea3_rgb2gray/solution1/syn/report/csynth_design_size.rpt 
INFO: [HLS 200-1995] There were 90 instructions in the design after the 'Array/Struct (step 1)' phase of compilation. See the Design Size Report for more details: /home/diego/MP6160_grupo_5/tarea3_rgb2gray/solution1/syn/report/csynth_design_size.rpt
Execute       send_msg_by_id INFO @200-1995@%s%s%s 90 Array/Struct (step 2) /home/diego/MP6160_grupo_5/tarea3_rgb2gray/solution1/syn/report/csynth_design_size.rpt 
INFO: [HLS 200-1995] There were 90 instructions in the design after the 'Array/Struct (step 2)' phase of compilation. See the Design Size Report for more details: /home/diego/MP6160_grupo_5/tarea3_rgb2gray/solution1/syn/report/csynth_design_size.rpt
Execute       send_msg_by_id INFO @200-1995@%s%s%s 92 Array/Struct (step 3) /home/diego/MP6160_grupo_5/tarea3_rgb2gray/solution1/syn/report/csynth_design_size.rpt 
INFO: [HLS 200-1995] There were 92 instructions in the design after the 'Array/Struct (step 3)' phase of compilation. See the Design Size Report for more details: /home/diego/MP6160_grupo_5/tarea3_rgb2gray/solution1/syn/report/csynth_design_size.rpt
Execute       send_msg_by_id INFO @200-1995@%s%s%s 110 Array/Struct (step 4) /home/diego/MP6160_grupo_5/tarea3_rgb2gray/solution1/syn/report/csynth_design_size.rpt 
INFO: [HLS 200-1995] There were 110 instructions in the design after the 'Array/Struct (step 4)' phase of compilation. See the Design Size Report for more details: /home/diego/MP6160_grupo_5/tarea3_rgb2gray/solution1/syn/report/csynth_design_size.rpt
Execute       send_msg_by_id INFO @200-1995@%s%s%s 113 Array/Struct (step 5) /home/diego/MP6160_grupo_5/tarea3_rgb2gray/solution1/syn/report/csynth_design_size.rpt 
INFO: [HLS 200-1995] There were 113 instructions in the design after the 'Array/Struct (step 5)' phase of compilation. See the Design Size Report for more details: /home/diego/MP6160_grupo_5/tarea3_rgb2gray/solution1/syn/report/csynth_design_size.rpt
Execute       send_msg_by_id INFO @200-1995@%s%s%s 113 Performance (step 1) /home/diego/MP6160_grupo_5/tarea3_rgb2gray/solution1/syn/report/csynth_design_size.rpt 
INFO: [HLS 200-1995] There were 113 instructions in the design after the 'Performance (step 1)' phase of compilation. See the Design Size Report for more details: /home/diego/MP6160_grupo_5/tarea3_rgb2gray/solution1/syn/report/csynth_design_size.rpt
Execute       send_msg_by_id INFO @200-1995@%s%s%s 113 Performance (step 2) /home/diego/MP6160_grupo_5/tarea3_rgb2gray/solution1/syn/report/csynth_design_size.rpt 
INFO: [HLS 200-1995] There were 113 instructions in the design after the 'Performance (step 2)' phase of compilation. See the Design Size Report for more details: /home/diego/MP6160_grupo_5/tarea3_rgb2gray/solution1/syn/report/csynth_design_size.rpt
Execute       send_msg_by_id INFO @200-1995@%s%s%s 110 Performance (step 3) /home/diego/MP6160_grupo_5/tarea3_rgb2gray/solution1/syn/report/csynth_design_size.rpt 
INFO: [HLS 200-1995] There were 110 instructions in the design after the 'Performance (step 3)' phase of compilation. See the Design Size Report for more details: /home/diego/MP6160_grupo_5/tarea3_rgb2gray/solution1/syn/report/csynth_design_size.rpt
Execute       send_msg_by_id INFO @200-1995@%s%s%s 110 Performance (step 4) /home/diego/MP6160_grupo_5/tarea3_rgb2gray/solution1/syn/report/csynth_design_size.rpt 
INFO: [HLS 200-1995] There were 110 instructions in the design after the 'Performance (step 4)' phase of compilation. See the Design Size Report for more details: /home/diego/MP6160_grupo_5/tarea3_rgb2gray/solution1/syn/report/csynth_design_size.rpt
Execute       send_msg_by_id INFO @200-1995@%s%s%s 107 HW Transforms (step 1) /home/diego/MP6160_grupo_5/tarea3_rgb2gray/solution1/syn/report/csynth_design_size.rpt 
INFO: [HLS 200-1995] There were 107 instructions in the design after the 'HW Transforms (step 1)' phase of compilation. See the Design Size Report for more details: /home/diego/MP6160_grupo_5/tarea3_rgb2gray/solution1/syn/report/csynth_design_size.rpt
Execute       send_msg_by_id INFO @200-1995@%s%s%s 120 HW Transforms (step 2) /home/diego/MP6160_grupo_5/tarea3_rgb2gray/solution1/syn/report/csynth_design_size.rpt 
INFO: [HLS 200-1995] There were 120 instructions in the design after the 'HW Transforms (step 2)' phase of compilation. See the Design Size Report for more details: /home/diego/MP6160_grupo_5/tarea3_rgb2gray/solution1/syn/report/csynth_design_size.rpt
WARNING: [HLS 214-450] Ignore address on register port 'in_ram' (tarea3_rgb2gray/rgb2gray_kernel.cpp:17:19)
WARNING: [HLS 214-450] Ignore address on register port 'in_ram' (tarea3_rgb2gray/rgb2gray_kernel.cpp:18:19)
WARNING: [HLS 214-450] Ignore address on register port 'in_ram' (tarea3_rgb2gray/rgb2gray_kernel.cpp:19:19)
WARNING: [HLS 214-450] Ignore address on register port 'out_ram' (tarea3_rgb2gray/rgb2gray_kernel.cpp:50:13)
INFO: [HLS 214-241] Aggregating fifo (hls::stream) variable 'stream_rgb' with compact=bit mode in 24-bits (tarea3_rgb2gray/rgb2gray_kernel.cpp:61:21)
INFO-FLOW: DBG:PUTS: copy_raw_kernel_xml ap_link_39: kernel.xml not generated: /home/diego/MP6160_grupo_5/tarea3_rgb2gray/solution1/.autopilot/db/kernel.internal.xml
INFO: [HLS 200-111] Finished Compiling Optimization and Transform: CPU user time: 1.41 seconds. CPU system time: 0.25 seconds. Elapsed time: 6.41 seconds; current allocated memory: 397.785 MB.
INFO: [HLS 200-111] Finished Checking Pragmas: CPU user time: 0 seconds. CPU system time: 0 seconds. Elapsed time: 0 seconds; current allocated memory: 397.785 MB.
Execute       opt_and_import_c a -opt_level=2 -skip_syncheck=0 -ng=0 -keep_printf=0 
Execute         cleanup_all_models 
INFO: [HLS 200-10] Starting code transformations ...
INFO-FLOW: Running Standard Transforms...
Execute         transform -hls -share-std-xform -demangle-name -inline-byval-memcpy -always-inline -promote-dbg-pointer -interface-preproc -mem2reg -scalarrepl -mem2reg -keep-read-access -instcombine -dce -promote-dbg-pointer -bitop-raise -loop-simplify -indvarspre -indvars -loop-simplify -constprop -instcombine -simplifycfg -indvars -simplifycfg -dce -globaldce -basicaa -simplifycfg -mem2reg -globalopt -global-constprop -deadargelim -instcombine -simplifycfg -scalarrepl -instcombine -reassociate -licm -simplifycfg -loop-simplify -indvars -instcombine -simplifycfg -mem2reg -loop-simplify -indvars -instcombine -gvn -gvn -instcombine -adce -break-crit-edges -simplifycfg -loop-delete -global-array-opt -dce -dse -adce -find-syn-modules -top rgb2gray_top -deadargelim -mem2reg -instcombine -dce -presyn-prepare -interface-preproc -syn-check -check-rec-only -find-region -simplifycfg -func-extr -function-inline -globaldce -mem2reg -instcombine -dce -gvn -globaldce -adce -adse -constprop -instcombine -bit-constprop -instcombine -dce -simplifycfg -bitop-raise -simplifycfg -dce -loop-delete -reassociate -globalopt -global-privatize -mem2reg -dce -global-constprop -pointer-simplify -constprop -dce -promote-dbg-pointer -norm-name /home/diego/MP6160_grupo_5/tarea3_rgb2gray/solution1/.autopilot/db/a.g.0.bc -o /home/diego/MP6160_grupo_5/tarea3_rgb2gray/solution1/.autopilot/db/a.g.1.bc -f -phase std-opt 
INFO: [HLS 200-111] Finished Standard Transforms: CPU user time: 0.01 seconds. CPU system time: 0.01 seconds. Elapsed time: 0.01 seconds; current allocated memory: 397.852 MB.
INFO: [HLS 200-10] Checking synthesizability ...
INFO-FLOW: Checking Synthesizability 1/2..
Execute         transform -hls -syn-check -check-rec-only -scalarrepl -norm-name -dce -mem2reg -instcombine -directive-preproc -mem2reg -dse -dce -dce -pag -array-normalize -instcombine -dce -array-seg-normalize -instcombine -dce -data-pack -instcombine -dce -inst-simplify -array-flatten -instcombine -dce -array-burst -dce -deadargelim -promote-global-argument -simplifycfg -mem2reg -globaldce -dce -deadargelim -dce -instcombine -function-inline -globaldce -dce -doublePtrSimplify -doublePtrElim -dce -doublePtrSimplify -promote-dbg-pointer -dce -scalarrepl -dse -adse -instcombine -ptrLegalization -simplifycfg -dce -instcombine -pointer-simplify -ptrArgReplace -dce -instcombine -resolve-double-ptr -scalarrepl -norm-name -dce -mem2reg -instcombine -ptrLegalization -simplifycfg -deadargelim -instcombine -dce -inst-simplify -directive-preproc -mem2reg -dse -dce -globaldce /home/diego/MP6160_grupo_5/tarea3_rgb2gray/solution1/.autopilot/db/a.g.1.bc -o /home/diego/MP6160_grupo_5/tarea3_rgb2gray/solution1/.autopilot/db/a.g.2.prechk.bc -f 
INFO-FLOW: Checking Synthesizability 2/2..
Execute         transform -syn-check /home/diego/MP6160_grupo_5/tarea3_rgb2gray/solution1/.autopilot/db/a.g.2.prechk.bc -o /home/diego/MP6160_grupo_5/tarea3_rgb2gray/solution1/.autopilot/db/a.g.2.bc -f -phase syn-check 
INFO: [HLS 200-111] Finished Checking Synthesizability: CPU user time: 0.01 seconds. CPU system time: 0 seconds. Elapsed time: 0.01 seconds; current allocated memory: 397.875 MB.
INFO-FLOW: Compiler optimizing ...
INFO-FLOW: Share syncheck's 1.bc for syn flow: copy /home/diego/MP6160_grupo_5/tarea3_rgb2gray/solution1/.autopilot/db/a.g.1.bc to /home/diego/MP6160_grupo_5/tarea3_rgb2gray/solution1/.autopilot/db/a.o.1.bc
INFO-FLOW: Presyn 1...
Execute         transform -hls -tmp /home/diego/MP6160_grupo_5/tarea3_rgb2gray/solution1/.autopilot/db -interface-port-rename -directive-preproc -mem2reg -dse -dce -scalarrepl -norm-name -deadargelim -mem2reg -instcombine -dce -simplifycfg -dce -resource-proc -clib-intrinsic-prepare -dce -func-buffer -dce -pag -array-normalize -func-legal -instcombine -gvn -constprop -dce -simplifycfg -mem2reg -globaldce -resolve-double-ptr -dce -deadargelim -dce -instcombine -ptrArgReplace -mem2reg -dce -array-seg-normalize -deadargelim -instcombine -dce -directive-preproc -mem2reg -dse -dce -pointer-simplify -dce -port-alignment -dce -interface-preproc -data-pack -instcombine -dce -basicaa -aggr-aa -aggrmodref-aa -aggr-aa -gvn -gvn -basicaa -aggr-aa -aggrmodref-aa -aggr-aa -dse -adse -adce -loop-simplify -indvars -instcombine -gvn -loop-simplify -mem2reg -dce -find-region -instcombine -inst-simplify -interface-preproc -cfgopt -instcombine -indvars -loop-simplify -loop-bound -constprop -instcombine -simplifycfg -indvars -simplifycfg -dce -globaldce -clean-region -attach-range -gvn -inst-simplify -constprop -simplifycfg -dce -pointer-simplify -dce -globalopt -constprop -dce -array-promote -constprop -dce -ptrArgReplace -mem2reg -simplifycfg -dce -instcombine -dce -array-transform-check -array-reshape -instcombine -simplifycfg -dce -ptrArgReplace -deadargelim -mem2reg -instcombine -simplifycfg -dce -indvars -loop-simplify -loop-bound -constprop -instcombine -simplifycfg -indvars -simplifycfg -dce -globaldce -basicaa -aggr-aa -aggrmodref-aa -aggr-aa -dse -duplicate-dataflow-processes -globaldce -instcombine -array-partition -prepare-dynamic-array-partition -instcombine -simplifycfg -dce -ptrArgReplace -global-constprop -deadargelim -mem2reg -func-legal -dce -global-constprop -deadargelim -mem2reg -simplifycfg -dce -merge-param -deadargelim -globalopt -constprop -dce -array-promote -constprop -dce -ptrArgReplace -mem2reg -simplifycfg -dce -mem-intrinsic-preproc -dce -global-internalize -global-privatize -mem2reg -globaldce -lcssa -loop-simplify -phi-select-elim -promote-global-argument -ptrArgReplace -mem2reg -dce -globalopt -mergereturn -simplify-global-access -mem2reg -dce -pointer-simplify -dce -basicaa -aggr-aa -aggrmodref-aa -aggr-aa -functionattrs -basicaa -aggr-aa -aggrmodref-aa -aggr-aa -gvn -gvn -basicaa -aggr-aa -aggrmodref-aa -aggr-aa -dse -adse -adce -dce -norm-name -basicaa -aggr-aa -aggrmodref-aa -aggr-aa -accesses-merge -function-inline -complex-op-raise -inst-simplify -globaldce -func-legal -dce -loop-bound -arraycheck -bitwidthmin2 -bitwidthmin2 -on-by-dataflow -loop-delete -instcombine -simplifycfg -globaldce -dce -gvn -deadargelim -dce -loop-simplify -clean-region -simplifycfg -propagate-stable-arguments -loop-stream -instcombine -simplifycfg -dce -globaldce -duplicate-dataflow-processes -stream-intrinsic-preproc -dce -check-ap-stream -loop-simplify -eliminate-keepreads -extract-dataflow-in-loop -loop-simplify -dce -gvn -deadargelim -dse -duplicate-dataflow-processes -check-dataflow-syntax -legalize-stream-variable -globaldce -legalize-global -extract-subproc -dce -dead-channel-elimination -canonicalize-gep -globaldce -dce -gvn -hls-dead-arg-elim -deadargelim -directive-preproc -canonicalize-dataflow -dce -globaldce -scalar-preprocessing -scalar-propagation2 -scalar-stream -deadargelim -globaldce -mem2reg -check-dataflow-channels -function-stream -dce -globaldce -prop-fifo-spec -internal-stream-gen -canonicalize-gep -globaldce -dce -gvn -deadargelim -mergereturn -indvars -loop-simplify -instcombine -array-stream -array-seg-normalize -array-partition -clean-array-spec -func-legal -instcombine -simplifycfg -dce -bundle-memfifo-ops -deadargelim -directive-preproc -mem2reg -dse -dce -group-axi-access -licm -simplifycfg -dce -loop-delete -hls-display -norm-name /home/diego/MP6160_grupo_5/tarea3_rgb2gray/solution1/.autopilot/db/a.o.1.bc -o /home/diego/MP6160_grupo_5/tarea3_rgb2gray/solution1/.autopilot/db/a.o.1.tmp.bc -f 
INFO: [XFORM 203-712] Applying dataflow to function 'rgb2gray_top' (tarea3_rgb2gray/rgb2gray_kernel.cpp:55), detected/extracted 3 process function(s): 
	 'load_rgb'
	 'process_gray'
	 'store_gray'.
INFO-FLOW: Presyn 2...
Execute         transform -hls -keep-callgraph -scalarrepl -mem2reg -port-alignment -attach-range -dce -pipe-mux-gen -indvars -loop-bound -inst-simplify -instcombine -dce -merge-array-access -mem2reg -dce -clean-region -mergereturn -if-conv -instcombine -dce -constprop -basicaa -aggr-aa -aggrmodref-aa -aggr-aa -gvn -gvn -basicaa -aggr-aa -aggrmodref-aa -aggr-aa -dse -adse -adce -scalarrepl -mem2reg -global-constprop -deadargelim -deadargelim -instcombine -dce -simplifycfg -ptrArgReplace -mem2reg -function-inline -globaldce -mem2reg -instcombine -dce -expr-balance -instcombine -dce -bitwidthmin2 -bitwidthmin2 -interface-preproc -directive-preproc -inst-rectify -instcombine -dce -basicaa -aggr-aa -aggrmodref-aa -aggr-aa -functionattrs -constprop -instcombine -bit-constprop -simplify-global-access -globalopt -globaldce -inst-simplify -instcombine -elimdeaddata -dce -loop-delete -simplifycfg -loop-simplify -barrier -norm-name /home/diego/MP6160_grupo_5/tarea3_rgb2gray/solution1/.autopilot/db/a.o.1.tmp.bc -o /home/diego/MP6160_grupo_5/tarea3_rgb2gray/solution1/.autopilot/db/a.o.2.bc -f -phase presyn 
INFO: [XFORM 203-11] Balancing expressions in function 'process_gray' (tarea3_rgb2gray/rgb2gray_kernel.cpp:25:19)...3 expression(s) balanced.
INFO: [HLS 200-111] Finished Loop, function and other optimizations: CPU user time: 0.04 seconds. CPU system time: 0 seconds. Elapsed time: 0.04 seconds; current allocated memory: 419.832 MB.
Execute         transform -hls -auto-function-inline -globaldce -ptrArgReplace -mem2reg -dce -reset-lda -loop-simplify -indvars -aggr-aa -licm -loop-dep -loop-bound -licm -loop-simplify -loop-sink-hoist -flattenloopnest -array-flatten -gvn -instcombine -dce -array-map -dce -func-legal -gvn -adce -instcombine -cfgopt -simplifycfg-lite -loop-simplify -array-burst -promote-global-argument -dce -array-seg-normalize -basicaa -aggrmodref-aa -globalsmodref-aa -aggr-aa -gvn -gvn -basicaa -aggrmodref-aa -globalsmodref-aa -aggr-aa -dse -adse -adce -licm -inst-simplify -dce -globaldce -instcombine -array-stream -eliminate-keepreads -instcombine -dce -deadargelim -doublePtrSimplify -doublePtrElim -dce -doublePtrSimplify -promote-dbg-pointer -dce -scalarrepl -mem2reg -norm-name -mem2reg -instcombine -dse -adse -adce -ptrLegalization -dce -array-flatten -dce -instcombine -check-doubleptr -loop-rot -constprop -inst-simplify -cfgopt -simplifycfg-lite -loop-simplify -indvars -pointer-simplify -dce -loop-bound -loop-simplify -loop-preproc -constprop -global-constprop -gvn -mem2reg -instcombine -dce -loop-bound -loop-merge -dce -deadargelim -dce -canonicalize-dataflow -dce -deadargelim -globaldce -mem2reg -bram-byte-enable -inst-simplify -inst-rectify -instcombine -adce -deadargelim -load-elim -read-loop-dep -loop-simplify -loop-extract-inner -directive-preproc -bitwidthmin2 -bitwidthmin2 -read-loop-dep -interface-preproc -directive-preproc -interface-gen -bram-byte-enable-spec-prop -mul2addshift -deadargelim -inst-simplify -dce -mem2reg -instcombine -gvn -dce -adse -loop-bound -instcombine -cfgopt -simplifycfg-lite -loop-simplify -clean-region -io-protocol -find-region -mem2reg -bitop-raise -complex-op-raise -inst-simplify -inst-rectify -instcombine -adce -deadargelim -float-op-raise -loop-simplify -phi-opt -bitop-raise -cfgopt -simplifycfg-lite -strip-dead-prototypes -interface-lower -bitop-lower -intrinsic-lower -auto-function-inline -basicaa -aggrmodref-aa -globalsmodref-aa -aggr-aa -inst-simplify -simplifycfg-lite -loop-simplify -mergereturn -inst-simplify -inst-rectify -globaldce -dce -load-elim -bitop-lower -float-op-raise -fma-raise -loop-rewind -pointer-simplify -dce -cfgopt -dce -loop-bound -loop-dep -read-loop-dep -dce -dyn-mem-reuse -dce -recurrence-min -dce -share-scalar-alloca -deadargelim -dce -check-stream -norm-name -legalize -inst-clarity -bitwidth -dce -validate-dataflow -dump-loop-dep-to-ir -check-all-ssdm -dump-complexity-metric /home/diego/MP6160_grupo_5/tarea3_rgb2gray/solution1/.autopilot/db/a.o.2.bc -o /home/diego/MP6160_grupo_5/tarea3_rgb2gray/solution1/.autopilot/db/a.o.3.bc -f -phase build-ssdm 
Execute           auto_get_db
INFO-FLOW: Building ssdm...
Execute         transform -hls -cdfg-build /home/diego/MP6160_grupo_5/tarea3_rgb2gray/solution1/.autopilot/db/a.o.3.bc -o /home/diego/MP6160_grupo_5/tarea3_rgb2gray/solution1/.autopilot/db/a.o.3.bc -f -phase build-ssdm 
INFO: [HLS 200-111] Finished Architecture Synthesis: CPU user time: 0.03 seconds. CPU system time: 0.01 seconds. Elapsed time: 0.04 seconds; current allocated memory: 467.633 MB.
INFO-FLOW: Finish building internal data model.
Command     elaborate done; 8.67 sec.
Execute     ap_eval exec zip -j /home/diego/MP6160_grupo_5/tarea3_rgb2gray/solution1/.autopilot/db/dut.hcp $dbDir/a.o.3.bc $dbDir/${topname}.rtl_wrap.cfg.tcl $dbDir/apatb_${topname}.cpp $dbDir/apatb_${topname}_util.cpp $dbDir/apatb_${topname}_ir.ll $dbDir/mapper_${topname}.cpp $dbDir/top-io-fe.xml $dbDir/kernel.internal.xml $workdir/../hls.app 
Execute     autosyn -from_csynth_design=1 
INFO: [HLS 200-10] Starting hardware synthesis ...
INFO-FLOW: Synthesizing C/C++ design ...
INFO: [HLS 200-10] Synthesizing 'rgb2gray_top' ...
Execute       ap_set_top_model rgb2gray_top 
Execute       get_model_list rgb2gray_top -filter all-wo-channel -topdown 
Execute       preproc_iomode -model rgb2gray_top 
Execute       preproc_iomode -model store_gray 
Execute       preproc_iomode -model store_gray_Pipeline_store_loop 
Execute       preproc_iomode -model process_gray 
Execute       preproc_iomode -model process_gray_Pipeline_process_loop 
Execute       preproc_iomode -model load_rgb 
Execute       preproc_iomode -model load_rgb_Pipeline_load_loop 
Execute       get_model_list rgb2gray_top -filter all-wo-channel 
INFO-FLOW: Model list for configure: load_rgb_Pipeline_load_loop load_rgb process_gray_Pipeline_process_loop process_gray store_gray_Pipeline_store_loop store_gray rgb2gray_top
INFO-FLOW: Configuring Module : load_rgb_Pipeline_load_loop ...
Execute       set_default_model load_rgb_Pipeline_load_loop 
Execute       apply_spec_resource_limit load_rgb_Pipeline_load_loop 
INFO-FLOW: Configuring Module : load_rgb ...
Execute       set_default_model load_rgb 
Execute       apply_spec_resource_limit load_rgb 
INFO-FLOW: Configuring Module : process_gray_Pipeline_process_loop ...
Execute       set_default_model process_gray_Pipeline_process_loop 
Execute       apply_spec_resource_limit process_gray_Pipeline_process_loop 
INFO-FLOW: Configuring Module : process_gray ...
Execute       set_default_model process_gray 
Execute       apply_spec_resource_limit process_gray 
INFO-FLOW: Configuring Module : store_gray_Pipeline_store_loop ...
Execute       set_default_model store_gray_Pipeline_store_loop 
Execute       apply_spec_resource_limit store_gray_Pipeline_store_loop 
INFO-FLOW: Configuring Module : store_gray ...
Execute       set_default_model store_gray 
Execute       apply_spec_resource_limit store_gray 
INFO-FLOW: Configuring Module : rgb2gray_top ...
Execute       set_default_model rgb2gray_top 
Execute       apply_spec_resource_limit rgb2gray_top 
INFO-FLOW: Model list for preprocess: load_rgb_Pipeline_load_loop load_rgb process_gray_Pipeline_process_loop process_gray store_gray_Pipeline_store_loop store_gray rgb2gray_top
INFO-FLOW: Preprocessing Module: load_rgb_Pipeline_load_loop ...
Execute       set_default_model load_rgb_Pipeline_load_loop 
Execute       cdfg_preprocess -model load_rgb_Pipeline_load_loop 
Execute       rtl_gen_preprocess load_rgb_Pipeline_load_loop 
INFO-FLOW: Preprocessing Module: load_rgb ...
Execute       set_default_model load_rgb 
Execute       cdfg_preprocess -model load_rgb 
Execute       rtl_gen_preprocess load_rgb 
INFO-FLOW: Preprocessing Module: process_gray_Pipeline_process_loop ...
Execute       set_default_model process_gray_Pipeline_process_loop 
Execute       cdfg_preprocess -model process_gray_Pipeline_process_loop 
Execute       rtl_gen_preprocess process_gray_Pipeline_process_loop 
INFO-FLOW: Preprocessing Module: process_gray ...
Execute       set_default_model process_gray 
Execute       cdfg_preprocess -model process_gray 
Execute       rtl_gen_preprocess process_gray 
INFO-FLOW: Preprocessing Module: store_gray_Pipeline_store_loop ...
Execute       set_default_model store_gray_Pipeline_store_loop 
Execute       cdfg_preprocess -model store_gray_Pipeline_store_loop 
Execute       rtl_gen_preprocess store_gray_Pipeline_store_loop 
INFO-FLOW: Preprocessing Module: store_gray ...
Execute       set_default_model store_gray 
Execute       cdfg_preprocess -model store_gray 
Execute       rtl_gen_preprocess store_gray 
INFO-FLOW: Preprocessing Module: rgb2gray_top ...
Execute       set_default_model rgb2gray_top 
Execute       cdfg_preprocess -model rgb2gray_top 
Execute       rtl_gen_preprocess rgb2gray_top 
INFO-FLOW: Model list for synthesis: load_rgb_Pipeline_load_loop load_rgb process_gray_Pipeline_process_loop process_gray store_gray_Pipeline_store_loop store_gray rgb2gray_top
INFO: [HLS 200-10] ----------------------------------------------------------------
INFO: [HLS 200-42] -- Implementing module 'load_rgb_Pipeline_load_loop' 
INFO: [HLS 200-10] ----------------------------------------------------------------
Execute       set_default_model load_rgb_Pipeline_load_loop 
Execute       schedule -model load_rgb_Pipeline_load_loop 
INFO: [SCHED 204-11] Starting scheduling ...
INFO: [SCHED 204-61] Pipelining loop 'load_loop'.
INFO: [HLS 200-1470] Pipelining result : Target II = 1, Final II = 1, Depth = 2, loop 'load_loop'
INFO: [SCHED 204-11] Finished scheduling.
INFO: [HLS 200-111] Finished Scheduling: CPU user time: 0.02 seconds. CPU system time: 0.01 seconds. Elapsed time: 0.03 seconds; current allocated memory: 468.645 MB.
Execute       syn_report -verbosereport -o /home/diego/MP6160_grupo_5/tarea3_rgb2gray/solution1/.autopilot/db/load_rgb_Pipeline_load_loop.verbose.sched.rpt 
Execute         list_part -family xck26-sfvc784-2LV-c 
Execute           ap_family_info -name xck26-sfvc784-2LV-c -data names 
Execute           ap_part_info -quiet -name xck26-sfvc784-2LV-c -data family 
Execute       db_write -o /home/diego/MP6160_grupo_5/tarea3_rgb2gray/solution1/.autopilot/db/load_rgb_Pipeline_load_loop.sched.adb -f 
INFO-FLOW: Finish scheduling load_rgb_Pipeline_load_loop.
Execute       set_default_model load_rgb_Pipeline_load_loop 
Execute       bind -model load_rgb_Pipeline_load_loop 
INFO: [BIND 205-100] Starting micro-architecture generation ...
INFO: [BIND 205-101] Performing variable lifetime analysis.
INFO: [BIND 205-101] Exploring resource sharing.
INFO: [BIND 205-101] Binding ...
INFO: [BIND 205-100] Finished micro-architecture generation.
INFO: [HLS 200-111] Finished Binding: CPU user time: 0.01 seconds. CPU system time: 0 seconds. Elapsed time: 0.01 seconds; current allocated memory: 468.645 MB.
Execute       syn_report -verbosereport -o /home/diego/MP6160_grupo_5/tarea3_rgb2gray/solution1/.autopilot/db/load_rgb_Pipeline_load_loop.verbose.bind.rpt 
Execute         list_part -family xck26-sfvc784-2LV-c 
Execute           ap_family_info -name xck26-sfvc784-2LV-c -data names 
Execute           ap_part_info -quiet -name xck26-sfvc784-2LV-c -data family 
Execute       db_write -o /home/diego/MP6160_grupo_5/tarea3_rgb2gray/solution1/.autopilot/db/load_rgb_Pipeline_load_loop.bind.adb -f 
INFO-FLOW: Finish binding load_rgb_Pipeline_load_loop.
INFO: [HLS 200-10] ----------------------------------------------------------------
INFO: [HLS 200-42] -- Implementing module 'load_rgb' 
INFO: [HLS 200-10] ----------------------------------------------------------------
Execute       set_default_model load_rgb 
Execute       schedule -model load_rgb 
INFO: [SCHED 204-11] Starting scheduling ...
INFO: [SCHED 204-11] Finished scheduling.
INFO: [HLS 200-111] Finished Scheduling: CPU user time: 0.01 seconds. CPU system time: 0 seconds. Elapsed time: 0.01 seconds; current allocated memory: 468.660 MB.
Execute       syn_report -verbosereport -o /home/diego/MP6160_grupo_5/tarea3_rgb2gray/solution1/.autopilot/db/load_rgb.verbose.sched.rpt 
Execute         list_part -family xck26-sfvc784-2LV-c 
Execute           ap_family_info -name xck26-sfvc784-2LV-c -data names 
Execute           ap_part_info -quiet -name xck26-sfvc784-2LV-c -data family 
Execute       db_write -o /home/diego/MP6160_grupo_5/tarea3_rgb2gray/solution1/.autopilot/db/load_rgb.sched.adb -f 
INFO-FLOW: Finish scheduling load_rgb.
Execute       set_default_model load_rgb 
Execute       bind -model load_rgb 
INFO: [BIND 205-100] Starting micro-architecture generation ...
INFO: [BIND 205-101] Performing variable lifetime analysis.
INFO: [BIND 205-101] Exploring resource sharing.
INFO: [BIND 205-101] Binding ...
INFO: [BIND 205-100] Finished micro-architecture generation.
INFO: [HLS 200-111] Finished Binding: CPU user time: 0.01 seconds. CPU system time: 0 seconds. Elapsed time: 0.01 seconds; current allocated memory: 468.660 MB.
Execute       syn_report -verbosereport -o /home/diego/MP6160_grupo_5/tarea3_rgb2gray/solution1/.autopilot/db/load_rgb.verbose.bind.rpt 
Execute         list_part -family xck26-sfvc784-2LV-c 
Execute           ap_family_info -name xck26-sfvc784-2LV-c -data names 
Execute           ap_part_info -quiet -name xck26-sfvc784-2LV-c -data family 
Execute       db_write -o /home/diego/MP6160_grupo_5/tarea3_rgb2gray/solution1/.autopilot/db/load_rgb.bind.adb -f 
INFO-FLOW: Finish binding load_rgb.
INFO: [HLS 200-10] ----------------------------------------------------------------
INFO: [HLS 200-42] -- Implementing module 'process_gray_Pipeline_process_loop' 
INFO: [HLS 200-10] ----------------------------------------------------------------
Execute       set_default_model process_gray_Pipeline_process_loop 
Execute       schedule -model process_gray_Pipeline_process_loop 
INFO: [SCHED 204-11] Starting scheduling ...
INFO: [HLS 200-486] Changing DSP latency (root=add_ln40_2) to 3 in order to utilize available DSP registers.
INFO: [HLS 200-486] Changing DSP latency (root=add_ln40_1) to 3 in order to utilize available DSP registers.
INFO: [SCHED 204-61] Pipelining loop 'process_loop'.
INFO: [HLS 200-1470] Pipelining result : Target II = 1, Final II = 1, Depth = 6, loop 'process_loop'
INFO: [SCHED 204-11] Finished scheduling.
INFO: [HLS 200-111] Finished Scheduling: CPU user time: 0.02 seconds. CPU system time: 0 seconds. Elapsed time: 0.03 seconds; current allocated memory: 468.750 MB.
Execute       syn_report -verbosereport -o /home/diego/MP6160_grupo_5/tarea3_rgb2gray/solution1/.autopilot/db/process_gray_Pipeline_process_loop.verbose.sched.rpt 
Execute         list_part -family xck26-sfvc784-2LV-c 
Execute           ap_family_info -name xck26-sfvc784-2LV-c -data names 
Execute           ap_part_info -quiet -name xck26-sfvc784-2LV-c -data family 
Execute       db_write -o /home/diego/MP6160_grupo_5/tarea3_rgb2gray/solution1/.autopilot/db/process_gray_Pipeline_process_loop.sched.adb -f 
INFO-FLOW: Finish scheduling process_gray_Pipeline_process_loop.
Execute       set_default_model process_gray_Pipeline_process_loop 
Execute       bind -model process_gray_Pipeline_process_loop 
INFO: [BIND 205-100] Starting micro-architecture generation ...
INFO: [BIND 205-101] Performing variable lifetime analysis.
INFO: [BIND 205-101] Exploring resource sharing.
INFO: [BIND 205-101] Binding ...
INFO: [BIND 205-100] Finished micro-architecture generation.
INFO: [HLS 200-111] Finished Binding: CPU user time: 0.01 seconds. CPU system time: 0 seconds. Elapsed time: 0.01 seconds; current allocated memory: 468.750 MB.
Execute       syn_report -verbosereport -o /home/diego/MP6160_grupo_5/tarea3_rgb2gray/solution1/.autopilot/db/process_gray_Pipeline_process_loop.verbose.bind.rpt 
Execute         list_part -family xck26-sfvc784-2LV-c 
Execute           ap_family_info -name xck26-sfvc784-2LV-c -data names 
Execute           ap_part_info -quiet -name xck26-sfvc784-2LV-c -data family 
Execute       db_write -o /home/diego/MP6160_grupo_5/tarea3_rgb2gray/solution1/.autopilot/db/process_gray_Pipeline_process_loop.bind.adb -f 
INFO-FLOW: Finish binding process_gray_Pipeline_process_loop.
INFO: [HLS 200-10] ----------------------------------------------------------------
INFO: [HLS 200-42] -- Implementing module 'process_gray' 
INFO: [HLS 200-10] ----------------------------------------------------------------
Execute       set_default_model process_gray 
Execute       schedule -model process_gray 
INFO: [SCHED 204-11] Starting scheduling ...
INFO: [SCHED 204-11] Finished scheduling.
INFO: [HLS 200-111] Finished Scheduling: CPU user time: 0.01 seconds. CPU system time: 0 seconds. Elapsed time: 0.01 seconds; current allocated memory: 468.777 MB.
Execute       syn_report -verbosereport -o /home/diego/MP6160_grupo_5/tarea3_rgb2gray/solution1/.autopilot/db/process_gray.verbose.sched.rpt 
Execute         list_part -family xck26-sfvc784-2LV-c 
Execute           ap_family_info -name xck26-sfvc784-2LV-c -data names 
Execute           ap_part_info -quiet -name xck26-sfvc784-2LV-c -data family 
Execute       db_write -o /home/diego/MP6160_grupo_5/tarea3_rgb2gray/solution1/.autopilot/db/process_gray.sched.adb -f 
INFO-FLOW: Finish scheduling process_gray.
Execute       set_default_model process_gray 
Execute       bind -model process_gray 
INFO: [BIND 205-100] Starting micro-architecture generation ...
INFO: [BIND 205-101] Performing variable lifetime analysis.
INFO: [BIND 205-101] Exploring resource sharing.
INFO: [BIND 205-101] Binding ...
INFO: [BIND 205-100] Finished micro-architecture generation.
INFO: [HLS 200-111] Finished Binding: CPU user time: 0.01 seconds. CPU system time: 0 seconds. Elapsed time: 0.01 seconds; current allocated memory: 468.777 MB.
Execute       syn_report -verbosereport -o /home/diego/MP6160_grupo_5/tarea3_rgb2gray/solution1/.autopilot/db/process_gray.verbose.bind.rpt 
Execute         list_part -family xck26-sfvc784-2LV-c 
Execute           ap_family_info -name xck26-sfvc784-2LV-c -data names 
Execute           ap_part_info -quiet -name xck26-sfvc784-2LV-c -data family 
Execute       db_write -o /home/diego/MP6160_grupo_5/tarea3_rgb2gray/solution1/.autopilot/db/process_gray.bind.adb -f 
INFO-FLOW: Finish binding process_gray.
INFO: [HLS 200-10] ----------------------------------------------------------------
INFO: [HLS 200-42] -- Implementing module 'store_gray_Pipeline_store_loop' 
INFO: [HLS 200-10] ----------------------------------------------------------------
Execute       set_default_model store_gray_Pipeline_store_loop 
Execute       schedule -model store_gray_Pipeline_store_loop 
INFO: [SCHED 204-11] Starting scheduling ...
INFO: [SCHED 204-61] Pipelining loop 'store_loop'.
INFO: [HLS 200-1470] Pipelining result : Target II = 1, Final II = 1, Depth = 2, loop 'store_loop'
INFO: [SCHED 204-11] Finished scheduling.
INFO: [HLS 200-111] Finished Scheduling: CPU user time: 0.02 seconds. CPU system time: 0 seconds. Elapsed time: 0.02 seconds; current allocated memory: 468.852 MB.
Execute       syn_report -verbosereport -o /home/diego/MP6160_grupo_5/tarea3_rgb2gray/solution1/.autopilot/db/store_gray_Pipeline_store_loop.verbose.sched.rpt 
Execute         list_part -family xck26-sfvc784-2LV-c 
Execute           ap_family_info -name xck26-sfvc784-2LV-c -data names 
Execute           ap_part_info -quiet -name xck26-sfvc784-2LV-c -data family 
Execute       db_write -o /home/diego/MP6160_grupo_5/tarea3_rgb2gray/solution1/.autopilot/db/store_gray_Pipeline_store_loop.sched.adb -f 
INFO-FLOW: Finish scheduling store_gray_Pipeline_store_loop.
Execute       set_default_model store_gray_Pipeline_store_loop 
Execute       bind -model store_gray_Pipeline_store_loop 
INFO: [BIND 205-100] Starting micro-architecture generation ...
INFO: [BIND 205-101] Performing variable lifetime analysis.
INFO: [BIND 205-101] Exploring resource sharing.
INFO: [BIND 205-101] Binding ...
INFO: [BIND 205-100] Finished micro-architecture generation.
INFO: [HLS 200-111] Finished Binding: CPU user time: 0.01 seconds. CPU system time: 0 seconds. Elapsed time: 0.01 seconds; current allocated memory: 468.852 MB.
Execute       syn_report -verbosereport -o /home/diego/MP6160_grupo_5/tarea3_rgb2gray/solution1/.autopilot/db/store_gray_Pipeline_store_loop.verbose.bind.rpt 
Execute         list_part -family xck26-sfvc784-2LV-c 
Execute           ap_family_info -name xck26-sfvc784-2LV-c -data names 
Execute           ap_part_info -quiet -name xck26-sfvc784-2LV-c -data family 
Execute       db_write -o /home/diego/MP6160_grupo_5/tarea3_rgb2gray/solution1/.autopilot/db/store_gray_Pipeline_store_loop.bind.adb -f 
INFO-FLOW: Finish binding store_gray_Pipeline_store_loop.
INFO: [HLS 200-10] ----------------------------------------------------------------
INFO: [HLS 200-42] -- Implementing module 'store_gray' 
INFO: [HLS 200-10] ----------------------------------------------------------------
Execute       set_default_model store_gray 
Execute       schedule -model store_gray 
INFO: [SCHED 204-11] Starting scheduling ...
INFO: [SCHED 204-11] Finished scheduling.
INFO: [HLS 200-111] Finished Scheduling: CPU user time: 0.01 seconds. CPU system time: 0 seconds. Elapsed time: 0.01 seconds; current allocated memory: 468.875 MB.
Execute       syn_report -verbosereport -o /home/diego/MP6160_grupo_5/tarea3_rgb2gray/solution1/.autopilot/db/store_gray.verbose.sched.rpt 
Execute         list_part -family xck26-sfvc784-2LV-c 
Execute           ap_family_info -name xck26-sfvc784-2LV-c -data names 
Execute           ap_part_info -quiet -name xck26-sfvc784-2LV-c -data family 
Execute       db_write -o /home/diego/MP6160_grupo_5/tarea3_rgb2gray/solution1/.autopilot/db/store_gray.sched.adb -f 
INFO-FLOW: Finish scheduling store_gray.
Execute       set_default_model store_gray 
Execute       bind -model store_gray 
INFO: [BIND 205-100] Starting micro-architecture generation ...
INFO: [BIND 205-101] Performing variable lifetime analysis.
INFO: [BIND 205-101] Exploring resource sharing.
INFO: [BIND 205-101] Binding ...
INFO: [BIND 205-100] Finished micro-architecture generation.
INFO: [HLS 200-111] Finished Binding: CPU user time: 0.01 seconds. CPU system time: 0 seconds. Elapsed time: 0.01 seconds; current allocated memory: 468.875 MB.
Execute       syn_report -verbosereport -o /home/diego/MP6160_grupo_5/tarea3_rgb2gray/solution1/.autopilot/db/store_gray.verbose.bind.rpt 
Execute         list_part -family xck26-sfvc784-2LV-c 
Execute           ap_family_info -name xck26-sfvc784-2LV-c -data names 
Execute           ap_part_info -quiet -name xck26-sfvc784-2LV-c -data family 
Execute       db_write -o /home/diego/MP6160_grupo_5/tarea3_rgb2gray/solution1/.autopilot/db/store_gray.bind.adb -f 
INFO-FLOW: Finish binding store_gray.
INFO: [HLS 200-10] ----------------------------------------------------------------
INFO: [HLS 200-42] -- Implementing module 'rgb2gray_top' 
INFO: [HLS 200-10] ----------------------------------------------------------------
Execute       set_default_model rgb2gray_top 
Execute       schedule -model rgb2gray_top 
INFO: [SCHED 204-11] Starting scheduling ...
INFO: [SCHED 204-11] Finished scheduling.
INFO: [HLS 200-111] Finished Scheduling: CPU user time: 0.02 seconds. CPU system time: 0 seconds. Elapsed time: 0.02 seconds; current allocated memory: 468.875 MB.
Execute       syn_report -verbosereport -o /home/diego/MP6160_grupo_5/tarea3_rgb2gray/solution1/.autopilot/db/rgb2gray_top.verbose.sched.rpt 
Execute         list_part -family xck26-sfvc784-2LV-c 
Execute           ap_family_info -name xck26-sfvc784-2LV-c -data names 
Execute           ap_part_info -quiet -name xck26-sfvc784-2LV-c -data family 
Execute       db_write -o /home/diego/MP6160_grupo_5/tarea3_rgb2gray/solution1/.autopilot/db/rgb2gray_top.sched.adb -f 
INFO-FLOW: Finish scheduling rgb2gray_top.
Execute       set_default_model rgb2gray_top 
Execute       bind -model rgb2gray_top 
INFO: [BIND 205-100] Starting micro-architecture generation ...
INFO: [BIND 205-101] Performing variable lifetime analysis.
INFO: [BIND 205-101] Exploring resource sharing.
INFO: [BIND 205-101] Binding ...
INFO: [BIND 205-100] Finished micro-architecture generation.
INFO: [HLS 200-111] Finished Binding: CPU user time: 0.01 seconds. CPU system time: 0.01 seconds. Elapsed time: 0.01 seconds; current allocated memory: 468.875 MB.
Execute       syn_report -verbosereport -o /home/diego/MP6160_grupo_5/tarea3_rgb2gray/solution1/.autopilot/db/rgb2gray_top.verbose.bind.rpt 
Execute         list_part -family xck26-sfvc784-2LV-c 
Execute           ap_family_info -name xck26-sfvc784-2LV-c -data names 
Execute           ap_part_info -quiet -name xck26-sfvc784-2LV-c -data family 
Execute       db_write -o /home/diego/MP6160_grupo_5/tarea3_rgb2gray/solution1/.autopilot/db/rgb2gray_top.bind.adb -f 
INFO-FLOW: Finish binding rgb2gray_top.
Execute       get_model_list rgb2gray_top -filter all-wo-channel 
INFO-FLOW: Preprocessing for RTLGen ...
Execute       rtl_gen_preprocess load_rgb_Pipeline_load_loop 
Execute       rtl_gen_preprocess load_rgb 
Execute       rtl_gen_preprocess process_gray_Pipeline_process_loop 
Execute       rtl_gen_preprocess process_gray 
Execute       rtl_gen_preprocess store_gray_Pipeline_store_loop 
Execute       rtl_gen_preprocess store_gray 
Execute       rtl_gen_preprocess rgb2gray_top 
INFO-FLOW: Model list for RTL generation: load_rgb_Pipeline_load_loop load_rgb process_gray_Pipeline_process_loop process_gray store_gray_Pipeline_store_loop store_gray rgb2gray_top
INFO: [HLS 200-10] ----------------------------------------------------------------
INFO: [HLS 200-10] -- Generating RTL for module 'load_rgb_Pipeline_load_loop' 
INFO: [HLS 200-10] ----------------------------------------------------------------
Execute       create_rtl_model load_rgb_Pipeline_load_loop -top_prefix rgb2gray_top_ -sub_prefix rgb2gray_top_ -mg_file /home/diego/MP6160_grupo_5/tarea3_rgb2gray/solution1/.autopilot/db/load_rgb_Pipeline_load_loop.compgen.tcl 
INFO: [HLS 200-1030] Apply Unified Pipeline Control on module 'load_rgb_Pipeline_load_loop' pipeline 'load_loop' pipeline type 'loop pipeline'
INFO: [RTGEN 206-100] Finished creating RTL model for 'load_rgb_Pipeline_load_loop'.
INFO: [HLS 200-111] Finished Creating RTL model: CPU user time: 0.01 seconds. CPU system time: 0 seconds. Elapsed time: 0.02 seconds; current allocated memory: 468.875 MB.
Execute       source /home/diego/MP6160_grupo_5/tarea3_rgb2gray/solution1/.autopilot/db/rgb2gray_top.rtl_wrap.cfg.tcl 
Execute       gen_rtl load_rgb_Pipeline_load_loop -style xilinx -f -lang vhdl -o /home/diego/MP6160_grupo_5/tarea3_rgb2gray/solution1/syn/vhdl/rgb2gray_top_load_rgb_Pipeline_load_loop 
Execute       gen_rtl load_rgb_Pipeline_load_loop -style xilinx -f -lang vlog -o /home/diego/MP6160_grupo_5/tarea3_rgb2gray/solution1/syn/verilog/rgb2gray_top_load_rgb_Pipeline_load_loop 
Execute       syn_report -csynth -model load_rgb_Pipeline_load_loop -o /home/diego/MP6160_grupo_5/tarea3_rgb2gray/solution1/syn/report/load_rgb_Pipeline_load_loop_csynth.rpt 
Execute         list_part -family xck26-sfvc784-2LV-c 
Execute           ap_family_info -name xck26-sfvc784-2LV-c -data names 
Execute           ap_part_info -quiet -name xck26-sfvc784-2LV-c -data family 
Execute       syn_report -rtlxml -model load_rgb_Pipeline_load_loop -o /home/diego/MP6160_grupo_5/tarea3_rgb2gray/solution1/syn/report/load_rgb_Pipeline_load_loop_csynth.xml 
Execute         list_part -family xck26-sfvc784-2LV-c 
Execute           ap_family_info -name xck26-sfvc784-2LV-c -data names 
Execute           ap_part_info -quiet -name xck26-sfvc784-2LV-c -data family 
Execute       syn_report -verbosereport -model load_rgb_Pipeline_load_loop -o /home/diego/MP6160_grupo_5/tarea3_rgb2gray/solution1/.autopilot/db/load_rgb_Pipeline_load_loop.verbose.rpt 
Execute         list_part -family xck26-sfvc784-2LV-c 
Execute           ap_family_info -name xck26-sfvc784-2LV-c -data names 
Execute           ap_part_info -quiet -name xck26-sfvc784-2LV-c -data family 
Execute       db_write -model load_rgb_Pipeline_load_loop -f -o /home/diego/MP6160_grupo_5/tarea3_rgb2gray/solution1/.autopilot/db/load_rgb_Pipeline_load_loop.adb 
Execute       db_write -model load_rgb_Pipeline_load_loop -bindview -o /home/diego/MP6160_grupo_5/tarea3_rgb2gray/solution1/.autopilot/db/design.bindinfo.xml 
Execute       gen_tb_info load_rgb_Pipeline_load_loop -p /home/diego/MP6160_grupo_5/tarea3_rgb2gray/solution1/.autopilot/db -o /home/diego/MP6160_grupo_5/tarea3_rgb2gray/solution1/.autopilot/db/load_rgb_Pipeline_load_loop 
INFO: [HLS 200-10] ----------------------------------------------------------------
INFO: [HLS 200-10] -- Generating RTL for module 'load_rgb' 
INFO: [HLS 200-10] ----------------------------------------------------------------
Execute       create_rtl_model load_rgb -top_prefix rgb2gray_top_ -sub_prefix rgb2gray_top_ -mg_file /home/diego/MP6160_grupo_5/tarea3_rgb2gray/solution1/.autopilot/db/load_rgb.compgen.tcl 
INFO: [RTGEN 206-100] Finished creating RTL model for 'load_rgb'.
INFO: [HLS 200-111] Finished Creating RTL model: CPU user time: 0.03 seconds. CPU system time: 0 seconds. Elapsed time: 0.03 seconds; current allocated memory: 469.426 MB.
Execute       source /home/diego/MP6160_grupo_5/tarea3_rgb2gray/solution1/.autopilot/db/rgb2gray_top.rtl_wrap.cfg.tcl 
Execute       gen_rtl load_rgb -style xilinx -f -lang vhdl -o /home/diego/MP6160_grupo_5/tarea3_rgb2gray/solution1/syn/vhdl/rgb2gray_top_load_rgb 
Execute       gen_rtl load_rgb -style xilinx -f -lang vlog -o /home/diego/MP6160_grupo_5/tarea3_rgb2gray/solution1/syn/verilog/rgb2gray_top_load_rgb 
Execute       syn_report -csynth -model load_rgb -o /home/diego/MP6160_grupo_5/tarea3_rgb2gray/solution1/syn/report/load_rgb_csynth.rpt 
Execute         list_part -family xck26-sfvc784-2LV-c 
Execute           ap_family_info -name xck26-sfvc784-2LV-c -data names 
Execute           ap_part_info -quiet -name xck26-sfvc784-2LV-c -data family 
Execute       syn_report -rtlxml -model load_rgb -o /home/diego/MP6160_grupo_5/tarea3_rgb2gray/solution1/syn/report/load_rgb_csynth.xml 
Execute         list_part -family xck26-sfvc784-2LV-c 
Execute           ap_family_info -name xck26-sfvc784-2LV-c -data names 
Execute           ap_part_info -quiet -name xck26-sfvc784-2LV-c -data family 
Execute       syn_report -verbosereport -model load_rgb -o /home/diego/MP6160_grupo_5/tarea3_rgb2gray/solution1/.autopilot/db/load_rgb.verbose.rpt 
Execute         list_part -family xck26-sfvc784-2LV-c 
Execute           ap_family_info -name xck26-sfvc784-2LV-c -data names 
Execute           ap_part_info -quiet -name xck26-sfvc784-2LV-c -data family 
Execute       db_write -model load_rgb -f -o /home/diego/MP6160_grupo_5/tarea3_rgb2gray/solution1/.autopilot/db/load_rgb.adb 
Execute       db_write -model load_rgb -bindview -o /home/diego/MP6160_grupo_5/tarea3_rgb2gray/solution1/.autopilot/db/design.bindinfo.xml 
Execute       gen_tb_info load_rgb -p /home/diego/MP6160_grupo_5/tarea3_rgb2gray/solution1/.autopilot/db -o /home/diego/MP6160_grupo_5/tarea3_rgb2gray/solution1/.autopilot/db/load_rgb 
INFO: [HLS 200-10] ----------------------------------------------------------------
INFO: [HLS 200-10] -- Generating RTL for module 'process_gray_Pipeline_process_loop' 
INFO: [HLS 200-10] ----------------------------------------------------------------
Execute       create_rtl_model process_gray_Pipeline_process_loop -top_prefix rgb2gray_top_ -sub_prefix rgb2gray_top_ -mg_file /home/diego/MP6160_grupo_5/tarea3_rgb2gray/solution1/.autopilot/db/process_gray_Pipeline_process_loop.compgen.tcl 
INFO: [HLS 200-1030] Apply Unified Pipeline Control on module 'process_gray_Pipeline_process_loop' pipeline 'process_loop' pipeline type 'loop pipeline'
INFO: [RTGEN 206-100] Generating core module 'mac_muladd_12ns_8ns_15ns_20_4_1': 1 instance(s).
INFO: [RTGEN 206-100] Generating core module 'mac_muladd_13ns_8ns_23ns_23_4_1': 1 instance(s).
INFO: [RTGEN 206-100] Generating core module 'mul_8ns_16ns_23_1_1': 1 instance(s).
INFO: [RTGEN 206-100] Finished creating RTL model for 'process_gray_Pipeline_process_loop'.
INFO: [HLS 200-111] Finished Creating RTL model: CPU user time: 0.03 seconds. CPU system time: 0 seconds. Elapsed time: 0.03 seconds; current allocated memory: 470.375 MB.
Execute       source /home/diego/MP6160_grupo_5/tarea3_rgb2gray/solution1/.autopilot/db/rgb2gray_top.rtl_wrap.cfg.tcl 
Execute       gen_rtl process_gray_Pipeline_process_loop -style xilinx -f -lang vhdl -o /home/diego/MP6160_grupo_5/tarea3_rgb2gray/solution1/syn/vhdl/rgb2gray_top_process_gray_Pipeline_process_loop 
Execute       gen_rtl process_gray_Pipeline_process_loop -style xilinx -f -lang vlog -o /home/diego/MP6160_grupo_5/tarea3_rgb2gray/solution1/syn/verilog/rgb2gray_top_process_gray_Pipeline_process_loop 
Execute       syn_report -csynth -model process_gray_Pipeline_process_loop -o /home/diego/MP6160_grupo_5/tarea3_rgb2gray/solution1/syn/report/process_gray_Pipeline_process_loop_csynth.rpt 
Execute         list_part -family xck26-sfvc784-2LV-c 
Execute           ap_family_info -name xck26-sfvc784-2LV-c -data names 
Execute           ap_part_info -quiet -name xck26-sfvc784-2LV-c -data family 
Execute       syn_report -rtlxml -model process_gray_Pipeline_process_loop -o /home/diego/MP6160_grupo_5/tarea3_rgb2gray/solution1/syn/report/process_gray_Pipeline_process_loop_csynth.xml 
Execute         list_part -family xck26-sfvc784-2LV-c 
Execute           ap_family_info -name xck26-sfvc784-2LV-c -data names 
Execute           ap_part_info -quiet -name xck26-sfvc784-2LV-c -data family 
Execute       syn_report -verbosereport -model process_gray_Pipeline_process_loop -o /home/diego/MP6160_grupo_5/tarea3_rgb2gray/solution1/.autopilot/db/process_gray_Pipeline_process_loop.verbose.rpt 
Execute         list_part -family xck26-sfvc784-2LV-c 
Execute           ap_family_info -name xck26-sfvc784-2LV-c -data names 
Execute           ap_part_info -quiet -name xck26-sfvc784-2LV-c -data family 
Execute       db_write -model process_gray_Pipeline_process_loop -f -o /home/diego/MP6160_grupo_5/tarea3_rgb2gray/solution1/.autopilot/db/process_gray_Pipeline_process_loop.adb 
Execute       db_write -model process_gray_Pipeline_process_loop -bindview -o /home/diego/MP6160_grupo_5/tarea3_rgb2gray/solution1/.autopilot/db/design.bindinfo.xml 
Execute       gen_tb_info process_gray_Pipeline_process_loop -p /home/diego/MP6160_grupo_5/tarea3_rgb2gray/solution1/.autopilot/db -o /home/diego/MP6160_grupo_5/tarea3_rgb2gray/solution1/.autopilot/db/process_gray_Pipeline_process_loop 
INFO: [HLS 200-10] ----------------------------------------------------------------
INFO: [HLS 200-10] -- Generating RTL for module 'process_gray' 
INFO: [HLS 200-10] ----------------------------------------------------------------
Execute       create_rtl_model process_gray -top_prefix rgb2gray_top_ -sub_prefix rgb2gray_top_ -mg_file /home/diego/MP6160_grupo_5/tarea3_rgb2gray/solution1/.autopilot/db/process_gray.compgen.tcl 
INFO: [RTGEN 206-100] Finished creating RTL model for 'process_gray'.
INFO: [HLS 200-111] Finished Creating RTL model: CPU user time: 0.03 seconds. CPU system time: 0.01 seconds. Elapsed time: 0.03 seconds; current allocated memory: 471.613 MB.
Execute       source /home/diego/MP6160_grupo_5/tarea3_rgb2gray/solution1/.autopilot/db/rgb2gray_top.rtl_wrap.cfg.tcl 
Execute       gen_rtl process_gray -style xilinx -f -lang vhdl -o /home/diego/MP6160_grupo_5/tarea3_rgb2gray/solution1/syn/vhdl/rgb2gray_top_process_gray 
Execute       gen_rtl process_gray -style xilinx -f -lang vlog -o /home/diego/MP6160_grupo_5/tarea3_rgb2gray/solution1/syn/verilog/rgb2gray_top_process_gray 
Execute       syn_report -csynth -model process_gray -o /home/diego/MP6160_grupo_5/tarea3_rgb2gray/solution1/syn/report/process_gray_csynth.rpt 
Execute         list_part -family xck26-sfvc784-2LV-c 
Execute           ap_family_info -name xck26-sfvc784-2LV-c -data names 
Execute           ap_part_info -quiet -name xck26-sfvc784-2LV-c -data family 
Execute       syn_report -rtlxml -model process_gray -o /home/diego/MP6160_grupo_5/tarea3_rgb2gray/solution1/syn/report/process_gray_csynth.xml 
Execute         list_part -family xck26-sfvc784-2LV-c 
Execute           ap_family_info -name xck26-sfvc784-2LV-c -data names 
Execute           ap_part_info -quiet -name xck26-sfvc784-2LV-c -data family 
Execute       syn_report -verbosereport -model process_gray -o /home/diego/MP6160_grupo_5/tarea3_rgb2gray/solution1/.autopilot/db/process_gray.verbose.rpt 
Execute         list_part -family xck26-sfvc784-2LV-c 
Execute           ap_family_info -name xck26-sfvc784-2LV-c -data names 
Execute           ap_part_info -quiet -name xck26-sfvc784-2LV-c -data family 
Execute       db_write -model process_gray -f -o /home/diego/MP6160_grupo_5/tarea3_rgb2gray/solution1/.autopilot/db/process_gray.adb 
Execute       db_write -model process_gray -bindview -o /home/diego/MP6160_grupo_5/tarea3_rgb2gray/solution1/.autopilot/db/design.bindinfo.xml 
Execute       gen_tb_info process_gray -p /home/diego/MP6160_grupo_5/tarea3_rgb2gray/solution1/.autopilot/db -o /home/diego/MP6160_grupo_5/tarea3_rgb2gray/solution1/.autopilot/db/process_gray 
INFO: [HLS 200-10] ----------------------------------------------------------------
INFO: [HLS 200-10] -- Generating RTL for module 'store_gray_Pipeline_store_loop' 
INFO: [HLS 200-10] ----------------------------------------------------------------
Execute       create_rtl_model store_gray_Pipeline_store_loop -top_prefix rgb2gray_top_ -sub_prefix rgb2gray_top_ -mg_file /home/diego/MP6160_grupo_5/tarea3_rgb2gray/solution1/.autopilot/db/store_gray_Pipeline_store_loop.compgen.tcl 
INFO: [HLS 200-1030] Apply Unified Pipeline Control on module 'store_gray_Pipeline_store_loop' pipeline 'store_loop' pipeline type 'loop pipeline'
INFO: [RTGEN 206-100] Finished creating RTL model for 'store_gray_Pipeline_store_loop'.
INFO: [HLS 200-111] Finished Creating RTL model: CPU user time: 0.02 seconds. CPU system time: 0 seconds. Elapsed time: 0.03 seconds; current allocated memory: 472.352 MB.
Execute       source /home/diego/MP6160_grupo_5/tarea3_rgb2gray/solution1/.autopilot/db/rgb2gray_top.rtl_wrap.cfg.tcl 
Execute       gen_rtl store_gray_Pipeline_store_loop -style xilinx -f -lang vhdl -o /home/diego/MP6160_grupo_5/tarea3_rgb2gray/solution1/syn/vhdl/rgb2gray_top_store_gray_Pipeline_store_loop 
Execute       gen_rtl store_gray_Pipeline_store_loop -style xilinx -f -lang vlog -o /home/diego/MP6160_grupo_5/tarea3_rgb2gray/solution1/syn/verilog/rgb2gray_top_store_gray_Pipeline_store_loop 
Execute       syn_report -csynth -model store_gray_Pipeline_store_loop -o /home/diego/MP6160_grupo_5/tarea3_rgb2gray/solution1/syn/report/store_gray_Pipeline_store_loop_csynth.rpt 
Execute         list_part -family xck26-sfvc784-2LV-c 
Execute           ap_family_info -name xck26-sfvc784-2LV-c -data names 
Execute           ap_part_info -quiet -name xck26-sfvc784-2LV-c -data family 
Execute       syn_report -rtlxml -model store_gray_Pipeline_store_loop -o /home/diego/MP6160_grupo_5/tarea3_rgb2gray/solution1/syn/report/store_gray_Pipeline_store_loop_csynth.xml 
Execute         list_part -family xck26-sfvc784-2LV-c 
Execute           ap_family_info -name xck26-sfvc784-2LV-c -data names 
Execute           ap_part_info -quiet -name xck26-sfvc784-2LV-c -data family 
Execute       syn_report -verbosereport -model store_gray_Pipeline_store_loop -o /home/diego/MP6160_grupo_5/tarea3_rgb2gray/solution1/.autopilot/db/store_gray_Pipeline_store_loop.verbose.rpt 
Execute         list_part -family xck26-sfvc784-2LV-c 
Execute           ap_family_info -name xck26-sfvc784-2LV-c -data names 
Execute           ap_part_info -quiet -name xck26-sfvc784-2LV-c -data family 
Execute       db_write -model store_gray_Pipeline_store_loop -f -o /home/diego/MP6160_grupo_5/tarea3_rgb2gray/solution1/.autopilot/db/store_gray_Pipeline_store_loop.adb 
Execute       db_write -model store_gray_Pipeline_store_loop -bindview -o /home/diego/MP6160_grupo_5/tarea3_rgb2gray/solution1/.autopilot/db/design.bindinfo.xml 
Execute       gen_tb_info store_gray_Pipeline_store_loop -p /home/diego/MP6160_grupo_5/tarea3_rgb2gray/solution1/.autopilot/db -o /home/diego/MP6160_grupo_5/tarea3_rgb2gray/solution1/.autopilot/db/store_gray_Pipeline_store_loop 
INFO: [HLS 200-10] ----------------------------------------------------------------
INFO: [HLS 200-10] -- Generating RTL for module 'store_gray' 
INFO: [HLS 200-10] ----------------------------------------------------------------
Execute       create_rtl_model store_gray -top_prefix rgb2gray_top_ -sub_prefix rgb2gray_top_ -mg_file /home/diego/MP6160_grupo_5/tarea3_rgb2gray/solution1/.autopilot/db/store_gray.compgen.tcl 
INFO: [RTGEN 206-100] Finished creating RTL model for 'store_gray'.
INFO: [HLS 200-111] Finished Creating RTL model: CPU user time: 0.02 seconds. CPU system time: 0 seconds. Elapsed time: 0.03 seconds; current allocated memory: 473.227 MB.
Execute       source /home/diego/MP6160_grupo_5/tarea3_rgb2gray/solution1/.autopilot/db/rgb2gray_top.rtl_wrap.cfg.tcl 
Execute       gen_rtl store_gray -style xilinx -f -lang vhdl -o /home/diego/MP6160_grupo_5/tarea3_rgb2gray/solution1/syn/vhdl/rgb2gray_top_store_gray 
Execute       gen_rtl store_gray -style xilinx -f -lang vlog -o /home/diego/MP6160_grupo_5/tarea3_rgb2gray/solution1/syn/verilog/rgb2gray_top_store_gray 
Execute       syn_report -csynth -model store_gray -o /home/diego/MP6160_grupo_5/tarea3_rgb2gray/solution1/syn/report/store_gray_csynth.rpt 
Execute         list_part -family xck26-sfvc784-2LV-c 
Execute           ap_family_info -name xck26-sfvc784-2LV-c -data names 
Execute           ap_part_info -quiet -name xck26-sfvc784-2LV-c -data family 
Execute       syn_report -rtlxml -model store_gray -o /home/diego/MP6160_grupo_5/tarea3_rgb2gray/solution1/syn/report/store_gray_csynth.xml 
Execute         list_part -family xck26-sfvc784-2LV-c 
Execute           ap_family_info -name xck26-sfvc784-2LV-c -data names 
Execute           ap_part_info -quiet -name xck26-sfvc784-2LV-c -data family 
Execute       syn_report -verbosereport -model store_gray -o /home/diego/MP6160_grupo_5/tarea3_rgb2gray/solution1/.autopilot/db/store_gray.verbose.rpt 
Execute         list_part -family xck26-sfvc784-2LV-c 
Execute           ap_family_info -name xck26-sfvc784-2LV-c -data names 
Execute           ap_part_info -quiet -name xck26-sfvc784-2LV-c -data family 
Execute       db_write -model store_gray -f -o /home/diego/MP6160_grupo_5/tarea3_rgb2gray/solution1/.autopilot/db/store_gray.adb 
Execute       db_write -model store_gray -bindview -o /home/diego/MP6160_grupo_5/tarea3_rgb2gray/solution1/.autopilot/db/design.bindinfo.xml 
Execute       gen_tb_info store_gray -p /home/diego/MP6160_grupo_5/tarea3_rgb2gray/solution1/.autopilot/db -o /home/diego/MP6160_grupo_5/tarea3_rgb2gray/solution1/.autopilot/db/store_gray 
INFO: [HLS 200-10] ----------------------------------------------------------------
INFO: [HLS 200-10] -- Generating RTL for module 'rgb2gray_top' 
INFO: [HLS 200-10] ----------------------------------------------------------------
Execute       create_rtl_model rgb2gray_top -top_prefix  -sub_prefix rgb2gray_top_ -mg_file /home/diego/MP6160_grupo_5/tarea3_rgb2gray/solution1/.autopilot/db/rgb2gray_top.compgen.tcl 
INFO: [RTGEN 206-500] Setting interface mode on port 'rgb2gray_top/image_in' to 'ap_none'.
INFO: [RTGEN 206-500] Setting interface mode on port 'rgb2gray_top/image_out' to 'ap_vld'.
INFO: [RTGEN 206-500] Setting interface mode on port 'rgb2gray_top/num_pixels' to 'ap_none'.
INFO: [RTGEN 206-500] Setting interface mode on function 'rgb2gray_top' to 'ap_ctrl_hs'.
INFO: [RTGEN 206-100] Finished creating RTL model for 'rgb2gray_top'.
INFO: [RTMG 210-285] Implementing FIFO 'stream_rgb_U(rgb2gray_top_fifo_w24_d16_S)' using Shift Registers.
INFO: [RTMG 210-285] Implementing FIFO 'num_pixels_c1_U(rgb2gray_top_fifo_w32_d2_S)' using Shift Registers.
INFO: [RTMG 210-285] Implementing FIFO 'stream_gray_U(rgb2gray_top_fifo_w8_d16_S)' using Shift Registers.
INFO: [RTMG 210-285] Implementing FIFO 'num_pixels_c_U(rgb2gray_top_fifo_w32_d2_S)' using Shift Registers.
INFO: [RTMG 210-285] Implementing FIFO 'start_for_process_gray_U0_U(rgb2gray_top_start_for_process_gray_U0)' using Shift Registers.
INFO: [RTMG 210-285] Implementing FIFO 'start_for_store_gray_U0_U(rgb2gray_top_start_for_store_gray_U0)' using Shift Registers.
INFO: [HLS 200-111] Finished Creating RTL model: CPU user time: 0.04 seconds. CPU system time: 0 seconds. Elapsed time: 0.04 seconds; current allocated memory: 474.336 MB.
Execute       source /home/diego/MP6160_grupo_5/tarea3_rgb2gray/solution1/.autopilot/db/rgb2gray_top.rtl_wrap.cfg.tcl 
Execute       gen_rtl rgb2gray_top -istop -style xilinx -f -lang vhdl -o /home/diego/MP6160_grupo_5/tarea3_rgb2gray/solution1/syn/vhdl/rgb2gray_top 
Execute       gen_rtl rgb2gray_top -istop -style xilinx -f -lang vlog -o /home/diego/MP6160_grupo_5/tarea3_rgb2gray/solution1/syn/verilog/rgb2gray_top 
Execute       syn_report -csynth -model rgb2gray_top -o /home/diego/MP6160_grupo_5/tarea3_rgb2gray/solution1/syn/report/rgb2gray_top_csynth.rpt 
Execute         list_part -family xck26-sfvc784-2LV-c 
Execute           ap_family_info -name xck26-sfvc784-2LV-c -data names 
Execute           ap_part_info -quiet -name xck26-sfvc784-2LV-c -data family 
Execute       syn_report -rtlxml -model rgb2gray_top -o /home/diego/MP6160_grupo_5/tarea3_rgb2gray/solution1/syn/report/rgb2gray_top_csynth.xml 
Execute         list_part -family xck26-sfvc784-2LV-c 
Execute           ap_family_info -name xck26-sfvc784-2LV-c -data names 
Execute           ap_part_info -quiet -name xck26-sfvc784-2LV-c -data family 
Execute       syn_report -verbosereport -model rgb2gray_top -o /home/diego/MP6160_grupo_5/tarea3_rgb2gray/solution1/.autopilot/db/rgb2gray_top.verbose.rpt 
Execute         list_part -family xck26-sfvc784-2LV-c 
Execute           ap_family_info -name xck26-sfvc784-2LV-c -data names 
Execute           ap_part_info -quiet -name xck26-sfvc784-2LV-c -data family 
Execute       db_write -model rgb2gray_top -f -o /home/diego/MP6160_grupo_5/tarea3_rgb2gray/solution1/.autopilot/db/rgb2gray_top.adb 
Execute       db_write -model rgb2gray_top -bindview -o /home/diego/MP6160_grupo_5/tarea3_rgb2gray/solution1/.autopilot/db/design.bindinfo.xml 
Execute       gen_tb_info rgb2gray_top -p /home/diego/MP6160_grupo_5/tarea3_rgb2gray/solution1/.autopilot/db -o /home/diego/MP6160_grupo_5/tarea3_rgb2gray/solution1/.autopilot/db/rgb2gray_top 
Execute       export_constraint_db -f -tool general -o /home/diego/MP6160_grupo_5/tarea3_rgb2gray/solution1/.autopilot/db/rgb2gray_top.constraint.tcl 
Execute       syn_report -designview -model rgb2gray_top -o /home/diego/MP6160_grupo_5/tarea3_rgb2gray/solution1/.autopilot/db/rgb2gray_top.design.xml 
Execute       syn_report -csynthDesign -model rgb2gray_top -o /home/diego/MP6160_grupo_5/tarea3_rgb2gray/solution1/syn/report/csynth.rpt -MHOut /home/diego/MP6160_grupo_5/tarea3_rgb2gray/solution1/.autopilot/db/kernel_module_hierarchy.tcl 
Execute         list_part -family xck26-sfvc784-2LV-c 
Execute           ap_family_info -name xck26-sfvc784-2LV-c -data names 
Execute           ap_part_info -quiet -name xck26-sfvc784-2LV-c -data family 
Execute       syn_report -wcfg -model rgb2gray_top -o /home/diego/MP6160_grupo_5/tarea3_rgb2gray/solution1/.autopilot/db/rgb2gray_top_dataflow_ana.wcfg 
Execute       syn_report -protoinst -model rgb2gray_top -o /home/diego/MP6160_grupo_5/tarea3_rgb2gray/solution1/.autopilot/db/rgb2gray_top.protoinst 
Execute       sc_get_clocks rgb2gray_top 
Execute       sc_get_portdomain rgb2gray_top 
INFO-FLOW: Model list for RTL component generation: load_rgb_Pipeline_load_loop load_rgb process_gray_Pipeline_process_loop process_gray store_gray_Pipeline_store_loop store_gray rgb2gray_top
INFO-FLOW: Handling components in module [load_rgb_Pipeline_load_loop] ... 
Execute       source /home/diego/MP6160_grupo_5/tarea3_rgb2gray/solution1/.autopilot/db/load_rgb_Pipeline_load_loop.compgen.tcl 
INFO-FLOW: Found component rgb2gray_top_flow_control_loop_pipe_sequential_init.
INFO-FLOW: Append model rgb2gray_top_flow_control_loop_pipe_sequential_init
INFO-FLOW: Handling components in module [load_rgb] ... 
Execute       source /home/diego/MP6160_grupo_5/tarea3_rgb2gray/solution1/.autopilot/db/load_rgb.compgen.tcl 
INFO-FLOW: Handling components in module [process_gray_Pipeline_process_loop] ... 
Execute       source /home/diego/MP6160_grupo_5/tarea3_rgb2gray/solution1/.autopilot/db/process_gray_Pipeline_process_loop.compgen.tcl 
INFO-FLOW: Found component rgb2gray_top_mul_8ns_16ns_23_1_1.
INFO-FLOW: Append model rgb2gray_top_mul_8ns_16ns_23_1_1
INFO-FLOW: Found component rgb2gray_top_mac_muladd_13ns_8ns_23ns_23_4_1.
INFO-FLOW: Append model rgb2gray_top_mac_muladd_13ns_8ns_23ns_23_4_1
INFO-FLOW: Found component rgb2gray_top_mac_muladd_12ns_8ns_15ns_20_4_1.
INFO-FLOW: Append model rgb2gray_top_mac_muladd_12ns_8ns_15ns_20_4_1
INFO-FLOW: Found component rgb2gray_top_flow_control_loop_pipe_sequential_init.
INFO-FLOW: Append model rgb2gray_top_flow_control_loop_pipe_sequential_init
INFO-FLOW: Handling components in module [process_gray] ... 
Execute       source /home/diego/MP6160_grupo_5/tarea3_rgb2gray/solution1/.autopilot/db/process_gray.compgen.tcl 
INFO-FLOW: Handling components in module [store_gray_Pipeline_store_loop] ... 
Execute       source /home/diego/MP6160_grupo_5/tarea3_rgb2gray/solution1/.autopilot/db/store_gray_Pipeline_store_loop.compgen.tcl 
INFO-FLOW: Found component rgb2gray_top_flow_control_loop_pipe_sequential_init.
INFO-FLOW: Append model rgb2gray_top_flow_control_loop_pipe_sequential_init
INFO-FLOW: Handling components in module [store_gray] ... 
Execute       source /home/diego/MP6160_grupo_5/tarea3_rgb2gray/solution1/.autopilot/db/store_gray.compgen.tcl 
INFO-FLOW: Handling components in module [rgb2gray_top] ... 
Execute       source /home/diego/MP6160_grupo_5/tarea3_rgb2gray/solution1/.autopilot/db/rgb2gray_top.compgen.tcl 
INFO-FLOW: Found component rgb2gray_top_fifo_w24_d16_S.
INFO-FLOW: Append model rgb2gray_top_fifo_w24_d16_S
INFO-FLOW: Found component rgb2gray_top_fifo_w32_d2_S.
INFO-FLOW: Append model rgb2gray_top_fifo_w32_d2_S
INFO-FLOW: Found component rgb2gray_top_fifo_w8_d16_S.
INFO-FLOW: Append model rgb2gray_top_fifo_w8_d16_S
INFO-FLOW: Found component rgb2gray_top_fifo_w32_d2_S.
INFO-FLOW: Append model rgb2gray_top_fifo_w32_d2_S
INFO-FLOW: Found component rgb2gray_top_start_for_process_gray_U0.
INFO-FLOW: Append model rgb2gray_top_start_for_process_gray_U0
INFO-FLOW: Found component rgb2gray_top_start_for_store_gray_U0.
INFO-FLOW: Append model rgb2gray_top_start_for_store_gray_U0
INFO-FLOW: Append model load_rgb_Pipeline_load_loop
INFO-FLOW: Append model load_rgb
INFO-FLOW: Append model process_gray_Pipeline_process_loop
INFO-FLOW: Append model process_gray
INFO-FLOW: Append model store_gray_Pipeline_store_loop
INFO-FLOW: Append model store_gray
INFO-FLOW: Append model rgb2gray_top
INFO-FLOW: Generating RTL model list ...
INFO-FLOW: All models in this session: rgb2gray_top_flow_control_loop_pipe_sequential_init rgb2gray_top_mul_8ns_16ns_23_1_1 rgb2gray_top_mac_muladd_13ns_8ns_23ns_23_4_1 rgb2gray_top_mac_muladd_12ns_8ns_15ns_20_4_1 rgb2gray_top_flow_control_loop_pipe_sequential_init rgb2gray_top_flow_control_loop_pipe_sequential_init rgb2gray_top_fifo_w24_d16_S rgb2gray_top_fifo_w32_d2_S rgb2gray_top_fifo_w8_d16_S rgb2gray_top_fifo_w32_d2_S rgb2gray_top_start_for_process_gray_U0 rgb2gray_top_start_for_store_gray_U0 load_rgb_Pipeline_load_loop load_rgb process_gray_Pipeline_process_loop process_gray store_gray_Pipeline_store_loop store_gray rgb2gray_top
INFO-FLOW: Generating /home/diego/MP6160_grupo_5/tarea3_rgb2gray/solution1/.autopilot/db/autopilot.rtl.models.txt file...
INFO-FLOW: To file: write model rgb2gray_top_flow_control_loop_pipe_sequential_init
INFO-FLOW: To file: write model rgb2gray_top_mul_8ns_16ns_23_1_1
INFO-FLOW: To file: write model rgb2gray_top_mac_muladd_13ns_8ns_23ns_23_4_1
INFO-FLOW: To file: write model rgb2gray_top_mac_muladd_12ns_8ns_15ns_20_4_1
INFO-FLOW: To file: write model rgb2gray_top_flow_control_loop_pipe_sequential_init
INFO-FLOW: To file: write model rgb2gray_top_flow_control_loop_pipe_sequential_init
INFO-FLOW: To file: write model rgb2gray_top_fifo_w24_d16_S
INFO-FLOW: To file: write model rgb2gray_top_fifo_w32_d2_S
INFO-FLOW: To file: write model rgb2gray_top_fifo_w8_d16_S
INFO-FLOW: To file: write model rgb2gray_top_fifo_w32_d2_S
INFO-FLOW: To file: write model rgb2gray_top_start_for_process_gray_U0
INFO-FLOW: To file: write model rgb2gray_top_start_for_store_gray_U0
INFO-FLOW: To file: write model load_rgb_Pipeline_load_loop
INFO-FLOW: To file: write model load_rgb
INFO-FLOW: To file: write model process_gray_Pipeline_process_loop
INFO-FLOW: To file: write model process_gray
INFO-FLOW: To file: write model store_gray_Pipeline_store_loop
INFO-FLOW: To file: write model store_gray
INFO-FLOW: To file: write model rgb2gray_top
INFO-FLOW: Generating /home/diego/MP6160_grupo_5/tarea3_rgb2gray/solution1/.autopilot/db/autopilot.rtl.models.tcl file...
INFO-FLOW: Finished generating RTL model list.


INFO-FLOW: RTL Generation done.
INFO-FLOW: CAS Generation done.
INFO-FLOW: CBC Generation done.
INFO-FLOW: DBG:PROC: ::AESL_AUTOMG::auto_generate_csynth_design
INFO-FLOW: DBG:PUTS: read_platform_lib /home/diego/MP6160_grupo_5/tarea3_rgb2gray/solution1/.autopilot/db/global.setting.tcl
Execute       source /home/Vitis_HLS/2024.1/common/technology/generic/autopilot/common.gen 
Execute         source /home/Vitis_HLS/2024.1/common/technology/generic/autopilot/APCoreGen.gen 
Execute       source /home/Vitis_HLS/2024.1/common/technology/generic/autopilot/op.gen 
Execute       source /home/Vitis_HLS/2024.1/common/technology/generic/autopilot/op_simcore.gen 
Execute       source /home/Vitis_HLS/2024.1/common/technology/generic/autopilot/interface.gen 
Execute       source /home/diego/MP6160_grupo_5/tarea3_rgb2gray/solution1/.autopilot/db/global.setting.tcl 
Execute       source /home/Vitis_HLS/2024.1/common/technology/xilinx/common/xilinx.gen 
Execute         source /home/Vitis_HLS/2024.1/common/technology/xilinx/interface/plb46.gen 
Execute         source /home/Vitis_HLS/2024.1/common/technology/xilinx/interface/axi4.gen 
Execute         source /home/Vitis_HLS/2024.1/common/technology/xilinx/interface/nativeAXI4.gen 
Execute           source /home/Vitis_HLS/2024.1/common/technology/xilinx/interface/saxilite.gen 
Execute         source /home/Vitis_HLS/2024.1/common/technology/xilinx/scripts/xilinxcoregen.gen 
Execute         source /home/Vitis_HLS/2024.1/common/technology/xilinx/interface/XilEDKCoreGen.gen 
Execute         source /home/Vitis_HLS/2024.1/common/technology/xilinx/ip/xfft.gen 
Execute         source /home/Vitis_HLS/2024.1/common/technology/xilinx/ip/xfir.gen 
Execute         source /home/Vitis_HLS/2024.1/common/technology/xilinx/ip/dds_compiler.gen 
Execute         source /home/Vitis_HLS/2024.1/common/technology/xilinx/ip/util.gen 
Execute         source /home/Vitis_HLS/2024.1/common/technology/xilinx/DSP48/dsp48.gen 
INFO-FLOW: DBG:PUTS:   using AESL_AUTOCG::g_clock_period=4.000 (was NA)
INFO-FLOW: DBG:PROC: ::AESL_AUTOMG::generate_ip_cores gen_sim_model='1' gen_fp_models='0' gen_for_export='0' dstSCDir='' dstVhdlDir='/home/diego/MP6160_grupo_5/tarea3_rgb2gray/solution1/.autopilot/db/vhdl' dstVlogDir='/home/diego/MP6160_grupo_5/tarea3_rgb2gray/solution1/.autopilot/db/vlog' tclDir='/home/diego/MP6160_grupo_5/tarea3_rgb2gray/solution1/.autopilot/db' modelList='rgb2gray_top_flow_control_loop_pipe_sequential_init
rgb2gray_top_mul_8ns_16ns_23_1_1
rgb2gray_top_mac_muladd_13ns_8ns_23ns_23_4_1
rgb2gray_top_mac_muladd_12ns_8ns_15ns_20_4_1
rgb2gray_top_flow_control_loop_pipe_sequential_init
rgb2gray_top_flow_control_loop_pipe_sequential_init
rgb2gray_top_fifo_w24_d16_S
rgb2gray_top_fifo_w32_d2_S
rgb2gray_top_fifo_w8_d16_S
rgb2gray_top_fifo_w32_d2_S
rgb2gray_top_start_for_process_gray_U0
rgb2gray_top_start_for_store_gray_U0
load_rgb_Pipeline_load_loop
load_rgb
process_gray_Pipeline_process_loop
process_gray
store_gray_Pipeline_store_loop
store_gray
rgb2gray_top
' expOnly='0'
Execute       source /home/diego/MP6160_grupo_5/tarea3_rgb2gray/solution1/.autopilot/db/global.setting.tcl 
Execute       ap_part_info -name xck26-sfvc784-2LV-c -data names -quiet 
Execute       ap_part_info -name xck26-sfvc784-2LV-c -data info -quiet 
Execute       source /home/diego/MP6160_grupo_5/tarea3_rgb2gray/solution1/.autopilot/db/global.setting.tcl 
Execute       source /home/diego/MP6160_grupo_5/tarea3_rgb2gray/solution1/.autopilot/db/global.setting.tcl 
Execute       source /home/diego/MP6160_grupo_5/tarea3_rgb2gray/solution1/.autopilot/db/load_rgb_Pipeline_load_loop.compgen.tcl 
Execute       source /home/diego/MP6160_grupo_5/tarea3_rgb2gray/solution1/.autopilot/db/load_rgb.compgen.tcl 
Execute       source /home/diego/MP6160_grupo_5/tarea3_rgb2gray/solution1/.autopilot/db/process_gray_Pipeline_process_loop.compgen.tcl 
Execute       source /home/diego/MP6160_grupo_5/tarea3_rgb2gray/solution1/.autopilot/db/process_gray.compgen.tcl 
Execute       source /home/diego/MP6160_grupo_5/tarea3_rgb2gray/solution1/.autopilot/db/store_gray_Pipeline_store_loop.compgen.tcl 
Execute       source /home/diego/MP6160_grupo_5/tarea3_rgb2gray/solution1/.autopilot/db/store_gray.compgen.tcl 
Execute       source /home/diego/MP6160_grupo_5/tarea3_rgb2gray/solution1/.autopilot/db/rgb2gray_top.compgen.tcl 
INFO: [HLS 200-111] Finished Generating all RTL models: CPU user time: 0.11 seconds. CPU system time: 0.01 seconds. Elapsed time: 0.11 seconds; current allocated memory: 477.617 MB.
INFO-FLOW: DBG:PROC: ::HLSREPORTS::create_csynth_xml bind_info_var='bind_info' RtlSubPrefix='rgb2gray_top_' outfile=''
INFO-FLOW: Running: create_csynth_xml read xml data
INFO-FLOW: Done: create_csynth_xml read xml data time: 0 seconds per iteration
INFO-FLOW: Running: create_csynth_xml bind info
INFO-FLOW: No bind nodes found for module_name load_rgb
INFO-FLOW: No bind nodes found for module_name process_gray
INFO-FLOW: Done: create_csynth_xml bind info time: 0 seconds per iteration
INFO-FLOW: Running: create_csynth_xml config info
INFO-FLOW: Done: create_csynth_xml config info time: 0 seconds per iteration
INFO-FLOW: Running: create_csynth_xml write xml
INFO-FLOW: Done: create_csynth_xml write xml time: 0 seconds per iteration
INFO-FLOW: DBG:PUTS:      create_csynth_xml wrote csynth_xml=/home/diego/MP6160_grupo_5/tarea3_rgb2gray/solution1/syn/report/csynth.xml
INFO-FLOW: DBG:PROC: ::AP::DESIGN_DATA::generate_json generate_bd_files='0' generate_xo_files='0' modelList='rgb2gray_top_flow_control_loop_pipe_sequential_init
rgb2gray_top_mul_8ns_16ns_23_1_1
rgb2gray_top_mac_muladd_13ns_8ns_23ns_23_4_1
rgb2gray_top_mac_muladd_12ns_8ns_15ns_20_4_1
rgb2gray_top_flow_control_loop_pipe_sequential_init
rgb2gray_top_flow_control_loop_pipe_sequential_init
rgb2gray_top_fifo_w24_d16_S
rgb2gray_top_fifo_w32_d2_S
rgb2gray_top_fifo_w8_d16_S
rgb2gray_top_fifo_w32_d2_S
rgb2gray_top_start_for_process_gray_U0
rgb2gray_top_start_for_store_gray_U0
load_rgb_Pipeline_load_loop
load_rgb
process_gray_Pipeline_process_loop
process_gray
store_gray_Pipeline_store_loop
store_gray
rgb2gray_top
' rtl_lang='both' bootstrap_tcl='false' outdir='' outfilename=''
Execute       source /home/diego/MP6160_grupo_5/tarea3_rgb2gray/solution1/.autopilot/db/global.setting.tcl 
Execute       source /home/diego/MP6160_grupo_5/tarea3_rgb2gray/solution1/.autopilot/db/global.setting.tcl 
Execute       source /home/diego/MP6160_grupo_5/tarea3_rgb2gray/solution1/.autopilot/db/top-io-be.tcl 
Execute       source /home/diego/MP6160_grupo_5/tarea3_rgb2gray/solution1/.autopilot/db/rgb2gray_top.tbgen.tcl 
Execute       source /home/diego/MP6160_grupo_5/tarea3_rgb2gray/solution1/.autopilot/db/rgb2gray_top.rtl_wrap.cfg.tcl 
Execute       source /home/diego/MP6160_grupo_5/tarea3_rgb2gray/solution1/.autopilot/db/rgb2gray_top.compgen.dataonly.tcl 
Execute       source /home/diego/MP6160_grupo_5/tarea3_rgb2gray/solution1/.autopilot/db/load_rgb_Pipeline_load_loop.tbgen.tcl 
Execute       source /home/diego/MP6160_grupo_5/tarea3_rgb2gray/solution1/.autopilot/db/load_rgb.tbgen.tcl 
Execute       source /home/diego/MP6160_grupo_5/tarea3_rgb2gray/solution1/.autopilot/db/process_gray_Pipeline_process_loop.tbgen.tcl 
Execute       source /home/diego/MP6160_grupo_5/tarea3_rgb2gray/solution1/.autopilot/db/process_gray.tbgen.tcl 
Execute       source /home/diego/MP6160_grupo_5/tarea3_rgb2gray/solution1/.autopilot/db/store_gray_Pipeline_store_loop.tbgen.tcl 
Execute       source /home/diego/MP6160_grupo_5/tarea3_rgb2gray/solution1/.autopilot/db/store_gray.tbgen.tcl 
Execute       source /home/diego/MP6160_grupo_5/tarea3_rgb2gray/solution1/.autopilot/db/rgb2gray_top.tbgen.tcl 
Execute       source /home/diego/MP6160_grupo_5/tarea3_rgb2gray/solution1/.autopilot/db/global.setting.tcl 
Execute       ap_part_info -name xck26-sfvc784-2LV-c -data names -quiet 
Execute       ap_part_info -name xck26-sfvc784-2LV-c -data info -quiet 
Execute       source /home/diego/MP6160_grupo_5/tarea3_rgb2gray/solution1/.autopilot/db/rgb2gray_top.constraint.tcl 
Execute       sc_get_clocks rgb2gray_top 
Execute       source /home/diego/MP6160_grupo_5/tarea3_rgb2gray/solution1/.autopilot/db/global.setting.tcl 
INFO-FLOW: DBG:PROC: ::HLSREPORTS::add_csynth_report_sections bind_info_dict='adapter_nodes {} cache_nodes {} report_dict {TOPINST rgb2gray_top MODULE2INSTS {rgb2gray_top rgb2gray_top load_rgb load_rgb_U0 load_rgb_Pipeline_load_loop grp_load_rgb_Pipeline_load_loop_fu_60 process_gray process_gray_U0 process_gray_Pipeline_process_loop grp_process_gray_Pipeline_process_loop_fu_50 store_gray store_gray_U0 store_gray_Pipeline_store_loop grp_store_gray_Pipeline_store_loop_fu_53} INST2MODULE {rgb2gray_top rgb2gray_top load_rgb_U0 load_rgb grp_load_rgb_Pipeline_load_loop_fu_60 load_rgb_Pipeline_load_loop process_gray_U0 process_gray grp_process_gray_Pipeline_process_loop_fu_50 process_gray_Pipeline_process_loop store_gray_U0 store_gray grp_store_gray_Pipeline_store_loop_fu_53 store_gray_Pipeline_store_loop} INSTDATA {rgb2gray_top {DEPTH 1 CHILDREN {load_rgb_U0 process_gray_U0 store_gray_U0}} load_rgb_U0 {DEPTH 2 CHILDREN grp_load_rgb_Pipeline_load_loop_fu_60} grp_load_rgb_Pipeline_load_loop_fu_60 {DEPTH 3 CHILDREN {}} process_gray_U0 {DEPTH 2 CHILDREN grp_process_gray_Pipeline_process_loop_fu_50} grp_process_gray_Pipeline_process_loop_fu_50 {DEPTH 3 CHILDREN {}} store_gray_U0 {DEPTH 2 CHILDREN grp_store_gray_Pipeline_store_loop_fu_53} grp_store_gray_Pipeline_store_loop_fu_53 {DEPTH 3 CHILDREN {}}} MODULEDATA {load_rgb_Pipeline_load_loop {BINDINFO {{BINDTYPE op ID {} IMPL auto LATENCY 0 OPTYPE seteq PRAGMA {} RTLNAME icmp_ln12_fu_61_p2 SOURCE tarea3_rgb2gray/rgb2gray_kernel.cpp:12 VARIABLE icmp_ln12 LOOP load_loop BUNDLEDNAME {} DSP 0 BRAM 0 URAM 0 STORAGESUBTYPE {} DISPNAME {bind_op seteq} VISIBLE false} {BINDTYPE op ID {} IMPL fabric LATENCY 0 OPTYPE add PRAGMA {} RTLNAME add_ln12_fu_67_p2 SOURCE tarea3_rgb2gray/rgb2gray_kernel.cpp:12 VARIABLE add_ln12 LOOP load_loop BUNDLEDNAME {} DSP 0 BRAM 0 URAM 0 STORAGESUBTYPE {} DISPNAME {bind_op add} VISIBLE true}} AREA {DSP 0 BRAM 0 URAM 0}} process_gray_Pipeline_process_loop {BINDINFO {{BINDTYPE op ID {} IMPL auto LATENCY 0 OPTYPE seteq PRAGMA {} RTLNAME icmp_ln32_fu_83_p2 SOURCE tarea3_rgb2gray/rgb2gray_kernel.cpp:32 VARIABLE icmp_ln32 LOOP process_loop BUNDLEDNAME {} DSP 0 BRAM 0 URAM 0 STORAGESUBTYPE {} DISPNAME {bind_op seteq} VISIBLE false} {BINDTYPE op ID {} IMPL fabric LATENCY 0 OPTYPE add PRAGMA {} RTLNAME i_2_fu_89_p2 SOURCE tarea3_rgb2gray/rgb2gray_kernel.cpp:32 VARIABLE i_2 LOOP process_loop BUNDLEDNAME {} DSP 0 BRAM 0 URAM 0 STORAGESUBTYPE {} DISPNAME {bind_op add} VISIBLE true} {BINDTYPE op ID {} IMPL dsp_slice LATENCY 3 OPTYPE mul PRAGMA {} RTLNAME mac_muladd_13ns_8ns_23ns_23_4_1_U9 SOURCE tarea3_rgb2gray/rgb2gray_kernel.cpp:37 VARIABLE mul_ln37 LOOP process_loop BUNDLEDNAME {} DSP 1 BRAM 0 URAM 0 STORAGESUBTYPE {} DISPNAME {bind_op mul} VISIBLE true} {BINDTYPE op ID {} IMPL dsp_slice LATENCY 3 OPTYPE zext PRAGMA {} RTLNAME mac_muladd_13ns_8ns_23ns_23_4_1_U9 SOURCE tarea3_rgb2gray/rgb2gray_kernel.cpp:37 VARIABLE zext_ln37 LOOP process_loop BUNDLEDNAME {} DSP 1 BRAM 0 URAM 0 STORAGESUBTYPE {} DISPNAME {bind_op zext} VISIBLE false} {BINDTYPE op ID {} IMPL auto LATENCY 0 OPTYPE mul PRAGMA {} RTLNAME mul_8ns_16ns_23_1_1_U8 SOURCE tarea3_rgb2gray/rgb2gray_kernel.cpp:37 VARIABLE mul_ln37_1 LOOP process_loop BUNDLEDNAME {} DSP 1 BRAM 0 URAM 0 STORAGESUBTYPE {} DISPNAME {bind_op mul} VISIBLE true} {BINDTYPE op ID {} IMPL dsp_slice LATENCY 3 OPTYPE mul PRAGMA {} RTLNAME mac_muladd_12ns_8ns_15ns_20_4_1_U10 SOURCE tarea3_rgb2gray/rgb2gray_kernel.cpp:37 VARIABLE mul_ln37_2 LOOP process_loop BUNDLEDNAME {} DSP 1 BRAM 0 URAM 0 STORAGESUBTYPE {} DISPNAME {bind_op mul} VISIBLE true} {BINDTYPE op ID {} IMPL dsp_slice LATENCY 3 OPTYPE add PRAGMA {} RTLNAME mac_muladd_13ns_8ns_23ns_23_4_1_U9 SOURCE tarea3_rgb2gray/rgb2gray_kernel.cpp:40 VARIABLE add_ln40_1 LOOP process_loop BUNDLEDNAME {} DSP 1 BRAM 0 URAM 0 STORAGESUBTYPE {} DISPNAME {bind_op add} VISIBLE true} {BINDTYPE op ID {} IMPL dsp_slice LATENCY 3 OPTYPE add PRAGMA {} RTLNAME mac_muladd_12ns_8ns_15ns_20_4_1_U10 SOURCE tarea3_rgb2gray/rgb2gray_kernel.cpp:40 VARIABLE add_ln40_2 LOOP process_loop BUNDLEDNAME {} DSP 1 BRAM 0 URAM 0 STORAGESUBTYPE {} DISPNAME {bind_op add} VISIBLE true} {BINDTYPE op ID {} IMPL fabric LATENCY 0 OPTYPE add PRAGMA {} RTLNAME add_ln40_fu_144_p2 SOURCE tarea3_rgb2gray/rgb2gray_kernel.cpp:40 VARIABLE add_ln40 LOOP process_loop BUNDLEDNAME {} DSP 0 BRAM 0 URAM 0 STORAGESUBTYPE {} DISPNAME {bind_op add} VISIBLE true}} AREA {DSP 3 BRAM 0 URAM 0}} store_gray_Pipeline_store_loop {BINDINFO {{BINDTYPE op ID {} IMPL auto LATENCY 0 OPTYPE seteq PRAGMA {} RTLNAME icmp_ln48_fu_65_p2 SOURCE tarea3_rgb2gray/rgb2gray_kernel.cpp:48 VARIABLE icmp_ln48 LOOP store_loop BUNDLEDNAME {} DSP 0 BRAM 0 URAM 0 STORAGESUBTYPE {} DISPNAME {bind_op seteq} VISIBLE false} {BINDTYPE op ID {} IMPL fabric LATENCY 0 OPTYPE add PRAGMA {} RTLNAME add_ln48_fu_71_p2 SOURCE tarea3_rgb2gray/rgb2gray_kernel.cpp:48 VARIABLE add_ln48 LOOP store_loop BUNDLEDNAME {} DSP 0 BRAM 0 URAM 0 STORAGESUBTYPE {} DISPNAME {bind_op add} VISIBLE true}} AREA {DSP 0 BRAM 0 URAM 0}} store_gray {BINDINFO {{BINDTYPE op ID {} IMPL auto LATENCY 0 OPTYPE seteq PRAGMA {} RTLNAME icmp_ln48_fu_61_p2 SOURCE tarea3_rgb2gray/rgb2gray_kernel.cpp:48 VARIABLE icmp_ln48 LOOP {} BUNDLEDNAME {} DSP 0 BRAM 0 URAM 0 STORAGESUBTYPE {} DISPNAME {bind_op seteq} VISIBLE false}} AREA {DSP 0 BRAM 0 URAM 0}} rgb2gray_top {BINDINFO {{BINDTYPE storage ID {} IMPL srl LATENCY 0 OPTYPE fifo PRAGMA {} RTLNAME stream_rgb_U SOURCE :0 VARIABLE stream_rgb LOOP {} BUNDLEDNAME {} DSP 0 BRAM 0 URAM 0 STORAGESUBTYPE stream STORAGESIZE {24 16 1} STORAGEUSAGE {fifo channel} DISPNAME {bind_storage fifo} VISIBLE true} {BINDTYPE storage ID {} IMPL srl LATENCY 0 OPTYPE fifo PRAGMA {} RTLNAME num_pixels_c1_U SOURCE tarea3_rgb2gray/rgb2gray_kernel.cpp:58 VARIABLE num_pixels_c1 LOOP {} BUNDLEDNAME {} DSP 0 BRAM 0 URAM 0 STORAGESUBTYPE {scalar prop} STORAGESIZE {32 2 1} STORAGEUSAGE {fifo channel} DISPNAME {bind_storage fifo} VISIBLE true} {BINDTYPE storage ID {} IMPL srl LATENCY 0 OPTYPE fifo PRAGMA {} RTLNAME stream_gray_U SOURCE tarea3_rgb2gray/rgb2gray_kernel.cpp:62 VARIABLE stream_gray LOOP {} BUNDLEDNAME {} DSP 0 BRAM 0 URAM 0 STORAGESUBTYPE stream STORAGESIZE {8 16 1} STORAGEUSAGE {fifo channel} DISPNAME {bind_storage fifo} VISIBLE true} {BINDTYPE storage ID {} IMPL srl LATENCY 0 OPTYPE fifo PRAGMA {} RTLNAME num_pixels_c_U SOURCE tarea3_rgb2gray/rgb2gray_kernel.cpp:58 VARIABLE num_pixels_c LOOP {} BUNDLEDNAME {} DSP 0 BRAM 0 URAM 0 STORAGESUBTYPE {scalar prop} STORAGESIZE {32 2 1} STORAGEUSAGE {fifo channel} DISPNAME {bind_storage fifo} VISIBLE true}} AREA {DSP 3 BRAM 0 URAM 0}} load_rgb {AREA {DSP 0 BRAM 0 URAM 0}} process_gray {AREA {DSP 3 BRAM 0 URAM 0}}}}'
INFO-FLOW: DBG:PUTS:      update_csynth_reports json2rpt_hw_sw_interfaces
INFO-FLOW: Running: gen_csynth_sec_pragma
INFO-FLOW: Done: gen_csynth_sec_pragma time: 0 seconds per iteration
INFO-FLOW: DBG:PUTS:      update_csynth_reports wrote xml
INFO-FLOW: DBG:PUTS:      update_csynth_reports appended to csynth rpt file
INFO: [HLS 200-111] Finished Updating report files: CPU user time: 0.17 seconds. CPU system time: 0.01 seconds. Elapsed time: 0.19 seconds; current allocated memory: 486.609 MB.
INFO: [VHDL 208-304] Generating VHDL RTL for rgb2gray_top.
INFO: [VLOG 209-307] Generating Verilog RTL for rgb2gray_top.
Execute       syn_report -model rgb2gray_top -printsummary 
INFO: [HLS 200-789] **** Estimated Fmax: 342.47 MHz
Command     autosyn done; 0.7 sec.
Command   csynth_design done; 9.42 sec.
INFO: [HLS 200-2161] Finished Command csynth_design Elapsed time: 00:00:09; Allocated memory: 101.043 MB.
Command ap_source done; 10.44 sec.
Execute cleanup_all 
