Copyright 1986-2022 Xilinx, Inc. All Rights Reserved. Copyright 2022-2024 Advanced Micro Devices, Inc. All Rights Reserved.
------------------------------------------------------------------------------------------------------------------------------------------------------------------------------------------------------------------------------------------
| Tool Version      : Vivado v.2024.1 (lin64) Build 5076996 Wed May 22 18:36:09 MDT 2024
| Date              : Thu Aug  6 03:01:26 2026
| Host              : linux running 64-bit Ubuntu 22.04.5 LTS
| Command           : report_timing_summary -delay_type max -max_paths 20 -file ${PROJECT_ROOT}/ProyectoFinal/HLS/reports/main_inverse/post_route/timing_post_route.rpt
| Design            : wht_lossless_inverse
| Device            : xck26-sfvc784
| Speed File        : -2LV  PRODUCTION 1.30 05-15-2022
| Design State      : Routed
| Temperature Grade : C
------------------------------------------------------------------------------------------------------------------------------------------------------------------------------------------------------------------------------------------

Timing Summary Report

------------------------------------------------------------------------------------------------
| Timer Settings
| --------------
------------------------------------------------------------------------------------------------

  Enable Multi Corner Analysis               :  Yes
  Enable Pessimism Removal                   :  Yes
  Pessimism Removal Resolution               :  Nearest Common Node
  Enable Input Delay Default Clock           :  No
  Enable Preset / Clear Arcs                 :  No
  Disable Flight Delays                      :  No
  Ignore I/O Paths                           :  No
  Timing Early Launch at Borrowing Latches   :  No
  Borrow Time for Max Delay Exceptions       :  Yes
  Merge Timing Exceptions                    :  Yes
  Inter-SLR Compensation                     :  Conservative

  Corner  Analyze    Analyze    
  Name    Max Paths  Min Paths  
  ------  ---------  ---------  
  Slow    Yes        Yes        
  Fast    Yes        Yes        


------------------------------------------------------------------------------------------------
| Report Methodology
| ------------------
------------------------------------------------------------------------------------------------

No report available as report_methodology has not been run prior. Run report_methodology on the current design for the summary of methodology violations.



check_timing report

Table of Contents
-----------------
1. checking no_clock (0)
2. checking constant_clock (0)
3. checking pulse_width_clock (0)
4. checking unconstrained_internal_endpoints (0)
5. checking no_input_delay (186)
6. checking no_output_delay (316)
7. checking multiple_clock (0)
8. checking generated_clocks (0)
9. checking loops (0)
10. checking partial_input_delay (0)
11. checking partial_output_delay (0)
12. checking latch_loops (0)

1. checking no_clock (0)
------------------------
 There are 0 register/latch pins with no clock.


2. checking constant_clock (0)
------------------------------
 There are 0 register/latch pins with constant_clock.


3. checking pulse_width_clock (0)
---------------------------------
 There are 0 register/latch pins which need pulse_width check


4. checking unconstrained_internal_endpoints (0)
------------------------------------------------
 There are 0 pins that are not constrained for maximum delay.

 There are 0 pins that are not constrained for maximum delay due to constant clock.


5. checking no_input_delay (186)
--------------------------------
 There are 186 input ports with no input delay specified. (HIGH)

 There are 0 input ports with no input delay but user has a false path constraint.


6. checking no_output_delay (316)
---------------------------------
 There are 316 ports with no output delay specified. (HIGH)

 There are 0 ports with no output delay but user has a false path constraint

 There are 0 ports with no output delay but with a timing clock defined on it or propagating through it


7. checking multiple_clock (0)
------------------------------
 There are 0 register/latch pins with multiple clocks.


8. checking generated_clocks (0)
--------------------------------
 There are 0 generated clocks that are not connected to a clock source.


9. checking loops (0)
---------------------
 There are 0 combinational loops in the design.


10. checking partial_input_delay (0)
------------------------------------
 There are 0 input ports with partial input delay specified.


11. checking partial_output_delay (0)
-------------------------------------
 There are 0 ports with partial output delay specified.


12. checking latch_loops (0)
----------------------------
 There are 0 combinational latch loops in the design through latch input



------------------------------------------------------------------------------------------------
| Design Timing Summary
| ---------------------
------------------------------------------------------------------------------------------------

    WNS(ns)      TNS(ns)  TNS Failing Endpoints  TNS Total Endpoints     WPWS(ns)     TPWS(ns)  TPWS Failing Endpoints  TPWS Total Endpoints  
    -------      -------  ---------------------  -------------------     --------     --------  ----------------------  --------------------  
      5.980        0.000                      0                 8391        4.238        0.000                       0                  3486  


All user specified timing constraints are met.


------------------------------------------------------------------------------------------------
| Clock Summary
| -------------
------------------------------------------------------------------------------------------------

Clock   Waveform(ns)       Period(ns)      Frequency(MHz)
-----   ------------       ----------      --------------
ap_clk  {0.000 5.000}      10.000          100.000         


------------------------------------------------------------------------------------------------
| Intra Clock Table
| -----------------
------------------------------------------------------------------------------------------------

Clock             WNS(ns)      TNS(ns)  TNS Failing Endpoints  TNS Total Endpoints     WPWS(ns)     TPWS(ns)  TPWS Failing Endpoints  TPWS Total Endpoints  
-----             -------      -------  ---------------------  -------------------     --------     --------  ----------------------  --------------------  
ap_clk              5.980        0.000                      0                 8391        4.238        0.000                       0                  3486  


------------------------------------------------------------------------------------------------
| Inter Clock Table
| -----------------
------------------------------------------------------------------------------------------------

From Clock    To Clock          WNS(ns)      TNS(ns)  TNS Failing Endpoints  TNS Total Endpoints  
----------    --------          -------      -------  ---------------------  -------------------  


------------------------------------------------------------------------------------------------
| Other Path Groups Table
| -----------------------
------------------------------------------------------------------------------------------------

Path Group    From Clock    To Clock          WNS(ns)      TNS(ns)  TNS Failing Endpoints  TNS Total Endpoints  
----------    ----------    --------          -------      -------  ---------------------  -------------------  


------------------------------------------------------------------------------------------------
| Timing Details
| --------------
------------------------------------------------------------------------------------------------


---------------------------------------------------------------------------------------------------
From Clock:  ap_clk
  To Clock:  ap_clk

Setup :            0  Failing Endpoints,  Worst Slack        5.980ns,  Total Violation        0.000ns
Hold  :           NA  Failing Endpoints,  Worst Slack           NA  ,  Total Violation           NA
PW    :            0  Failing Endpoints,  Worst Slack        4.238ns,  Total Violation        0.000ns
---------------------------------------------------------------------------------------------------


Max Delay Paths
--------------------------------------------------------------------------------------
Slack (MET) :             5.980ns  (required time - arrival time)
  Source:                 gmem_m_axi_U/store_unit/fifo_wreq/raddr_reg[2]/C
                            (rising edge-triggered cell FDRE clocked by ap_clk  {rise@0.000ns fall@5.000ns period=10.000ns})
  Destination:            gmem_m_axi_U/store_unit/fifo_wreq/U_fifo_srl/dout_reg[64]/D
                            (rising edge-triggered cell FDRE clocked by ap_clk  {rise@0.000ns fall@5.000ns period=10.000ns})
  Path Group:             ap_clk
  Path Type:              Setup (Max at Slow Process Corner)
  Requirement:            10.000ns  (ap_clk rise@10.000ns - ap_clk rise@0.000ns)
  Data Path Delay:        4.016ns  (logic 0.432ns (10.756%)  route 3.584ns (89.244%))
  Logic Levels:           3  (LUT4=1 MUXF7=1 SRLC32E=1)
  Clock Path Skew:        -0.011ns (DCD - SCD + CPR)
    Destination Clock Delay (DCD):    0.030ns = ( 10.030 - 10.000 ) 
    Source Clock Delay      (SCD):    0.041ns
    Clock Pessimism Removal (CPR):    0.000ns
  Clock Uncertainty:      0.035ns  ((TSJ^2 + TIJ^2)^1/2 + DJ) / 2 + PE
    Total System Jitter     (TSJ):    0.071ns
    Total Input Jitter      (TIJ):    0.000ns
    Discrete Jitter          (DJ):    0.000ns
    Phase Error              (PE):    0.000ns

    Location             Delay type                Incr(ns)  Path(ns)    Netlist Resource(s)
  -------------------------------------------------------------------    -------------------
                         (clock ap_clk rise edge)     0.000     0.000 r  
                                                      0.000     0.000 r  ap_clk (IN)
                         net (fo=3485, unset)         0.041     0.041    gmem_m_axi_U/store_unit/fifo_wreq/ap_clk
    SLICE_X48Y147        FDRE                                         r  gmem_m_axi_U/store_unit/fifo_wreq/raddr_reg[2]/C
  -------------------------------------------------------------------    -------------------
    SLICE_X48Y147        FDRE (Prop_BFF_SLICEL_C_Q)
                                                      0.113     0.154 r  gmem_m_axi_U/store_unit/fifo_wreq/raddr_reg[2]/Q
                         net (fo=187, routed)         3.202     3.356    gmem_m_axi_U/store_unit/fifo_wreq/U_fifo_srl/Q[2]
    SLICE_X53Y146        SRLC32E (Prop_B6LUT_SLICEM_A[2]_Q)
                                                      0.137     3.493 r  gmem_m_axi_U/store_unit/fifo_wreq/U_fifo_srl/mem_reg[68][64]_srl32/Q
                         net (fo=1, routed)           0.022     3.515    gmem_m_axi_U/store_unit/fifo_wreq/U_fifo_srl/mem_reg[68][64]_srl32_n_0
    SLICE_X53Y146        MUXF7 (Prop_F7MUX_AB_SLICEM_I0_O)
                                                      0.102     3.617 r  gmem_m_axi_U/store_unit/fifo_wreq/U_fifo_srl/mem_reg[68][64]_mux/O
                         net (fo=1, routed)           0.264     3.881    gmem_m_axi_U/store_unit/fifo_wreq/U_fifo_srl/mem_reg[68][64]_mux_n_0
    SLICE_X53Y146        LUT4 (Prop_D6LUT_SLICEM_I3_O)
                                                      0.080     3.961 r  gmem_m_axi_U/store_unit/fifo_wreq/U_fifo_srl/dout[64]_i_2/O
                         net (fo=1, routed)           0.096     4.057    gmem_m_axi_U/store_unit/fifo_wreq/U_fifo_srl/dout[64]_i_2_n_0
    SLICE_X53Y146        FDRE                                         r  gmem_m_axi_U/store_unit/fifo_wreq/U_fifo_srl/dout_reg[64]/D
  -------------------------------------------------------------------    -------------------

                         (clock ap_clk rise edge)    10.000    10.000 r  
                                                      0.000    10.000 r  ap_clk (IN)
                         net (fo=3485, unset)         0.030    10.030    gmem_m_axi_U/store_unit/fifo_wreq/U_fifo_srl/ap_clk
    SLICE_X53Y146        FDRE                                         r  gmem_m_axi_U/store_unit/fifo_wreq/U_fifo_srl/dout_reg[64]/C
                         clock pessimism              0.000    10.030    
                         clock uncertainty           -0.035     9.995    
    SLICE_X53Y146        FDRE (Setup_DFF_SLICEM_C_D)
                                                      0.043    10.038    gmem_m_axi_U/store_unit/fifo_wreq/U_fifo_srl/dout_reg[64]
  -------------------------------------------------------------------
                         required time                         10.038    
                         arrival time                          -4.057    
  -------------------------------------------------------------------
                         slack                                  5.980    

Slack (MET) :             6.048ns  (required time - arrival time)
  Source:                 gmem_m_axi_U/store_unit/fifo_wreq/raddr_reg[2]/C
                            (rising edge-triggered cell FDRE clocked by ap_clk  {rise@0.000ns fall@5.000ns period=10.000ns})
  Destination:            gmem_m_axi_U/store_unit/fifo_wreq/U_fifo_srl/dout_reg[58]/D
                            (rising edge-triggered cell FDRE clocked by ap_clk  {rise@0.000ns fall@5.000ns period=10.000ns})
  Path Group:             ap_clk
  Path Type:              Setup (Max at Slow Process Corner)
  Requirement:            10.000ns  (ap_clk rise@10.000ns - ap_clk rise@0.000ns)
  Data Path Delay:        3.948ns  (logic 0.402ns (10.182%)  route 3.546ns (89.818%))
  Logic Levels:           2  (LUT4=1 SRLC32E=1)
  Clock Path Skew:        -0.012ns (DCD - SCD + CPR)
    Destination Clock Delay (DCD):    0.029ns = ( 10.029 - 10.000 ) 
    Source Clock Delay      (SCD):    0.041ns
    Clock Pessimism Removal (CPR):    0.000ns
  Clock Uncertainty:      0.035ns  ((TSJ^2 + TIJ^2)^1/2 + DJ) / 2 + PE
    Total System Jitter     (TSJ):    0.071ns
    Total Input Jitter      (TIJ):    0.000ns
    Discrete Jitter          (DJ):    0.000ns
    Phase Error              (PE):    0.000ns

    Location             Delay type                Incr(ns)  Path(ns)    Netlist Resource(s)
  -------------------------------------------------------------------    -------------------
                         (clock ap_clk rise edge)     0.000     0.000 r  
                                                      0.000     0.000 r  ap_clk (IN)
                         net (fo=3485, unset)         0.041     0.041    gmem_m_axi_U/store_unit/fifo_wreq/ap_clk
    SLICE_X48Y147        FDRE                                         r  gmem_m_axi_U/store_unit/fifo_wreq/raddr_reg[2]/C
  -------------------------------------------------------------------    -------------------
    SLICE_X48Y147        FDRE (Prop_BFF_SLICEL_C_Q)
                                                      0.113     0.154 r  gmem_m_axi_U/store_unit/fifo_wreq/raddr_reg[2]/Q
                         net (fo=187, routed)         2.849     3.003    gmem_m_axi_U/store_unit/fifo_wreq/U_fifo_srl/Q[2]
    SLICE_X53Y165        SRLC32E (Prop_G6LUT_SLICEM_A[2]_Q)
                                                      0.137     3.140 r  gmem_m_axi_U/store_unit/fifo_wreq/U_fifo_srl/mem_reg[68][58]_srl32__1/Q
                         net (fo=1, routed)           0.630     3.770    gmem_m_axi_U/store_unit/fifo_wreq/U_fifo_srl/mem_reg[68][58]_srl32__1_n_0
    SLICE_X48Y165        LUT4 (Prop_D6LUT_SLICEL_I0_O)
                                                      0.152     3.922 r  gmem_m_axi_U/store_unit/fifo_wreq/U_fifo_srl/dout[58]_i_1/O
                         net (fo=1, routed)           0.067     3.989    gmem_m_axi_U/store_unit/fifo_wreq/U_fifo_srl/dout[58]_i_1_n_0
    SLICE_X48Y165        FDRE                                         r  gmem_m_axi_U/store_unit/fifo_wreq/U_fifo_srl/dout_reg[58]/D
  -------------------------------------------------------------------    -------------------

                         (clock ap_clk rise edge)    10.000    10.000 r  
                                                      0.000    10.000 r  ap_clk (IN)
                         net (fo=3485, unset)         0.029    10.029    gmem_m_axi_U/store_unit/fifo_wreq/U_fifo_srl/ap_clk
    SLICE_X48Y165        FDRE                                         r  gmem_m_axi_U/store_unit/fifo_wreq/U_fifo_srl/dout_reg[58]/C
                         clock pessimism              0.000    10.029    
                         clock uncertainty           -0.035     9.994    
    SLICE_X48Y165        FDRE (Setup_DFF_SLICEL_C_D)
                                                      0.044    10.038    gmem_m_axi_U/store_unit/fifo_wreq/U_fifo_srl/dout_reg[58]
  -------------------------------------------------------------------
                         required time                         10.038    
                         arrival time                          -3.989    
  -------------------------------------------------------------------
                         slack                                  6.048    

Slack (MET) :             6.072ns  (required time - arrival time)
  Source:                 gmem_m_axi_U/load_unit_0/buff_rdata/U_fifo_mem/mem_reg_0/CLKARDCLK
                            (rising edge-triggered cell RAMB36E2 clocked by ap_clk  {rise@0.000ns fall@5.000ns period=10.000ns})
  Destination:            trunc_ln105_s_reg_690_reg[14]/D
                            (rising edge-triggered cell FDRE clocked by ap_clk  {rise@0.000ns fall@5.000ns period=10.000ns})
  Path Group:             ap_clk
  Path Type:              Setup (Max at Slow Process Corner)
  Requirement:            10.000ns  (ap_clk rise@10.000ns - ap_clk rise@0.000ns)
  Data Path Delay:        3.859ns  (logic 1.770ns (45.868%)  route 2.089ns (54.132%))
  Logic Levels:           8  (CARRY8=4 LUT2=2 LUT3=1 LUT4=1)
  Clock Path Skew:        -0.078ns (DCD - SCD + CPR)
    Destination Clock Delay (DCD):    0.029ns = ( 10.029 - 10.000 ) 
    Source Clock Delay      (SCD):    0.107ns
    Clock Pessimism Removal (CPR):    0.000ns
  Clock Uncertainty:      0.035ns  ((TSJ^2 + TIJ^2)^1/2 + DJ) / 2 + PE
    Total System Jitter     (TSJ):    0.071ns
    Total Input Jitter      (TIJ):    0.000ns
    Discrete Jitter          (DJ):    0.000ns
    Phase Error              (PE):    0.000ns

    Location             Delay type                Incr(ns)  Path(ns)    Netlist Resource(s)
  -------------------------------------------------------------------    -------------------
                         (clock ap_clk rise edge)     0.000     0.000 r  
                                                      0.000     0.000 r  ap_clk (IN)
                         net (fo=3485, unset)         0.107     0.107    gmem_m_axi_U/load_unit_0/buff_rdata/U_fifo_mem/ap_clk
    RAMB36_X1Y24         RAMB36E2                                     r  gmem_m_axi_U/load_unit_0/buff_rdata/U_fifo_mem/mem_reg_0/CLKARDCLK
  -------------------------------------------------------------------    -------------------
    RAMB36_X1Y24         RAMB36E2 (Prop_RAMB36E2_RAMB36_CLKARDCLK_DOUTBDOUT[16])
                                                      0.324     0.431 r  gmem_m_axi_U/load_unit_0/buff_rdata/U_fifo_mem/mem_reg_0/DOUTBDOUT[16]
                         net (fo=2, routed)           0.372     0.803    gmem_m_axi_U/load_unit_0/buff_rdata/U_fifo_mem/s_3_reg_596[0]
    SLICE_X47Y113        LUT2 (Prop_A6LUT_SLICEL_I0_O)
                                                      0.137     0.940 r  gmem_m_axi_U/load_unit_0/buff_rdata/U_fifo_mem/d_5_reg_651[7]_i_9/O
                         net (fo=1, routed)           0.014     0.954    gmem_m_axi_U/load_unit_0/buff_rdata/U_fifo_mem/d_5_reg_651[7]_i_9_n_0
    SLICE_X47Y113        CARRY8 (Prop_CARRY8_SLICEL_S[0]_O[0])
                                                      0.085     1.039 r  gmem_m_axi_U/load_unit_0/buff_rdata/U_fifo_mem/d_5_reg_651_reg[7]_i_1/O[0]
                         net (fo=3, routed)           0.315     1.354    gmem_m_axi_U/load_unit_0/buff_rdata/U_fifo_mem/D[0]
    SLICE_X46Y113        LUT2 (Prop_A6LUT_SLICEL_I0_O)
                                                      0.188     1.542 r  gmem_m_axi_U/load_unit_0/buff_rdata/U_fifo_mem/d_7_reg_656[7]_i_9/O
                         net (fo=1, routed)           0.014     1.556    gmem_m_axi_U/load_unit_0/buff_rdata/U_fifo_mem/d_7_reg_656[7]_i_9_n_0
    SLICE_X46Y113        CARRY8 (Prop_CARRY8_SLICEL_S[0]_O[4])
                                                      0.293     1.849 r  gmem_m_axi_U/load_unit_0/buff_rdata/U_fifo_mem/d_7_reg_656_reg[7]_i_1/O[4]
                         net (fo=3, routed)           0.756     2.605    gmem_m_axi_U/load_unit_0/buff_rdata/U_fifo_mem/O101[4]
    SLICE_X49Y115        LUT3 (Prop_H6LUT_SLICEL_I1_O)
                                                      0.153     2.758 r  gmem_m_axi_U/load_unit_0/buff_rdata/U_fifo_mem/d_10_reg_679[0]_i_5/O
                         net (fo=2, routed)           0.542     3.301    gmem_m_axi_U/load_unit_0/buff_rdata/U_fifo_mem/d_10_reg_679[0]_i_5_n_0
    SLICE_X48Y114        LUT4 (Prop_E6LUT_SLICEL_I3_O)
                                                      0.187     3.488 r  gmem_m_axi_U/load_unit_0/buff_rdata/U_fifo_mem/d_10_reg_679[0]_i_12/O
                         net (fo=1, routed)           0.011     3.499    gmem_m_axi_U/load_unit_0/buff_rdata/U_fifo_mem/d_10_reg_679[0]_i_12_n_0
    SLICE_X48Y114        CARRY8 (Prop_CARRY8_SLICEL_S[4]_CO[7])
                                                      0.232     3.731 r  gmem_m_axi_U/load_unit_0/buff_rdata/U_fifo_mem/d_10_reg_679_reg[0]_i_1/CO[7]
                         net (fo=1, routed)           0.030     3.761    gmem_m_axi_U/load_unit_0/buff_rdata/U_fifo_mem/d_10_reg_679_reg[0]_i_1_n_0
    SLICE_X48Y115        CARRY8 (Prop_CARRY8_SLICEL_CI_O[7])
                                                      0.171     3.932 r  gmem_m_axi_U/load_unit_0/buff_rdata/U_fifo_mem/trunc_ln105_s_reg_690_reg[14]_i_1/O[7]
                         net (fo=1, routed)           0.034     3.966    d_10_fu_422_p2[15]
    SLICE_X48Y115        FDRE                                         r  trunc_ln105_s_reg_690_reg[14]/D
  -------------------------------------------------------------------    -------------------

                         (clock ap_clk rise edge)    10.000    10.000 r  
                                                      0.000    10.000 r  ap_clk (IN)
                         net (fo=3485, unset)         0.029    10.029    ap_clk
    SLICE_X48Y115        FDRE                                         r  trunc_ln105_s_reg_690_reg[14]/C
                         clock pessimism              0.000    10.029    
                         clock uncertainty           -0.035     9.994    
    SLICE_X48Y115        FDRE (Setup_HFF_SLICEL_C_D)
                                                      0.044    10.038    trunc_ln105_s_reg_690_reg[14]
  -------------------------------------------------------------------
                         required time                         10.038    
                         arrival time                          -3.966    
  -------------------------------------------------------------------
                         slack                                  6.072    

Slack (MET) :             6.083ns  (required time - arrival time)
  Source:                 gmem_m_axi_U/load_unit_0/buff_rdata/U_fifo_mem/mem_reg_0/CLKARDCLK
                            (rising edge-triggered cell RAMB36E2 clocked by ap_clk  {rise@0.000ns fall@5.000ns period=10.000ns})
  Destination:            trunc_ln105_s_reg_690_reg[12]/D
                            (rising edge-triggered cell FDRE clocked by ap_clk  {rise@0.000ns fall@5.000ns period=10.000ns})
  Path Group:             ap_clk
  Path Type:              Setup (Max at Slow Process Corner)
  Requirement:            10.000ns  (ap_clk rise@10.000ns - ap_clk rise@0.000ns)
  Data Path Delay:        3.848ns  (logic 1.760ns (45.739%)  route 2.088ns (54.261%))
  Logic Levels:           8  (CARRY8=4 LUT2=2 LUT3=1 LUT4=1)
  Clock Path Skew:        -0.078ns (DCD - SCD + CPR)
    Destination Clock Delay (DCD):    0.029ns = ( 10.029 - 10.000 ) 
    Source Clock Delay      (SCD):    0.107ns
    Clock Pessimism Removal (CPR):    0.000ns
  Clock Uncertainty:      0.035ns  ((TSJ^2 + TIJ^2)^1/2 + DJ) / 2 + PE
    Total System Jitter     (TSJ):    0.071ns
    Total Input Jitter      (TIJ):    0.000ns
    Discrete Jitter          (DJ):    0.000ns
    Phase Error              (PE):    0.000ns

    Location             Delay type                Incr(ns)  Path(ns)    Netlist Resource(s)
  -------------------------------------------------------------------    -------------------
                         (clock ap_clk rise edge)     0.000     0.000 r  
                                                      0.000     0.000 r  ap_clk (IN)
                         net (fo=3485, unset)         0.107     0.107    gmem_m_axi_U/load_unit_0/buff_rdata/U_fifo_mem/ap_clk
    RAMB36_X1Y24         RAMB36E2                                     r  gmem_m_axi_U/load_unit_0/buff_rdata/U_fifo_mem/mem_reg_0/CLKARDCLK
  -------------------------------------------------------------------    -------------------
    RAMB36_X1Y24         RAMB36E2 (Prop_RAMB36E2_RAMB36_CLKARDCLK_DOUTBDOUT[16])
                                                      0.324     0.431 r  gmem_m_axi_U/load_unit_0/buff_rdata/U_fifo_mem/mem_reg_0/DOUTBDOUT[16]
                         net (fo=2, routed)           0.372     0.803    gmem_m_axi_U/load_unit_0/buff_rdata/U_fifo_mem/s_3_reg_596[0]
    SLICE_X47Y113        LUT2 (Prop_A6LUT_SLICEL_I0_O)
                                                      0.137     0.940 r  gmem_m_axi_U/load_unit_0/buff_rdata/U_fifo_mem/d_5_reg_651[7]_i_9/O
                         net (fo=1, routed)           0.014     0.954    gmem_m_axi_U/load_unit_0/buff_rdata/U_fifo_mem/d_5_reg_651[7]_i_9_n_0
    SLICE_X47Y113        CARRY8 (Prop_CARRY8_SLICEL_S[0]_O[0])
                                                      0.085     1.039 r  gmem_m_axi_U/load_unit_0/buff_rdata/U_fifo_mem/d_5_reg_651_reg[7]_i_1/O[0]
                         net (fo=3, routed)           0.315     1.354    gmem_m_axi_U/load_unit_0/buff_rdata/U_fifo_mem/D[0]
    SLICE_X46Y113        LUT2 (Prop_A6LUT_SLICEL_I0_O)
                                                      0.188     1.542 r  gmem_m_axi_U/load_unit_0/buff_rdata/U_fifo_mem/d_7_reg_656[7]_i_9/O
                         net (fo=1, routed)           0.014     1.556    gmem_m_axi_U/load_unit_0/buff_rdata/U_fifo_mem/d_7_reg_656[7]_i_9_n_0
    SLICE_X46Y113        CARRY8 (Prop_CARRY8_SLICEL_S[0]_O[4])
                                                      0.293     1.849 r  gmem_m_axi_U/load_unit_0/buff_rdata/U_fifo_mem/d_7_reg_656_reg[7]_i_1/O[4]
                         net (fo=3, routed)           0.756     2.605    gmem_m_axi_U/load_unit_0/buff_rdata/U_fifo_mem/O101[4]
    SLICE_X49Y115        LUT3 (Prop_H6LUT_SLICEL_I1_O)
                                                      0.153     2.758 r  gmem_m_axi_U/load_unit_0/buff_rdata/U_fifo_mem/d_10_reg_679[0]_i_5/O
                         net (fo=2, routed)           0.542     3.301    gmem_m_axi_U/load_unit_0/buff_rdata/U_fifo_mem/d_10_reg_679[0]_i_5_n_0
    SLICE_X48Y114        LUT4 (Prop_E6LUT_SLICEL_I3_O)
                                                      0.187     3.488 r  gmem_m_axi_U/load_unit_0/buff_rdata/U_fifo_mem/d_10_reg_679[0]_i_12/O
                         net (fo=1, routed)           0.011     3.499    gmem_m_axi_U/load_unit_0/buff_rdata/U_fifo_mem/d_10_reg_679[0]_i_12_n_0
    SLICE_X48Y114        CARRY8 (Prop_CARRY8_SLICEL_S[4]_CO[7])
                                                      0.232     3.731 r  gmem_m_axi_U/load_unit_0/buff_rdata/U_fifo_mem/d_10_reg_679_reg[0]_i_1/CO[7]
                         net (fo=1, routed)           0.030     3.761    gmem_m_axi_U/load_unit_0/buff_rdata/U_fifo_mem/d_10_reg_679_reg[0]_i_1_n_0
    SLICE_X48Y115        CARRY8 (Prop_CARRY8_SLICEL_CI_O[5])
                                                      0.161     3.922 r  gmem_m_axi_U/load_unit_0/buff_rdata/U_fifo_mem/trunc_ln105_s_reg_690_reg[14]_i_1/O[5]
                         net (fo=1, routed)           0.033     3.955    d_10_fu_422_p2[13]
    SLICE_X48Y115        FDRE                                         r  trunc_ln105_s_reg_690_reg[12]/D
  -------------------------------------------------------------------    -------------------

                         (clock ap_clk rise edge)    10.000    10.000 r  
                                                      0.000    10.000 r  ap_clk (IN)
                         net (fo=3485, unset)         0.029    10.029    ap_clk
    SLICE_X48Y115        FDRE                                         r  trunc_ln105_s_reg_690_reg[12]/C
                         clock pessimism              0.000    10.029    
                         clock uncertainty           -0.035     9.994    
    SLICE_X48Y115        FDRE (Setup_FFF_SLICEL_C_D)
                                                      0.044    10.038    trunc_ln105_s_reg_690_reg[12]
  -------------------------------------------------------------------
                         required time                         10.038    
                         arrival time                          -3.955    
  -------------------------------------------------------------------
                         slack                                  6.083    

Slack (MET) :             6.086ns  (required time - arrival time)
  Source:                 gmem_m_axi_U/load_unit_0/buff_rdata/U_fifo_mem/mem_reg_0/CLKARDCLK
                            (rising edge-triggered cell RAMB36E2 clocked by ap_clk  {rise@0.000ns fall@5.000ns period=10.000ns})
  Destination:            d_10_reg_679_reg[14]/D
                            (rising edge-triggered cell FDRE clocked by ap_clk  {rise@0.000ns fall@5.000ns period=10.000ns})
  Path Group:             ap_clk
  Path Type:              Setup (Max at Slow Process Corner)
  Requirement:            10.000ns  (ap_clk rise@10.000ns - ap_clk rise@0.000ns)
  Data Path Delay:        3.845ns  (logic 1.756ns (45.671%)  route 2.089ns (54.329%))
  Logic Levels:           8  (CARRY8=4 LUT2=2 LUT3=1 LUT4=1)
  Clock Path Skew:        -0.078ns (DCD - SCD + CPR)
    Destination Clock Delay (DCD):    0.029ns = ( 10.029 - 10.000 ) 
    Source Clock Delay      (SCD):    0.107ns
    Clock Pessimism Removal (CPR):    0.000ns
  Clock Uncertainty:      0.035ns  ((TSJ^2 + TIJ^2)^1/2 + DJ) / 2 + PE
    Total System Jitter     (TSJ):    0.071ns
    Total Input Jitter      (TIJ):    0.000ns
    Discrete Jitter          (DJ):    0.000ns
    Phase Error              (PE):    0.000ns

    Location             Delay type                Incr(ns)  Path(ns)    Netlist Resource(s)
  -------------------------------------------------------------------    -------------------
                         (clock ap_clk rise edge)     0.000     0.000 r  
                                                      0.000     0.000 r  ap_clk (IN)
                         net (fo=3485, unset)         0.107     0.107    gmem_m_axi_U/load_unit_0/buff_rdata/U_fifo_mem/ap_clk
    RAMB36_X1Y24         RAMB36E2                                     r  gmem_m_axi_U/load_unit_0/buff_rdata/U_fifo_mem/mem_reg_0/CLKARDCLK
  -------------------------------------------------------------------    -------------------
    RAMB36_X1Y24         RAMB36E2 (Prop_RAMB36E2_RAMB36_CLKARDCLK_DOUTBDOUT[16])
                                                      0.324     0.431 r  gmem_m_axi_U/load_unit_0/buff_rdata/U_fifo_mem/mem_reg_0/DOUTBDOUT[16]
                         net (fo=2, routed)           0.372     0.803    gmem_m_axi_U/load_unit_0/buff_rdata/U_fifo_mem/s_3_reg_596[0]
    SLICE_X47Y113        LUT2 (Prop_A6LUT_SLICEL_I0_O)
                                                      0.137     0.940 r  gmem_m_axi_U/load_unit_0/buff_rdata/U_fifo_mem/d_5_reg_651[7]_i_9/O
                         net (fo=1, routed)           0.014     0.954    gmem_m_axi_U/load_unit_0/buff_rdata/U_fifo_mem/d_5_reg_651[7]_i_9_n_0
    SLICE_X47Y113        CARRY8 (Prop_CARRY8_SLICEL_S[0]_O[0])
                                                      0.085     1.039 r  gmem_m_axi_U/load_unit_0/buff_rdata/U_fifo_mem/d_5_reg_651_reg[7]_i_1/O[0]
                         net (fo=3, routed)           0.315     1.354    gmem_m_axi_U/load_unit_0/buff_rdata/U_fifo_mem/D[0]
    SLICE_X46Y113        LUT2 (Prop_A6LUT_SLICEL_I0_O)
                                                      0.188     1.542 r  gmem_m_axi_U/load_unit_0/buff_rdata/U_fifo_mem/d_7_reg_656[7]_i_9/O
                         net (fo=1, routed)           0.014     1.556    gmem_m_axi_U/load_unit_0/buff_rdata/U_fifo_mem/d_7_reg_656[7]_i_9_n_0
    SLICE_X46Y113        CARRY8 (Prop_CARRY8_SLICEL_S[0]_O[4])
                                                      0.293     1.849 r  gmem_m_axi_U/load_unit_0/buff_rdata/U_fifo_mem/d_7_reg_656_reg[7]_i_1/O[4]
                         net (fo=3, routed)           0.756     2.605    gmem_m_axi_U/load_unit_0/buff_rdata/U_fifo_mem/O101[4]
    SLICE_X49Y115        LUT3 (Prop_H6LUT_SLICEL_I1_O)
                                                      0.153     2.758 r  gmem_m_axi_U/load_unit_0/buff_rdata/U_fifo_mem/d_10_reg_679[0]_i_5/O
                         net (fo=2, routed)           0.542     3.301    gmem_m_axi_U/load_unit_0/buff_rdata/U_fifo_mem/d_10_reg_679[0]_i_5_n_0
    SLICE_X48Y114        LUT4 (Prop_E6LUT_SLICEL_I3_O)
                                                      0.187     3.488 r  gmem_m_axi_U/load_unit_0/buff_rdata/U_fifo_mem/d_10_reg_679[0]_i_12/O
                         net (fo=1, routed)           0.011     3.499    gmem_m_axi_U/load_unit_0/buff_rdata/U_fifo_mem/d_10_reg_679[0]_i_12_n_0
    SLICE_X48Y114        CARRY8 (Prop_CARRY8_SLICEL_S[4]_CO[7])
                                                      0.232     3.731 r  gmem_m_axi_U/load_unit_0/buff_rdata/U_fifo_mem/d_10_reg_679_reg[0]_i_1/CO[7]
                         net (fo=1, routed)           0.030     3.761    gmem_m_axi_U/load_unit_0/buff_rdata/U_fifo_mem/d_10_reg_679_reg[0]_i_1_n_0
    SLICE_X48Y115        CARRY8 (Prop_CARRY8_SLICEL_CI_O[6])
                                                      0.157     3.918 r  gmem_m_axi_U/load_unit_0/buff_rdata/U_fifo_mem/trunc_ln105_s_reg_690_reg[14]_i_1/O[6]
                         net (fo=1, routed)           0.034     3.952    d_10_fu_422_p2[14]
    SLICE_X48Y115        FDRE                                         r  d_10_reg_679_reg[14]/D
  -------------------------------------------------------------------    -------------------

                         (clock ap_clk rise edge)    10.000    10.000 r  
                                                      0.000    10.000 r  ap_clk (IN)
                         net (fo=3485, unset)         0.029    10.029    ap_clk
    SLICE_X48Y115        FDRE                                         r  d_10_reg_679_reg[14]/C
                         clock pessimism              0.000    10.029    
                         clock uncertainty           -0.035     9.994    
    SLICE_X48Y115        FDRE (Setup_GFF_SLICEL_C_D)
                                                      0.044    10.038    d_10_reg_679_reg[14]
  -------------------------------------------------------------------
                         required time                         10.038    
                         arrival time                          -3.952    
  -------------------------------------------------------------------
                         slack                                  6.086    

Slack (MET) :             6.126ns  (required time - arrival time)
  Source:                 gmem_m_axi_U/load_unit_0/buff_rdata/U_fifo_mem/mem_reg_0/CLKARDCLK
                            (rising edge-triggered cell RAMB36E2 clocked by ap_clk  {rise@0.000ns fall@5.000ns period=10.000ns})
  Destination:            trunc_ln105_s_reg_690_reg[11]/D
                            (rising edge-triggered cell FDRE clocked by ap_clk  {rise@0.000ns fall@5.000ns period=10.000ns})
  Path Group:             ap_clk
  Path Type:              Setup (Max at Slow Process Corner)
  Requirement:            10.000ns  (ap_clk rise@10.000ns - ap_clk rise@0.000ns)
  Data Path Delay:        3.805ns  (logic 1.718ns (45.152%)  route 2.087ns (54.848%))
  Logic Levels:           8  (CARRY8=4 LUT2=2 LUT3=1 LUT4=1)
  Clock Path Skew:        -0.078ns (DCD - SCD + CPR)
    Destination Clock Delay (DCD):    0.029ns = ( 10.029 - 10.000 ) 
    Source Clock Delay      (SCD):    0.107ns
    Clock Pessimism Removal (CPR):    0.000ns
  Clock Uncertainty:      0.035ns  ((TSJ^2 + TIJ^2)^1/2 + DJ) / 2 + PE
    Total System Jitter     (TSJ):    0.071ns
    Total Input Jitter      (TIJ):    0.000ns
    Discrete Jitter          (DJ):    0.000ns
    Phase Error              (PE):    0.000ns

    Location             Delay type                Incr(ns)  Path(ns)    Netlist Resource(s)
  -------------------------------------------------------------------    -------------------
                         (clock ap_clk rise edge)     0.000     0.000 r  
                                                      0.000     0.000 r  ap_clk (IN)
                         net (fo=3485, unset)         0.107     0.107    gmem_m_axi_U/load_unit_0/buff_rdata/U_fifo_mem/ap_clk
    RAMB36_X1Y24         RAMB36E2                                     r  gmem_m_axi_U/load_unit_0/buff_rdata/U_fifo_mem/mem_reg_0/CLKARDCLK
  -------------------------------------------------------------------    -------------------
    RAMB36_X1Y24         RAMB36E2 (Prop_RAMB36E2_RAMB36_CLKARDCLK_DOUTBDOUT[16])
                                                      0.324     0.431 r  gmem_m_axi_U/load_unit_0/buff_rdata/U_fifo_mem/mem_reg_0/DOUTBDOUT[16]
                         net (fo=2, routed)           0.372     0.803    gmem_m_axi_U/load_unit_0/buff_rdata/U_fifo_mem/s_3_reg_596[0]
    SLICE_X47Y113        LUT2 (Prop_A6LUT_SLICEL_I0_O)
                                                      0.137     0.940 r  gmem_m_axi_U/load_unit_0/buff_rdata/U_fifo_mem/d_5_reg_651[7]_i_9/O
                         net (fo=1, routed)           0.014     0.954    gmem_m_axi_U/load_unit_0/buff_rdata/U_fifo_mem/d_5_reg_651[7]_i_9_n_0
    SLICE_X47Y113        CARRY8 (Prop_CARRY8_SLICEL_S[0]_O[0])
                                                      0.085     1.039 r  gmem_m_axi_U/load_unit_0/buff_rdata/U_fifo_mem/d_5_reg_651_reg[7]_i_1/O[0]
                         net (fo=3, routed)           0.315     1.354    gmem_m_axi_U/load_unit_0/buff_rdata/U_fifo_mem/D[0]
    SLICE_X46Y113        LUT2 (Prop_A6LUT_SLICEL_I0_O)
                                                      0.188     1.542 r  gmem_m_axi_U/load_unit_0/buff_rdata/U_fifo_mem/d_7_reg_656[7]_i_9/O
                         net (fo=1, routed)           0.014     1.556    gmem_m_axi_U/load_unit_0/buff_rdata/U_fifo_mem/d_7_reg_656[7]_i_9_n_0
    SLICE_X46Y113        CARRY8 (Prop_CARRY8_SLICEL_S[0]_O[4])
                                                      0.293     1.849 r  gmem_m_axi_U/load_unit_0/buff_rdata/U_fifo_mem/d_7_reg_656_reg[7]_i_1/O[4]
                         net (fo=3, routed)           0.756     2.605    gmem_m_axi_U/load_unit_0/buff_rdata/U_fifo_mem/O101[4]
    SLICE_X49Y115        LUT3 (Prop_H6LUT_SLICEL_I1_O)
                                                      0.153     2.758 r  gmem_m_axi_U/load_unit_0/buff_rdata/U_fifo_mem/d_10_reg_679[0]_i_5/O
                         net (fo=2, routed)           0.542     3.301    gmem_m_axi_U/load_unit_0/buff_rdata/U_fifo_mem/d_10_reg_679[0]_i_5_n_0
    SLICE_X48Y114        LUT4 (Prop_E6LUT_SLICEL_I3_O)
                                                      0.187     3.488 r  gmem_m_axi_U/load_unit_0/buff_rdata/U_fifo_mem/d_10_reg_679[0]_i_12/O
                         net (fo=1, routed)           0.011     3.499    gmem_m_axi_U/load_unit_0/buff_rdata/U_fifo_mem/d_10_reg_679[0]_i_12_n_0
    SLICE_X48Y114        CARRY8 (Prop_CARRY8_SLICEL_S[4]_CO[7])
                                                      0.232     3.731 r  gmem_m_axi_U/load_unit_0/buff_rdata/U_fifo_mem/d_10_reg_679_reg[0]_i_1/CO[7]
                         net (fo=1, routed)           0.030     3.761    gmem_m_axi_U/load_unit_0/buff_rdata/U_fifo_mem/d_10_reg_679_reg[0]_i_1_n_0
    SLICE_X48Y115        CARRY8 (Prop_CARRY8_SLICEL_CI_O[4])
                                                      0.119     3.880 r  gmem_m_axi_U/load_unit_0/buff_rdata/U_fifo_mem/trunc_ln105_s_reg_690_reg[14]_i_1/O[4]
                         net (fo=1, routed)           0.032     3.912    d_10_fu_422_p2[12]
    SLICE_X48Y115        FDRE                                         r  trunc_ln105_s_reg_690_reg[11]/D
  -------------------------------------------------------------------    -------------------

                         (clock ap_clk rise edge)    10.000    10.000 r  
                                                      0.000    10.000 r  ap_clk (IN)
                         net (fo=3485, unset)         0.029    10.029    ap_clk
    SLICE_X48Y115        FDRE                                         r  trunc_ln105_s_reg_690_reg[11]/C
                         clock pessimism              0.000    10.029    
                         clock uncertainty           -0.035     9.994    
    SLICE_X48Y115        FDRE (Setup_EFF_SLICEL_C_D)
                                                      0.044    10.038    trunc_ln105_s_reg_690_reg[11]
  -------------------------------------------------------------------
                         required time                         10.038    
                         arrival time                          -3.912    
  -------------------------------------------------------------------
                         slack                                  6.126    

Slack (MET) :             6.129ns  (required time - arrival time)
  Source:                 gmem_m_axi_U/load_unit_0/buff_rdata/U_fifo_mem/mem_reg_0/CLKARDCLK
                            (rising edge-triggered cell RAMB36E2 clocked by ap_clk  {rise@0.000ns fall@5.000ns period=10.000ns})
  Destination:            trunc_ln105_s_reg_690_reg[10]/D
                            (rising edge-triggered cell FDRE clocked by ap_clk  {rise@0.000ns fall@5.000ns period=10.000ns})
  Path Group:             ap_clk
  Path Type:              Setup (Max at Slow Process Corner)
  Requirement:            10.000ns  (ap_clk rise@10.000ns - ap_clk rise@0.000ns)
  Data Path Delay:        3.802ns  (logic 1.713ns (45.056%)  route 2.089ns (54.944%))
  Logic Levels:           8  (CARRY8=4 LUT2=2 LUT3=1 LUT4=1)
  Clock Path Skew:        -0.078ns (DCD - SCD + CPR)
    Destination Clock Delay (DCD):    0.029ns = ( 10.029 - 10.000 ) 
    Source Clock Delay      (SCD):    0.107ns
    Clock Pessimism Removal (CPR):    0.000ns
  Clock Uncertainty:      0.035ns  ((TSJ^2 + TIJ^2)^1/2 + DJ) / 2 + PE
    Total System Jitter     (TSJ):    0.071ns
    Total Input Jitter      (TIJ):    0.000ns
    Discrete Jitter          (DJ):    0.000ns
    Phase Error              (PE):    0.000ns

    Location             Delay type                Incr(ns)  Path(ns)    Netlist Resource(s)
  -------------------------------------------------------------------    -------------------
                         (clock ap_clk rise edge)     0.000     0.000 r  
                                                      0.000     0.000 r  ap_clk (IN)
                         net (fo=3485, unset)         0.107     0.107    gmem_m_axi_U/load_unit_0/buff_rdata/U_fifo_mem/ap_clk
    RAMB36_X1Y24         RAMB36E2                                     r  gmem_m_axi_U/load_unit_0/buff_rdata/U_fifo_mem/mem_reg_0/CLKARDCLK
  -------------------------------------------------------------------    -------------------
    RAMB36_X1Y24         RAMB36E2 (Prop_RAMB36E2_RAMB36_CLKARDCLK_DOUTBDOUT[16])
                                                      0.324     0.431 r  gmem_m_axi_U/load_unit_0/buff_rdata/U_fifo_mem/mem_reg_0/DOUTBDOUT[16]
                         net (fo=2, routed)           0.372     0.803    gmem_m_axi_U/load_unit_0/buff_rdata/U_fifo_mem/s_3_reg_596[0]
    SLICE_X47Y113        LUT2 (Prop_A6LUT_SLICEL_I0_O)
                                                      0.137     0.940 r  gmem_m_axi_U/load_unit_0/buff_rdata/U_fifo_mem/d_5_reg_651[7]_i_9/O
                         net (fo=1, routed)           0.014     0.954    gmem_m_axi_U/load_unit_0/buff_rdata/U_fifo_mem/d_5_reg_651[7]_i_9_n_0
    SLICE_X47Y113        CARRY8 (Prop_CARRY8_SLICEL_S[0]_O[0])
                                                      0.085     1.039 r  gmem_m_axi_U/load_unit_0/buff_rdata/U_fifo_mem/d_5_reg_651_reg[7]_i_1/O[0]
                         net (fo=3, routed)           0.315     1.354    gmem_m_axi_U/load_unit_0/buff_rdata/U_fifo_mem/D[0]
    SLICE_X46Y113        LUT2 (Prop_A6LUT_SLICEL_I0_O)
                                                      0.188     1.542 r  gmem_m_axi_U/load_unit_0/buff_rdata/U_fifo_mem/d_7_reg_656[7]_i_9/O
                         net (fo=1, routed)           0.014     1.556    gmem_m_axi_U/load_unit_0/buff_rdata/U_fifo_mem/d_7_reg_656[7]_i_9_n_0
    SLICE_X46Y113        CARRY8 (Prop_CARRY8_SLICEL_S[0]_O[4])
                                                      0.293     1.849 r  gmem_m_axi_U/load_unit_0/buff_rdata/U_fifo_mem/d_7_reg_656_reg[7]_i_1/O[4]
                         net (fo=3, routed)           0.756     2.605    gmem_m_axi_U/load_unit_0/buff_rdata/U_fifo_mem/O101[4]
    SLICE_X49Y115        LUT3 (Prop_H6LUT_SLICEL_I1_O)
                                                      0.153     2.758 r  gmem_m_axi_U/load_unit_0/buff_rdata/U_fifo_mem/d_10_reg_679[0]_i_5/O
                         net (fo=2, routed)           0.542     3.301    gmem_m_axi_U/load_unit_0/buff_rdata/U_fifo_mem/d_10_reg_679[0]_i_5_n_0
    SLICE_X48Y114        LUT4 (Prop_E6LUT_SLICEL_I3_O)
                                                      0.187     3.488 r  gmem_m_axi_U/load_unit_0/buff_rdata/U_fifo_mem/d_10_reg_679[0]_i_12/O
                         net (fo=1, routed)           0.011     3.499    gmem_m_axi_U/load_unit_0/buff_rdata/U_fifo_mem/d_10_reg_679[0]_i_12_n_0
    SLICE_X48Y114        CARRY8 (Prop_CARRY8_SLICEL_S[4]_CO[7])
                                                      0.232     3.731 r  gmem_m_axi_U/load_unit_0/buff_rdata/U_fifo_mem/d_10_reg_679_reg[0]_i_1/CO[7]
                         net (fo=1, routed)           0.030     3.761    gmem_m_axi_U/load_unit_0/buff_rdata/U_fifo_mem/d_10_reg_679_reg[0]_i_1_n_0
    SLICE_X48Y115        CARRY8 (Prop_CARRY8_SLICEL_CI_O[3])
                                                      0.114     3.875 r  gmem_m_axi_U/load_unit_0/buff_rdata/U_fifo_mem/trunc_ln105_s_reg_690_reg[14]_i_1/O[3]
                         net (fo=1, routed)           0.034     3.909    d_10_fu_422_p2[11]
    SLICE_X48Y115        FDRE                                         r  trunc_ln105_s_reg_690_reg[10]/D
  -------------------------------------------------------------------    -------------------

                         (clock ap_clk rise edge)    10.000    10.000 r  
                                                      0.000    10.000 r  ap_clk (IN)
                         net (fo=3485, unset)         0.029    10.029    ap_clk
    SLICE_X48Y115        FDRE                                         r  trunc_ln105_s_reg_690_reg[10]/C
                         clock pessimism              0.000    10.029    
                         clock uncertainty           -0.035     9.994    
    SLICE_X48Y115        FDRE (Setup_DFF_SLICEL_C_D)
                                                      0.044    10.038    trunc_ln105_s_reg_690_reg[10]
  -------------------------------------------------------------------
                         required time                         10.038    
                         arrival time                          -3.909    
  -------------------------------------------------------------------
                         slack                                  6.129    

Slack (MET) :             6.138ns  (required time - arrival time)
  Source:                 gmem_m_axi_U/load_unit_0/buff_rdata/U_fifo_mem/mem_reg_0/CLKARDCLK
                            (rising edge-triggered cell RAMB36E2 clocked by ap_clk  {rise@0.000ns fall@5.000ns period=10.000ns})
  Destination:            trunc_ln105_s_reg_690_reg[8]/D
                            (rising edge-triggered cell FDRE clocked by ap_clk  {rise@0.000ns fall@5.000ns period=10.000ns})
  Path Group:             ap_clk
  Path Type:              Setup (Max at Slow Process Corner)
  Requirement:            10.000ns  (ap_clk rise@10.000ns - ap_clk rise@0.000ns)
  Data Path Delay:        3.793ns  (logic 1.705ns (44.952%)  route 2.088ns (55.048%))
  Logic Levels:           8  (CARRY8=4 LUT2=2 LUT3=1 LUT4=1)
  Clock Path Skew:        -0.078ns (DCD - SCD + CPR)
    Destination Clock Delay (DCD):    0.029ns = ( 10.029 - 10.000 ) 
    Source Clock Delay      (SCD):    0.107ns
    Clock Pessimism Removal (CPR):    0.000ns
  Clock Uncertainty:      0.035ns  ((TSJ^2 + TIJ^2)^1/2 + DJ) / 2 + PE
    Total System Jitter     (TSJ):    0.071ns
    Total Input Jitter      (TIJ):    0.000ns
    Discrete Jitter          (DJ):    0.000ns
    Phase Error              (PE):    0.000ns

    Location             Delay type                Incr(ns)  Path(ns)    Netlist Resource(s)
  -------------------------------------------------------------------    -------------------
                         (clock ap_clk rise edge)     0.000     0.000 r  
                                                      0.000     0.000 r  ap_clk (IN)
                         net (fo=3485, unset)         0.107     0.107    gmem_m_axi_U/load_unit_0/buff_rdata/U_fifo_mem/ap_clk
    RAMB36_X1Y24         RAMB36E2                                     r  gmem_m_axi_U/load_unit_0/buff_rdata/U_fifo_mem/mem_reg_0/CLKARDCLK
  -------------------------------------------------------------------    -------------------
    RAMB36_X1Y24         RAMB36E2 (Prop_RAMB36E2_RAMB36_CLKARDCLK_DOUTBDOUT[16])
                                                      0.324     0.431 r  gmem_m_axi_U/load_unit_0/buff_rdata/U_fifo_mem/mem_reg_0/DOUTBDOUT[16]
                         net (fo=2, routed)           0.372     0.803    gmem_m_axi_U/load_unit_0/buff_rdata/U_fifo_mem/s_3_reg_596[0]
    SLICE_X47Y113        LUT2 (Prop_A6LUT_SLICEL_I0_O)
                                                      0.137     0.940 r  gmem_m_axi_U/load_unit_0/buff_rdata/U_fifo_mem/d_5_reg_651[7]_i_9/O
                         net (fo=1, routed)           0.014     0.954    gmem_m_axi_U/load_unit_0/buff_rdata/U_fifo_mem/d_5_reg_651[7]_i_9_n_0
    SLICE_X47Y113        CARRY8 (Prop_CARRY8_SLICEL_S[0]_O[0])
                                                      0.085     1.039 r  gmem_m_axi_U/load_unit_0/buff_rdata/U_fifo_mem/d_5_reg_651_reg[7]_i_1/O[0]
                         net (fo=3, routed)           0.315     1.354    gmem_m_axi_U/load_unit_0/buff_rdata/U_fifo_mem/D[0]
    SLICE_X46Y113        LUT2 (Prop_A6LUT_SLICEL_I0_O)
                                                      0.188     1.542 r  gmem_m_axi_U/load_unit_0/buff_rdata/U_fifo_mem/d_7_reg_656[7]_i_9/O
                         net (fo=1, routed)           0.014     1.556    gmem_m_axi_U/load_unit_0/buff_rdata/U_fifo_mem/d_7_reg_656[7]_i_9_n_0
    SLICE_X46Y113        CARRY8 (Prop_CARRY8_SLICEL_S[0]_O[4])
                                                      0.293     1.849 r  gmem_m_axi_U/load_unit_0/buff_rdata/U_fifo_mem/d_7_reg_656_reg[7]_i_1/O[4]
                         net (fo=3, routed)           0.756     2.605    gmem_m_axi_U/load_unit_0/buff_rdata/U_fifo_mem/O101[4]
    SLICE_X49Y115        LUT3 (Prop_H6LUT_SLICEL_I1_O)
                                                      0.153     2.758 r  gmem_m_axi_U/load_unit_0/buff_rdata/U_fifo_mem/d_10_reg_679[0]_i_5/O
                         net (fo=2, routed)           0.542     3.301    gmem_m_axi_U/load_unit_0/buff_rdata/U_fifo_mem/d_10_reg_679[0]_i_5_n_0
    SLICE_X48Y114        LUT4 (Prop_E6LUT_SLICEL_I3_O)
                                                      0.187     3.488 r  gmem_m_axi_U/load_unit_0/buff_rdata/U_fifo_mem/d_10_reg_679[0]_i_12/O
                         net (fo=1, routed)           0.011     3.499    gmem_m_axi_U/load_unit_0/buff_rdata/U_fifo_mem/d_10_reg_679[0]_i_12_n_0
    SLICE_X48Y114        CARRY8 (Prop_CARRY8_SLICEL_S[4]_CO[7])
                                                      0.232     3.731 r  gmem_m_axi_U/load_unit_0/buff_rdata/U_fifo_mem/d_10_reg_679_reg[0]_i_1/CO[7]
                         net (fo=1, routed)           0.030     3.761    gmem_m_axi_U/load_unit_0/buff_rdata/U_fifo_mem/d_10_reg_679_reg[0]_i_1_n_0
    SLICE_X48Y115        CARRY8 (Prop_CARRY8_SLICEL_CI_O[1])
                                                      0.106     3.867 r  gmem_m_axi_U/load_unit_0/buff_rdata/U_fifo_mem/trunc_ln105_s_reg_690_reg[14]_i_1/O[1]
                         net (fo=1, routed)           0.033     3.900    d_10_fu_422_p2[9]
    SLICE_X48Y115        FDRE                                         r  trunc_ln105_s_reg_690_reg[8]/D
  -------------------------------------------------------------------    -------------------

                         (clock ap_clk rise edge)    10.000    10.000 r  
                                                      0.000    10.000 r  ap_clk (IN)
                         net (fo=3485, unset)         0.029    10.029    ap_clk
    SLICE_X48Y115        FDRE                                         r  trunc_ln105_s_reg_690_reg[8]/C
                         clock pessimism              0.000    10.029    
                         clock uncertainty           -0.035     9.994    
    SLICE_X48Y115        FDRE (Setup_BFF_SLICEL_C_D)
                                                      0.044    10.038    trunc_ln105_s_reg_690_reg[8]
  -------------------------------------------------------------------
                         required time                         10.038    
                         arrival time                          -3.900    
  -------------------------------------------------------------------
                         slack                                  6.138    

Slack (MET) :             6.150ns  (required time - arrival time)
  Source:                 gmem_m_axi_U/load_unit_0/buff_rdata/U_fifo_mem/mem_reg_0/CLKARDCLK
                            (rising edge-triggered cell RAMB36E2 clocked by ap_clk  {rise@0.000ns fall@5.000ns period=10.000ns})
  Destination:            trunc_ln105_s_reg_690_reg[9]/D
                            (rising edge-triggered cell FDRE clocked by ap_clk  {rise@0.000ns fall@5.000ns period=10.000ns})
  Path Group:             ap_clk
  Path Type:              Setup (Max at Slow Process Corner)
  Requirement:            10.000ns  (ap_clk rise@10.000ns - ap_clk rise@0.000ns)
  Data Path Delay:        3.781ns  (logic 1.692ns (44.751%)  route 2.089ns (55.249%))
  Logic Levels:           8  (CARRY8=4 LUT2=2 LUT3=1 LUT4=1)
  Clock Path Skew:        -0.078ns (DCD - SCD + CPR)
    Destination Clock Delay (DCD):    0.029ns = ( 10.029 - 10.000 ) 
    Source Clock Delay      (SCD):    0.107ns
    Clock Pessimism Removal (CPR):    0.000ns
  Clock Uncertainty:      0.035ns  ((TSJ^2 + TIJ^2)^1/2 + DJ) / 2 + PE
    Total System Jitter     (TSJ):    0.071ns
    Total Input Jitter      (TIJ):    0.000ns
    Discrete Jitter          (DJ):    0.000ns
    Phase Error              (PE):    0.000ns

    Location             Delay type                Incr(ns)  Path(ns)    Netlist Resource(s)
  -------------------------------------------------------------------    -------------------
                         (clock ap_clk rise edge)     0.000     0.000 r  
                                                      0.000     0.000 r  ap_clk (IN)
                         net (fo=3485, unset)         0.107     0.107    gmem_m_axi_U/load_unit_0/buff_rdata/U_fifo_mem/ap_clk
    RAMB36_X1Y24         RAMB36E2                                     r  gmem_m_axi_U/load_unit_0/buff_rdata/U_fifo_mem/mem_reg_0/CLKARDCLK
  -------------------------------------------------------------------    -------------------
    RAMB36_X1Y24         RAMB36E2 (Prop_RAMB36E2_RAMB36_CLKARDCLK_DOUTBDOUT[16])
                                                      0.324     0.431 r  gmem_m_axi_U/load_unit_0/buff_rdata/U_fifo_mem/mem_reg_0/DOUTBDOUT[16]
                         net (fo=2, routed)           0.372     0.803    gmem_m_axi_U/load_unit_0/buff_rdata/U_fifo_mem/s_3_reg_596[0]
    SLICE_X47Y113        LUT2 (Prop_A6LUT_SLICEL_I0_O)
                                                      0.137     0.940 r  gmem_m_axi_U/load_unit_0/buff_rdata/U_fifo_mem/d_5_reg_651[7]_i_9/O
                         net (fo=1, routed)           0.014     0.954    gmem_m_axi_U/load_unit_0/buff_rdata/U_fifo_mem/d_5_reg_651[7]_i_9_n_0
    SLICE_X47Y113        CARRY8 (Prop_CARRY8_SLICEL_S[0]_O[0])
                                                      0.085     1.039 r  gmem_m_axi_U/load_unit_0/buff_rdata/U_fifo_mem/d_5_reg_651_reg[7]_i_1/O[0]
                         net (fo=3, routed)           0.315     1.354    gmem_m_axi_U/load_unit_0/buff_rdata/U_fifo_mem/D[0]
    SLICE_X46Y113        LUT2 (Prop_A6LUT_SLICEL_I0_O)
                                                      0.188     1.542 r  gmem_m_axi_U/load_unit_0/buff_rdata/U_fifo_mem/d_7_reg_656[7]_i_9/O
                         net (fo=1, routed)           0.014     1.556    gmem_m_axi_U/load_unit_0/buff_rdata/U_fifo_mem/d_7_reg_656[7]_i_9_n_0
    SLICE_X46Y113        CARRY8 (Prop_CARRY8_SLICEL_S[0]_O[4])
                                                      0.293     1.849 r  gmem_m_axi_U/load_unit_0/buff_rdata/U_fifo_mem/d_7_reg_656_reg[7]_i_1/O[4]
                         net (fo=3, routed)           0.756     2.605    gmem_m_axi_U/load_unit_0/buff_rdata/U_fifo_mem/O101[4]
    SLICE_X49Y115        LUT3 (Prop_H6LUT_SLICEL_I1_O)
                                                      0.153     2.758 r  gmem_m_axi_U/load_unit_0/buff_rdata/U_fifo_mem/d_10_reg_679[0]_i_5/O
                         net (fo=2, routed)           0.542     3.301    gmem_m_axi_U/load_unit_0/buff_rdata/U_fifo_mem/d_10_reg_679[0]_i_5_n_0
    SLICE_X48Y114        LUT4 (Prop_E6LUT_SLICEL_I3_O)
                                                      0.187     3.488 r  gmem_m_axi_U/load_unit_0/buff_rdata/U_fifo_mem/d_10_reg_679[0]_i_12/O
                         net (fo=1, routed)           0.011     3.499    gmem_m_axi_U/load_unit_0/buff_rdata/U_fifo_mem/d_10_reg_679[0]_i_12_n_0
    SLICE_X48Y114        CARRY8 (Prop_CARRY8_SLICEL_S[4]_CO[7])
                                                      0.232     3.731 r  gmem_m_axi_U/load_unit_0/buff_rdata/U_fifo_mem/d_10_reg_679_reg[0]_i_1/CO[7]
                         net (fo=1, routed)           0.030     3.761    gmem_m_axi_U/load_unit_0/buff_rdata/U_fifo_mem/d_10_reg_679_reg[0]_i_1_n_0
    SLICE_X48Y115        CARRY8 (Prop_CARRY8_SLICEL_CI_O[2])
                                                      0.093     3.854 r  gmem_m_axi_U/load_unit_0/buff_rdata/U_fifo_mem/trunc_ln105_s_reg_690_reg[14]_i_1/O[2]
                         net (fo=1, routed)           0.034     3.888    d_10_fu_422_p2[10]
    SLICE_X48Y115        FDRE                                         r  trunc_ln105_s_reg_690_reg[9]/D
  -------------------------------------------------------------------    -------------------

                         (clock ap_clk rise edge)    10.000    10.000 r  
                                                      0.000    10.000 r  ap_clk (IN)
                         net (fo=3485, unset)         0.029    10.029    ap_clk
    SLICE_X48Y115        FDRE                                         r  trunc_ln105_s_reg_690_reg[9]/C
                         clock pessimism              0.000    10.029    
                         clock uncertainty           -0.035     9.994    
    SLICE_X48Y115        FDRE (Setup_CFF_SLICEL_C_D)
                                                      0.044    10.038    trunc_ln105_s_reg_690_reg[9]
  -------------------------------------------------------------------
                         required time                         10.038    
                         arrival time                          -3.888    
  -------------------------------------------------------------------
                         slack                                  6.150    

Slack (MET) :             6.167ns  (required time - arrival time)
  Source:                 gmem_m_axi_U/load_unit_0/buff_rdata/U_fifo_mem/mem_reg_0/CLKARDCLK
                            (rising edge-triggered cell RAMB36E2 clocked by ap_clk  {rise@0.000ns fall@5.000ns period=10.000ns})
  Destination:            d_10_reg_679_reg[8]/D
                            (rising edge-triggered cell FDRE clocked by ap_clk  {rise@0.000ns fall@5.000ns period=10.000ns})
  Path Group:             ap_clk
  Path Type:              Setup (Max at Slow Process Corner)
  Requirement:            10.000ns  (ap_clk rise@10.000ns - ap_clk rise@0.000ns)
  Data Path Delay:        3.764ns  (logic 1.677ns (44.555%)  route 2.087ns (55.445%))
  Logic Levels:           8  (CARRY8=4 LUT2=2 LUT3=1 LUT4=1)
  Clock Path Skew:        -0.078ns (DCD - SCD + CPR)
    Destination Clock Delay (DCD):    0.029ns = ( 10.029 - 10.000 ) 
    Source Clock Delay      (SCD):    0.107ns
    Clock Pessimism Removal (CPR):    0.000ns
  Clock Uncertainty:      0.035ns  ((TSJ^2 + TIJ^2)^1/2 + DJ) / 2 + PE
    Total System Jitter     (TSJ):    0.071ns
    Total Input Jitter      (TIJ):    0.000ns
    Discrete Jitter          (DJ):    0.000ns
    Phase Error              (PE):    0.000ns

    Location             Delay type                Incr(ns)  Path(ns)    Netlist Resource(s)
  -------------------------------------------------------------------    -------------------
                         (clock ap_clk rise edge)     0.000     0.000 r  
                                                      0.000     0.000 r  ap_clk (IN)
                         net (fo=3485, unset)         0.107     0.107    gmem_m_axi_U/load_unit_0/buff_rdata/U_fifo_mem/ap_clk
    RAMB36_X1Y24         RAMB36E2                                     r  gmem_m_axi_U/load_unit_0/buff_rdata/U_fifo_mem/mem_reg_0/CLKARDCLK
  -------------------------------------------------------------------    -------------------
    RAMB36_X1Y24         RAMB36E2 (Prop_RAMB36E2_RAMB36_CLKARDCLK_DOUTBDOUT[16])
                                                      0.324     0.431 r  gmem_m_axi_U/load_unit_0/buff_rdata/U_fifo_mem/mem_reg_0/DOUTBDOUT[16]
                         net (fo=2, routed)           0.372     0.803    gmem_m_axi_U/load_unit_0/buff_rdata/U_fifo_mem/s_3_reg_596[0]
    SLICE_X47Y113        LUT2 (Prop_A6LUT_SLICEL_I0_O)
                                                      0.137     0.940 r  gmem_m_axi_U/load_unit_0/buff_rdata/U_fifo_mem/d_5_reg_651[7]_i_9/O
                         net (fo=1, routed)           0.014     0.954    gmem_m_axi_U/load_unit_0/buff_rdata/U_fifo_mem/d_5_reg_651[7]_i_9_n_0
    SLICE_X47Y113        CARRY8 (Prop_CARRY8_SLICEL_S[0]_O[0])
                                                      0.085     1.039 r  gmem_m_axi_U/load_unit_0/buff_rdata/U_fifo_mem/d_5_reg_651_reg[7]_i_1/O[0]
                         net (fo=3, routed)           0.315     1.354    gmem_m_axi_U/load_unit_0/buff_rdata/U_fifo_mem/D[0]
    SLICE_X46Y113        LUT2 (Prop_A6LUT_SLICEL_I0_O)
                                                      0.188     1.542 r  gmem_m_axi_U/load_unit_0/buff_rdata/U_fifo_mem/d_7_reg_656[7]_i_9/O
                         net (fo=1, routed)           0.014     1.556    gmem_m_axi_U/load_unit_0/buff_rdata/U_fifo_mem/d_7_reg_656[7]_i_9_n_0
    SLICE_X46Y113        CARRY8 (Prop_CARRY8_SLICEL_S[0]_O[4])
                                                      0.293     1.849 r  gmem_m_axi_U/load_unit_0/buff_rdata/U_fifo_mem/d_7_reg_656_reg[7]_i_1/O[4]
                         net (fo=3, routed)           0.756     2.605    gmem_m_axi_U/load_unit_0/buff_rdata/U_fifo_mem/O101[4]
    SLICE_X49Y115        LUT3 (Prop_H6LUT_SLICEL_I1_O)
                                                      0.153     2.758 r  gmem_m_axi_U/load_unit_0/buff_rdata/U_fifo_mem/d_10_reg_679[0]_i_5/O
                         net (fo=2, routed)           0.542     3.301    gmem_m_axi_U/load_unit_0/buff_rdata/U_fifo_mem/d_10_reg_679[0]_i_5_n_0
    SLICE_X48Y114        LUT4 (Prop_E6LUT_SLICEL_I3_O)
                                                      0.187     3.488 r  gmem_m_axi_U/load_unit_0/buff_rdata/U_fifo_mem/d_10_reg_679[0]_i_12/O
                         net (fo=1, routed)           0.011     3.499    gmem_m_axi_U/load_unit_0/buff_rdata/U_fifo_mem/d_10_reg_679[0]_i_12_n_0
    SLICE_X48Y114        CARRY8 (Prop_CARRY8_SLICEL_S[4]_CO[7])
                                                      0.232     3.731 r  gmem_m_axi_U/load_unit_0/buff_rdata/U_fifo_mem/d_10_reg_679_reg[0]_i_1/CO[7]
                         net (fo=1, routed)           0.030     3.761    gmem_m_axi_U/load_unit_0/buff_rdata/U_fifo_mem/d_10_reg_679_reg[0]_i_1_n_0
    SLICE_X48Y115        CARRY8 (Prop_CARRY8_SLICEL_CI_O[0])
                                                      0.078     3.839 r  gmem_m_axi_U/load_unit_0/buff_rdata/U_fifo_mem/trunc_ln105_s_reg_690_reg[14]_i_1/O[0]
                         net (fo=1, routed)           0.032     3.871    d_10_fu_422_p2[8]
    SLICE_X48Y115        FDRE                                         r  d_10_reg_679_reg[8]/D
  -------------------------------------------------------------------    -------------------

                         (clock ap_clk rise edge)    10.000    10.000 r  
                                                      0.000    10.000 r  ap_clk (IN)
                         net (fo=3485, unset)         0.029    10.029    ap_clk
    SLICE_X48Y115        FDRE                                         r  d_10_reg_679_reg[8]/C
                         clock pessimism              0.000    10.029    
                         clock uncertainty           -0.035     9.994    
    SLICE_X48Y115        FDRE (Setup_AFF_SLICEL_C_D)
                                                      0.044    10.038    d_10_reg_679_reg[8]
  -------------------------------------------------------------------
                         required time                         10.038    
                         arrival time                          -3.871    
  -------------------------------------------------------------------
                         slack                                  6.167    

Slack (MET) :             6.174ns  (required time - arrival time)
  Source:                 gmem_m_axi_U/store_unit/buff_wdata/full_n_reg/C
                            (rising edge-triggered cell FDRE clocked by ap_clk  {rise@0.000ns fall@5.000ns period=10.000ns})
  Destination:            gmem_m_axi_U/load_unit_0/fifo_rreq/U_fifo_srl/mem_reg[68][55]_srl32/CE
                            (rising edge-triggered cell SRLC32E clocked by ap_clk  {rise@0.000ns fall@5.000ns period=10.000ns})
  Path Group:             ap_clk
  Path Type:              Setup (Max at Slow Process Corner)
  Requirement:            10.000ns  (ap_clk rise@10.000ns - ap_clk rise@0.000ns)
  Data Path Delay:        3.543ns  (logic 0.335ns (9.455%)  route 3.208ns (90.545%))
  Logic Levels:           1  (LUT6=1)
  Clock Path Skew:        0.018ns (DCD - SCD + CPR)
    Destination Clock Delay (DCD):    0.059ns = ( 10.059 - 10.000 ) 
    Source Clock Delay      (SCD):    0.041ns
    Clock Pessimism Removal (CPR):    0.000ns
  Clock Uncertainty:      0.035ns  ((TSJ^2 + TIJ^2)^1/2 + DJ) / 2 + PE
    Total System Jitter     (TSJ):    0.071ns
    Total Input Jitter      (TIJ):    0.000ns
    Discrete Jitter          (DJ):    0.000ns
    Phase Error              (PE):    0.000ns

    Location             Delay type                Incr(ns)  Path(ns)    Netlist Resource(s)
  -------------------------------------------------------------------    -------------------
                         (clock ap_clk rise edge)     0.000     0.000 r  
                                                      0.000     0.000 r  ap_clk (IN)
                         net (fo=3485, unset)         0.041     0.041    gmem_m_axi_U/store_unit/buff_wdata/ap_clk
    SLICE_X50Y132        FDRE                                         r  gmem_m_axi_U/store_unit/buff_wdata/full_n_reg/C
  -------------------------------------------------------------------    -------------------
    SLICE_X50Y132        FDRE (Prop_DFF_SLICEL_C_Q)
                                                      0.114     0.155 r  gmem_m_axi_U/store_unit/buff_wdata/full_n_reg/Q
                         net (fo=7, routed)           0.783     0.938    gmem_m_axi_U/store_unit/fifo_wreq/mem_reg_0_0
    SLICE_X46Y139        LUT6 (Prop_C6LUT_SLICEL_I2_O)
                                                      0.221     1.159 r  gmem_m_axi_U/store_unit/fifo_wreq/mem_reg[68][0]_srl32_i_1__0/O
                         net (fo=196, routed)         2.425     3.584    gmem_m_axi_U/load_unit_0/fifo_rreq/U_fifo_srl/push_0
    SLICE_X38Y166        SRLC32E                                      r  gmem_m_axi_U/load_unit_0/fifo_rreq/U_fifo_srl/mem_reg[68][55]_srl32/CE
  -------------------------------------------------------------------    -------------------

                         (clock ap_clk rise edge)    10.000    10.000 r  
                                                      0.000    10.000 r  ap_clk (IN)
                         net (fo=3485, unset)         0.059    10.059    gmem_m_axi_U/load_unit_0/fifo_rreq/U_fifo_srl/ap_clk
    SLICE_X38Y166        SRLC32E                                      r  gmem_m_axi_U/load_unit_0/fifo_rreq/U_fifo_srl/mem_reg[68][55]_srl32/CLK
                         clock pessimism              0.000    10.059    
                         clock uncertainty           -0.035    10.024    
    SLICE_X38Y166        SRLC32E (Setup_B6LUT_SLICEM_CLK_CE)
                                                     -0.266     9.758    gmem_m_axi_U/load_unit_0/fifo_rreq/U_fifo_srl/mem_reg[68][55]_srl32
  -------------------------------------------------------------------
                         required time                          9.758    
                         arrival time                          -3.584    
  -------------------------------------------------------------------
                         slack                                  6.174    

Slack (MET) :             6.174ns  (required time - arrival time)
  Source:                 gmem_m_axi_U/store_unit/buff_wdata/full_n_reg/C
                            (rising edge-triggered cell FDRE clocked by ap_clk  {rise@0.000ns fall@5.000ns period=10.000ns})
  Destination:            gmem_m_axi_U/load_unit_0/fifo_rreq/U_fifo_srl/mem_reg[68][55]_srl32__0/CE
                            (rising edge-triggered cell SRLC32E clocked by ap_clk  {rise@0.000ns fall@5.000ns period=10.000ns})
  Path Group:             ap_clk
  Path Type:              Setup (Max at Slow Process Corner)
  Requirement:            10.000ns  (ap_clk rise@10.000ns - ap_clk rise@0.000ns)
  Data Path Delay:        3.543ns  (logic 0.335ns (9.455%)  route 3.208ns (90.545%))
  Logic Levels:           1  (LUT6=1)
  Clock Path Skew:        0.018ns (DCD - SCD + CPR)
    Destination Clock Delay (DCD):    0.059ns = ( 10.059 - 10.000 ) 
    Source Clock Delay      (SCD):    0.041ns
    Clock Pessimism Removal (CPR):    0.000ns
  Clock Uncertainty:      0.035ns  ((TSJ^2 + TIJ^2)^1/2 + DJ) / 2 + PE
    Total System Jitter     (TSJ):    0.071ns
    Total Input Jitter      (TIJ):    0.000ns
    Discrete Jitter          (DJ):    0.000ns
    Phase Error              (PE):    0.000ns

    Location             Delay type                Incr(ns)  Path(ns)    Netlist Resource(s)
  -------------------------------------------------------------------    -------------------
                         (clock ap_clk rise edge)     0.000     0.000 r  
                                                      0.000     0.000 r  ap_clk (IN)
                         net (fo=3485, unset)         0.041     0.041    gmem_m_axi_U/store_unit/buff_wdata/ap_clk
    SLICE_X50Y132        FDRE                                         r  gmem_m_axi_U/store_unit/buff_wdata/full_n_reg/C
  -------------------------------------------------------------------    -------------------
    SLICE_X50Y132        FDRE (Prop_DFF_SLICEL_C_Q)
                                                      0.114     0.155 r  gmem_m_axi_U/store_unit/buff_wdata/full_n_reg/Q
                         net (fo=7, routed)           0.783     0.938    gmem_m_axi_U/store_unit/fifo_wreq/mem_reg_0_0
    SLICE_X46Y139        LUT6 (Prop_C6LUT_SLICEL_I2_O)
                                                      0.221     1.159 r  gmem_m_axi_U/store_unit/fifo_wreq/mem_reg[68][0]_srl32_i_1__0/O
                         net (fo=196, routed)         2.425     3.584    gmem_m_axi_U/load_unit_0/fifo_rreq/U_fifo_srl/push_0
    SLICE_X38Y166        SRLC32E                                      r  gmem_m_axi_U/load_unit_0/fifo_rreq/U_fifo_srl/mem_reg[68][55]_srl32__0/CE
  -------------------------------------------------------------------    -------------------

                         (clock ap_clk rise edge)    10.000    10.000 r  
                                                      0.000    10.000 r  ap_clk (IN)
                         net (fo=3485, unset)         0.059    10.059    gmem_m_axi_U/load_unit_0/fifo_rreq/U_fifo_srl/ap_clk
    SLICE_X38Y166        SRLC32E                                      r  gmem_m_axi_U/load_unit_0/fifo_rreq/U_fifo_srl/mem_reg[68][55]_srl32__0/CLK
                         clock pessimism              0.000    10.059    
                         clock uncertainty           -0.035    10.024    
    SLICE_X38Y166        SRLC32E (Setup_A6LUT_SLICEM_CLK_CE)
                                                     -0.266     9.758    gmem_m_axi_U/load_unit_0/fifo_rreq/U_fifo_srl/mem_reg[68][55]_srl32__0
  -------------------------------------------------------------------
                         required time                          9.758    
                         arrival time                          -3.584    
  -------------------------------------------------------------------
                         slack                                  6.174    

Slack (MET) :             6.265ns  (required time - arrival time)
  Source:                 gmem_m_axi_U/store_unit/fifo_wreq/raddr_reg[2]/C
                            (rising edge-triggered cell FDRE clocked by ap_clk  {rise@0.000ns fall@5.000ns period=10.000ns})
  Destination:            gmem_m_axi_U/store_unit/fifo_wreq/U_fifo_srl/dout_reg[42]/D
                            (rising edge-triggered cell FDRE clocked by ap_clk  {rise@0.000ns fall@5.000ns period=10.000ns})
  Path Group:             ap_clk
  Path Type:              Setup (Max at Slow Process Corner)
  Requirement:            10.000ns  (ap_clk rise@10.000ns - ap_clk rise@0.000ns)
  Data Path Delay:        3.732ns  (logic 0.408ns (10.931%)  route 3.324ns (89.069%))
  Logic Levels:           3  (LUT4=1 MUXF7=1 SRLC32E=1)
  Clock Path Skew:        -0.010ns (DCD - SCD + CPR)
    Destination Clock Delay (DCD):    0.031ns = ( 10.031 - 10.000 ) 
    Source Clock Delay      (SCD):    0.041ns
    Clock Pessimism Removal (CPR):    0.000ns
  Clock Uncertainty:      0.035ns  ((TSJ^2 + TIJ^2)^1/2 + DJ) / 2 + PE
    Total System Jitter     (TSJ):    0.071ns
    Total Input Jitter      (TIJ):    0.000ns
    Discrete Jitter          (DJ):    0.000ns
    Phase Error              (PE):    0.000ns

    Location             Delay type                Incr(ns)  Path(ns)    Netlist Resource(s)
  -------------------------------------------------------------------    -------------------
                         (clock ap_clk rise edge)     0.000     0.000 r  
                                                      0.000     0.000 r  ap_clk (IN)
                         net (fo=3485, unset)         0.041     0.041    gmem_m_axi_U/store_unit/fifo_wreq/ap_clk
    SLICE_X48Y147        FDRE                                         r  gmem_m_axi_U/store_unit/fifo_wreq/raddr_reg[2]/C
  -------------------------------------------------------------------    -------------------
    SLICE_X48Y147        FDRE (Prop_BFF_SLICEL_C_Q)
                                                      0.113     0.154 r  gmem_m_axi_U/store_unit/fifo_wreq/raddr_reg[2]/Q
                         net (fo=187, routed)         2.965     3.119    gmem_m_axi_U/store_unit/fifo_wreq/U_fifo_srl/Q[2]
    SLICE_X53Y162        SRLC32E (Prop_B6LUT_SLICEM_A[2]_Q)
                                                      0.137     3.256 r  gmem_m_axi_U/store_unit/fifo_wreq/U_fifo_srl/mem_reg[68][42]_srl32/Q
                         net (fo=1, routed)           0.022     3.278    gmem_m_axi_U/store_unit/fifo_wreq/U_fifo_srl/mem_reg[68][42]_srl32_n_0
    SLICE_X53Y162        MUXF7 (Prop_F7MUX_AB_SLICEM_I0_O)
                                                      0.102     3.380 r  gmem_m_axi_U/store_unit/fifo_wreq/U_fifo_srl/mem_reg[68][42]_mux/O
                         net (fo=1, routed)           0.242     3.622    gmem_m_axi_U/store_unit/fifo_wreq/U_fifo_srl/mem_reg[68][42]_mux_n_0
    SLICE_X53Y162        LUT4 (Prop_F6LUT_SLICEM_I3_O)
                                                      0.056     3.678 r  gmem_m_axi_U/store_unit/fifo_wreq/U_fifo_srl/dout[42]_i_1/O
                         net (fo=1, routed)           0.095     3.773    gmem_m_axi_U/store_unit/fifo_wreq/U_fifo_srl/dout[42]_i_1_n_0
    SLICE_X53Y162        FDRE                                         r  gmem_m_axi_U/store_unit/fifo_wreq/U_fifo_srl/dout_reg[42]/D
  -------------------------------------------------------------------    -------------------

                         (clock ap_clk rise edge)    10.000    10.000 r  
                                                      0.000    10.000 r  ap_clk (IN)
                         net (fo=3485, unset)         0.031    10.031    gmem_m_axi_U/store_unit/fifo_wreq/U_fifo_srl/ap_clk
    SLICE_X53Y162        FDRE                                         r  gmem_m_axi_U/store_unit/fifo_wreq/U_fifo_srl/dout_reg[42]/C
                         clock pessimism              0.000    10.031    
                         clock uncertainty           -0.035     9.996    
    SLICE_X53Y162        FDRE (Setup_FFF_SLICEM_C_D)
                                                      0.043    10.039    gmem_m_axi_U/store_unit/fifo_wreq/U_fifo_srl/dout_reg[42]
  -------------------------------------------------------------------
                         required time                         10.039    
                         arrival time                          -3.773    
  -------------------------------------------------------------------
                         slack                                  6.265    

Slack (MET) :             6.275ns  (required time - arrival time)
  Source:                 gmem_m_axi_U/store_unit/buff_wdata/full_n_reg/C
                            (rising edge-triggered cell FDRE clocked by ap_clk  {rise@0.000ns fall@5.000ns period=10.000ns})
  Destination:            gmem_m_axi_U/load_unit_0/fifo_rreq/U_fifo_srl/mem_reg[68][24]_srl32/CE
                            (rising edge-triggered cell SRLC32E clocked by ap_clk  {rise@0.000ns fall@5.000ns period=10.000ns})
  Path Group:             ap_clk
  Path Type:              Setup (Max at Slow Process Corner)
  Requirement:            10.000ns  (ap_clk rise@10.000ns - ap_clk rise@0.000ns)
  Data Path Delay:        3.442ns  (logic 0.335ns (9.732%)  route 3.107ns (90.268%))
  Logic Levels:           1  (LUT6=1)
  Clock Path Skew:        0.018ns (DCD - SCD + CPR)
    Destination Clock Delay (DCD):    0.059ns = ( 10.059 - 10.000 ) 
    Source Clock Delay      (SCD):    0.041ns
    Clock Pessimism Removal (CPR):    0.000ns
  Clock Uncertainty:      0.035ns  ((TSJ^2 + TIJ^2)^1/2 + DJ) / 2 + PE
    Total System Jitter     (TSJ):    0.071ns
    Total Input Jitter      (TIJ):    0.000ns
    Discrete Jitter          (DJ):    0.000ns
    Phase Error              (PE):    0.000ns

    Location             Delay type                Incr(ns)  Path(ns)    Netlist Resource(s)
  -------------------------------------------------------------------    -------------------
                         (clock ap_clk rise edge)     0.000     0.000 r  
                                                      0.000     0.000 r  ap_clk (IN)
                         net (fo=3485, unset)         0.041     0.041    gmem_m_axi_U/store_unit/buff_wdata/ap_clk
    SLICE_X50Y132        FDRE                                         r  gmem_m_axi_U/store_unit/buff_wdata/full_n_reg/C
  -------------------------------------------------------------------    -------------------
    SLICE_X50Y132        FDRE (Prop_DFF_SLICEL_C_Q)
                                                      0.114     0.155 r  gmem_m_axi_U/store_unit/buff_wdata/full_n_reg/Q
                         net (fo=7, routed)           0.783     0.938    gmem_m_axi_U/store_unit/fifo_wreq/mem_reg_0_0
    SLICE_X46Y139        LUT6 (Prop_C6LUT_SLICEL_I2_O)
                                                      0.221     1.159 r  gmem_m_axi_U/store_unit/fifo_wreq/mem_reg[68][0]_srl32_i_1__0/O
                         net (fo=196, routed)         2.324     3.483    gmem_m_axi_U/load_unit_0/fifo_rreq/U_fifo_srl/push_0
    SLICE_X40Y166        SRLC32E                                      r  gmem_m_axi_U/load_unit_0/fifo_rreq/U_fifo_srl/mem_reg[68][24]_srl32/CE
  -------------------------------------------------------------------    -------------------

                         (clock ap_clk rise edge)    10.000    10.000 r  
                                                      0.000    10.000 r  ap_clk (IN)
                         net (fo=3485, unset)         0.059    10.059    gmem_m_axi_U/load_unit_0/fifo_rreq/U_fifo_srl/ap_clk
    SLICE_X40Y166        SRLC32E                                      r  gmem_m_axi_U/load_unit_0/fifo_rreq/U_fifo_srl/mem_reg[68][24]_srl32/CLK
                         clock pessimism              0.000    10.059    
                         clock uncertainty           -0.035    10.024    
    SLICE_X40Y166        SRLC32E (Setup_B6LUT_SLICEM_CLK_CE)
                                                     -0.266     9.758    gmem_m_axi_U/load_unit_0/fifo_rreq/U_fifo_srl/mem_reg[68][24]_srl32
  -------------------------------------------------------------------
                         required time                          9.758    
                         arrival time                          -3.483    
  -------------------------------------------------------------------
                         slack                                  6.275    

Slack (MET) :             6.275ns  (required time - arrival time)
  Source:                 gmem_m_axi_U/store_unit/buff_wdata/full_n_reg/C
                            (rising edge-triggered cell FDRE clocked by ap_clk  {rise@0.000ns fall@5.000ns period=10.000ns})
  Destination:            gmem_m_axi_U/load_unit_0/fifo_rreq/U_fifo_srl/mem_reg[68][24]_srl32__0/CE
                            (rising edge-triggered cell SRLC32E clocked by ap_clk  {rise@0.000ns fall@5.000ns period=10.000ns})
  Path Group:             ap_clk
  Path Type:              Setup (Max at Slow Process Corner)
  Requirement:            10.000ns  (ap_clk rise@10.000ns - ap_clk rise@0.000ns)
  Data Path Delay:        3.442ns  (logic 0.335ns (9.732%)  route 3.107ns (90.268%))
  Logic Levels:           1  (LUT6=1)
  Clock Path Skew:        0.018ns (DCD - SCD + CPR)
    Destination Clock Delay (DCD):    0.059ns = ( 10.059 - 10.000 ) 
    Source Clock Delay      (SCD):    0.041ns
    Clock Pessimism Removal (CPR):    0.000ns
  Clock Uncertainty:      0.035ns  ((TSJ^2 + TIJ^2)^1/2 + DJ) / 2 + PE
    Total System Jitter     (TSJ):    0.071ns
    Total Input Jitter      (TIJ):    0.000ns
    Discrete Jitter          (DJ):    0.000ns
    Phase Error              (PE):    0.000ns

    Location             Delay type                Incr(ns)  Path(ns)    Netlist Resource(s)
  -------------------------------------------------------------------    -------------------
                         (clock ap_clk rise edge)     0.000     0.000 r  
                                                      0.000     0.000 r  ap_clk (IN)
                         net (fo=3485, unset)         0.041     0.041    gmem_m_axi_U/store_unit/buff_wdata/ap_clk
    SLICE_X50Y132        FDRE                                         r  gmem_m_axi_U/store_unit/buff_wdata/full_n_reg/C
  -------------------------------------------------------------------    -------------------
    SLICE_X50Y132        FDRE (Prop_DFF_SLICEL_C_Q)
                                                      0.114     0.155 r  gmem_m_axi_U/store_unit/buff_wdata/full_n_reg/Q
                         net (fo=7, routed)           0.783     0.938    gmem_m_axi_U/store_unit/fifo_wreq/mem_reg_0_0
    SLICE_X46Y139        LUT6 (Prop_C6LUT_SLICEL_I2_O)
                                                      0.221     1.159 r  gmem_m_axi_U/store_unit/fifo_wreq/mem_reg[68][0]_srl32_i_1__0/O
                         net (fo=196, routed)         2.324     3.483    gmem_m_axi_U/load_unit_0/fifo_rreq/U_fifo_srl/push_0
    SLICE_X40Y166        SRLC32E                                      r  gmem_m_axi_U/load_unit_0/fifo_rreq/U_fifo_srl/mem_reg[68][24]_srl32__0/CE
  -------------------------------------------------------------------    -------------------

                         (clock ap_clk rise edge)    10.000    10.000 r  
                                                      0.000    10.000 r  ap_clk (IN)
                         net (fo=3485, unset)         0.059    10.059    gmem_m_axi_U/load_unit_0/fifo_rreq/U_fifo_srl/ap_clk
    SLICE_X40Y166        SRLC32E                                      r  gmem_m_axi_U/load_unit_0/fifo_rreq/U_fifo_srl/mem_reg[68][24]_srl32__0/CLK
                         clock pessimism              0.000    10.059    
                         clock uncertainty           -0.035    10.024    
    SLICE_X40Y166        SRLC32E (Setup_A6LUT_SLICEM_CLK_CE)
                                                     -0.266     9.758    gmem_m_axi_U/load_unit_0/fifo_rreq/U_fifo_srl/mem_reg[68][24]_srl32__0
  -------------------------------------------------------------------
                         required time                          9.758    
                         arrival time                          -3.483    
  -------------------------------------------------------------------
                         slack                                  6.275    

Slack (MET) :             6.276ns  (required time - arrival time)
  Source:                 gmem_m_axi_U/store_unit/fifo_wreq/raddr_reg[2]/C
                            (rising edge-triggered cell FDRE clocked by ap_clk  {rise@0.000ns fall@5.000ns period=10.000ns})
  Destination:            gmem_m_axi_U/store_unit/fifo_wreq/U_fifo_srl/dout_reg[52]/D
                            (rising edge-triggered cell FDRE clocked by ap_clk  {rise@0.000ns fall@5.000ns period=10.000ns})
  Path Group:             ap_clk
  Path Type:              Setup (Max at Slow Process Corner)
  Requirement:            10.000ns  (ap_clk rise@10.000ns - ap_clk rise@0.000ns)
  Data Path Delay:        3.721ns  (logic 0.432ns (11.611%)  route 3.289ns (88.389%))
  Logic Levels:           3  (LUT4=1 MUXF7=1 SRLC32E=1)
  Clock Path Skew:        -0.011ns (DCD - SCD + CPR)
    Destination Clock Delay (DCD):    0.030ns = ( 10.030 - 10.000 ) 
    Source Clock Delay      (SCD):    0.041ns
    Clock Pessimism Removal (CPR):    0.000ns
  Clock Uncertainty:      0.035ns  ((TSJ^2 + TIJ^2)^1/2 + DJ) / 2 + PE
    Total System Jitter     (TSJ):    0.071ns
    Total Input Jitter      (TIJ):    0.000ns
    Discrete Jitter          (DJ):    0.000ns
    Phase Error              (PE):    0.000ns

    Location             Delay type                Incr(ns)  Path(ns)    Netlist Resource(s)
  -------------------------------------------------------------------    -------------------
                         (clock ap_clk rise edge)     0.000     0.000 r  
                                                      0.000     0.000 r  ap_clk (IN)
                         net (fo=3485, unset)         0.041     0.041    gmem_m_axi_U/store_unit/fifo_wreq/ap_clk
    SLICE_X48Y147        FDRE                                         r  gmem_m_axi_U/store_unit/fifo_wreq/raddr_reg[2]/C
  -------------------------------------------------------------------    -------------------
    SLICE_X48Y147        FDRE (Prop_BFF_SLICEL_C_Q)
                                                      0.113     0.154 r  gmem_m_axi_U/store_unit/fifo_wreq/raddr_reg[2]/Q
                         net (fo=187, routed)         2.905     3.059    gmem_m_axi_U/store_unit/fifo_wreq/U_fifo_srl/Q[2]
    SLICE_X53Y163        SRLC32E (Prop_B6LUT_SLICEM_A[2]_Q)
                                                      0.137     3.196 r  gmem_m_axi_U/store_unit/fifo_wreq/U_fifo_srl/mem_reg[68][52]_srl32/Q
                         net (fo=1, routed)           0.022     3.218    gmem_m_axi_U/store_unit/fifo_wreq/U_fifo_srl/mem_reg[68][52]_srl32_n_0
    SLICE_X53Y163        MUXF7 (Prop_F7MUX_AB_SLICEM_I0_O)
                                                      0.102     3.320 r  gmem_m_axi_U/store_unit/fifo_wreq/U_fifo_srl/mem_reg[68][52]_mux/O
                         net (fo=1, routed)           0.267     3.587    gmem_m_axi_U/store_unit/fifo_wreq/U_fifo_srl/mem_reg[68][52]_mux_n_0
    SLICE_X53Y163        LUT4 (Prop_C6LUT_SLICEM_I3_O)
                                                      0.080     3.667 r  gmem_m_axi_U/store_unit/fifo_wreq/U_fifo_srl/dout[52]_i_1/O
                         net (fo=1, routed)           0.095     3.762    gmem_m_axi_U/store_unit/fifo_wreq/U_fifo_srl/dout[52]_i_1_n_0
    SLICE_X53Y163        FDRE                                         r  gmem_m_axi_U/store_unit/fifo_wreq/U_fifo_srl/dout_reg[52]/D
  -------------------------------------------------------------------    -------------------

                         (clock ap_clk rise edge)    10.000    10.000 r  
                                                      0.000    10.000 r  ap_clk (IN)
                         net (fo=3485, unset)         0.030    10.030    gmem_m_axi_U/store_unit/fifo_wreq/U_fifo_srl/ap_clk
    SLICE_X53Y163        FDRE                                         r  gmem_m_axi_U/store_unit/fifo_wreq/U_fifo_srl/dout_reg[52]/C
                         clock pessimism              0.000    10.030    
                         clock uncertainty           -0.035     9.995    
    SLICE_X53Y163        FDRE (Setup_CFF_SLICEM_C_D)
                                                      0.043    10.038    gmem_m_axi_U/store_unit/fifo_wreq/U_fifo_srl/dout_reg[52]
  -------------------------------------------------------------------
                         required time                         10.038    
                         arrival time                          -3.762    
  -------------------------------------------------------------------
                         slack                                  6.276    

Slack (MET) :             6.285ns  (required time - arrival time)
  Source:                 ap_rst_n_inv_reg/C
                            (rising edge-triggered cell FDRE clocked by ap_clk  {rise@0.000ns fall@5.000ns period=10.000ns})
  Destination:            gmem_m_axi_U/bus_write/wreq_throttle/data_fifo/U_fifo_srl/dout_reg[123]/R
                            (rising edge-triggered cell FDRE clocked by ap_clk  {rise@0.000ns fall@5.000ns period=10.000ns})
  Path Group:             ap_clk
  Path Type:              Setup (Max at Slow Process Corner)
  Requirement:            10.000ns  (ap_clk rise@10.000ns - ap_clk rise@0.000ns)
  Data Path Delay:        3.550ns  (logic 0.157ns (4.423%)  route 3.393ns (95.577%))
  Logic Levels:           1  (BUFGCE=1)
  Clock Path Skew:        -0.012ns (DCD - SCD + CPR)
    Destination Clock Delay (DCD):    0.030ns = ( 10.030 - 10.000 ) 
    Source Clock Delay      (SCD):    0.042ns
    Clock Pessimism Removal (CPR):    0.000ns
  Clock Uncertainty:      0.035ns  ((TSJ^2 + TIJ^2)^1/2 + DJ) / 2 + PE
    Total System Jitter     (TSJ):    0.071ns
    Total Input Jitter      (TIJ):    0.000ns
    Discrete Jitter          (DJ):    0.000ns
    Phase Error              (PE):    0.000ns

    Location             Delay type                Incr(ns)  Path(ns)    Netlist Resource(s)
  -------------------------------------------------------------------    -------------------
                         (clock ap_clk rise edge)     0.000     0.000 r  
                                                      0.000     0.000 r  ap_clk (IN)
                         net (fo=3485, unset)         0.042     0.042    ap_clk
    SLICE_X48Y167        FDRE                                         r  ap_rst_n_inv_reg/C
  -------------------------------------------------------------------    -------------------
    SLICE_X48Y167        FDRE (Prop_HFF_SLICEL_C_Q)
                                                      0.113     0.155 r  ap_rst_n_inv_reg/Q
                         net (fo=1, routed)           1.501     1.656    ap_rst_n_inv_bufg_place
    BUFGCE_X0Y74         BUFGCE (Prop_BUFCE_BUFGCE_I_O)
                                                      0.044     1.700 r  ap_rst_n_inv_reg_bufg_place/O
                         net (fo=1559, routed)        1.892     3.592    gmem_m_axi_U/bus_write/wreq_throttle/data_fifo/U_fifo_srl/ap_rst_n_inv
    SLICE_X54Y113        FDRE                                         r  gmem_m_axi_U/bus_write/wreq_throttle/data_fifo/U_fifo_srl/dout_reg[123]/R
  -------------------------------------------------------------------    -------------------

                         (clock ap_clk rise edge)    10.000    10.000 r  
                                                      0.000    10.000 r  ap_clk (IN)
                         net (fo=3485, unset)         0.030    10.030    gmem_m_axi_U/bus_write/wreq_throttle/data_fifo/U_fifo_srl/ap_clk
    SLICE_X54Y113        FDRE                                         r  gmem_m_axi_U/bus_write/wreq_throttle/data_fifo/U_fifo_srl/dout_reg[123]/C
                         clock pessimism              0.000    10.030    
                         clock uncertainty           -0.035     9.995    
    SLICE_X54Y113        FDRE (Setup_AFF_SLICEM_C_R)
                                                     -0.118     9.877    gmem_m_axi_U/bus_write/wreq_throttle/data_fifo/U_fifo_srl/dout_reg[123]
  -------------------------------------------------------------------
                         required time                          9.877    
                         arrival time                          -3.592    
  -------------------------------------------------------------------
                         slack                                  6.285    

Slack (MET) :             6.285ns  (required time - arrival time)
  Source:                 ap_rst_n_inv_reg/C
                            (rising edge-triggered cell FDRE clocked by ap_clk  {rise@0.000ns fall@5.000ns period=10.000ns})
  Destination:            gmem_m_axi_U/bus_write/wreq_throttle/data_fifo/U_fifo_srl/dout_reg[125]/R
                            (rising edge-triggered cell FDRE clocked by ap_clk  {rise@0.000ns fall@5.000ns period=10.000ns})
  Path Group:             ap_clk
  Path Type:              Setup (Max at Slow Process Corner)
  Requirement:            10.000ns  (ap_clk rise@10.000ns - ap_clk rise@0.000ns)
  Data Path Delay:        3.550ns  (logic 0.157ns (4.423%)  route 3.393ns (95.577%))
  Logic Levels:           1  (BUFGCE=1)
  Clock Path Skew:        -0.012ns (DCD - SCD + CPR)
    Destination Clock Delay (DCD):    0.030ns = ( 10.030 - 10.000 ) 
    Source Clock Delay      (SCD):    0.042ns
    Clock Pessimism Removal (CPR):    0.000ns
  Clock Uncertainty:      0.035ns  ((TSJ^2 + TIJ^2)^1/2 + DJ) / 2 + PE
    Total System Jitter     (TSJ):    0.071ns
    Total Input Jitter      (TIJ):    0.000ns
    Discrete Jitter          (DJ):    0.000ns
    Phase Error              (PE):    0.000ns

    Location             Delay type                Incr(ns)  Path(ns)    Netlist Resource(s)
  -------------------------------------------------------------------    -------------------
                         (clock ap_clk rise edge)     0.000     0.000 r  
                                                      0.000     0.000 r  ap_clk (IN)
                         net (fo=3485, unset)         0.042     0.042    ap_clk
    SLICE_X48Y167        FDRE                                         r  ap_rst_n_inv_reg/C
  -------------------------------------------------------------------    -------------------
    SLICE_X48Y167        FDRE (Prop_HFF_SLICEL_C_Q)
                                                      0.113     0.155 r  ap_rst_n_inv_reg/Q
                         net (fo=1, routed)           1.501     1.656    ap_rst_n_inv_bufg_place
    BUFGCE_X0Y74         BUFGCE (Prop_BUFCE_BUFGCE_I_O)
                                                      0.044     1.700 r  ap_rst_n_inv_reg_bufg_place/O
                         net (fo=1559, routed)        1.892     3.592    gmem_m_axi_U/bus_write/wreq_throttle/data_fifo/U_fifo_srl/ap_rst_n_inv
    SLICE_X54Y113        FDRE                                         r  gmem_m_axi_U/bus_write/wreq_throttle/data_fifo/U_fifo_srl/dout_reg[125]/R
  -------------------------------------------------------------------    -------------------

                         (clock ap_clk rise edge)    10.000    10.000 r  
                                                      0.000    10.000 r  ap_clk (IN)
                         net (fo=3485, unset)         0.030    10.030    gmem_m_axi_U/bus_write/wreq_throttle/data_fifo/U_fifo_srl/ap_clk
    SLICE_X54Y113        FDRE                                         r  gmem_m_axi_U/bus_write/wreq_throttle/data_fifo/U_fifo_srl/dout_reg[125]/C
                         clock pessimism              0.000    10.030    
                         clock uncertainty           -0.035     9.995    
    SLICE_X54Y113        FDRE (Setup_AFF2_SLICEM_C_R)
                                                     -0.118     9.877    gmem_m_axi_U/bus_write/wreq_throttle/data_fifo/U_fifo_srl/dout_reg[125]
  -------------------------------------------------------------------
                         required time                          9.877    
                         arrival time                          -3.592    
  -------------------------------------------------------------------
                         slack                                  6.285    

Slack (MET) :             6.285ns  (required time - arrival time)
  Source:                 ap_rst_n_inv_reg/C
                            (rising edge-triggered cell FDRE clocked by ap_clk  {rise@0.000ns fall@5.000ns period=10.000ns})
  Destination:            gmem_m_axi_U/bus_write/wreq_throttle/data_fifo/U_fifo_srl/dout_reg[127]/R
                            (rising edge-triggered cell FDRE clocked by ap_clk  {rise@0.000ns fall@5.000ns period=10.000ns})
  Path Group:             ap_clk
  Path Type:              Setup (Max at Slow Process Corner)
  Requirement:            10.000ns  (ap_clk rise@10.000ns - ap_clk rise@0.000ns)
  Data Path Delay:        3.550ns  (logic 0.157ns (4.423%)  route 3.393ns (95.577%))
  Logic Levels:           1  (BUFGCE=1)
  Clock Path Skew:        -0.012ns (DCD - SCD + CPR)
    Destination Clock Delay (DCD):    0.030ns = ( 10.030 - 10.000 ) 
    Source Clock Delay      (SCD):    0.042ns
    Clock Pessimism Removal (CPR):    0.000ns
  Clock Uncertainty:      0.035ns  ((TSJ^2 + TIJ^2)^1/2 + DJ) / 2 + PE
    Total System Jitter     (TSJ):    0.071ns
    Total Input Jitter      (TIJ):    0.000ns
    Discrete Jitter          (DJ):    0.000ns
    Phase Error              (PE):    0.000ns

    Location             Delay type                Incr(ns)  Path(ns)    Netlist Resource(s)
  -------------------------------------------------------------------    -------------------
                         (clock ap_clk rise edge)     0.000     0.000 r  
                                                      0.000     0.000 r  ap_clk (IN)
                         net (fo=3485, unset)         0.042     0.042    ap_clk
    SLICE_X48Y167        FDRE                                         r  ap_rst_n_inv_reg/C
  -------------------------------------------------------------------    -------------------
    SLICE_X48Y167        FDRE (Prop_HFF_SLICEL_C_Q)
                                                      0.113     0.155 r  ap_rst_n_inv_reg/Q
                         net (fo=1, routed)           1.501     1.656    ap_rst_n_inv_bufg_place
    BUFGCE_X0Y74         BUFGCE (Prop_BUFCE_BUFGCE_I_O)
                                                      0.044     1.700 r  ap_rst_n_inv_reg_bufg_place/O
                         net (fo=1559, routed)        1.892     3.592    gmem_m_axi_U/bus_write/wreq_throttle/data_fifo/U_fifo_srl/ap_rst_n_inv
    SLICE_X54Y113        FDRE                                         r  gmem_m_axi_U/bus_write/wreq_throttle/data_fifo/U_fifo_srl/dout_reg[127]/R
  -------------------------------------------------------------------    -------------------

                         (clock ap_clk rise edge)    10.000    10.000 r  
                                                      0.000    10.000 r  ap_clk (IN)
                         net (fo=3485, unset)         0.030    10.030    gmem_m_axi_U/bus_write/wreq_throttle/data_fifo/U_fifo_srl/ap_clk
    SLICE_X54Y113        FDRE                                         r  gmem_m_axi_U/bus_write/wreq_throttle/data_fifo/U_fifo_srl/dout_reg[127]/C
                         clock pessimism              0.000    10.030    
                         clock uncertainty           -0.035     9.995    
    SLICE_X54Y113        FDRE (Setup_BFF_SLICEM_C_R)
                                                     -0.118     9.877    gmem_m_axi_U/bus_write/wreq_throttle/data_fifo/U_fifo_srl/dout_reg[127]
  -------------------------------------------------------------------
                         required time                          9.877    
                         arrival time                          -3.592    
  -------------------------------------------------------------------
                         slack                                  6.285    

Slack (MET) :             6.286ns  (required time - arrival time)
  Source:                 ap_rst_n_inv_reg/C
                            (rising edge-triggered cell FDRE clocked by ap_clk  {rise@0.000ns fall@5.000ns period=10.000ns})
  Destination:            gmem_m_axi_U/bus_write/wreq_throttle/data_fifo/U_fifo_srl/dout_reg[100]/R
                            (rising edge-triggered cell FDRE clocked by ap_clk  {rise@0.000ns fall@5.000ns period=10.000ns})
  Path Group:             ap_clk
  Path Type:              Setup (Max at Slow Process Corner)
  Requirement:            10.000ns  (ap_clk rise@10.000ns - ap_clk rise@0.000ns)
  Data Path Delay:        3.549ns  (logic 0.157ns (4.424%)  route 3.392ns (95.576%))
  Logic Levels:           1  (BUFGCE=1)
  Clock Path Skew:        -0.012ns (DCD - SCD + CPR)
    Destination Clock Delay (DCD):    0.030ns = ( 10.030 - 10.000 ) 
    Source Clock Delay      (SCD):    0.042ns
    Clock Pessimism Removal (CPR):    0.000ns
  Clock Uncertainty:      0.035ns  ((TSJ^2 + TIJ^2)^1/2 + DJ) / 2 + PE
    Total System Jitter     (TSJ):    0.071ns
    Total Input Jitter      (TIJ):    0.000ns
    Discrete Jitter          (DJ):    0.000ns
    Phase Error              (PE):    0.000ns

    Location             Delay type                Incr(ns)  Path(ns)    Netlist Resource(s)
  -------------------------------------------------------------------    -------------------
                         (clock ap_clk rise edge)     0.000     0.000 r  
                                                      0.000     0.000 r  ap_clk (IN)
                         net (fo=3485, unset)         0.042     0.042    ap_clk
    SLICE_X48Y167        FDRE                                         r  ap_rst_n_inv_reg/C
  -------------------------------------------------------------------    -------------------
    SLICE_X48Y167        FDRE (Prop_HFF_SLICEL_C_Q)
                                                      0.113     0.155 r  ap_rst_n_inv_reg/Q
                         net (fo=1, routed)           1.501     1.656    ap_rst_n_inv_bufg_place
    BUFGCE_X0Y74         BUFGCE (Prop_BUFCE_BUFGCE_I_O)
                                                      0.044     1.700 r  ap_rst_n_inv_reg_bufg_place/O
                         net (fo=1559, routed)        1.891     3.591    gmem_m_axi_U/bus_write/wreq_throttle/data_fifo/U_fifo_srl/ap_rst_n_inv
    SLICE_X53Y116        FDRE                                         r  gmem_m_axi_U/bus_write/wreq_throttle/data_fifo/U_fifo_srl/dout_reg[100]/R
  -------------------------------------------------------------------    -------------------

                         (clock ap_clk rise edge)    10.000    10.000 r  
                                                      0.000    10.000 r  ap_clk (IN)
                         net (fo=3485, unset)         0.030    10.030    gmem_m_axi_U/bus_write/wreq_throttle/data_fifo/U_fifo_srl/ap_clk
    SLICE_X53Y116        FDRE                                         r  gmem_m_axi_U/bus_write/wreq_throttle/data_fifo/U_fifo_srl/dout_reg[100]/C
                         clock pessimism              0.000    10.030    
                         clock uncertainty           -0.035     9.995    
    SLICE_X53Y116        FDRE (Setup_AFF_SLICEM_C_R)
                                                     -0.118     9.877    gmem_m_axi_U/bus_write/wreq_throttle/data_fifo/U_fifo_srl/dout_reg[100]
  -------------------------------------------------------------------
                         required time                          9.877    
                         arrival time                          -3.591    
  -------------------------------------------------------------------
                         slack                                  6.286    





Pulse Width Checks
--------------------------------------------------------------------------------------
Clock Name:         ap_clk
Waveform(ns):       { 0.000 5.000 }
Period(ns):         10.000
Sources:            { ap_clk }

Check Type        Corner  Lib Pin             Reference Pin  Required(ns)  Actual(ns)  Slack(ns)  Location       Pin
Min Period        n/a     RAMB36E2/CLKARDCLK  n/a            1.960         10.000      8.040      RAMB36_X1Y24   gmem_m_axi_U/load_unit_0/buff_rdata/U_fifo_mem/mem_reg_0/CLKARDCLK
Min Period        n/a     RAMB36E2/CLKBWRCLK  n/a            1.960         10.000      8.040      RAMB36_X1Y24   gmem_m_axi_U/load_unit_0/buff_rdata/U_fifo_mem/mem_reg_0/CLKBWRCLK
Min Period        n/a     RAMB36E2/CLKARDCLK  n/a            1.960         10.000      8.040      RAMB36_X1Y23   gmem_m_axi_U/load_unit_0/buff_rdata/U_fifo_mem/mem_reg_1/CLKARDCLK
Min Period        n/a     RAMB36E2/CLKBWRCLK  n/a            1.960         10.000      8.040      RAMB36_X1Y23   gmem_m_axi_U/load_unit_0/buff_rdata/U_fifo_mem/mem_reg_1/CLKBWRCLK
Min Period        n/a     RAMB36E2/CLKARDCLK  n/a            1.960         10.000      8.040      RAMB36_X2Y21   gmem_m_axi_U/store_unit/buff_wdata/U_fifo_mem/mem_reg_0/CLKARDCLK
Min Period        n/a     RAMB36E2/CLKBWRCLK  n/a            1.960         10.000      8.040      RAMB36_X2Y21   gmem_m_axi_U/store_unit/buff_wdata/U_fifo_mem/mem_reg_0/CLKBWRCLK
Min Period        n/a     RAMB36E2/CLKARDCLK  n/a            1.960         10.000      8.040      RAMB36_X2Y22   gmem_m_axi_U/store_unit/buff_wdata/U_fifo_mem/mem_reg_1/CLKARDCLK
Min Period        n/a     RAMB36E2/CLKBWRCLK  n/a            1.960         10.000      8.040      RAMB36_X2Y22   gmem_m_axi_U/store_unit/buff_wdata/U_fifo_mem/mem_reg_1/CLKBWRCLK
Min Period        n/a     SRLC32E/CLK         n/a            1.524         10.000      8.476      SLICE_X41Y144  trunc_ln2_reg_570_pp0_iter31_reg_reg[0]_srl32/CLK
Min Period        n/a     SRLC32E/CLK         n/a            1.524         10.000      8.476      SLICE_X41Y158  trunc_ln2_reg_570_pp0_iter31_reg_reg[10]_srl32/CLK
Min Period        n/a     SRLC32E/CLK         n/a            1.524         10.000      8.476      SLICE_X43Y156  trunc_ln2_reg_570_pp0_iter31_reg_reg[11]_srl32/CLK
Min Period        n/a     SRLC32E/CLK         n/a            1.524         10.000      8.476      SLICE_X41Y155  trunc_ln2_reg_570_pp0_iter31_reg_reg[12]_srl32/CLK
Min Period        n/a     SRLC32E/CLK         n/a            1.524         10.000      8.476      SLICE_X41Y158  trunc_ln2_reg_570_pp0_iter31_reg_reg[13]_srl32/CLK
Min Period        n/a     SRLC32E/CLK         n/a            1.524         10.000      8.476      SLICE_X41Y155  trunc_ln2_reg_570_pp0_iter31_reg_reg[14]_srl32/CLK
Min Period        n/a     SRLC32E/CLK         n/a            1.524         10.000      8.476      SLICE_X41Y157  trunc_ln2_reg_570_pp0_iter31_reg_reg[15]_srl32/CLK
Min Period        n/a     SRLC32E/CLK         n/a            1.524         10.000      8.476      SLICE_X41Y160  trunc_ln2_reg_570_pp0_iter31_reg_reg[16]_srl32/CLK
Min Period        n/a     SRLC32E/CLK         n/a            1.524         10.000      8.476      SLICE_X41Y159  trunc_ln2_reg_570_pp0_iter31_reg_reg[17]_srl32/CLK
Min Period        n/a     SRLC32E/CLK         n/a            1.524         10.000      8.476      SLICE_X43Y163  trunc_ln2_reg_570_pp0_iter31_reg_reg[18]_srl32/CLK
Min Period        n/a     SRLC32E/CLK         n/a            1.524         10.000      8.476      SLICE_X43Y164  trunc_ln2_reg_570_pp0_iter31_reg_reg[19]_srl32/CLK
Min Period        n/a     SRLC32E/CLK         n/a            1.524         10.000      8.476      SLICE_X41Y150  trunc_ln2_reg_570_pp0_iter31_reg_reg[1]_srl32/CLK
Low Pulse Width   Slow    SRLC32E/CLK         n/a            0.762         5.000       4.238      SLICE_X41Y144  trunc_ln2_reg_570_pp0_iter31_reg_reg[0]_srl32/CLK
Low Pulse Width   Fast    SRLC32E/CLK         n/a            0.762         5.000       4.238      SLICE_X41Y144  trunc_ln2_reg_570_pp0_iter31_reg_reg[0]_srl32/CLK
Low Pulse Width   Slow    SRLC32E/CLK         n/a            0.762         5.000       4.238      SLICE_X41Y158  trunc_ln2_reg_570_pp0_iter31_reg_reg[10]_srl32/CLK
Low Pulse Width   Fast    SRLC32E/CLK         n/a            0.762         5.000       4.238      SLICE_X41Y158  trunc_ln2_reg_570_pp0_iter31_reg_reg[10]_srl32/CLK
Low Pulse Width   Slow    SRLC32E/CLK         n/a            0.762         5.000       4.238      SLICE_X43Y156  trunc_ln2_reg_570_pp0_iter31_reg_reg[11]_srl32/CLK
Low Pulse Width   Fast    SRLC32E/CLK         n/a            0.762         5.000       4.238      SLICE_X43Y156  trunc_ln2_reg_570_pp0_iter31_reg_reg[11]_srl32/CLK
Low Pulse Width   Slow    SRLC32E/CLK         n/a            0.762         5.000       4.238      SLICE_X41Y155  trunc_ln2_reg_570_pp0_iter31_reg_reg[12]_srl32/CLK
Low Pulse Width   Fast    SRLC32E/CLK         n/a            0.762         5.000       4.238      SLICE_X41Y155  trunc_ln2_reg_570_pp0_iter31_reg_reg[12]_srl32/CLK
Low Pulse Width   Slow    SRLC32E/CLK         n/a            0.762         5.000       4.238      SLICE_X41Y158  trunc_ln2_reg_570_pp0_iter31_reg_reg[13]_srl32/CLK
Low Pulse Width   Fast    SRLC32E/CLK         n/a            0.762         5.000       4.238      SLICE_X41Y158  trunc_ln2_reg_570_pp0_iter31_reg_reg[13]_srl32/CLK
Low Pulse Width   Slow    SRLC32E/CLK         n/a            0.762         5.000       4.238      SLICE_X41Y155  trunc_ln2_reg_570_pp0_iter31_reg_reg[14]_srl32/CLK
Low Pulse Width   Fast    SRLC32E/CLK         n/a            0.762         5.000       4.238      SLICE_X41Y155  trunc_ln2_reg_570_pp0_iter31_reg_reg[14]_srl32/CLK
Low Pulse Width   Slow    SRLC32E/CLK         n/a            0.762         5.000       4.238      SLICE_X41Y157  trunc_ln2_reg_570_pp0_iter31_reg_reg[15]_srl32/CLK
Low Pulse Width   Fast    SRLC32E/CLK         n/a            0.762         5.000       4.238      SLICE_X41Y157  trunc_ln2_reg_570_pp0_iter31_reg_reg[15]_srl32/CLK
Low Pulse Width   Slow    SRLC32E/CLK         n/a            0.762         5.000       4.238      SLICE_X41Y160  trunc_ln2_reg_570_pp0_iter31_reg_reg[16]_srl32/CLK
Low Pulse Width   Fast    SRLC32E/CLK         n/a            0.762         5.000       4.238      SLICE_X41Y160  trunc_ln2_reg_570_pp0_iter31_reg_reg[16]_srl32/CLK
Low Pulse Width   Slow    SRLC32E/CLK         n/a            0.762         5.000       4.238      SLICE_X41Y159  trunc_ln2_reg_570_pp0_iter31_reg_reg[17]_srl32/CLK
Low Pulse Width   Fast    SRLC32E/CLK         n/a            0.762         5.000       4.238      SLICE_X41Y159  trunc_ln2_reg_570_pp0_iter31_reg_reg[17]_srl32/CLK
Low Pulse Width   Slow    SRLC32E/CLK         n/a            0.762         5.000       4.238      SLICE_X43Y163  trunc_ln2_reg_570_pp0_iter31_reg_reg[18]_srl32/CLK
Low Pulse Width   Fast    SRLC32E/CLK         n/a            0.762         5.000       4.238      SLICE_X43Y163  trunc_ln2_reg_570_pp0_iter31_reg_reg[18]_srl32/CLK
High Pulse Width  Slow    SRLC32E/CLK         n/a            0.762         5.000       4.238      SLICE_X41Y144  trunc_ln2_reg_570_pp0_iter31_reg_reg[0]_srl32/CLK
High Pulse Width  Fast    SRLC32E/CLK         n/a            0.762         5.000       4.238      SLICE_X41Y144  trunc_ln2_reg_570_pp0_iter31_reg_reg[0]_srl32/CLK
High Pulse Width  Slow    SRLC32E/CLK         n/a            0.762         5.000       4.238      SLICE_X41Y158  trunc_ln2_reg_570_pp0_iter31_reg_reg[10]_srl32/CLK
High Pulse Width  Fast    SRLC32E/CLK         n/a            0.762         5.000       4.238      SLICE_X41Y158  trunc_ln2_reg_570_pp0_iter31_reg_reg[10]_srl32/CLK
High Pulse Width  Slow    SRLC32E/CLK         n/a            0.762         5.000       4.238      SLICE_X43Y156  trunc_ln2_reg_570_pp0_iter31_reg_reg[11]_srl32/CLK
High Pulse Width  Fast    SRLC32E/CLK         n/a            0.762         5.000       4.238      SLICE_X43Y156  trunc_ln2_reg_570_pp0_iter31_reg_reg[11]_srl32/CLK
High Pulse Width  Slow    SRLC32E/CLK         n/a            0.762         5.000       4.238      SLICE_X41Y155  trunc_ln2_reg_570_pp0_iter31_reg_reg[12]_srl32/CLK
High Pulse Width  Fast    SRLC32E/CLK         n/a            0.762         5.000       4.238      SLICE_X41Y155  trunc_ln2_reg_570_pp0_iter31_reg_reg[12]_srl32/CLK
High Pulse Width  Slow    SRLC32E/CLK         n/a            0.762         5.000       4.238      SLICE_X41Y158  trunc_ln2_reg_570_pp0_iter31_reg_reg[13]_srl32/CLK
High Pulse Width  Fast    SRLC32E/CLK         n/a            0.762         5.000       4.238      SLICE_X41Y158  trunc_ln2_reg_570_pp0_iter31_reg_reg[13]_srl32/CLK
High Pulse Width  Slow    SRLC32E/CLK         n/a            0.762         5.000       4.238      SLICE_X41Y155  trunc_ln2_reg_570_pp0_iter31_reg_reg[14]_srl32/CLK
High Pulse Width  Fast    SRLC32E/CLK         n/a            0.762         5.000       4.238      SLICE_X41Y155  trunc_ln2_reg_570_pp0_iter31_reg_reg[14]_srl32/CLK
High Pulse Width  Slow    SRLC32E/CLK         n/a            0.762         5.000       4.238      SLICE_X41Y157  trunc_ln2_reg_570_pp0_iter31_reg_reg[15]_srl32/CLK
High Pulse Width  Fast    SRLC32E/CLK         n/a            0.762         5.000       4.238      SLICE_X41Y157  trunc_ln2_reg_570_pp0_iter31_reg_reg[15]_srl32/CLK
High Pulse Width  Slow    SRLC32E/CLK         n/a            0.762         5.000       4.238      SLICE_X41Y160  trunc_ln2_reg_570_pp0_iter31_reg_reg[16]_srl32/CLK
High Pulse Width  Fast    SRLC32E/CLK         n/a            0.762         5.000       4.238      SLICE_X41Y160  trunc_ln2_reg_570_pp0_iter31_reg_reg[16]_srl32/CLK
High Pulse Width  Slow    SRLC32E/CLK         n/a            0.762         5.000       4.238      SLICE_X41Y159  trunc_ln2_reg_570_pp0_iter31_reg_reg[17]_srl32/CLK
High Pulse Width  Fast    SRLC32E/CLK         n/a            0.762         5.000       4.238      SLICE_X41Y159  trunc_ln2_reg_570_pp0_iter31_reg_reg[17]_srl32/CLK
High Pulse Width  Slow    SRLC32E/CLK         n/a            0.762         5.000       4.238      SLICE_X43Y163  trunc_ln2_reg_570_pp0_iter31_reg_reg[18]_srl32/CLK
High Pulse Width  Fast    SRLC32E/CLK         n/a            0.762         5.000       4.238      SLICE_X43Y163  trunc_ln2_reg_570_pp0_iter31_reg_reg[18]_srl32/CLK



