Copyright 1986-2022 Xilinx, Inc. All Rights Reserved. Copyright 2022-2024 Advanced Micro Devices, Inc. All Rights Reserved.
------------------------------------------------------------------------------------------------------------------------------------------------------------------------------------------------------------------------------------------------------
| Tool Version      : Vivado v.2024.1 (lin64) Build 5076996 Wed May 22 18:36:09 MDT 2024
| Date              : Thu Aug  6 01:52:34 2026
| Host              : linux running 64-bit Ubuntu 22.04.5 LTS
| Command           : report_timing_summary -delay_type max -max_paths 20 -file ${PROJECT_ROOT}/ProyectoFinal/HLS/reports/baseline_forward/timing_sweep/4p5ns/timing_post_route.rpt
| Design            : wht_multiplier_forward
| Device            : xck26-sfvc784
| Speed File        : -2LV  PRODUCTION 1.30 05-15-2022
| Design State      : Routed
| Temperature Grade : C
------------------------------------------------------------------------------------------------------------------------------------------------------------------------------------------------------------------------------------------------------

Timing Summary Report

------------------------------------------------------------------------------------------------
| Timer Settings
| --------------
------------------------------------------------------------------------------------------------

  Enable Multi Corner Analysis               :  Yes
  Enable Pessimism Removal                   :  Yes
  Pessimism Removal Resolution               :  Nearest Common Node
  Enable Input Delay Default Clock           :  No
  Enable Preset / Clear Arcs                 :  No
  Disable Flight Delays                      :  No
  Ignore I/O Paths                           :  No
  Timing Early Launch at Borrowing Latches   :  No
  Borrow Time for Max Delay Exceptions       :  Yes
  Merge Timing Exceptions                    :  Yes
  Inter-SLR Compensation                     :  Conservative

  Corner  Analyze    Analyze    
  Name    Max Paths  Min Paths  
  ------  ---------  ---------  
  Slow    Yes        Yes        
  Fast    Yes        Yes        


------------------------------------------------------------------------------------------------
| Report Methodology
| ------------------
------------------------------------------------------------------------------------------------

No report available as report_methodology has not been run prior. Run report_methodology on the current design for the summary of methodology violations.



check_timing report

Table of Contents
-----------------
1. checking no_clock (0)
2. checking constant_clock (0)
3. checking pulse_width_clock (0)
4. checking unconstrained_internal_endpoints (0)
5. checking no_input_delay (52)
6. checking no_output_delay (38)
7. checking multiple_clock (0)
8. checking generated_clocks (0)
9. checking loops (0)
10. checking partial_input_delay (0)
11. checking partial_output_delay (0)
12. checking latch_loops (0)

1. checking no_clock (0)
------------------------
 There are 0 register/latch pins with no clock.


2. checking constant_clock (0)
------------------------------
 There are 0 register/latch pins with constant_clock.


3. checking pulse_width_clock (0)
---------------------------------
 There are 0 register/latch pins which need pulse_width check


4. checking unconstrained_internal_endpoints (0)
------------------------------------------------
 There are 0 pins that are not constrained for maximum delay.

 There are 0 pins that are not constrained for maximum delay due to constant clock.


5. checking no_input_delay (52)
-------------------------------
 There are 52 input ports with no input delay specified. (HIGH)

 There are 0 input ports with no input delay but user has a false path constraint.


6. checking no_output_delay (38)
--------------------------------
 There are 38 ports with no output delay specified. (HIGH)

 There are 0 ports with no output delay but user has a false path constraint

 There are 0 ports with no output delay but with a timing clock defined on it or propagating through it


7. checking multiple_clock (0)
------------------------------
 There are 0 register/latch pins with multiple clocks.


8. checking generated_clocks (0)
--------------------------------
 There are 0 generated clocks that are not connected to a clock source.


9. checking loops (0)
---------------------
 There are 0 combinational loops in the design.


10. checking partial_input_delay (0)
------------------------------------
 There are 0 input ports with partial input delay specified.


11. checking partial_output_delay (0)
-------------------------------------
 There are 0 ports with partial output delay specified.


12. checking latch_loops (0)
----------------------------
 There are 0 combinational latch loops in the design through latch input



------------------------------------------------------------------------------------------------
| Design Timing Summary
| ---------------------
------------------------------------------------------------------------------------------------

    WNS(ns)      TNS(ns)  TNS Failing Endpoints  TNS Total Endpoints     WPWS(ns)     TPWS(ns)  TPWS Failing Endpoints  TPWS Total Endpoints  
    -------      -------  ---------------------  -------------------     --------     --------  ----------------------  --------------------  
      0.039        0.000                      0                 1871        1.673        0.000                       0                   417  


All user specified timing constraints are met.


------------------------------------------------------------------------------------------------
| Clock Summary
| -------------
------------------------------------------------------------------------------------------------

Clock   Waveform(ns)         Period(ns)      Frequency(MHz)
-----   ------------         ----------      --------------
ap_clk  {0.000 2.250}        4.500           222.222         


------------------------------------------------------------------------------------------------
| Intra Clock Table
| -----------------
------------------------------------------------------------------------------------------------

Clock             WNS(ns)      TNS(ns)  TNS Failing Endpoints  TNS Total Endpoints     WPWS(ns)     TPWS(ns)  TPWS Failing Endpoints  TPWS Total Endpoints  
-----             -------      -------  ---------------------  -------------------     --------     --------  ----------------------  --------------------  
ap_clk              0.039        0.000                      0                 1871        1.673        0.000                       0                   417  


------------------------------------------------------------------------------------------------
| Inter Clock Table
| -----------------
------------------------------------------------------------------------------------------------

From Clock    To Clock          WNS(ns)      TNS(ns)  TNS Failing Endpoints  TNS Total Endpoints  
----------    --------          -------      -------  ---------------------  -------------------  


------------------------------------------------------------------------------------------------
| Other Path Groups Table
| -----------------------
------------------------------------------------------------------------------------------------

Path Group    From Clock    To Clock          WNS(ns)      TNS(ns)  TNS Failing Endpoints  TNS Total Endpoints  
----------    ----------    --------          -------      -------  ---------------------  -------------------  


------------------------------------------------------------------------------------------------
| Timing Details
| --------------
------------------------------------------------------------------------------------------------


---------------------------------------------------------------------------------------------------
From Clock:  ap_clk
  To Clock:  ap_clk

Setup :            0  Failing Endpoints,  Worst Slack        0.039ns,  Total Violation        0.000ns
Hold  :           NA  Failing Endpoints,  Worst Slack           NA  ,  Total Violation           NA
PW    :            0  Failing Endpoints,  Worst Slack        1.673ns,  Total Violation        0.000ns
---------------------------------------------------------------------------------------------------


Max Delay Paths
--------------------------------------------------------------------------------------
Slack (MET) :             0.039ns  (required time - arrival time)
  Source:                 control_s_axi_U/int_input_r/mem_reg/CLKBWRCLK
                            (rising edge-triggered cell RAMB36E2 clocked by ap_clk  {rise@0.000ns fall@2.250ns period=4.500ns})
  Destination:            trunc_ln15_5_reg_648_reg/DSP_A_B_DATA_INST/A[28]
                            (rising edge-triggered cell DSP_A_B_DATA clocked by ap_clk  {rise@0.000ns fall@2.250ns period=4.500ns})
  Path Group:             ap_clk
  Path Type:              Setup (Max at Slow Process Corner)
  Requirement:            4.500ns  (ap_clk rise@4.500ns - ap_clk rise@0.000ns)
  Data Path Delay:        3.818ns  (logic 2.338ns (61.238%)  route 1.480ns (38.762%))
  Logic Levels:           5  (CARRY8=3 LUT2=1 LUT4=1)
  Clock Path Skew:        -0.051ns (DCD - SCD + CPR)
    Destination Clock Delay (DCD):    0.055ns = ( 4.555 - 4.500 ) 
    Source Clock Delay      (SCD):    0.106ns
    Clock Pessimism Removal (CPR):    0.000ns
  Clock Uncertainty:      0.035ns  ((TSJ^2 + TIJ^2)^1/2 + DJ) / 2 + PE
    Total System Jitter     (TSJ):    0.071ns
    Total Input Jitter      (TIJ):    0.000ns
    Discrete Jitter          (DJ):    0.000ns
    Phase Error              (PE):    0.000ns

    Location             Delay type                Incr(ns)  Path(ns)    Netlist Resource(s)
  -------------------------------------------------------------------    -------------------
                         (clock ap_clk rise edge)     0.000     0.000 r  
                                                      0.000     0.000 r  ap_clk (IN)
                         net (fo=462, unset)          0.106     0.106    control_s_axi_U/int_input_r/ap_clk
    RAMB36_X0Y5          RAMB36E2                                     r  control_s_axi_U/int_input_r/mem_reg/CLKBWRCLK
  -------------------------------------------------------------------    -------------------
    RAMB36_X0Y5          RAMB36E2 (Prop_RAMB36E2_RAMB36_CLKBWRCLK_DOUTBDOUT[5])
                                                      1.305     1.411 r  control_s_axi_U/int_input_r/mem_reg/DOUTBDOUT[5]
                         net (fo=3, routed)           0.505     1.916    control_s_axi_U/int_input_r/int_input_r_q0[5]
    SLICE_X26Y19         LUT4 (Prop_F6LUT_SLICEL_I1_O)
                                                      0.187     2.103 r  control_s_axi_U/int_input_r/tmp_product_i_14__0/O
                         net (fo=1, routed)           0.015     2.118    control_s_axi_U/int_input_r/tmp_product_i_14__0_n_0
    SLICE_X26Y19         CARRY8 (Prop_CARRY8_SLICEL_S[5]_CO[7])
                                                      0.232     2.350 r  control_s_axi_U/int_input_r/tmp_product_i_3__0/CO[7]
                         net (fo=1, routed)           0.030     2.380    control_s_axi_U/int_input_r/tmp_product_i_3__0_n_0
    SLICE_X26Y20         CARRY8 (Prop_CARRY8_SLICEL_CI_O[0])
                                                      0.078     2.458 r  control_s_axi_U/int_input_r/tmp_product_i_2/O[0]
                         net (fo=2, routed)           0.555     3.012    control_s_axi_U/int_input_r/A[8]
    SLICE_X22Y22         LUT2 (Prop_A6LUT_SLICEL_I1_O)
                                                      0.188     3.200 r  control_s_axi_U/int_input_r/trunc_ln15_5_reg_648_reg_i_11/O
                         net (fo=1, routed)           0.014     3.214    control_s_axi_U/int_input_r/trunc_ln15_5_reg_648_reg_i_11_n_0
    SLICE_X22Y22         CARRY8 (Prop_CARRY8_SLICEL_S[0]_O[7])
                                                      0.348     3.562 r  control_s_axi_U/int_input_r/trunc_ln15_5_reg_648_reg_i_2/O[7]
                         net (fo=18, routed)          0.361     3.924    trunc_ln15_5_reg_648_reg/A[28]
    DSP48E2_X5Y8         DSP_A_B_DATA                                 r  trunc_ln15_5_reg_648_reg/DSP_A_B_DATA_INST/A[28]
  -------------------------------------------------------------------    -------------------

                         (clock ap_clk rise edge)     4.500     4.500 r  
                                                      0.000     4.500 r  ap_clk (IN)
                         net (fo=462, unset)          0.055     4.555    trunc_ln15_5_reg_648_reg/CLK
    DSP48E2_X5Y8         DSP_A_B_DATA                                 r  trunc_ln15_5_reg_648_reg/DSP_A_B_DATA_INST/CLK
                         clock pessimism              0.000     4.555    
                         clock uncertainty           -0.035     4.520    
    DSP48E2_X5Y8         DSP_A_B_DATA (Setup_DSP_A_B_DATA_DSP48E2_CLK_A[28])
                                                     -0.557     3.963    trunc_ln15_5_reg_648_reg/DSP_A_B_DATA_INST
  -------------------------------------------------------------------
                         required time                          3.963    
                         arrival time                          -3.924    
  -------------------------------------------------------------------
                         slack                                  0.039    

Slack (MET) :             0.080ns  (required time - arrival time)
  Source:                 control_s_axi_U/int_input_r/mem_reg/CLKBWRCLK
                            (rising edge-triggered cell RAMB36E2 clocked by ap_clk  {rise@0.000ns fall@2.250ns period=4.500ns})
  Destination:            trunc_ln15_5_reg_648_reg/DSP_A_B_DATA_INST/A[29]
                            (rising edge-triggered cell DSP_A_B_DATA clocked by ap_clk  {rise@0.000ns fall@2.250ns period=4.500ns})
  Path Group:             ap_clk
  Path Type:              Setup (Max at Slow Process Corner)
  Requirement:            4.500ns  (ap_clk rise@4.500ns - ap_clk rise@0.000ns)
  Data Path Delay:        3.812ns  (logic 2.338ns (61.336%)  route 1.474ns (38.664%))
  Logic Levels:           5  (CARRY8=3 LUT2=1 LUT4=1)
  Clock Path Skew:        -0.051ns (DCD - SCD + CPR)
    Destination Clock Delay (DCD):    0.055ns = ( 4.555 - 4.500 ) 
    Source Clock Delay      (SCD):    0.106ns
    Clock Pessimism Removal (CPR):    0.000ns
  Clock Uncertainty:      0.035ns  ((TSJ^2 + TIJ^2)^1/2 + DJ) / 2 + PE
    Total System Jitter     (TSJ):    0.071ns
    Total Input Jitter      (TIJ):    0.000ns
    Discrete Jitter          (DJ):    0.000ns
    Phase Error              (PE):    0.000ns

    Location             Delay type                Incr(ns)  Path(ns)    Netlist Resource(s)
  -------------------------------------------------------------------    -------------------
                         (clock ap_clk rise edge)     0.000     0.000 r  
                                                      0.000     0.000 r  ap_clk (IN)
                         net (fo=462, unset)          0.106     0.106    control_s_axi_U/int_input_r/ap_clk
    RAMB36_X0Y5          RAMB36E2                                     r  control_s_axi_U/int_input_r/mem_reg/CLKBWRCLK
  -------------------------------------------------------------------    -------------------
    RAMB36_X0Y5          RAMB36E2 (Prop_RAMB36E2_RAMB36_CLKBWRCLK_DOUTBDOUT[5])
                                                      1.305     1.411 r  control_s_axi_U/int_input_r/mem_reg/DOUTBDOUT[5]
                         net (fo=3, routed)           0.505     1.916    control_s_axi_U/int_input_r/int_input_r_q0[5]
    SLICE_X26Y19         LUT4 (Prop_F6LUT_SLICEL_I1_O)
                                                      0.187     2.103 r  control_s_axi_U/int_input_r/tmp_product_i_14__0/O
                         net (fo=1, routed)           0.015     2.118    control_s_axi_U/int_input_r/tmp_product_i_14__0_n_0
    SLICE_X26Y19         CARRY8 (Prop_CARRY8_SLICEL_S[5]_CO[7])
                                                      0.232     2.350 r  control_s_axi_U/int_input_r/tmp_product_i_3__0/CO[7]
                         net (fo=1, routed)           0.030     2.380    control_s_axi_U/int_input_r/tmp_product_i_3__0_n_0
    SLICE_X26Y20         CARRY8 (Prop_CARRY8_SLICEL_CI_O[0])
                                                      0.078     2.458 r  control_s_axi_U/int_input_r/tmp_product_i_2/O[0]
                         net (fo=2, routed)           0.555     3.012    control_s_axi_U/int_input_r/A[8]
    SLICE_X22Y22         LUT2 (Prop_A6LUT_SLICEL_I1_O)
                                                      0.188     3.200 r  control_s_axi_U/int_input_r/trunc_ln15_5_reg_648_reg_i_11/O
                         net (fo=1, routed)           0.014     3.214    control_s_axi_U/int_input_r/trunc_ln15_5_reg_648_reg_i_11_n_0
    SLICE_X22Y22         CARRY8 (Prop_CARRY8_SLICEL_S[0]_O[7])
                                                      0.348     3.562 r  control_s_axi_U/int_input_r/trunc_ln15_5_reg_648_reg_i_2/O[7]
                         net (fo=18, routed)          0.355     3.918    trunc_ln15_5_reg_648_reg/A[29]
    DSP48E2_X5Y8         DSP_A_B_DATA                                 r  trunc_ln15_5_reg_648_reg/DSP_A_B_DATA_INST/A[29]
  -------------------------------------------------------------------    -------------------

                         (clock ap_clk rise edge)     4.500     4.500 r  
                                                      0.000     4.500 r  ap_clk (IN)
                         net (fo=462, unset)          0.055     4.555    trunc_ln15_5_reg_648_reg/CLK
    DSP48E2_X5Y8         DSP_A_B_DATA                                 r  trunc_ln15_5_reg_648_reg/DSP_A_B_DATA_INST/CLK
                         clock pessimism              0.000     4.555    
                         clock uncertainty           -0.035     4.520    
    DSP48E2_X5Y8         DSP_A_B_DATA (Setup_DSP_A_B_DATA_DSP48E2_CLK_A[29])
                                                     -0.522     3.998    trunc_ln15_5_reg_648_reg/DSP_A_B_DATA_INST
  -------------------------------------------------------------------
                         required time                          3.998    
                         arrival time                          -3.918    
  -------------------------------------------------------------------
                         slack                                  0.080    

Slack (MET) :             0.082ns  (required time - arrival time)
  Source:                 control_s_axi_U/int_input_r/mem_reg/CLKBWRCLK
                            (rising edge-triggered cell RAMB36E2 clocked by ap_clk  {rise@0.000ns fall@2.250ns period=4.500ns})
  Destination:            trunc_ln15_5_reg_648_reg/DSP_A_B_DATA_INST/A[27]
                            (rising edge-triggered cell DSP_A_B_DATA clocked by ap_clk  {rise@0.000ns fall@2.250ns period=4.500ns})
  Path Group:             ap_clk
  Path Type:              Setup (Max at Slow Process Corner)
  Requirement:            4.500ns  (ap_clk rise@4.500ns - ap_clk rise@0.000ns)
  Data Path Delay:        3.798ns  (logic 2.338ns (61.561%)  route 1.460ns (38.439%))
  Logic Levels:           5  (CARRY8=3 LUT2=1 LUT4=1)
  Clock Path Skew:        -0.051ns (DCD - SCD + CPR)
    Destination Clock Delay (DCD):    0.055ns = ( 4.555 - 4.500 ) 
    Source Clock Delay      (SCD):    0.106ns
    Clock Pessimism Removal (CPR):    0.000ns
  Clock Uncertainty:      0.035ns  ((TSJ^2 + TIJ^2)^1/2 + DJ) / 2 + PE
    Total System Jitter     (TSJ):    0.071ns
    Total Input Jitter      (TIJ):    0.000ns
    Discrete Jitter          (DJ):    0.000ns
    Phase Error              (PE):    0.000ns

    Location             Delay type                Incr(ns)  Path(ns)    Netlist Resource(s)
  -------------------------------------------------------------------    -------------------
                         (clock ap_clk rise edge)     0.000     0.000 r  
                                                      0.000     0.000 r  ap_clk (IN)
                         net (fo=462, unset)          0.106     0.106    control_s_axi_U/int_input_r/ap_clk
    RAMB36_X0Y5          RAMB36E2                                     r  control_s_axi_U/int_input_r/mem_reg/CLKBWRCLK
  -------------------------------------------------------------------    -------------------
    RAMB36_X0Y5          RAMB36E2 (Prop_RAMB36E2_RAMB36_CLKBWRCLK_DOUTBDOUT[5])
                                                      1.305     1.411 r  control_s_axi_U/int_input_r/mem_reg/DOUTBDOUT[5]
                         net (fo=3, routed)           0.505     1.916    control_s_axi_U/int_input_r/int_input_r_q0[5]
    SLICE_X26Y19         LUT4 (Prop_F6LUT_SLICEL_I1_O)
                                                      0.187     2.103 r  control_s_axi_U/int_input_r/tmp_product_i_14__0/O
                         net (fo=1, routed)           0.015     2.118    control_s_axi_U/int_input_r/tmp_product_i_14__0_n_0
    SLICE_X26Y19         CARRY8 (Prop_CARRY8_SLICEL_S[5]_CO[7])
                                                      0.232     2.350 r  control_s_axi_U/int_input_r/tmp_product_i_3__0/CO[7]
                         net (fo=1, routed)           0.030     2.380    control_s_axi_U/int_input_r/tmp_product_i_3__0_n_0
    SLICE_X26Y20         CARRY8 (Prop_CARRY8_SLICEL_CI_O[0])
                                                      0.078     2.458 r  control_s_axi_U/int_input_r/tmp_product_i_2/O[0]
                         net (fo=2, routed)           0.555     3.012    control_s_axi_U/int_input_r/A[8]
    SLICE_X22Y22         LUT2 (Prop_A6LUT_SLICEL_I1_O)
                                                      0.188     3.200 r  control_s_axi_U/int_input_r/trunc_ln15_5_reg_648_reg_i_11/O
                         net (fo=1, routed)           0.014     3.214    control_s_axi_U/int_input_r/trunc_ln15_5_reg_648_reg_i_11_n_0
    SLICE_X22Y22         CARRY8 (Prop_CARRY8_SLICEL_S[0]_O[7])
                                                      0.348     3.562 r  control_s_axi_U/int_input_r/trunc_ln15_5_reg_648_reg_i_2/O[7]
                         net (fo=18, routed)          0.341     3.904    trunc_ln15_5_reg_648_reg/A[27]
    DSP48E2_X5Y8         DSP_A_B_DATA                                 r  trunc_ln15_5_reg_648_reg/DSP_A_B_DATA_INST/A[27]
  -------------------------------------------------------------------    -------------------

                         (clock ap_clk rise edge)     4.500     4.500 r  
                                                      0.000     4.500 r  ap_clk (IN)
                         net (fo=462, unset)          0.055     4.555    trunc_ln15_5_reg_648_reg/CLK
    DSP48E2_X5Y8         DSP_A_B_DATA                                 r  trunc_ln15_5_reg_648_reg/DSP_A_B_DATA_INST/CLK
                         clock pessimism              0.000     4.555    
                         clock uncertainty           -0.035     4.520    
    DSP48E2_X5Y8         DSP_A_B_DATA (Setup_DSP_A_B_DATA_DSP48E2_CLK_A[27])
                                                     -0.534     3.986    trunc_ln15_5_reg_648_reg/DSP_A_B_DATA_INST
  -------------------------------------------------------------------
                         required time                          3.986    
                         arrival time                          -3.904    
  -------------------------------------------------------------------
                         slack                                  0.082    

Slack (MET) :             0.127ns  (required time - arrival time)
  Source:                 control_s_axi_U/int_input_r/mem_reg/CLKBWRCLK
                            (rising edge-triggered cell RAMB36E2 clocked by ap_clk  {rise@0.000ns fall@2.250ns period=4.500ns})
  Destination:            trunc_ln15_5_reg_648_reg/DSP_A_B_DATA_INST/A[25]
                            (rising edge-triggered cell DSP_A_B_DATA clocked by ap_clk  {rise@0.000ns fall@2.250ns period=4.500ns})
  Path Group:             ap_clk
  Path Type:              Setup (Max at Slow Process Corner)
  Requirement:            4.500ns  (ap_clk rise@4.500ns - ap_clk rise@0.000ns)
  Data Path Delay:        3.747ns  (logic 2.338ns (62.403%)  route 1.409ns (37.597%))
  Logic Levels:           5  (CARRY8=3 LUT2=1 LUT4=1)
  Clock Path Skew:        -0.051ns (DCD - SCD + CPR)
    Destination Clock Delay (DCD):    0.055ns = ( 4.555 - 4.500 ) 
    Source Clock Delay      (SCD):    0.106ns
    Clock Pessimism Removal (CPR):    0.000ns
  Clock Uncertainty:      0.035ns  ((TSJ^2 + TIJ^2)^1/2 + DJ) / 2 + PE
    Total System Jitter     (TSJ):    0.071ns
    Total Input Jitter      (TIJ):    0.000ns
    Discrete Jitter          (DJ):    0.000ns
    Phase Error              (PE):    0.000ns

    Location             Delay type                Incr(ns)  Path(ns)    Netlist Resource(s)
  -------------------------------------------------------------------    -------------------
                         (clock ap_clk rise edge)     0.000     0.000 r  
                                                      0.000     0.000 r  ap_clk (IN)
                         net (fo=462, unset)          0.106     0.106    control_s_axi_U/int_input_r/ap_clk
    RAMB36_X0Y5          RAMB36E2                                     r  control_s_axi_U/int_input_r/mem_reg/CLKBWRCLK
  -------------------------------------------------------------------    -------------------
    RAMB36_X0Y5          RAMB36E2 (Prop_RAMB36E2_RAMB36_CLKBWRCLK_DOUTBDOUT[5])
                                                      1.305     1.411 r  control_s_axi_U/int_input_r/mem_reg/DOUTBDOUT[5]
                         net (fo=3, routed)           0.505     1.916    control_s_axi_U/int_input_r/int_input_r_q0[5]
    SLICE_X26Y19         LUT4 (Prop_F6LUT_SLICEL_I1_O)
                                                      0.187     2.103 r  control_s_axi_U/int_input_r/tmp_product_i_14__0/O
                         net (fo=1, routed)           0.015     2.118    control_s_axi_U/int_input_r/tmp_product_i_14__0_n_0
    SLICE_X26Y19         CARRY8 (Prop_CARRY8_SLICEL_S[5]_CO[7])
                                                      0.232     2.350 r  control_s_axi_U/int_input_r/tmp_product_i_3__0/CO[7]
                         net (fo=1, routed)           0.030     2.380    control_s_axi_U/int_input_r/tmp_product_i_3__0_n_0
    SLICE_X26Y20         CARRY8 (Prop_CARRY8_SLICEL_CI_O[0])
                                                      0.078     2.458 r  control_s_axi_U/int_input_r/tmp_product_i_2/O[0]
                         net (fo=2, routed)           0.555     3.012    control_s_axi_U/int_input_r/A[8]
    SLICE_X22Y22         LUT2 (Prop_A6LUT_SLICEL_I1_O)
                                                      0.188     3.200 r  control_s_axi_U/int_input_r/trunc_ln15_5_reg_648_reg_i_11/O
                         net (fo=1, routed)           0.014     3.214    control_s_axi_U/int_input_r/trunc_ln15_5_reg_648_reg_i_11_n_0
    SLICE_X22Y22         CARRY8 (Prop_CARRY8_SLICEL_S[0]_O[7])
                                                      0.348     3.562 r  control_s_axi_U/int_input_r/trunc_ln15_5_reg_648_reg_i_2/O[7]
                         net (fo=18, routed)          0.290     3.853    trunc_ln15_5_reg_648_reg/A[25]
    DSP48E2_X5Y8         DSP_A_B_DATA                                 r  trunc_ln15_5_reg_648_reg/DSP_A_B_DATA_INST/A[25]
  -------------------------------------------------------------------    -------------------

                         (clock ap_clk rise edge)     4.500     4.500 r  
                                                      0.000     4.500 r  ap_clk (IN)
                         net (fo=462, unset)          0.055     4.555    trunc_ln15_5_reg_648_reg/CLK
    DSP48E2_X5Y8         DSP_A_B_DATA                                 r  trunc_ln15_5_reg_648_reg/DSP_A_B_DATA_INST/CLK
                         clock pessimism              0.000     4.555    
                         clock uncertainty           -0.035     4.520    
    DSP48E2_X5Y8         DSP_A_B_DATA (Setup_DSP_A_B_DATA_DSP48E2_CLK_A[25])
                                                     -0.540     3.980    trunc_ln15_5_reg_648_reg/DSP_A_B_DATA_INST
  -------------------------------------------------------------------
                         required time                          3.980    
                         arrival time                          -3.853    
  -------------------------------------------------------------------
                         slack                                  0.127    

Slack (MET) :             0.137ns  (required time - arrival time)
  Source:                 control_s_axi_U/int_input_r/mem_reg/CLKBWRCLK
                            (rising edge-triggered cell RAMB36E2 clocked by ap_clk  {rise@0.000ns fall@2.250ns period=4.500ns})
  Destination:            trunc_ln15_5_reg_648_reg/DSP_A_B_DATA_INST/A[23]
                            (rising edge-triggered cell DSP_A_B_DATA clocked by ap_clk  {rise@0.000ns fall@2.250ns period=4.500ns})
  Path Group:             ap_clk
  Path Type:              Setup (Max at Slow Process Corner)
  Requirement:            4.500ns  (ap_clk rise@4.500ns - ap_clk rise@0.000ns)
  Data Path Delay:        3.736ns  (logic 2.338ns (62.584%)  route 1.398ns (37.416%))
  Logic Levels:           5  (CARRY8=3 LUT2=1 LUT4=1)
  Clock Path Skew:        -0.051ns (DCD - SCD + CPR)
    Destination Clock Delay (DCD):    0.055ns = ( 4.555 - 4.500 ) 
    Source Clock Delay      (SCD):    0.106ns
    Clock Pessimism Removal (CPR):    0.000ns
  Clock Uncertainty:      0.035ns  ((TSJ^2 + TIJ^2)^1/2 + DJ) / 2 + PE
    Total System Jitter     (TSJ):    0.071ns
    Total Input Jitter      (TIJ):    0.000ns
    Discrete Jitter          (DJ):    0.000ns
    Phase Error              (PE):    0.000ns

    Location             Delay type                Incr(ns)  Path(ns)    Netlist Resource(s)
  -------------------------------------------------------------------    -------------------
                         (clock ap_clk rise edge)     0.000     0.000 r  
                                                      0.000     0.000 r  ap_clk (IN)
                         net (fo=462, unset)          0.106     0.106    control_s_axi_U/int_input_r/ap_clk
    RAMB36_X0Y5          RAMB36E2                                     r  control_s_axi_U/int_input_r/mem_reg/CLKBWRCLK
  -------------------------------------------------------------------    -------------------
    RAMB36_X0Y5          RAMB36E2 (Prop_RAMB36E2_RAMB36_CLKBWRCLK_DOUTBDOUT[5])
                                                      1.305     1.411 r  control_s_axi_U/int_input_r/mem_reg/DOUTBDOUT[5]
                         net (fo=3, routed)           0.505     1.916    control_s_axi_U/int_input_r/int_input_r_q0[5]
    SLICE_X26Y19         LUT4 (Prop_F6LUT_SLICEL_I1_O)
                                                      0.187     2.103 r  control_s_axi_U/int_input_r/tmp_product_i_14__0/O
                         net (fo=1, routed)           0.015     2.118    control_s_axi_U/int_input_r/tmp_product_i_14__0_n_0
    SLICE_X26Y19         CARRY8 (Prop_CARRY8_SLICEL_S[5]_CO[7])
                                                      0.232     2.350 r  control_s_axi_U/int_input_r/tmp_product_i_3__0/CO[7]
                         net (fo=1, routed)           0.030     2.380    control_s_axi_U/int_input_r/tmp_product_i_3__0_n_0
    SLICE_X26Y20         CARRY8 (Prop_CARRY8_SLICEL_CI_O[0])
                                                      0.078     2.458 r  control_s_axi_U/int_input_r/tmp_product_i_2/O[0]
                         net (fo=2, routed)           0.555     3.012    control_s_axi_U/int_input_r/A[8]
    SLICE_X22Y22         LUT2 (Prop_A6LUT_SLICEL_I1_O)
                                                      0.188     3.200 r  control_s_axi_U/int_input_r/trunc_ln15_5_reg_648_reg_i_11/O
                         net (fo=1, routed)           0.014     3.214    control_s_axi_U/int_input_r/trunc_ln15_5_reg_648_reg_i_11_n_0
    SLICE_X22Y22         CARRY8 (Prop_CARRY8_SLICEL_S[0]_O[7])
                                                      0.348     3.562 r  control_s_axi_U/int_input_r/trunc_ln15_5_reg_648_reg_i_2/O[7]
                         net (fo=18, routed)          0.279     3.842    trunc_ln15_5_reg_648_reg/A[23]
    DSP48E2_X5Y8         DSP_A_B_DATA                                 r  trunc_ln15_5_reg_648_reg/DSP_A_B_DATA_INST/A[23]
  -------------------------------------------------------------------    -------------------

                         (clock ap_clk rise edge)     4.500     4.500 r  
                                                      0.000     4.500 r  ap_clk (IN)
                         net (fo=462, unset)          0.055     4.555    trunc_ln15_5_reg_648_reg/CLK
    DSP48E2_X5Y8         DSP_A_B_DATA                                 r  trunc_ln15_5_reg_648_reg/DSP_A_B_DATA_INST/CLK
                         clock pessimism              0.000     4.555    
                         clock uncertainty           -0.035     4.520    
    DSP48E2_X5Y8         DSP_A_B_DATA (Setup_DSP_A_B_DATA_DSP48E2_CLK_A[23])
                                                     -0.541     3.979    trunc_ln15_5_reg_648_reg/DSP_A_B_DATA_INST
  -------------------------------------------------------------------
                         required time                          3.979    
                         arrival time                          -3.842    
  -------------------------------------------------------------------
                         slack                                  0.137    

Slack (MET) :             0.140ns  (required time - arrival time)
  Source:                 control_s_axi_U/int_input_r/mem_reg/CLKBWRCLK
                            (rising edge-triggered cell RAMB36E2 clocked by ap_clk  {rise@0.000ns fall@2.250ns period=4.500ns})
  Destination:            trunc_ln15_5_reg_648_reg/DSP_A_B_DATA_INST/A[26]
                            (rising edge-triggered cell DSP_A_B_DATA clocked by ap_clk  {rise@0.000ns fall@2.250ns period=4.500ns})
  Path Group:             ap_clk
  Path Type:              Setup (Max at Slow Process Corner)
  Requirement:            4.500ns  (ap_clk rise@4.500ns - ap_clk rise@0.000ns)
  Data Path Delay:        3.736ns  (logic 2.338ns (62.584%)  route 1.398ns (37.416%))
  Logic Levels:           5  (CARRY8=3 LUT2=1 LUT4=1)
  Clock Path Skew:        -0.051ns (DCD - SCD + CPR)
    Destination Clock Delay (DCD):    0.055ns = ( 4.555 - 4.500 ) 
    Source Clock Delay      (SCD):    0.106ns
    Clock Pessimism Removal (CPR):    0.000ns
  Clock Uncertainty:      0.035ns  ((TSJ^2 + TIJ^2)^1/2 + DJ) / 2 + PE
    Total System Jitter     (TSJ):    0.071ns
    Total Input Jitter      (TIJ):    0.000ns
    Discrete Jitter          (DJ):    0.000ns
    Phase Error              (PE):    0.000ns

    Location             Delay type                Incr(ns)  Path(ns)    Netlist Resource(s)
  -------------------------------------------------------------------    -------------------
                         (clock ap_clk rise edge)     0.000     0.000 r  
                                                      0.000     0.000 r  ap_clk (IN)
                         net (fo=462, unset)          0.106     0.106    control_s_axi_U/int_input_r/ap_clk
    RAMB36_X0Y5          RAMB36E2                                     r  control_s_axi_U/int_input_r/mem_reg/CLKBWRCLK
  -------------------------------------------------------------------    -------------------
    RAMB36_X0Y5          RAMB36E2 (Prop_RAMB36E2_RAMB36_CLKBWRCLK_DOUTBDOUT[5])
                                                      1.305     1.411 r  control_s_axi_U/int_input_r/mem_reg/DOUTBDOUT[5]
                         net (fo=3, routed)           0.505     1.916    control_s_axi_U/int_input_r/int_input_r_q0[5]
    SLICE_X26Y19         LUT4 (Prop_F6LUT_SLICEL_I1_O)
                                                      0.187     2.103 r  control_s_axi_U/int_input_r/tmp_product_i_14__0/O
                         net (fo=1, routed)           0.015     2.118    control_s_axi_U/int_input_r/tmp_product_i_14__0_n_0
    SLICE_X26Y19         CARRY8 (Prop_CARRY8_SLICEL_S[5]_CO[7])
                                                      0.232     2.350 r  control_s_axi_U/int_input_r/tmp_product_i_3__0/CO[7]
                         net (fo=1, routed)           0.030     2.380    control_s_axi_U/int_input_r/tmp_product_i_3__0_n_0
    SLICE_X26Y20         CARRY8 (Prop_CARRY8_SLICEL_CI_O[0])
                                                      0.078     2.458 r  control_s_axi_U/int_input_r/tmp_product_i_2/O[0]
                         net (fo=2, routed)           0.555     3.012    control_s_axi_U/int_input_r/A[8]
    SLICE_X22Y22         LUT2 (Prop_A6LUT_SLICEL_I1_O)
                                                      0.188     3.200 r  control_s_axi_U/int_input_r/trunc_ln15_5_reg_648_reg_i_11/O
                         net (fo=1, routed)           0.014     3.214    control_s_axi_U/int_input_r/trunc_ln15_5_reg_648_reg_i_11_n_0
    SLICE_X22Y22         CARRY8 (Prop_CARRY8_SLICEL_S[0]_O[7])
                                                      0.348     3.562 r  control_s_axi_U/int_input_r/trunc_ln15_5_reg_648_reg_i_2/O[7]
                         net (fo=18, routed)          0.279     3.842    trunc_ln15_5_reg_648_reg/A[26]
    DSP48E2_X5Y8         DSP_A_B_DATA                                 r  trunc_ln15_5_reg_648_reg/DSP_A_B_DATA_INST/A[26]
  -------------------------------------------------------------------    -------------------

                         (clock ap_clk rise edge)     4.500     4.500 r  
                                                      0.000     4.500 r  ap_clk (IN)
                         net (fo=462, unset)          0.055     4.555    trunc_ln15_5_reg_648_reg/CLK
    DSP48E2_X5Y8         DSP_A_B_DATA                                 r  trunc_ln15_5_reg_648_reg/DSP_A_B_DATA_INST/CLK
                         clock pessimism              0.000     4.555    
                         clock uncertainty           -0.035     4.520    
    DSP48E2_X5Y8         DSP_A_B_DATA (Setup_DSP_A_B_DATA_DSP48E2_CLK_A[26])
                                                     -0.538     3.982    trunc_ln15_5_reg_648_reg/DSP_A_B_DATA_INST
  -------------------------------------------------------------------
                         required time                          3.982    
                         arrival time                          -3.842    
  -------------------------------------------------------------------
                         slack                                  0.140    

Slack (MET) :             0.150ns  (required time - arrival time)
  Source:                 control_s_axi_U/int_input_r/mem_reg/CLKBWRCLK
                            (rising edge-triggered cell RAMB36E2 clocked by ap_clk  {rise@0.000ns fall@2.250ns period=4.500ns})
  Destination:            trunc_ln15_5_reg_648_reg/DSP_A_B_DATA_INST/A[15]
                            (rising edge-triggered cell DSP_A_B_DATA clocked by ap_clk  {rise@0.000ns fall@2.250ns period=4.500ns})
  Path Group:             ap_clk
  Path Type:              Setup (Max at Slow Process Corner)
  Requirement:            4.500ns  (ap_clk rise@4.500ns - ap_clk rise@0.000ns)
  Data Path Delay:        3.737ns  (logic 2.338ns (62.557%)  route 1.399ns (37.443%))
  Logic Levels:           5  (CARRY8=3 LUT2=1 LUT4=1)
  Clock Path Skew:        -0.051ns (DCD - SCD + CPR)
    Destination Clock Delay (DCD):    0.055ns = ( 4.555 - 4.500 ) 
    Source Clock Delay      (SCD):    0.106ns
    Clock Pessimism Removal (CPR):    0.000ns
  Clock Uncertainty:      0.035ns  ((TSJ^2 + TIJ^2)^1/2 + DJ) / 2 + PE
    Total System Jitter     (TSJ):    0.071ns
    Total Input Jitter      (TIJ):    0.000ns
    Discrete Jitter          (DJ):    0.000ns
    Phase Error              (PE):    0.000ns

    Location             Delay type                Incr(ns)  Path(ns)    Netlist Resource(s)
  -------------------------------------------------------------------    -------------------
                         (clock ap_clk rise edge)     0.000     0.000 r  
                                                      0.000     0.000 r  ap_clk (IN)
                         net (fo=462, unset)          0.106     0.106    control_s_axi_U/int_input_r/ap_clk
    RAMB36_X0Y5          RAMB36E2                                     r  control_s_axi_U/int_input_r/mem_reg/CLKBWRCLK
  -------------------------------------------------------------------    -------------------
    RAMB36_X0Y5          RAMB36E2 (Prop_RAMB36E2_RAMB36_CLKBWRCLK_DOUTBDOUT[5])
                                                      1.305     1.411 r  control_s_axi_U/int_input_r/mem_reg/DOUTBDOUT[5]
                         net (fo=3, routed)           0.505     1.916    control_s_axi_U/int_input_r/int_input_r_q0[5]
    SLICE_X26Y19         LUT4 (Prop_F6LUT_SLICEL_I1_O)
                                                      0.187     2.103 r  control_s_axi_U/int_input_r/tmp_product_i_14__0/O
                         net (fo=1, routed)           0.015     2.118    control_s_axi_U/int_input_r/tmp_product_i_14__0_n_0
    SLICE_X26Y19         CARRY8 (Prop_CARRY8_SLICEL_S[5]_CO[7])
                                                      0.232     2.350 r  control_s_axi_U/int_input_r/tmp_product_i_3__0/CO[7]
                         net (fo=1, routed)           0.030     2.380    control_s_axi_U/int_input_r/tmp_product_i_3__0_n_0
    SLICE_X26Y20         CARRY8 (Prop_CARRY8_SLICEL_CI_O[0])
                                                      0.078     2.458 r  control_s_axi_U/int_input_r/tmp_product_i_2/O[0]
                         net (fo=2, routed)           0.555     3.012    control_s_axi_U/int_input_r/A[8]
    SLICE_X22Y22         LUT2 (Prop_A6LUT_SLICEL_I1_O)
                                                      0.188     3.200 r  control_s_axi_U/int_input_r/trunc_ln15_5_reg_648_reg_i_11/O
                         net (fo=1, routed)           0.014     3.214    control_s_axi_U/int_input_r/trunc_ln15_5_reg_648_reg_i_11_n_0
    SLICE_X22Y22         CARRY8 (Prop_CARRY8_SLICEL_S[0]_O[7])
                                                      0.348     3.562 r  control_s_axi_U/int_input_r/trunc_ln15_5_reg_648_reg_i_2/O[7]
                         net (fo=18, routed)          0.281     3.843    trunc_ln15_5_reg_648_reg/A[15]
    DSP48E2_X5Y8         DSP_A_B_DATA                                 r  trunc_ln15_5_reg_648_reg/DSP_A_B_DATA_INST/A[15]
  -------------------------------------------------------------------    -------------------

                         (clock ap_clk rise edge)     4.500     4.500 r  
                                                      0.000     4.500 r  ap_clk (IN)
                         net (fo=462, unset)          0.055     4.555    trunc_ln15_5_reg_648_reg/CLK
    DSP48E2_X5Y8         DSP_A_B_DATA                                 r  trunc_ln15_5_reg_648_reg/DSP_A_B_DATA_INST/CLK
                         clock pessimism              0.000     4.555    
                         clock uncertainty           -0.035     4.520    
    DSP48E2_X5Y8         DSP_A_B_DATA (Setup_DSP_A_B_DATA_DSP48E2_CLK_A[15])
                                                     -0.526     3.994    trunc_ln15_5_reg_648_reg/DSP_A_B_DATA_INST
  -------------------------------------------------------------------
                         required time                          3.994    
                         arrival time                          -3.843    
  -------------------------------------------------------------------
                         slack                                  0.150    

Slack (MET) :             0.159ns  (required time - arrival time)
  Source:                 control_s_axi_U/int_input_r/mem_reg/CLKBWRCLK
                            (rising edge-triggered cell RAMB36E2 clocked by ap_clk  {rise@0.000ns fall@2.250ns period=4.500ns})
  Destination:            trunc_ln15_5_reg_648_reg/DSP_A_B_DATA_INST/A[24]
                            (rising edge-triggered cell DSP_A_B_DATA clocked by ap_clk  {rise@0.000ns fall@2.250ns period=4.500ns})
  Path Group:             ap_clk
  Path Type:              Setup (Max at Slow Process Corner)
  Requirement:            4.500ns  (ap_clk rise@4.500ns - ap_clk rise@0.000ns)
  Data Path Delay:        3.724ns  (logic 2.338ns (62.785%)  route 1.386ns (37.215%))
  Logic Levels:           5  (CARRY8=3 LUT2=1 LUT4=1)
  Clock Path Skew:        -0.051ns (DCD - SCD + CPR)
    Destination Clock Delay (DCD):    0.055ns = ( 4.555 - 4.500 ) 
    Source Clock Delay      (SCD):    0.106ns
    Clock Pessimism Removal (CPR):    0.000ns
  Clock Uncertainty:      0.035ns  ((TSJ^2 + TIJ^2)^1/2 + DJ) / 2 + PE
    Total System Jitter     (TSJ):    0.071ns
    Total Input Jitter      (TIJ):    0.000ns
    Discrete Jitter          (DJ):    0.000ns
    Phase Error              (PE):    0.000ns

    Location             Delay type                Incr(ns)  Path(ns)    Netlist Resource(s)
  -------------------------------------------------------------------    -------------------
                         (clock ap_clk rise edge)     0.000     0.000 r  
                                                      0.000     0.000 r  ap_clk (IN)
                         net (fo=462, unset)          0.106     0.106    control_s_axi_U/int_input_r/ap_clk
    RAMB36_X0Y5          RAMB36E2                                     r  control_s_axi_U/int_input_r/mem_reg/CLKBWRCLK
  -------------------------------------------------------------------    -------------------
    RAMB36_X0Y5          RAMB36E2 (Prop_RAMB36E2_RAMB36_CLKBWRCLK_DOUTBDOUT[5])
                                                      1.305     1.411 r  control_s_axi_U/int_input_r/mem_reg/DOUTBDOUT[5]
                         net (fo=3, routed)           0.505     1.916    control_s_axi_U/int_input_r/int_input_r_q0[5]
    SLICE_X26Y19         LUT4 (Prop_F6LUT_SLICEL_I1_O)
                                                      0.187     2.103 r  control_s_axi_U/int_input_r/tmp_product_i_14__0/O
                         net (fo=1, routed)           0.015     2.118    control_s_axi_U/int_input_r/tmp_product_i_14__0_n_0
    SLICE_X26Y19         CARRY8 (Prop_CARRY8_SLICEL_S[5]_CO[7])
                                                      0.232     2.350 r  control_s_axi_U/int_input_r/tmp_product_i_3__0/CO[7]
                         net (fo=1, routed)           0.030     2.380    control_s_axi_U/int_input_r/tmp_product_i_3__0_n_0
    SLICE_X26Y20         CARRY8 (Prop_CARRY8_SLICEL_CI_O[0])
                                                      0.078     2.458 r  control_s_axi_U/int_input_r/tmp_product_i_2/O[0]
                         net (fo=2, routed)           0.555     3.012    control_s_axi_U/int_input_r/A[8]
    SLICE_X22Y22         LUT2 (Prop_A6LUT_SLICEL_I1_O)
                                                      0.188     3.200 r  control_s_axi_U/int_input_r/trunc_ln15_5_reg_648_reg_i_11/O
                         net (fo=1, routed)           0.014     3.214    control_s_axi_U/int_input_r/trunc_ln15_5_reg_648_reg_i_11_n_0
    SLICE_X22Y22         CARRY8 (Prop_CARRY8_SLICEL_S[0]_O[7])
                                                      0.348     3.562 r  control_s_axi_U/int_input_r/trunc_ln15_5_reg_648_reg_i_2/O[7]
                         net (fo=18, routed)          0.267     3.830    trunc_ln15_5_reg_648_reg/A[24]
    DSP48E2_X5Y8         DSP_A_B_DATA                                 r  trunc_ln15_5_reg_648_reg/DSP_A_B_DATA_INST/A[24]
  -------------------------------------------------------------------    -------------------

                         (clock ap_clk rise edge)     4.500     4.500 r  
                                                      0.000     4.500 r  ap_clk (IN)
                         net (fo=462, unset)          0.055     4.555    trunc_ln15_5_reg_648_reg/CLK
    DSP48E2_X5Y8         DSP_A_B_DATA                                 r  trunc_ln15_5_reg_648_reg/DSP_A_B_DATA_INST/CLK
                         clock pessimism              0.000     4.555    
                         clock uncertainty           -0.035     4.520    
    DSP48E2_X5Y8         DSP_A_B_DATA (Setup_DSP_A_B_DATA_DSP48E2_CLK_A[24])
                                                     -0.531     3.989    trunc_ln15_5_reg_648_reg/DSP_A_B_DATA_INST
  -------------------------------------------------------------------
                         required time                          3.989    
                         arrival time                          -3.830    
  -------------------------------------------------------------------
                         slack                                  0.159    

Slack (MET) :             0.175ns  (required time - arrival time)
  Source:                 control_s_axi_U/int_input_r/mem_reg/CLKBWRCLK
                            (rising edge-triggered cell RAMB36E2 clocked by ap_clk  {rise@0.000ns fall@2.250ns period=4.500ns})
  Destination:            trunc_ln15_5_reg_648_reg/DSP_A_B_DATA_INST/A[21]
                            (rising edge-triggered cell DSP_A_B_DATA clocked by ap_clk  {rise@0.000ns fall@2.250ns period=4.500ns})
  Path Group:             ap_clk
  Path Type:              Setup (Max at Slow Process Corner)
  Requirement:            4.500ns  (ap_clk rise@4.500ns - ap_clk rise@0.000ns)
  Data Path Delay:        3.731ns  (logic 2.338ns (62.667%)  route 1.393ns (37.333%))
  Logic Levels:           5  (CARRY8=3 LUT2=1 LUT4=1)
  Clock Path Skew:        -0.051ns (DCD - SCD + CPR)
    Destination Clock Delay (DCD):    0.055ns = ( 4.555 - 4.500 ) 
    Source Clock Delay      (SCD):    0.106ns
    Clock Pessimism Removal (CPR):    0.000ns
  Clock Uncertainty:      0.035ns  ((TSJ^2 + TIJ^2)^1/2 + DJ) / 2 + PE
    Total System Jitter     (TSJ):    0.071ns
    Total Input Jitter      (TIJ):    0.000ns
    Discrete Jitter          (DJ):    0.000ns
    Phase Error              (PE):    0.000ns

    Location             Delay type                Incr(ns)  Path(ns)    Netlist Resource(s)
  -------------------------------------------------------------------    -------------------
                         (clock ap_clk rise edge)     0.000     0.000 r  
                                                      0.000     0.000 r  ap_clk (IN)
                         net (fo=462, unset)          0.106     0.106    control_s_axi_U/int_input_r/ap_clk
    RAMB36_X0Y5          RAMB36E2                                     r  control_s_axi_U/int_input_r/mem_reg/CLKBWRCLK
  -------------------------------------------------------------------    -------------------
    RAMB36_X0Y5          RAMB36E2 (Prop_RAMB36E2_RAMB36_CLKBWRCLK_DOUTBDOUT[5])
                                                      1.305     1.411 r  control_s_axi_U/int_input_r/mem_reg/DOUTBDOUT[5]
                         net (fo=3, routed)           0.505     1.916    control_s_axi_U/int_input_r/int_input_r_q0[5]
    SLICE_X26Y19         LUT4 (Prop_F6LUT_SLICEL_I1_O)
                                                      0.187     2.103 r  control_s_axi_U/int_input_r/tmp_product_i_14__0/O
                         net (fo=1, routed)           0.015     2.118    control_s_axi_U/int_input_r/tmp_product_i_14__0_n_0
    SLICE_X26Y19         CARRY8 (Prop_CARRY8_SLICEL_S[5]_CO[7])
                                                      0.232     2.350 r  control_s_axi_U/int_input_r/tmp_product_i_3__0/CO[7]
                         net (fo=1, routed)           0.030     2.380    control_s_axi_U/int_input_r/tmp_product_i_3__0_n_0
    SLICE_X26Y20         CARRY8 (Prop_CARRY8_SLICEL_CI_O[0])
                                                      0.078     2.458 r  control_s_axi_U/int_input_r/tmp_product_i_2/O[0]
                         net (fo=2, routed)           0.555     3.012    control_s_axi_U/int_input_r/A[8]
    SLICE_X22Y22         LUT2 (Prop_A6LUT_SLICEL_I1_O)
                                                      0.188     3.200 r  control_s_axi_U/int_input_r/trunc_ln15_5_reg_648_reg_i_11/O
                         net (fo=1, routed)           0.014     3.214    control_s_axi_U/int_input_r/trunc_ln15_5_reg_648_reg_i_11_n_0
    SLICE_X22Y22         CARRY8 (Prop_CARRY8_SLICEL_S[0]_O[7])
                                                      0.348     3.562 r  control_s_axi_U/int_input_r/trunc_ln15_5_reg_648_reg_i_2/O[7]
                         net (fo=18, routed)          0.274     3.837    trunc_ln15_5_reg_648_reg/A[21]
    DSP48E2_X5Y8         DSP_A_B_DATA                                 r  trunc_ln15_5_reg_648_reg/DSP_A_B_DATA_INST/A[21]
  -------------------------------------------------------------------    -------------------

                         (clock ap_clk rise edge)     4.500     4.500 r  
                                                      0.000     4.500 r  ap_clk (IN)
                         net (fo=462, unset)          0.055     4.555    trunc_ln15_5_reg_648_reg/CLK
    DSP48E2_X5Y8         DSP_A_B_DATA                                 r  trunc_ln15_5_reg_648_reg/DSP_A_B_DATA_INST/CLK
                         clock pessimism              0.000     4.555    
                         clock uncertainty           -0.035     4.520    
    DSP48E2_X5Y8         DSP_A_B_DATA (Setup_DSP_A_B_DATA_DSP48E2_CLK_A[21])
                                                     -0.508     4.012    trunc_ln15_5_reg_648_reg/DSP_A_B_DATA_INST
  -------------------------------------------------------------------
                         required time                          4.012    
                         arrival time                          -3.837    
  -------------------------------------------------------------------
                         slack                                  0.175    

Slack (MET) :             0.177ns  (required time - arrival time)
  Source:                 control_s_axi_U/int_input_r/mem_reg/CLKBWRCLK
                            (rising edge-triggered cell RAMB36E2 clocked by ap_clk  {rise@0.000ns fall@2.250ns period=4.500ns})
  Destination:            trunc_ln15_5_reg_648_reg/DSP_A_B_DATA_INST/A[13]
                            (rising edge-triggered cell DSP_A_B_DATA clocked by ap_clk  {rise@0.000ns fall@2.250ns period=4.500ns})
  Path Group:             ap_clk
  Path Type:              Setup (Max at Slow Process Corner)
  Requirement:            4.500ns  (ap_clk rise@4.500ns - ap_clk rise@0.000ns)
  Data Path Delay:        3.710ns  (logic 2.337ns (62.985%)  route 1.373ns (37.015%))
  Logic Levels:           5  (CARRY8=3 LUT2=1 LUT4=1)
  Clock Path Skew:        -0.051ns (DCD - SCD + CPR)
    Destination Clock Delay (DCD):    0.055ns = ( 4.555 - 4.500 ) 
    Source Clock Delay      (SCD):    0.106ns
    Clock Pessimism Removal (CPR):    0.000ns
  Clock Uncertainty:      0.035ns  ((TSJ^2 + TIJ^2)^1/2 + DJ) / 2 + PE
    Total System Jitter     (TSJ):    0.071ns
    Total Input Jitter      (TIJ):    0.000ns
    Discrete Jitter          (DJ):    0.000ns
    Phase Error              (PE):    0.000ns

    Location             Delay type                Incr(ns)  Path(ns)    Netlist Resource(s)
  -------------------------------------------------------------------    -------------------
                         (clock ap_clk rise edge)     0.000     0.000 r  
                                                      0.000     0.000 r  ap_clk (IN)
                         net (fo=462, unset)          0.106     0.106    control_s_axi_U/int_input_r/ap_clk
    RAMB36_X0Y5          RAMB36E2                                     r  control_s_axi_U/int_input_r/mem_reg/CLKBWRCLK
  -------------------------------------------------------------------    -------------------
    RAMB36_X0Y5          RAMB36E2 (Prop_RAMB36E2_RAMB36_CLKBWRCLK_DOUTBDOUT[5])
                                                      1.305     1.411 r  control_s_axi_U/int_input_r/mem_reg/DOUTBDOUT[5]
                         net (fo=3, routed)           0.505     1.916    control_s_axi_U/int_input_r/int_input_r_q0[5]
    SLICE_X26Y19         LUT4 (Prop_F6LUT_SLICEL_I1_O)
                                                      0.187     2.103 r  control_s_axi_U/int_input_r/tmp_product_i_14__0/O
                         net (fo=1, routed)           0.015     2.118    control_s_axi_U/int_input_r/tmp_product_i_14__0_n_0
    SLICE_X26Y19         CARRY8 (Prop_CARRY8_SLICEL_S[5]_CO[7])
                                                      0.232     2.350 r  control_s_axi_U/int_input_r/tmp_product_i_3__0/CO[7]
                         net (fo=1, routed)           0.030     2.380    control_s_axi_U/int_input_r/tmp_product_i_3__0_n_0
    SLICE_X26Y20         CARRY8 (Prop_CARRY8_SLICEL_CI_O[0])
                                                      0.078     2.458 r  control_s_axi_U/int_input_r/tmp_product_i_2/O[0]
                         net (fo=2, routed)           0.555     3.012    control_s_axi_U/int_input_r/A[8]
    SLICE_X22Y22         LUT2 (Prop_A6LUT_SLICEL_I1_O)
                                                      0.188     3.200 r  control_s_axi_U/int_input_r/trunc_ln15_5_reg_648_reg_i_11/O
                         net (fo=1, routed)           0.014     3.214    control_s_axi_U/int_input_r/trunc_ln15_5_reg_648_reg_i_11_n_0
    SLICE_X22Y22         CARRY8 (Prop_CARRY8_SLICEL_S[0]_O[5])
                                                      0.347     3.561 r  control_s_axi_U/int_input_r/trunc_ln15_5_reg_648_reg_i_2/O[5]
                         net (fo=4, routed)           0.255     3.816    trunc_ln15_5_reg_648_reg/A[13]
    DSP48E2_X5Y8         DSP_A_B_DATA                                 r  trunc_ln15_5_reg_648_reg/DSP_A_B_DATA_INST/A[13]
  -------------------------------------------------------------------    -------------------

                         (clock ap_clk rise edge)     4.500     4.500 r  
                                                      0.000     4.500 r  ap_clk (IN)
                         net (fo=462, unset)          0.055     4.555    trunc_ln15_5_reg_648_reg/CLK
    DSP48E2_X5Y8         DSP_A_B_DATA                                 r  trunc_ln15_5_reg_648_reg/DSP_A_B_DATA_INST/CLK
                         clock pessimism              0.000     4.555    
                         clock uncertainty           -0.035     4.520    
    DSP48E2_X5Y8         DSP_A_B_DATA (Setup_DSP_A_B_DATA_DSP48E2_CLK_A[13])
                                                     -0.526     3.994    trunc_ln15_5_reg_648_reg/DSP_A_B_DATA_INST
  -------------------------------------------------------------------
                         required time                          3.994    
                         arrival time                          -3.816    
  -------------------------------------------------------------------
                         slack                                  0.177    

Slack (MET) :             0.196ns  (required time - arrival time)
  Source:                 control_s_axi_U/int_input_r/mem_reg/CLKBWRCLK
                            (rising edge-triggered cell RAMB36E2 clocked by ap_clk  {rise@0.000ns fall@2.250ns period=4.500ns})
  Destination:            trunc_ln15_5_reg_648_reg/DSP_A_B_DATA_INST/A[14]
                            (rising edge-triggered cell DSP_A_B_DATA clocked by ap_clk  {rise@0.000ns fall@2.250ns period=4.500ns})
  Path Group:             ap_clk
  Path Type:              Setup (Max at Slow Process Corner)
  Requirement:            4.500ns  (ap_clk rise@4.500ns - ap_clk rise@0.000ns)
  Data Path Delay:        3.707ns  (logic 2.317ns (62.497%)  route 1.390ns (37.503%))
  Logic Levels:           5  (CARRY8=3 LUT2=1 LUT4=1)
  Clock Path Skew:        -0.051ns (DCD - SCD + CPR)
    Destination Clock Delay (DCD):    0.055ns = ( 4.555 - 4.500 ) 
    Source Clock Delay      (SCD):    0.106ns
    Clock Pessimism Removal (CPR):    0.000ns
  Clock Uncertainty:      0.035ns  ((TSJ^2 + TIJ^2)^1/2 + DJ) / 2 + PE
    Total System Jitter     (TSJ):    0.071ns
    Total Input Jitter      (TIJ):    0.000ns
    Discrete Jitter          (DJ):    0.000ns
    Phase Error              (PE):    0.000ns

    Location             Delay type                Incr(ns)  Path(ns)    Netlist Resource(s)
  -------------------------------------------------------------------    -------------------
                         (clock ap_clk rise edge)     0.000     0.000 r  
                                                      0.000     0.000 r  ap_clk (IN)
                         net (fo=462, unset)          0.106     0.106    control_s_axi_U/int_input_r/ap_clk
    RAMB36_X0Y5          RAMB36E2                                     r  control_s_axi_U/int_input_r/mem_reg/CLKBWRCLK
  -------------------------------------------------------------------    -------------------
    RAMB36_X0Y5          RAMB36E2 (Prop_RAMB36E2_RAMB36_CLKBWRCLK_DOUTBDOUT[5])
                                                      1.305     1.411 r  control_s_axi_U/int_input_r/mem_reg/DOUTBDOUT[5]
                         net (fo=3, routed)           0.505     1.916    control_s_axi_U/int_input_r/int_input_r_q0[5]
    SLICE_X26Y19         LUT4 (Prop_F6LUT_SLICEL_I1_O)
                                                      0.187     2.103 r  control_s_axi_U/int_input_r/tmp_product_i_14__0/O
                         net (fo=1, routed)           0.015     2.118    control_s_axi_U/int_input_r/tmp_product_i_14__0_n_0
    SLICE_X26Y19         CARRY8 (Prop_CARRY8_SLICEL_S[5]_CO[7])
                                                      0.232     2.350 r  control_s_axi_U/int_input_r/tmp_product_i_3__0/CO[7]
                         net (fo=1, routed)           0.030     2.380    control_s_axi_U/int_input_r/tmp_product_i_3__0_n_0
    SLICE_X26Y20         CARRY8 (Prop_CARRY8_SLICEL_CI_O[0])
                                                      0.078     2.458 r  control_s_axi_U/int_input_r/tmp_product_i_2/O[0]
                         net (fo=2, routed)           0.555     3.012    control_s_axi_U/int_input_r/A[8]
    SLICE_X22Y22         LUT2 (Prop_A6LUT_SLICEL_I1_O)
                                                      0.188     3.200 r  control_s_axi_U/int_input_r/trunc_ln15_5_reg_648_reg_i_11/O
                         net (fo=1, routed)           0.014     3.214    control_s_axi_U/int_input_r/trunc_ln15_5_reg_648_reg_i_11_n_0
    SLICE_X22Y22         CARRY8 (Prop_CARRY8_SLICEL_S[0]_O[6])
                                                      0.327     3.541 r  control_s_axi_U/int_input_r/trunc_ln15_5_reg_648_reg_i_2/O[6]
                         net (fo=4, routed)           0.272     3.813    trunc_ln15_5_reg_648_reg/A[14]
    DSP48E2_X5Y8         DSP_A_B_DATA                                 r  trunc_ln15_5_reg_648_reg/DSP_A_B_DATA_INST/A[14]
  -------------------------------------------------------------------    -------------------

                         (clock ap_clk rise edge)     4.500     4.500 r  
                                                      0.000     4.500 r  ap_clk (IN)
                         net (fo=462, unset)          0.055     4.555    trunc_ln15_5_reg_648_reg/CLK
    DSP48E2_X5Y8         DSP_A_B_DATA                                 r  trunc_ln15_5_reg_648_reg/DSP_A_B_DATA_INST/CLK
                         clock pessimism              0.000     4.555    
                         clock uncertainty           -0.035     4.520    
    DSP48E2_X5Y8         DSP_A_B_DATA (Setup_DSP_A_B_DATA_DSP48E2_CLK_A[14])
                                                     -0.510     4.010    trunc_ln15_5_reg_648_reg/DSP_A_B_DATA_INST
  -------------------------------------------------------------------
                         required time                          4.010    
                         arrival time                          -3.813    
  -------------------------------------------------------------------
                         slack                                  0.196    

Slack (MET) :             0.208ns  (required time - arrival time)
  Source:                 control_s_axi_U/int_input_r/mem_reg/CLKBWRCLK
                            (rising edge-triggered cell RAMB36E2 clocked by ap_clk  {rise@0.000ns fall@2.250ns period=4.500ns})
  Destination:            trunc_ln15_5_reg_648_reg/DSP_A_B_DATA_INST/A[22]
                            (rising edge-triggered cell DSP_A_B_DATA clocked by ap_clk  {rise@0.000ns fall@2.250ns period=4.500ns})
  Path Group:             ap_clk
  Path Type:              Setup (Max at Slow Process Corner)
  Requirement:            4.500ns  (ap_clk rise@4.500ns - ap_clk rise@0.000ns)
  Data Path Delay:        3.720ns  (logic 2.338ns (62.853%)  route 1.382ns (37.147%))
  Logic Levels:           5  (CARRY8=3 LUT2=1 LUT4=1)
  Clock Path Skew:        -0.051ns (DCD - SCD + CPR)
    Destination Clock Delay (DCD):    0.055ns = ( 4.555 - 4.500 ) 
    Source Clock Delay      (SCD):    0.106ns
    Clock Pessimism Removal (CPR):    0.000ns
  Clock Uncertainty:      0.035ns  ((TSJ^2 + TIJ^2)^1/2 + DJ) / 2 + PE
    Total System Jitter     (TSJ):    0.071ns
    Total Input Jitter      (TIJ):    0.000ns
    Discrete Jitter          (DJ):    0.000ns
    Phase Error              (PE):    0.000ns

    Location             Delay type                Incr(ns)  Path(ns)    Netlist Resource(s)
  -------------------------------------------------------------------    -------------------
                         (clock ap_clk rise edge)     0.000     0.000 r  
                                                      0.000     0.000 r  ap_clk (IN)
                         net (fo=462, unset)          0.106     0.106    control_s_axi_U/int_input_r/ap_clk
    RAMB36_X0Y5          RAMB36E2                                     r  control_s_axi_U/int_input_r/mem_reg/CLKBWRCLK
  -------------------------------------------------------------------    -------------------
    RAMB36_X0Y5          RAMB36E2 (Prop_RAMB36E2_RAMB36_CLKBWRCLK_DOUTBDOUT[5])
                                                      1.305     1.411 r  control_s_axi_U/int_input_r/mem_reg/DOUTBDOUT[5]
                         net (fo=3, routed)           0.505     1.916    control_s_axi_U/int_input_r/int_input_r_q0[5]
    SLICE_X26Y19         LUT4 (Prop_F6LUT_SLICEL_I1_O)
                                                      0.187     2.103 r  control_s_axi_U/int_input_r/tmp_product_i_14__0/O
                         net (fo=1, routed)           0.015     2.118    control_s_axi_U/int_input_r/tmp_product_i_14__0_n_0
    SLICE_X26Y19         CARRY8 (Prop_CARRY8_SLICEL_S[5]_CO[7])
                                                      0.232     2.350 r  control_s_axi_U/int_input_r/tmp_product_i_3__0/CO[7]
                         net (fo=1, routed)           0.030     2.380    control_s_axi_U/int_input_r/tmp_product_i_3__0_n_0
    SLICE_X26Y20         CARRY8 (Prop_CARRY8_SLICEL_CI_O[0])
                                                      0.078     2.458 r  control_s_axi_U/int_input_r/tmp_product_i_2/O[0]
                         net (fo=2, routed)           0.555     3.012    control_s_axi_U/int_input_r/A[8]
    SLICE_X22Y22         LUT2 (Prop_A6LUT_SLICEL_I1_O)
                                                      0.188     3.200 r  control_s_axi_U/int_input_r/trunc_ln15_5_reg_648_reg_i_11/O
                         net (fo=1, routed)           0.014     3.214    control_s_axi_U/int_input_r/trunc_ln15_5_reg_648_reg_i_11_n_0
    SLICE_X22Y22         CARRY8 (Prop_CARRY8_SLICEL_S[0]_O[7])
                                                      0.348     3.562 r  control_s_axi_U/int_input_r/trunc_ln15_5_reg_648_reg_i_2/O[7]
                         net (fo=18, routed)          0.263     3.826    trunc_ln15_5_reg_648_reg/A[22]
    DSP48E2_X5Y8         DSP_A_B_DATA                                 r  trunc_ln15_5_reg_648_reg/DSP_A_B_DATA_INST/A[22]
  -------------------------------------------------------------------    -------------------

                         (clock ap_clk rise edge)     4.500     4.500 r  
                                                      0.000     4.500 r  ap_clk (IN)
                         net (fo=462, unset)          0.055     4.555    trunc_ln15_5_reg_648_reg/CLK
    DSP48E2_X5Y8         DSP_A_B_DATA                                 r  trunc_ln15_5_reg_648_reg/DSP_A_B_DATA_INST/CLK
                         clock pessimism              0.000     4.555    
                         clock uncertainty           -0.035     4.520    
    DSP48E2_X5Y8         DSP_A_B_DATA (Setup_DSP_A_B_DATA_DSP48E2_CLK_A[22])
                                                     -0.486     4.034    trunc_ln15_5_reg_648_reg/DSP_A_B_DATA_INST
  -------------------------------------------------------------------
                         required time                          4.034    
                         arrival time                          -3.826    
  -------------------------------------------------------------------
                         slack                                  0.208    

Slack (MET) :             0.237ns  (required time - arrival time)
  Source:                 control_s_axi_U/int_input_r/mem_reg/CLKBWRCLK
                            (rising edge-triggered cell RAMB36E2 clocked by ap_clk  {rise@0.000ns fall@2.250ns period=4.500ns})
  Destination:            trunc_ln15_5_reg_648_reg/DSP_A_B_DATA_INST/A[18]
                            (rising edge-triggered cell DSP_A_B_DATA clocked by ap_clk  {rise@0.000ns fall@2.250ns period=4.500ns})
  Path Group:             ap_clk
  Path Type:              Setup (Max at Slow Process Corner)
  Requirement:            4.500ns  (ap_clk rise@4.500ns - ap_clk rise@0.000ns)
  Data Path Delay:        3.669ns  (logic 2.338ns (63.716%)  route 1.331ns (36.284%))
  Logic Levels:           5  (CARRY8=3 LUT2=1 LUT4=1)
  Clock Path Skew:        -0.051ns (DCD - SCD + CPR)
    Destination Clock Delay (DCD):    0.055ns = ( 4.555 - 4.500 ) 
    Source Clock Delay      (SCD):    0.106ns
    Clock Pessimism Removal (CPR):    0.000ns
  Clock Uncertainty:      0.035ns  ((TSJ^2 + TIJ^2)^1/2 + DJ) / 2 + PE
    Total System Jitter     (TSJ):    0.071ns
    Total Input Jitter      (TIJ):    0.000ns
    Discrete Jitter          (DJ):    0.000ns
    Phase Error              (PE):    0.000ns

    Location             Delay type                Incr(ns)  Path(ns)    Netlist Resource(s)
  -------------------------------------------------------------------    -------------------
                         (clock ap_clk rise edge)     0.000     0.000 r  
                                                      0.000     0.000 r  ap_clk (IN)
                         net (fo=462, unset)          0.106     0.106    control_s_axi_U/int_input_r/ap_clk
    RAMB36_X0Y5          RAMB36E2                                     r  control_s_axi_U/int_input_r/mem_reg/CLKBWRCLK
  -------------------------------------------------------------------    -------------------
    RAMB36_X0Y5          RAMB36E2 (Prop_RAMB36E2_RAMB36_CLKBWRCLK_DOUTBDOUT[5])
                                                      1.305     1.411 r  control_s_axi_U/int_input_r/mem_reg/DOUTBDOUT[5]
                         net (fo=3, routed)           0.505     1.916    control_s_axi_U/int_input_r/int_input_r_q0[5]
    SLICE_X26Y19         LUT4 (Prop_F6LUT_SLICEL_I1_O)
                                                      0.187     2.103 r  control_s_axi_U/int_input_r/tmp_product_i_14__0/O
                         net (fo=1, routed)           0.015     2.118    control_s_axi_U/int_input_r/tmp_product_i_14__0_n_0
    SLICE_X26Y19         CARRY8 (Prop_CARRY8_SLICEL_S[5]_CO[7])
                                                      0.232     2.350 r  control_s_axi_U/int_input_r/tmp_product_i_3__0/CO[7]
                         net (fo=1, routed)           0.030     2.380    control_s_axi_U/int_input_r/tmp_product_i_3__0_n_0
    SLICE_X26Y20         CARRY8 (Prop_CARRY8_SLICEL_CI_O[0])
                                                      0.078     2.458 r  control_s_axi_U/int_input_r/tmp_product_i_2/O[0]
                         net (fo=2, routed)           0.555     3.012    control_s_axi_U/int_input_r/A[8]
    SLICE_X22Y22         LUT2 (Prop_A6LUT_SLICEL_I1_O)
                                                      0.188     3.200 r  control_s_axi_U/int_input_r/trunc_ln15_5_reg_648_reg_i_11/O
                         net (fo=1, routed)           0.014     3.214    control_s_axi_U/int_input_r/trunc_ln15_5_reg_648_reg_i_11_n_0
    SLICE_X22Y22         CARRY8 (Prop_CARRY8_SLICEL_S[0]_O[7])
                                                      0.348     3.562 r  control_s_axi_U/int_input_r/trunc_ln15_5_reg_648_reg_i_2/O[7]
                         net (fo=18, routed)          0.213     3.775    trunc_ln15_5_reg_648_reg/A[18]
    DSP48E2_X5Y8         DSP_A_B_DATA                                 r  trunc_ln15_5_reg_648_reg/DSP_A_B_DATA_INST/A[18]
  -------------------------------------------------------------------    -------------------

                         (clock ap_clk rise edge)     4.500     4.500 r  
                                                      0.000     4.500 r  ap_clk (IN)
                         net (fo=462, unset)          0.055     4.555    trunc_ln15_5_reg_648_reg/CLK
    DSP48E2_X5Y8         DSP_A_B_DATA                                 r  trunc_ln15_5_reg_648_reg/DSP_A_B_DATA_INST/CLK
                         clock pessimism              0.000     4.555    
                         clock uncertainty           -0.035     4.520    
    DSP48E2_X5Y8         DSP_A_B_DATA (Setup_DSP_A_B_DATA_DSP48E2_CLK_A[18])
                                                     -0.507     4.013    trunc_ln15_5_reg_648_reg/DSP_A_B_DATA_INST
  -------------------------------------------------------------------
                         required time                          4.013    
                         arrival time                          -3.775    
  -------------------------------------------------------------------
                         slack                                  0.237    

Slack (MET) :             0.238ns  (required time - arrival time)
  Source:                 control_s_axi_U/int_input_r/mem_reg/CLKBWRCLK
                            (rising edge-triggered cell RAMB36E2 clocked by ap_clk  {rise@0.000ns fall@2.250ns period=4.500ns})
  Destination:            trunc_ln15_5_reg_648_reg/DSP_A_B_DATA_INST/A[20]
                            (rising edge-triggered cell DSP_A_B_DATA clocked by ap_clk  {rise@0.000ns fall@2.250ns period=4.500ns})
  Path Group:             ap_clk
  Path Type:              Setup (Max at Slow Process Corner)
  Requirement:            4.500ns  (ap_clk rise@4.500ns - ap_clk rise@0.000ns)
  Data Path Delay:        3.660ns  (logic 2.338ns (63.874%)  route 1.322ns (36.126%))
  Logic Levels:           5  (CARRY8=3 LUT2=1 LUT4=1)
  Clock Path Skew:        -0.051ns (DCD - SCD + CPR)
    Destination Clock Delay (DCD):    0.055ns = ( 4.555 - 4.500 ) 
    Source Clock Delay      (SCD):    0.106ns
    Clock Pessimism Removal (CPR):    0.000ns
  Clock Uncertainty:      0.035ns  ((TSJ^2 + TIJ^2)^1/2 + DJ) / 2 + PE
    Total System Jitter     (TSJ):    0.071ns
    Total Input Jitter      (TIJ):    0.000ns
    Discrete Jitter          (DJ):    0.000ns
    Phase Error              (PE):    0.000ns

    Location             Delay type                Incr(ns)  Path(ns)    Netlist Resource(s)
  -------------------------------------------------------------------    -------------------
                         (clock ap_clk rise edge)     0.000     0.000 r  
                                                      0.000     0.000 r  ap_clk (IN)
                         net (fo=462, unset)          0.106     0.106    control_s_axi_U/int_input_r/ap_clk
    RAMB36_X0Y5          RAMB36E2                                     r  control_s_axi_U/int_input_r/mem_reg/CLKBWRCLK
  -------------------------------------------------------------------    -------------------
    RAMB36_X0Y5          RAMB36E2 (Prop_RAMB36E2_RAMB36_CLKBWRCLK_DOUTBDOUT[5])
                                                      1.305     1.411 r  control_s_axi_U/int_input_r/mem_reg/DOUTBDOUT[5]
                         net (fo=3, routed)           0.505     1.916    control_s_axi_U/int_input_r/int_input_r_q0[5]
    SLICE_X26Y19         LUT4 (Prop_F6LUT_SLICEL_I1_O)
                                                      0.187     2.103 r  control_s_axi_U/int_input_r/tmp_product_i_14__0/O
                         net (fo=1, routed)           0.015     2.118    control_s_axi_U/int_input_r/tmp_product_i_14__0_n_0
    SLICE_X26Y19         CARRY8 (Prop_CARRY8_SLICEL_S[5]_CO[7])
                                                      0.232     2.350 r  control_s_axi_U/int_input_r/tmp_product_i_3__0/CO[7]
                         net (fo=1, routed)           0.030     2.380    control_s_axi_U/int_input_r/tmp_product_i_3__0_n_0
    SLICE_X26Y20         CARRY8 (Prop_CARRY8_SLICEL_CI_O[0])
                                                      0.078     2.458 r  control_s_axi_U/int_input_r/tmp_product_i_2/O[0]
                         net (fo=2, routed)           0.555     3.012    control_s_axi_U/int_input_r/A[8]
    SLICE_X22Y22         LUT2 (Prop_A6LUT_SLICEL_I1_O)
                                                      0.188     3.200 r  control_s_axi_U/int_input_r/trunc_ln15_5_reg_648_reg_i_11/O
                         net (fo=1, routed)           0.014     3.214    control_s_axi_U/int_input_r/trunc_ln15_5_reg_648_reg_i_11_n_0
    SLICE_X22Y22         CARRY8 (Prop_CARRY8_SLICEL_S[0]_O[7])
                                                      0.348     3.562 r  control_s_axi_U/int_input_r/trunc_ln15_5_reg_648_reg_i_2/O[7]
                         net (fo=18, routed)          0.204     3.766    trunc_ln15_5_reg_648_reg/A[20]
    DSP48E2_X5Y8         DSP_A_B_DATA                                 r  trunc_ln15_5_reg_648_reg/DSP_A_B_DATA_INST/A[20]
  -------------------------------------------------------------------    -------------------

                         (clock ap_clk rise edge)     4.500     4.500 r  
                                                      0.000     4.500 r  ap_clk (IN)
                         net (fo=462, unset)          0.055     4.555    trunc_ln15_5_reg_648_reg/CLK
    DSP48E2_X5Y8         DSP_A_B_DATA                                 r  trunc_ln15_5_reg_648_reg/DSP_A_B_DATA_INST/CLK
                         clock pessimism              0.000     4.555    
                         clock uncertainty           -0.035     4.520    
    DSP48E2_X5Y8         DSP_A_B_DATA (Setup_DSP_A_B_DATA_DSP48E2_CLK_A[20])
                                                     -0.515     4.005    trunc_ln15_5_reg_648_reg/DSP_A_B_DATA_INST
  -------------------------------------------------------------------
                         required time                          4.005    
                         arrival time                          -3.766    
  -------------------------------------------------------------------
                         slack                                  0.238    

Slack (MET) :             0.246ns  (required time - arrival time)
  Source:                 control_s_axi_U/int_input_r/mem_reg/CLKBWRCLK
                            (rising edge-triggered cell RAMB36E2 clocked by ap_clk  {rise@0.000ns fall@2.250ns period=4.500ns})
  Destination:            trunc_ln15_5_reg_648_reg/DSP_A_B_DATA_INST/A[9]
                            (rising edge-triggered cell DSP_A_B_DATA clocked by ap_clk  {rise@0.000ns fall@2.250ns period=4.500ns})
  Path Group:             ap_clk
  Path Type:              Setup (Max at Slow Process Corner)
  Requirement:            4.500ns  (ap_clk rise@4.500ns - ap_clk rise@0.000ns)
  Data Path Delay:        3.638ns  (logic 2.175ns (59.792%)  route 1.463ns (40.208%))
  Logic Levels:           5  (CARRY8=3 LUT2=1 LUT4=1)
  Clock Path Skew:        -0.051ns (DCD - SCD + CPR)
    Destination Clock Delay (DCD):    0.055ns = ( 4.555 - 4.500 ) 
    Source Clock Delay      (SCD):    0.106ns
    Clock Pessimism Removal (CPR):    0.000ns
  Clock Uncertainty:      0.035ns  ((TSJ^2 + TIJ^2)^1/2 + DJ) / 2 + PE
    Total System Jitter     (TSJ):    0.071ns
    Total Input Jitter      (TIJ):    0.000ns
    Discrete Jitter          (DJ):    0.000ns
    Phase Error              (PE):    0.000ns

    Location             Delay type                Incr(ns)  Path(ns)    Netlist Resource(s)
  -------------------------------------------------------------------    -------------------
                         (clock ap_clk rise edge)     0.000     0.000 r  
                                                      0.000     0.000 r  ap_clk (IN)
                         net (fo=462, unset)          0.106     0.106    control_s_axi_U/int_input_r/ap_clk
    RAMB36_X0Y5          RAMB36E2                                     r  control_s_axi_U/int_input_r/mem_reg/CLKBWRCLK
  -------------------------------------------------------------------    -------------------
    RAMB36_X0Y5          RAMB36E2 (Prop_RAMB36E2_RAMB36_CLKBWRCLK_DOUTBDOUT[1])
                                                      1.331     1.437 r  control_s_axi_U/int_input_r/mem_reg/DOUTBDOUT[1]
                         net (fo=3, routed)           0.488     1.925    control_s_axi_U/int_input_r/int_input_r_q0[1]
    SLICE_X26Y19         LUT4 (Prop_B6LUT_SLICEL_I1_O)
                                                      0.083     2.008 r  control_s_axi_U/int_input_r/tmp_product_i_18__0/O
                         net (fo=1, routed)           0.013     2.021    control_s_axi_U/int_input_r/tmp_product_i_18__0_n_0
    SLICE_X26Y19         CARRY8 (Prop_CARRY8_SLICEL_S[1]_O[5])
                                                      0.326     2.347 r  control_s_axi_U/int_input_r/tmp_product_i_3__0/O[5]
                         net (fo=2, routed)           0.630     2.977    control_s_axi_U/int_input_r/A[5]
    SLICE_X22Y21         LUT2 (Prop_F6LUT_SLICEL_I1_O)
                                                      0.081     3.058 r  control_s_axi_U/int_input_r/trunc_ln15_5_reg_648_reg_i_14/O
                         net (fo=1, routed)           0.015     3.073    control_s_axi_U/int_input_r/trunc_ln15_5_reg_648_reg_i_14_n_0
    SLICE_X22Y21         CARRY8 (Prop_CARRY8_SLICEL_S[5]_CO[7])
                                                      0.232     3.305 r  control_s_axi_U/int_input_r/trunc_ln15_5_reg_648_reg_i_3/CO[7]
                         net (fo=1, routed)           0.030     3.335    control_s_axi_U/int_input_r/trunc_ln15_5_reg_648_reg_i_3_n_0
    SLICE_X22Y22         CARRY8 (Prop_CARRY8_SLICEL_CI_O[1])
                                                      0.122     3.457 r  control_s_axi_U/int_input_r/trunc_ln15_5_reg_648_reg_i_2/O[1]
                         net (fo=4, routed)           0.287     3.744    trunc_ln15_5_reg_648_reg/A[9]
    DSP48E2_X5Y8         DSP_A_B_DATA                                 r  trunc_ln15_5_reg_648_reg/DSP_A_B_DATA_INST/A[9]
  -------------------------------------------------------------------    -------------------

                         (clock ap_clk rise edge)     4.500     4.500 r  
                                                      0.000     4.500 r  ap_clk (IN)
                         net (fo=462, unset)          0.055     4.555    trunc_ln15_5_reg_648_reg/CLK
    DSP48E2_X5Y8         DSP_A_B_DATA                                 r  trunc_ln15_5_reg_648_reg/DSP_A_B_DATA_INST/CLK
                         clock pessimism              0.000     4.555    
                         clock uncertainty           -0.035     4.520    
    DSP48E2_X5Y8         DSP_A_B_DATA (Setup_DSP_A_B_DATA_DSP48E2_CLK_A[9])
                                                     -0.530     3.990    trunc_ln15_5_reg_648_reg/DSP_A_B_DATA_INST
  -------------------------------------------------------------------
                         required time                          3.990    
                         arrival time                          -3.744    
  -------------------------------------------------------------------
                         slack                                  0.246    

Slack (MET) :             0.248ns  (required time - arrival time)
  Source:                 control_s_axi_U/int_input_r/mem_reg/CLKBWRCLK
                            (rising edge-triggered cell RAMB36E2 clocked by ap_clk  {rise@0.000ns fall@2.250ns period=4.500ns})
  Destination:            trunc_ln15_5_reg_648_reg/DSP_A_B_DATA_INST/A[10]
                            (rising edge-triggered cell DSP_A_B_DATA clocked by ap_clk  {rise@0.000ns fall@2.250ns period=4.500ns})
  Path Group:             ap_clk
  Path Type:              Setup (Max at Slow Process Corner)
  Requirement:            4.500ns  (ap_clk rise@4.500ns - ap_clk rise@0.000ns)
  Data Path Delay:        3.642ns  (logic 2.162ns (59.369%)  route 1.480ns (40.631%))
  Logic Levels:           5  (CARRY8=3 LUT2=1 LUT4=1)
  Clock Path Skew:        -0.051ns (DCD - SCD + CPR)
    Destination Clock Delay (DCD):    0.055ns = ( 4.555 - 4.500 ) 
    Source Clock Delay      (SCD):    0.106ns
    Clock Pessimism Removal (CPR):    0.000ns
  Clock Uncertainty:      0.035ns  ((TSJ^2 + TIJ^2)^1/2 + DJ) / 2 + PE
    Total System Jitter     (TSJ):    0.071ns
    Total Input Jitter      (TIJ):    0.000ns
    Discrete Jitter          (DJ):    0.000ns
    Phase Error              (PE):    0.000ns

    Location             Delay type                Incr(ns)  Path(ns)    Netlist Resource(s)
  -------------------------------------------------------------------    -------------------
                         (clock ap_clk rise edge)     0.000     0.000 r  
                                                      0.000     0.000 r  ap_clk (IN)
                         net (fo=462, unset)          0.106     0.106    control_s_axi_U/int_input_r/ap_clk
    RAMB36_X0Y5          RAMB36E2                                     r  control_s_axi_U/int_input_r/mem_reg/CLKBWRCLK
  -------------------------------------------------------------------    -------------------
    RAMB36_X0Y5          RAMB36E2 (Prop_RAMB36E2_RAMB36_CLKBWRCLK_DOUTBDOUT[1])
                                                      1.331     1.437 r  control_s_axi_U/int_input_r/mem_reg/DOUTBDOUT[1]
                         net (fo=3, routed)           0.488     1.925    control_s_axi_U/int_input_r/int_input_r_q0[1]
    SLICE_X26Y19         LUT4 (Prop_B6LUT_SLICEL_I1_O)
                                                      0.083     2.008 r  control_s_axi_U/int_input_r/tmp_product_i_18__0/O
                         net (fo=1, routed)           0.013     2.021    control_s_axi_U/int_input_r/tmp_product_i_18__0_n_0
    SLICE_X26Y19         CARRY8 (Prop_CARRY8_SLICEL_S[1]_O[5])
                                                      0.326     2.347 r  control_s_axi_U/int_input_r/tmp_product_i_3__0/O[5]
                         net (fo=2, routed)           0.630     2.977    control_s_axi_U/int_input_r/A[5]
    SLICE_X22Y21         LUT2 (Prop_F6LUT_SLICEL_I1_O)
                                                      0.081     3.058 r  control_s_axi_U/int_input_r/trunc_ln15_5_reg_648_reg_i_14/O
                         net (fo=1, routed)           0.015     3.073    control_s_axi_U/int_input_r/trunc_ln15_5_reg_648_reg_i_14_n_0
    SLICE_X22Y21         CARRY8 (Prop_CARRY8_SLICEL_S[5]_CO[7])
                                                      0.232     3.305 r  control_s_axi_U/int_input_r/trunc_ln15_5_reg_648_reg_i_3/CO[7]
                         net (fo=1, routed)           0.030     3.335    control_s_axi_U/int_input_r/trunc_ln15_5_reg_648_reg_i_3_n_0
    SLICE_X22Y22         CARRY8 (Prop_CARRY8_SLICEL_CI_O[2])
                                                      0.109     3.444 r  control_s_axi_U/int_input_r/trunc_ln15_5_reg_648_reg_i_2/O[2]
                         net (fo=4, routed)           0.304     3.748    trunc_ln15_5_reg_648_reg/A[10]
    DSP48E2_X5Y8         DSP_A_B_DATA                                 r  trunc_ln15_5_reg_648_reg/DSP_A_B_DATA_INST/A[10]
  -------------------------------------------------------------------    -------------------

                         (clock ap_clk rise edge)     4.500     4.500 r  
                                                      0.000     4.500 r  ap_clk (IN)
                         net (fo=462, unset)          0.055     4.555    trunc_ln15_5_reg_648_reg/CLK
    DSP48E2_X5Y8         DSP_A_B_DATA                                 r  trunc_ln15_5_reg_648_reg/DSP_A_B_DATA_INST/CLK
                         clock pessimism              0.000     4.555    
                         clock uncertainty           -0.035     4.520    
    DSP48E2_X5Y8         DSP_A_B_DATA (Setup_DSP_A_B_DATA_DSP48E2_CLK_A[10])
                                                     -0.524     3.996    trunc_ln15_5_reg_648_reg/DSP_A_B_DATA_INST
  -------------------------------------------------------------------
                         required time                          3.996    
                         arrival time                          -3.748    
  -------------------------------------------------------------------
                         slack                                  0.248    

Slack (MET) :             0.261ns  (required time - arrival time)
  Source:                 control_s_axi_U/int_input_r/mem_reg/CLKBWRCLK
                            (rising edge-triggered cell RAMB36E2 clocked by ap_clk  {rise@0.000ns fall@2.250ns period=4.500ns})
  Destination:            trunc_ln15_5_reg_648_reg/DSP_A_B_DATA_INST/A[16]
                            (rising edge-triggered cell DSP_A_B_DATA clocked by ap_clk  {rise@0.000ns fall@2.250ns period=4.500ns})
  Path Group:             ap_clk
  Path Type:              Setup (Max at Slow Process Corner)
  Requirement:            4.500ns  (ap_clk rise@4.500ns - ap_clk rise@0.000ns)
  Data Path Delay:        3.657ns  (logic 2.338ns (63.925%)  route 1.319ns (36.075%))
  Logic Levels:           5  (CARRY8=3 LUT2=1 LUT4=1)
  Clock Path Skew:        -0.051ns (DCD - SCD + CPR)
    Destination Clock Delay (DCD):    0.055ns = ( 4.555 - 4.500 ) 
    Source Clock Delay      (SCD):    0.106ns
    Clock Pessimism Removal (CPR):    0.000ns
  Clock Uncertainty:      0.035ns  ((TSJ^2 + TIJ^2)^1/2 + DJ) / 2 + PE
    Total System Jitter     (TSJ):    0.071ns
    Total Input Jitter      (TIJ):    0.000ns
    Discrete Jitter          (DJ):    0.000ns
    Phase Error              (PE):    0.000ns

    Location             Delay type                Incr(ns)  Path(ns)    Netlist Resource(s)
  -------------------------------------------------------------------    -------------------
                         (clock ap_clk rise edge)     0.000     0.000 r  
                                                      0.000     0.000 r  ap_clk (IN)
                         net (fo=462, unset)          0.106     0.106    control_s_axi_U/int_input_r/ap_clk
    RAMB36_X0Y5          RAMB36E2                                     r  control_s_axi_U/int_input_r/mem_reg/CLKBWRCLK
  -------------------------------------------------------------------    -------------------
    RAMB36_X0Y5          RAMB36E2 (Prop_RAMB36E2_RAMB36_CLKBWRCLK_DOUTBDOUT[5])
                                                      1.305     1.411 r  control_s_axi_U/int_input_r/mem_reg/DOUTBDOUT[5]
                         net (fo=3, routed)           0.505     1.916    control_s_axi_U/int_input_r/int_input_r_q0[5]
    SLICE_X26Y19         LUT4 (Prop_F6LUT_SLICEL_I1_O)
                                                      0.187     2.103 r  control_s_axi_U/int_input_r/tmp_product_i_14__0/O
                         net (fo=1, routed)           0.015     2.118    control_s_axi_U/int_input_r/tmp_product_i_14__0_n_0
    SLICE_X26Y19         CARRY8 (Prop_CARRY8_SLICEL_S[5]_CO[7])
                                                      0.232     2.350 r  control_s_axi_U/int_input_r/tmp_product_i_3__0/CO[7]
                         net (fo=1, routed)           0.030     2.380    control_s_axi_U/int_input_r/tmp_product_i_3__0_n_0
    SLICE_X26Y20         CARRY8 (Prop_CARRY8_SLICEL_CI_O[0])
                                                      0.078     2.458 r  control_s_axi_U/int_input_r/tmp_product_i_2/O[0]
                         net (fo=2, routed)           0.555     3.012    control_s_axi_U/int_input_r/A[8]
    SLICE_X22Y22         LUT2 (Prop_A6LUT_SLICEL_I1_O)
                                                      0.188     3.200 r  control_s_axi_U/int_input_r/trunc_ln15_5_reg_648_reg_i_11/O
                         net (fo=1, routed)           0.014     3.214    control_s_axi_U/int_input_r/trunc_ln15_5_reg_648_reg_i_11_n_0
    SLICE_X22Y22         CARRY8 (Prop_CARRY8_SLICEL_S[0]_O[7])
                                                      0.348     3.562 r  control_s_axi_U/int_input_r/trunc_ln15_5_reg_648_reg_i_2/O[7]
                         net (fo=18, routed)          0.201     3.763    trunc_ln15_5_reg_648_reg/A[16]
    DSP48E2_X5Y8         DSP_A_B_DATA                                 r  trunc_ln15_5_reg_648_reg/DSP_A_B_DATA_INST/A[16]
  -------------------------------------------------------------------    -------------------

                         (clock ap_clk rise edge)     4.500     4.500 r  
                                                      0.000     4.500 r  ap_clk (IN)
                         net (fo=462, unset)          0.055     4.555    trunc_ln15_5_reg_648_reg/CLK
    DSP48E2_X5Y8         DSP_A_B_DATA                                 r  trunc_ln15_5_reg_648_reg/DSP_A_B_DATA_INST/CLK
                         clock pessimism              0.000     4.555    
                         clock uncertainty           -0.035     4.520    
    DSP48E2_X5Y8         DSP_A_B_DATA (Setup_DSP_A_B_DATA_DSP48E2_CLK_A[16])
                                                     -0.495     4.025    trunc_ln15_5_reg_648_reg/DSP_A_B_DATA_INST
  -------------------------------------------------------------------
                         required time                          4.025    
                         arrival time                          -3.763    
  -------------------------------------------------------------------
                         slack                                  0.261    

Slack (MET) :             0.263ns  (required time - arrival time)
  Source:                 control_s_axi_U/int_input_r/mem_reg/CLKBWRCLK
                            (rising edge-triggered cell RAMB36E2 clocked by ap_clk  {rise@0.000ns fall@2.250ns period=4.500ns})
  Destination:            trunc_ln15_5_reg_648_reg/DSP_A_B_DATA_INST/A[12]
                            (rising edge-triggered cell DSP_A_B_DATA clocked by ap_clk  {rise@0.000ns fall@2.250ns period=4.500ns})
  Path Group:             ap_clk
  Path Type:              Setup (Max at Slow Process Corner)
  Requirement:            4.500ns  (ap_clk rise@4.500ns - ap_clk rise@0.000ns)
  Data Path Delay:        3.650ns  (logic 2.291ns (62.761%)  route 1.359ns (37.239%))
  Logic Levels:           5  (CARRY8=3 LUT2=1 LUT4=1)
  Clock Path Skew:        -0.051ns (DCD - SCD + CPR)
    Destination Clock Delay (DCD):    0.055ns = ( 4.555 - 4.500 ) 
    Source Clock Delay      (SCD):    0.106ns
    Clock Pessimism Removal (CPR):    0.000ns
  Clock Uncertainty:      0.035ns  ((TSJ^2 + TIJ^2)^1/2 + DJ) / 2 + PE
    Total System Jitter     (TSJ):    0.071ns
    Total Input Jitter      (TIJ):    0.000ns
    Discrete Jitter          (DJ):    0.000ns
    Phase Error              (PE):    0.000ns

    Location             Delay type                Incr(ns)  Path(ns)    Netlist Resource(s)
  -------------------------------------------------------------------    -------------------
                         (clock ap_clk rise edge)     0.000     0.000 r  
                                                      0.000     0.000 r  ap_clk (IN)
                         net (fo=462, unset)          0.106     0.106    control_s_axi_U/int_input_r/ap_clk
    RAMB36_X0Y5          RAMB36E2                                     r  control_s_axi_U/int_input_r/mem_reg/CLKBWRCLK
  -------------------------------------------------------------------    -------------------
    RAMB36_X0Y5          RAMB36E2 (Prop_RAMB36E2_RAMB36_CLKBWRCLK_DOUTBDOUT[5])
                                                      1.305     1.411 r  control_s_axi_U/int_input_r/mem_reg/DOUTBDOUT[5]
                         net (fo=3, routed)           0.505     1.916    control_s_axi_U/int_input_r/int_input_r_q0[5]
    SLICE_X26Y19         LUT4 (Prop_F6LUT_SLICEL_I1_O)
                                                      0.187     2.103 r  control_s_axi_U/int_input_r/tmp_product_i_14__0/O
                         net (fo=1, routed)           0.015     2.118    control_s_axi_U/int_input_r/tmp_product_i_14__0_n_0
    SLICE_X26Y19         CARRY8 (Prop_CARRY8_SLICEL_S[5]_CO[7])
                                                      0.232     2.350 r  control_s_axi_U/int_input_r/tmp_product_i_3__0/CO[7]
                         net (fo=1, routed)           0.030     2.380    control_s_axi_U/int_input_r/tmp_product_i_3__0_n_0
    SLICE_X26Y20         CARRY8 (Prop_CARRY8_SLICEL_CI_O[0])
                                                      0.078     2.458 r  control_s_axi_U/int_input_r/tmp_product_i_2/O[0]
                         net (fo=2, routed)           0.555     3.012    control_s_axi_U/int_input_r/A[8]
    SLICE_X22Y22         LUT2 (Prop_A6LUT_SLICEL_I1_O)
                                                      0.188     3.200 r  control_s_axi_U/int_input_r/trunc_ln15_5_reg_648_reg_i_11/O
                         net (fo=1, routed)           0.014     3.214    control_s_axi_U/int_input_r/trunc_ln15_5_reg_648_reg_i_11_n_0
    SLICE_X22Y22         CARRY8 (Prop_CARRY8_SLICEL_S[0]_O[4])
                                                      0.301     3.515 r  control_s_axi_U/int_input_r/trunc_ln15_5_reg_648_reg_i_2/O[4]
                         net (fo=4, routed)           0.241     3.756    trunc_ln15_5_reg_648_reg/A[12]
    DSP48E2_X5Y8         DSP_A_B_DATA                                 r  trunc_ln15_5_reg_648_reg/DSP_A_B_DATA_INST/A[12]
  -------------------------------------------------------------------    -------------------

                         (clock ap_clk rise edge)     4.500     4.500 r  
                                                      0.000     4.500 r  ap_clk (IN)
                         net (fo=462, unset)          0.055     4.555    trunc_ln15_5_reg_648_reg/CLK
    DSP48E2_X5Y8         DSP_A_B_DATA                                 r  trunc_ln15_5_reg_648_reg/DSP_A_B_DATA_INST/CLK
                         clock pessimism              0.000     4.555    
                         clock uncertainty           -0.035     4.520    
    DSP48E2_X5Y8         DSP_A_B_DATA (Setup_DSP_A_B_DATA_DSP48E2_CLK_A[12])
                                                     -0.500     4.020    trunc_ln15_5_reg_648_reg/DSP_A_B_DATA_INST
  -------------------------------------------------------------------
                         required time                          4.020    
                         arrival time                          -3.756    
  -------------------------------------------------------------------
                         slack                                  0.263    

Slack (MET) :             0.267ns  (required time - arrival time)
  Source:                 control_s_axi_U/int_input_r/mem_reg/CLKBWRCLK
                            (rising edge-triggered cell RAMB36E2 clocked by ap_clk  {rise@0.000ns fall@2.250ns period=4.500ns})
  Destination:            trunc_ln15_5_reg_648_reg/DSP_A_B_DATA_INST/A[17]
                            (rising edge-triggered cell DSP_A_B_DATA clocked by ap_clk  {rise@0.000ns fall@2.250ns period=4.500ns})
  Path Group:             ap_clk
  Path Type:              Setup (Max at Slow Process Corner)
  Requirement:            4.500ns  (ap_clk rise@4.500ns - ap_clk rise@0.000ns)
  Data Path Delay:        3.653ns  (logic 2.338ns (63.995%)  route 1.315ns (36.005%))
  Logic Levels:           5  (CARRY8=3 LUT2=1 LUT4=1)
  Clock Path Skew:        -0.051ns (DCD - SCD + CPR)
    Destination Clock Delay (DCD):    0.055ns = ( 4.555 - 4.500 ) 
    Source Clock Delay      (SCD):    0.106ns
    Clock Pessimism Removal (CPR):    0.000ns
  Clock Uncertainty:      0.035ns  ((TSJ^2 + TIJ^2)^1/2 + DJ) / 2 + PE
    Total System Jitter     (TSJ):    0.071ns
    Total Input Jitter      (TIJ):    0.000ns
    Discrete Jitter          (DJ):    0.000ns
    Phase Error              (PE):    0.000ns

    Location             Delay type                Incr(ns)  Path(ns)    Netlist Resource(s)
  -------------------------------------------------------------------    -------------------
                         (clock ap_clk rise edge)     0.000     0.000 r  
                                                      0.000     0.000 r  ap_clk (IN)
                         net (fo=462, unset)          0.106     0.106    control_s_axi_U/int_input_r/ap_clk
    RAMB36_X0Y5          RAMB36E2                                     r  control_s_axi_U/int_input_r/mem_reg/CLKBWRCLK
  -------------------------------------------------------------------    -------------------
    RAMB36_X0Y5          RAMB36E2 (Prop_RAMB36E2_RAMB36_CLKBWRCLK_DOUTBDOUT[5])
                                                      1.305     1.411 r  control_s_axi_U/int_input_r/mem_reg/DOUTBDOUT[5]
                         net (fo=3, routed)           0.505     1.916    control_s_axi_U/int_input_r/int_input_r_q0[5]
    SLICE_X26Y19         LUT4 (Prop_F6LUT_SLICEL_I1_O)
                                                      0.187     2.103 r  control_s_axi_U/int_input_r/tmp_product_i_14__0/O
                         net (fo=1, routed)           0.015     2.118    control_s_axi_U/int_input_r/tmp_product_i_14__0_n_0
    SLICE_X26Y19         CARRY8 (Prop_CARRY8_SLICEL_S[5]_CO[7])
                                                      0.232     2.350 r  control_s_axi_U/int_input_r/tmp_product_i_3__0/CO[7]
                         net (fo=1, routed)           0.030     2.380    control_s_axi_U/int_input_r/tmp_product_i_3__0_n_0
    SLICE_X26Y20         CARRY8 (Prop_CARRY8_SLICEL_CI_O[0])
                                                      0.078     2.458 r  control_s_axi_U/int_input_r/tmp_product_i_2/O[0]
                         net (fo=2, routed)           0.555     3.012    control_s_axi_U/int_input_r/A[8]
    SLICE_X22Y22         LUT2 (Prop_A6LUT_SLICEL_I1_O)
                                                      0.188     3.200 r  control_s_axi_U/int_input_r/trunc_ln15_5_reg_648_reg_i_11/O
                         net (fo=1, routed)           0.014     3.214    control_s_axi_U/int_input_r/trunc_ln15_5_reg_648_reg_i_11_n_0
    SLICE_X22Y22         CARRY8 (Prop_CARRY8_SLICEL_S[0]_O[7])
                                                      0.348     3.562 r  control_s_axi_U/int_input_r/trunc_ln15_5_reg_648_reg_i_2/O[7]
                         net (fo=18, routed)          0.197     3.759    trunc_ln15_5_reg_648_reg/A[17]
    DSP48E2_X5Y8         DSP_A_B_DATA                                 r  trunc_ln15_5_reg_648_reg/DSP_A_B_DATA_INST/A[17]
  -------------------------------------------------------------------    -------------------

                         (clock ap_clk rise edge)     4.500     4.500 r  
                                                      0.000     4.500 r  ap_clk (IN)
                         net (fo=462, unset)          0.055     4.555    trunc_ln15_5_reg_648_reg/CLK
    DSP48E2_X5Y8         DSP_A_B_DATA                                 r  trunc_ln15_5_reg_648_reg/DSP_A_B_DATA_INST/CLK
                         clock pessimism              0.000     4.555    
                         clock uncertainty           -0.035     4.520    
    DSP48E2_X5Y8         DSP_A_B_DATA (Setup_DSP_A_B_DATA_DSP48E2_CLK_A[17])
                                                     -0.493     4.027    trunc_ln15_5_reg_648_reg/DSP_A_B_DATA_INST
  -------------------------------------------------------------------
                         required time                          4.027    
                         arrival time                          -3.759    
  -------------------------------------------------------------------
                         slack                                  0.267    

Slack (MET) :             0.271ns  (required time - arrival time)
  Source:                 control_s_axi_U/int_input_r/mem_reg/CLKBWRCLK
                            (rising edge-triggered cell RAMB36E2 clocked by ap_clk  {rise@0.000ns fall@2.250ns period=4.500ns})
  Destination:            trunc_ln15_5_reg_648_reg/DSP_A_B_DATA_INST/A[11]
                            (rising edge-triggered cell DSP_A_B_DATA clocked by ap_clk  {rise@0.000ns fall@2.250ns period=4.500ns})
  Path Group:             ap_clk
  Path Type:              Setup (Max at Slow Process Corner)
  Requirement:            4.500ns  (ap_clk rise@4.500ns - ap_clk rise@0.000ns)
  Data Path Delay:        3.636ns  (logic 2.183ns (60.045%)  route 1.453ns (39.955%))
  Logic Levels:           5  (CARRY8=3 LUT2=1 LUT4=1)
  Clock Path Skew:        -0.051ns (DCD - SCD + CPR)
    Destination Clock Delay (DCD):    0.055ns = ( 4.555 - 4.500 ) 
    Source Clock Delay      (SCD):    0.106ns
    Clock Pessimism Removal (CPR):    0.000ns
  Clock Uncertainty:      0.035ns  ((TSJ^2 + TIJ^2)^1/2 + DJ) / 2 + PE
    Total System Jitter     (TSJ):    0.071ns
    Total Input Jitter      (TIJ):    0.000ns
    Discrete Jitter          (DJ):    0.000ns
    Phase Error              (PE):    0.000ns

    Location             Delay type                Incr(ns)  Path(ns)    Netlist Resource(s)
  -------------------------------------------------------------------    -------------------
                         (clock ap_clk rise edge)     0.000     0.000 r  
                                                      0.000     0.000 r  ap_clk (IN)
                         net (fo=462, unset)          0.106     0.106    control_s_axi_U/int_input_r/ap_clk
    RAMB36_X0Y5          RAMB36E2                                     r  control_s_axi_U/int_input_r/mem_reg/CLKBWRCLK
  -------------------------------------------------------------------    -------------------
    RAMB36_X0Y5          RAMB36E2 (Prop_RAMB36E2_RAMB36_CLKBWRCLK_DOUTBDOUT[1])
                                                      1.331     1.437 r  control_s_axi_U/int_input_r/mem_reg/DOUTBDOUT[1]
                         net (fo=3, routed)           0.488     1.925    control_s_axi_U/int_input_r/int_input_r_q0[1]
    SLICE_X26Y19         LUT4 (Prop_B6LUT_SLICEL_I1_O)
                                                      0.083     2.008 r  control_s_axi_U/int_input_r/tmp_product_i_18__0/O
                         net (fo=1, routed)           0.013     2.021    control_s_axi_U/int_input_r/tmp_product_i_18__0_n_0
    SLICE_X26Y19         CARRY8 (Prop_CARRY8_SLICEL_S[1]_O[5])
                                                      0.326     2.347 r  control_s_axi_U/int_input_r/tmp_product_i_3__0/O[5]
                         net (fo=2, routed)           0.630     2.977    control_s_axi_U/int_input_r/A[5]
    SLICE_X22Y21         LUT2 (Prop_F6LUT_SLICEL_I1_O)
                                                      0.081     3.058 r  control_s_axi_U/int_input_r/trunc_ln15_5_reg_648_reg_i_14/O
                         net (fo=1, routed)           0.015     3.073    control_s_axi_U/int_input_r/trunc_ln15_5_reg_648_reg_i_14_n_0
    SLICE_X22Y21         CARRY8 (Prop_CARRY8_SLICEL_S[5]_CO[7])
                                                      0.232     3.305 r  control_s_axi_U/int_input_r/trunc_ln15_5_reg_648_reg_i_3/CO[7]
                         net (fo=1, routed)           0.030     3.335    control_s_axi_U/int_input_r/trunc_ln15_5_reg_648_reg_i_3_n_0
    SLICE_X22Y22         CARRY8 (Prop_CARRY8_SLICEL_CI_O[3])
                                                      0.130     3.465 r  control_s_axi_U/int_input_r/trunc_ln15_5_reg_648_reg_i_2/O[3]
                         net (fo=4, routed)           0.277     3.742    trunc_ln15_5_reg_648_reg/A[11]
    DSP48E2_X5Y8         DSP_A_B_DATA                                 r  trunc_ln15_5_reg_648_reg/DSP_A_B_DATA_INST/A[11]
  -------------------------------------------------------------------    -------------------

                         (clock ap_clk rise edge)     4.500     4.500 r  
                                                      0.000     4.500 r  ap_clk (IN)
                         net (fo=462, unset)          0.055     4.555    trunc_ln15_5_reg_648_reg/CLK
    DSP48E2_X5Y8         DSP_A_B_DATA                                 r  trunc_ln15_5_reg_648_reg/DSP_A_B_DATA_INST/CLK
                         clock pessimism              0.000     4.555    
                         clock uncertainty           -0.035     4.520    
    DSP48E2_X5Y8         DSP_A_B_DATA (Setup_DSP_A_B_DATA_DSP48E2_CLK_A[11])
                                                     -0.507     4.013    trunc_ln15_5_reg_648_reg/DSP_A_B_DATA_INST
  -------------------------------------------------------------------
                         required time                          4.013    
                         arrival time                          -3.742    
  -------------------------------------------------------------------
                         slack                                  0.271    





Pulse Width Checks
--------------------------------------------------------------------------------------
Clock Name:         ap_clk
Waveform(ns):       { 0.000 2.250 }
Period(ns):         4.500
Sources:            { ap_clk }

Check Type        Corner  Lib Pin             Reference Pin  Required(ns)  Actual(ns)  Slack(ns)  Location      Pin
Min Period        n/a     RAMB36E2/CLKARDCLK  n/a            1.960         4.500       2.540      RAMB36_X0Y5   control_s_axi_U/int_input_r/mem_reg/CLKARDCLK
Min Period        n/a     RAMB18E2/CLKARDCLK  n/a            1.960         4.500       2.540      RAMB18_X0Y8   control_s_axi_U/int_output_r/mem_reg/CLKARDCLK
Min Period        n/a     RAMB18E2/CLKBWRCLK  n/a            1.960         4.500       2.540      RAMB18_X0Y8   control_s_axi_U/int_output_r/mem_reg/CLKBWRCLK
Min Period        n/a     RAMB36E2/CLKBWRCLK  n/a            1.709         4.500       2.791      RAMB36_X0Y5   control_s_axi_U/int_input_r/mem_reg/CLKBWRCLK
Min Period        n/a     DSP_OUTPUT/CLK      n/a            0.850         4.500       3.650      DSP48E2_X6Y8  mul_16s_16s_31_1_1_U7/tmp_product/DSP_OUTPUT_INST/CLK
Min Period        n/a     DSP_OUTPUT/CLK      n/a            0.850         4.500       3.650      DSP48E2_X8Y6  mul_16s_16s_31_1_1_U9/tmp_product/DSP_OUTPUT_INST/CLK
Min Period        n/a     DSP_OUTPUT/CLK      n/a            0.850         4.500       3.650      DSP48E2_X6Y9  trunc_ln15_10_reg_742_reg/DSP_OUTPUT_INST/CLK
Min Period        n/a     DSP_OUTPUT/CLK      n/a            0.850         4.500       3.650      DSP48E2_X5Y6  trunc_ln15_2_reg_676_reg/DSP_OUTPUT_INST/CLK
Min Period        n/a     DSP_OUTPUT/CLK      n/a            0.850         4.500       3.650      DSP48E2_X8Y8  trunc_ln15_4_reg_681_reg/DSP_OUTPUT_INST/CLK
Min Period        n/a     DSP_OUTPUT/CLK      n/a            0.850         4.500       3.650      DSP48E2_X5Y8  trunc_ln15_5_reg_648_reg/DSP_OUTPUT_INST/CLK
Min Period        n/a     DSP_OUTPUT/CLK      n/a            0.850         4.500       3.650      DSP48E2_X8Y7  trunc_ln15_8_reg_799_reg/DSP_OUTPUT_INST/CLK
Min Period        n/a     DSP_OUTPUT/CLK      n/a            0.850         4.500       3.650      DSP48E2_X7Y9  trunc_ln15_9_reg_752_reg/DSP_OUTPUT_INST/CLK
Min Period        n/a     DSP_OUTPUT/CLK      n/a            0.850         4.500       3.650      DSP48E2_X8Y9  trunc_ln15_s_reg_784_reg/DSP_OUTPUT_INST/CLK
Min Period        n/a     DSP_OUTPUT/CLK      n/a            0.850         4.500       3.650      DSP48E2_X5Y7  trunc_ln_reg_615_reg/DSP_OUTPUT_INST/CLK
Min Period        n/a     DSP_A_B_DATA/CLK    n/a            0.700         4.500       3.800      DSP48E2_X7Y8  mul_16s_16s_31_1_1_U2/tmp_product/DSP_A_B_DATA_INST/CLK
Min Period        n/a     DSP_A_B_DATA/CLK    n/a            0.700         4.500       3.800      DSP48E2_X6Y8  mul_16s_16s_31_1_1_U7/tmp_product/DSP_A_B_DATA_INST/CLK
Min Period        n/a     DSP_A_B_DATA/CLK    n/a            0.700         4.500       3.800      DSP48E2_X8Y6  mul_16s_16s_31_1_1_U9/tmp_product/DSP_A_B_DATA_INST/CLK
Min Period        n/a     DSP_A_B_DATA/CLK    n/a            0.700         4.500       3.800      DSP48E2_X6Y9  trunc_ln15_10_reg_742_reg/DSP_A_B_DATA_INST/CLK
Min Period        n/a     DSP_A_B_DATA/CLK    n/a            0.700         4.500       3.800      DSP48E2_X5Y6  trunc_ln15_2_reg_676_reg/DSP_A_B_DATA_INST/CLK
Min Period        n/a     DSP_A_B_DATA/CLK    n/a            0.700         4.500       3.800      DSP48E2_X8Y8  trunc_ln15_4_reg_681_reg/DSP_A_B_DATA_INST/CLK
Low Pulse Width   Slow    RAMB36E2/CLKARDCLK  n/a            0.577         2.250       1.673      RAMB36_X0Y5   control_s_axi_U/int_input_r/mem_reg/CLKARDCLK
Low Pulse Width   Fast    RAMB36E2/CLKARDCLK  n/a            0.577         2.250       1.673      RAMB36_X0Y5   control_s_axi_U/int_input_r/mem_reg/CLKARDCLK
Low Pulse Width   Slow    RAMB36E2/CLKBWRCLK  n/a            0.577         2.250       1.673      RAMB36_X0Y5   control_s_axi_U/int_input_r/mem_reg/CLKBWRCLK
Low Pulse Width   Fast    RAMB36E2/CLKBWRCLK  n/a            0.577         2.250       1.673      RAMB36_X0Y5   control_s_axi_U/int_input_r/mem_reg/CLKBWRCLK
Low Pulse Width   Slow    RAMB18E2/CLKARDCLK  n/a            0.577         2.250       1.673      RAMB18_X0Y8   control_s_axi_U/int_output_r/mem_reg/CLKARDCLK
Low Pulse Width   Fast    RAMB18E2/CLKARDCLK  n/a            0.577         2.250       1.673      RAMB18_X0Y8   control_s_axi_U/int_output_r/mem_reg/CLKARDCLK
Low Pulse Width   Slow    RAMB18E2/CLKBWRCLK  n/a            0.577         2.250       1.673      RAMB18_X0Y8   control_s_axi_U/int_output_r/mem_reg/CLKBWRCLK
Low Pulse Width   Fast    RAMB18E2/CLKBWRCLK  n/a            0.577         2.250       1.673      RAMB18_X0Y8   control_s_axi_U/int_output_r/mem_reg/CLKBWRCLK
Low Pulse Width   Slow    FDRE/C              n/a            0.275         2.250       1.975      SLICE_X25Y19  a_4_reg_625_reg[0]/C
Low Pulse Width   Fast    FDRE/C              n/a            0.275         2.250       1.975      SLICE_X25Y19  a_4_reg_625_reg[0]/C
Low Pulse Width   Slow    FDRE/C              n/a            0.275         2.250       1.975      SLICE_X25Y20  a_4_reg_625_reg[10]/C
Low Pulse Width   Fast    FDRE/C              n/a            0.275         2.250       1.975      SLICE_X25Y20  a_4_reg_625_reg[10]/C
Low Pulse Width   Slow    FDRE/C              n/a            0.275         2.250       1.975      SLICE_X25Y20  a_4_reg_625_reg[11]/C
Low Pulse Width   Fast    FDRE/C              n/a            0.275         2.250       1.975      SLICE_X25Y20  a_4_reg_625_reg[11]/C
Low Pulse Width   Slow    FDRE/C              n/a            0.275         2.250       1.975      SLICE_X25Y20  a_4_reg_625_reg[12]/C
Low Pulse Width   Fast    FDRE/C              n/a            0.275         2.250       1.975      SLICE_X25Y20  a_4_reg_625_reg[12]/C
Low Pulse Width   Slow    FDRE/C              n/a            0.275         2.250       1.975      SLICE_X25Y20  a_4_reg_625_reg[13]/C
Low Pulse Width   Fast    FDRE/C              n/a            0.275         2.250       1.975      SLICE_X25Y20  a_4_reg_625_reg[13]/C
Low Pulse Width   Slow    FDRE/C              n/a            0.275         2.250       1.975      SLICE_X25Y20  a_4_reg_625_reg[14]/C
Low Pulse Width   Fast    FDRE/C              n/a            0.275         2.250       1.975      SLICE_X25Y20  a_4_reg_625_reg[14]/C
High Pulse Width  Slow    RAMB36E2/CLKARDCLK  n/a            0.577         2.250       1.673      RAMB36_X0Y5   control_s_axi_U/int_input_r/mem_reg/CLKARDCLK
High Pulse Width  Fast    RAMB36E2/CLKARDCLK  n/a            0.577         2.250       1.673      RAMB36_X0Y5   control_s_axi_U/int_input_r/mem_reg/CLKARDCLK
High Pulse Width  Slow    RAMB36E2/CLKBWRCLK  n/a            0.577         2.250       1.673      RAMB36_X0Y5   control_s_axi_U/int_input_r/mem_reg/CLKBWRCLK
High Pulse Width  Fast    RAMB36E2/CLKBWRCLK  n/a            0.577         2.250       1.673      RAMB36_X0Y5   control_s_axi_U/int_input_r/mem_reg/CLKBWRCLK
High Pulse Width  Slow    RAMB18E2/CLKARDCLK  n/a            0.577         2.250       1.673      RAMB18_X0Y8   control_s_axi_U/int_output_r/mem_reg/CLKARDCLK
High Pulse Width  Fast    RAMB18E2/CLKARDCLK  n/a            0.577         2.250       1.673      RAMB18_X0Y8   control_s_axi_U/int_output_r/mem_reg/CLKARDCLK
High Pulse Width  Slow    RAMB18E2/CLKBWRCLK  n/a            0.577         2.250       1.673      RAMB18_X0Y8   control_s_axi_U/int_output_r/mem_reg/CLKBWRCLK
High Pulse Width  Fast    RAMB18E2/CLKBWRCLK  n/a            0.577         2.250       1.673      RAMB18_X0Y8   control_s_axi_U/int_output_r/mem_reg/CLKBWRCLK
High Pulse Width  Slow    FDRE/C              n/a            0.275         2.250       1.975      SLICE_X25Y19  a_4_reg_625_reg[0]/C
High Pulse Width  Fast    FDRE/C              n/a            0.275         2.250       1.975      SLICE_X25Y19  a_4_reg_625_reg[0]/C
High Pulse Width  Slow    FDRE/C              n/a            0.275         2.250       1.975      SLICE_X25Y20  a_4_reg_625_reg[10]/C
High Pulse Width  Fast    FDRE/C              n/a            0.275         2.250       1.975      SLICE_X25Y20  a_4_reg_625_reg[10]/C
High Pulse Width  Slow    FDRE/C              n/a            0.275         2.250       1.975      SLICE_X25Y20  a_4_reg_625_reg[11]/C
High Pulse Width  Fast    FDRE/C              n/a            0.275         2.250       1.975      SLICE_X25Y20  a_4_reg_625_reg[11]/C
High Pulse Width  Slow    FDRE/C              n/a            0.275         2.250       1.975      SLICE_X25Y20  a_4_reg_625_reg[12]/C
High Pulse Width  Fast    FDRE/C              n/a            0.275         2.250       1.975      SLICE_X25Y20  a_4_reg_625_reg[12]/C
High Pulse Width  Slow    FDRE/C              n/a            0.275         2.250       1.975      SLICE_X25Y20  a_4_reg_625_reg[13]/C
High Pulse Width  Fast    FDRE/C              n/a            0.275         2.250       1.975      SLICE_X25Y20  a_4_reg_625_reg[13]/C
High Pulse Width  Slow    FDRE/C              n/a            0.275         2.250       1.975      SLICE_X25Y20  a_4_reg_625_reg[14]/C
High Pulse Width  Fast    FDRE/C              n/a            0.275         2.250       1.975      SLICE_X25Y20  a_4_reg_625_reg[14]/C



