Copyright 1986-2022 Xilinx, Inc. All Rights Reserved. Copyright 2022-2024 Advanced Micro Devices, Inc. All Rights Reserved.
------------------------------------------------------------------------------------------------------------------------------------------------------------------------------------------------------------------------------------------------------
| Tool Version      : Vivado v.2024.1 (lin64) Build 5076996 Wed May 22 18:36:09 MDT 2024
| Date              : Thu Aug  6 01:25:42 2026
| Host              : linux running 64-bit Ubuntu 22.04.5 LTS
| Command           : report_timing_summary -delay_type max -max_paths 20 -file ${PROJECT_ROOT}/ProyectoFinal/HLS/reports/isolated_forward/timing_sweep/4p0ns/timing_post_route.rpt
| Design            : wht_lossless_forward_isolated
| Device            : xck26-sfvc784
| Speed File        : -2LV  PRODUCTION 1.30 05-15-2022
| Design State      : Routed
| Temperature Grade : C
------------------------------------------------------------------------------------------------------------------------------------------------------------------------------------------------------------------------------------------------------

Timing Summary Report

------------------------------------------------------------------------------------------------
| Timer Settings
| --------------
------------------------------------------------------------------------------------------------

  Enable Multi Corner Analysis               :  Yes
  Enable Pessimism Removal                   :  Yes
  Pessimism Removal Resolution               :  Nearest Common Node
  Enable Input Delay Default Clock           :  No
  Enable Preset / Clear Arcs                 :  No
  Disable Flight Delays                      :  No
  Ignore I/O Paths                           :  No
  Timing Early Launch at Borrowing Latches   :  No
  Borrow Time for Max Delay Exceptions       :  Yes
  Merge Timing Exceptions                    :  Yes
  Inter-SLR Compensation                     :  Conservative

  Corner  Analyze    Analyze    
  Name    Max Paths  Min Paths  
  ------  ---------  ---------  
  Slow    Yes        Yes        
  Fast    Yes        Yes        


------------------------------------------------------------------------------------------------
| Report Methodology
| ------------------
------------------------------------------------------------------------------------------------

No report available as report_methodology has not been run prior. Run report_methodology on the current design for the summary of methodology violations.



check_timing report

Table of Contents
-----------------
1. checking no_clock (0)
2. checking constant_clock (0)
3. checking pulse_width_clock (0)
4. checking unconstrained_internal_endpoints (0)
5. checking no_input_delay (52)
6. checking no_output_delay (38)
7. checking multiple_clock (0)
8. checking generated_clocks (0)
9. checking loops (0)
10. checking partial_input_delay (0)
11. checking partial_output_delay (0)
12. checking latch_loops (0)

1. checking no_clock (0)
------------------------
 There are 0 register/latch pins with no clock.


2. checking constant_clock (0)
------------------------------
 There are 0 register/latch pins with constant_clock.


3. checking pulse_width_clock (0)
---------------------------------
 There are 0 register/latch pins which need pulse_width check


4. checking unconstrained_internal_endpoints (0)
------------------------------------------------
 There are 0 pins that are not constrained for maximum delay.

 There are 0 pins that are not constrained for maximum delay due to constant clock.


5. checking no_input_delay (52)
-------------------------------
 There are 52 input ports with no input delay specified. (HIGH)

 There are 0 input ports with no input delay but user has a false path constraint.


6. checking no_output_delay (38)
--------------------------------
 There are 38 ports with no output delay specified. (HIGH)

 There are 0 ports with no output delay but user has a false path constraint

 There are 0 ports with no output delay but with a timing clock defined on it or propagating through it


7. checking multiple_clock (0)
------------------------------
 There are 0 register/latch pins with multiple clocks.


8. checking generated_clocks (0)
--------------------------------
 There are 0 generated clocks that are not connected to a clock source.


9. checking loops (0)
---------------------
 There are 0 combinational loops in the design.


10. checking partial_input_delay (0)
------------------------------------
 There are 0 input ports with partial input delay specified.


11. checking partial_output_delay (0)
-------------------------------------
 There are 0 ports with partial output delay specified.


12. checking latch_loops (0)
----------------------------
 There are 0 combinational latch loops in the design through latch input



------------------------------------------------------------------------------------------------
| Design Timing Summary
| ---------------------
------------------------------------------------------------------------------------------------

    WNS(ns)      TNS(ns)  TNS Failing Endpoints  TNS Total Endpoints     WPWS(ns)     TPWS(ns)  TPWS Failing Endpoints  TPWS Total Endpoints  
    -------      -------  ---------------------  -------------------     --------     --------  ----------------------  --------------------  
      0.157        0.000                      0                  898        1.423        0.000                       0                   428  


All user specified timing constraints are met.


------------------------------------------------------------------------------------------------
| Clock Summary
| -------------
------------------------------------------------------------------------------------------------

Clock   Waveform(ns)         Period(ns)      Frequency(MHz)
-----   ------------         ----------      --------------
ap_clk  {0.000 2.000}        4.000           250.000         


------------------------------------------------------------------------------------------------
| Intra Clock Table
| -----------------
------------------------------------------------------------------------------------------------

Clock             WNS(ns)      TNS(ns)  TNS Failing Endpoints  TNS Total Endpoints     WPWS(ns)     TPWS(ns)  TPWS Failing Endpoints  TPWS Total Endpoints  
-----             -------      -------  ---------------------  -------------------     --------     --------  ----------------------  --------------------  
ap_clk              0.157        0.000                      0                  898        1.423        0.000                       0                   428  


------------------------------------------------------------------------------------------------
| Inter Clock Table
| -----------------
------------------------------------------------------------------------------------------------

From Clock    To Clock          WNS(ns)      TNS(ns)  TNS Failing Endpoints  TNS Total Endpoints  
----------    --------          -------      -------  ---------------------  -------------------  


------------------------------------------------------------------------------------------------
| Other Path Groups Table
| -----------------------
------------------------------------------------------------------------------------------------

Path Group    From Clock    To Clock          WNS(ns)      TNS(ns)  TNS Failing Endpoints  TNS Total Endpoints  
----------    ----------    --------          -------      -------  ---------------------  -------------------  


------------------------------------------------------------------------------------------------
| Timing Details
| --------------
------------------------------------------------------------------------------------------------


---------------------------------------------------------------------------------------------------
From Clock:  ap_clk
  To Clock:  ap_clk

Setup :            0  Failing Endpoints,  Worst Slack        0.157ns,  Total Violation        0.000ns
Hold  :           NA  Failing Endpoints,  Worst Slack           NA  ,  Total Violation           NA
PW    :            0  Failing Endpoints,  Worst Slack        1.423ns,  Total Violation        0.000ns
---------------------------------------------------------------------------------------------------


Max Delay Paths
--------------------------------------------------------------------------------------
Slack (MET) :             0.157ns  (required time - arrival time)
  Source:                 reg_214_reg[0]/C
                            (rising edge-triggered cell FDRE clocked by ap_clk  {rise@0.000ns fall@2.000ns period=4.000ns})
  Destination:            control_s_axi_U/int_block_out/mem_reg/DINADIN[15]
                            (rising edge-triggered cell RAMB18E2 clocked by ap_clk  {rise@0.000ns fall@2.000ns period=4.000ns})
  Path Group:             ap_clk
  Path Type:              Setup (Max at Slow Process Corner)
  Requirement:            4.000ns  (ap_clk rise@4.000ns - ap_clk rise@0.000ns)
  Data Path Delay:        3.215ns  (logic 1.403ns (43.641%)  route 1.812ns (56.359%))
  Logic Levels:           8  (CARRY8=4 LUT3=1 LUT6=3)
  Clock Path Skew:        0.007ns (DCD - SCD + CPR)
    Destination Clock Delay (DCD):    0.049ns = ( 4.049 - 4.000 ) 
    Source Clock Delay      (SCD):    0.042ns
    Clock Pessimism Removal (CPR):    0.000ns
  Clock Uncertainty:      0.035ns  ((TSJ^2 + TIJ^2)^1/2 + DJ) / 2 + PE
    Total System Jitter     (TSJ):    0.071ns
    Total Input Jitter      (TIJ):    0.000ns
    Discrete Jitter          (DJ):    0.000ns
    Phase Error              (PE):    0.000ns

    Location             Delay type                Incr(ns)  Path(ns)    Netlist Resource(s)
  -------------------------------------------------------------------    -------------------
                         (clock ap_clk rise edge)     0.000     0.000 r  
                                                      0.000     0.000 r  ap_clk (IN)
                         net (fo=427, unset)          0.042     0.042    ap_clk
    SLICE_X27Y52         FDRE                                         r  reg_214_reg[0]/C
  -------------------------------------------------------------------    -------------------
    SLICE_X27Y52         FDRE (Prop_EFF2_SLICEL_C_Q)
                                                      0.116     0.158 r  reg_214_reg[0]/Q
                         net (fo=7, routed)           0.306     0.464    control_s_axi_U/int_block_out/reg_238_reg[15][0]
    SLICE_X27Y53         CARRY8 (Prop_CARRY8_SLICEL_DI[0]_O[6])
                                                      0.322     0.786 r  control_s_axi_U/int_block_out/reg_238_reg[7]_i_1/O[6]
                         net (fo=5, routed)           0.424     1.210    control_s_axi_U/int_block_out/O[6]
    SLICE_X26Y51         LUT6 (Prop_G6LUT_SLICEL_I0_O)
                                                      0.151     1.361 r  control_s_axi_U/int_block_out/b_6_reg_611[7]_i_10/O
                         net (fo=1, routed)           0.012     1.373    control_s_axi_U/int_block_out/b_6_reg_611[7]_i_10_n_0
    SLICE_X26Y51         CARRY8 (Prop_CARRY8_SLICEL_S[6]_CO[7])
                                                      0.171     1.544 r  control_s_axi_U/int_block_out/b_6_reg_611_reg[7]_i_1/CO[7]
                         net (fo=1, routed)           0.030     1.574    control_s_axi_U/int_block_out/b_6_reg_611_reg[7]_i_1_n_0
    SLICE_X26Y52         CARRY8 (Prop_CARRY8_SLICEL_CI_O[2])
                                                      0.101     1.675 r  control_s_axi_U/int_block_out/b_6_reg_611_reg[15]_i_2/O[2]
                         net (fo=4, routed)           0.148     1.823    control_s_axi_U/int_block_out/reg_214_reg[14]_0[2]
    SLICE_X25Y52         LUT3 (Prop_F5LUT_SLICEM_I2_O)
                                                      0.144     1.967 r  control_s_axi_U/int_block_out/trunc_ln11_8_reg_626[14]_i_6/O
                         net (fo=1, routed)           0.396     2.363    control_s_axi_U/int_block_out/trunc_ln11_8_reg_626[14]_i_6_n_0
    SLICE_X26Y50         CARRY8 (Prop_CARRY8_SLICEL_DI[2]_O[7])
                                                      0.283     2.646 r  control_s_axi_U/int_block_out/trunc_ln11_8_reg_626_reg[14]_i_1/O[7]
                         net (fo=2, routed)           0.306     2.952    control_s_axi_U/int_block_out/a_6_reg_581_reg[14][14]
    SLICE_X27Y47         LUT6 (Prop_H6LUT_SLICEL_I0_O)
                                                      0.058     3.010 r  control_s_axi_U/int_block_out/mem_reg_i_31/O
                         net (fo=1, routed)           0.098     3.108    control_s_axi_U/int_block_out/mem_reg_i_31_n_0
    SLICE_X27Y47         LUT6 (Prop_E6LUT_SLICEL_I4_O)
                                                      0.057     3.165 r  control_s_axi_U/int_block_out/mem_reg_i_5/O
                         net (fo=1, routed)           0.092     3.257    control_s_axi_U/int_block_out/mem_reg_i_5_n_0
    RAMB18_X0Y18         RAMB18E2                                     r  control_s_axi_U/int_block_out/mem_reg/DINADIN[15]
  -------------------------------------------------------------------    -------------------

                         (clock ap_clk rise edge)     4.000     4.000 r  
                                                      0.000     4.000 r  ap_clk (IN)
                         net (fo=427, unset)          0.049     4.049    control_s_axi_U/int_block_out/ap_clk
    RAMB18_X0Y18         RAMB18E2                                     r  control_s_axi_U/int_block_out/mem_reg/CLKBWRCLK
                         clock pessimism              0.000     4.049    
                         clock uncertainty           -0.035     4.014    
    RAMB18_X0Y18         RAMB18E2 (Setup_RAMB18E2_L_RAMB180_CLKBWRCLK_DINADIN[15])
                                                     -0.600     3.414    control_s_axi_U/int_block_out/mem_reg
  -------------------------------------------------------------------
                         required time                          3.414    
                         arrival time                          -3.257    
  -------------------------------------------------------------------
                         slack                                  0.157    

Slack (MET) :             0.225ns  (required time - arrival time)
  Source:                 reg_214_reg[0]/C
                            (rising edge-triggered cell FDRE clocked by ap_clk  {rise@0.000ns fall@2.000ns period=4.000ns})
  Destination:            control_s_axi_U/int_block_out/mem_reg/DINADIN[13]
                            (rising edge-triggered cell RAMB18E2 clocked by ap_clk  {rise@0.000ns fall@2.000ns period=4.000ns})
  Path Group:             ap_clk
  Path Type:              Setup (Max at Slow Process Corner)
  Requirement:            4.000ns  (ap_clk rise@4.000ns - ap_clk rise@0.000ns)
  Data Path Delay:        3.334ns  (logic 1.496ns (44.873%)  route 1.838ns (55.127%))
  Logic Levels:           8  (CARRY8=4 LUT3=1 LUT6=3)
  Clock Path Skew:        0.007ns (DCD - SCD + CPR)
    Destination Clock Delay (DCD):    0.049ns = ( 4.049 - 4.000 ) 
    Source Clock Delay      (SCD):    0.042ns
    Clock Pessimism Removal (CPR):    0.000ns
  Clock Uncertainty:      0.035ns  ((TSJ^2 + TIJ^2)^1/2 + DJ) / 2 + PE
    Total System Jitter     (TSJ):    0.071ns
    Total Input Jitter      (TIJ):    0.000ns
    Discrete Jitter          (DJ):    0.000ns
    Phase Error              (PE):    0.000ns

    Location             Delay type                Incr(ns)  Path(ns)    Netlist Resource(s)
  -------------------------------------------------------------------    -------------------
                         (clock ap_clk rise edge)     0.000     0.000 r  
                                                      0.000     0.000 r  ap_clk (IN)
                         net (fo=427, unset)          0.042     0.042    ap_clk
    SLICE_X27Y52         FDRE                                         r  reg_214_reg[0]/C
  -------------------------------------------------------------------    -------------------
    SLICE_X27Y52         FDRE (Prop_EFF2_SLICEL_C_Q)
                                                      0.116     0.158 r  reg_214_reg[0]/Q
                         net (fo=7, routed)           0.306     0.464    control_s_axi_U/int_block_out/reg_238_reg[15][0]
    SLICE_X27Y53         CARRY8 (Prop_CARRY8_SLICEL_DI[0]_O[6])
                                                      0.322     0.786 r  control_s_axi_U/int_block_out/reg_238_reg[7]_i_1/O[6]
                         net (fo=5, routed)           0.424     1.210    control_s_axi_U/int_block_out/O[6]
    SLICE_X26Y51         LUT6 (Prop_G6LUT_SLICEL_I0_O)
                                                      0.151     1.361 r  control_s_axi_U/int_block_out/b_6_reg_611[7]_i_10/O
                         net (fo=1, routed)           0.012     1.373    control_s_axi_U/int_block_out/b_6_reg_611[7]_i_10_n_0
    SLICE_X26Y51         CARRY8 (Prop_CARRY8_SLICEL_S[6]_CO[7])
                                                      0.171     1.544 r  control_s_axi_U/int_block_out/b_6_reg_611_reg[7]_i_1/CO[7]
                         net (fo=1, routed)           0.030     1.574    control_s_axi_U/int_block_out/b_6_reg_611_reg[7]_i_1_n_0
    SLICE_X26Y52         CARRY8 (Prop_CARRY8_SLICEL_CI_O[2])
                                                      0.101     1.675 r  control_s_axi_U/int_block_out/b_6_reg_611_reg[15]_i_2/O[2]
                         net (fo=4, routed)           0.148     1.823    control_s_axi_U/int_block_out/reg_214_reg[14]_0[2]
    SLICE_X25Y52         LUT3 (Prop_F5LUT_SLICEM_I2_O)
                                                      0.144     1.967 r  control_s_axi_U/int_block_out/trunc_ln11_8_reg_626[14]_i_6/O
                         net (fo=1, routed)           0.396     2.363    control_s_axi_U/int_block_out/trunc_ln11_8_reg_626[14]_i_6_n_0
    SLICE_X26Y50         CARRY8 (Prop_CARRY8_SLICEL_DI[2]_O[5])
                                                      0.285     2.648 r  control_s_axi_U/int_block_out/trunc_ln11_8_reg_626_reg[14]_i_1/O[5]
                         net (fo=2, routed)           0.256     2.904    control_s_axi_U/int_block_out/a_6_reg_581_reg[14][12]
    SLICE_X27Y48         LUT6 (Prop_C6LUT_SLICEL_I0_O)
                                                      0.056     2.960 r  control_s_axi_U/int_block_out/mem_reg_i_35/O
                         net (fo=1, routed)           0.101     3.061    control_s_axi_U/int_block_out/mem_reg_i_35_n_0
    SLICE_X27Y47         LUT6 (Prop_C6LUT_SLICEL_I4_O)
                                                      0.150     3.211 r  control_s_axi_U/int_block_out/mem_reg_i_7__0/O
                         net (fo=1, routed)           0.165     3.376    control_s_axi_U/int_block_out/mem_reg_i_7__0_n_0
    RAMB18_X0Y18         RAMB18E2                                     r  control_s_axi_U/int_block_out/mem_reg/DINADIN[13]
  -------------------------------------------------------------------    -------------------

                         (clock ap_clk rise edge)     4.000     4.000 r  
                                                      0.000     4.000 r  ap_clk (IN)
                         net (fo=427, unset)          0.049     4.049    control_s_axi_U/int_block_out/ap_clk
    RAMB18_X0Y18         RAMB18E2                                     r  control_s_axi_U/int_block_out/mem_reg/CLKBWRCLK
                         clock pessimism              0.000     4.049    
                         clock uncertainty           -0.035     4.014    
    RAMB18_X0Y18         RAMB18E2 (Setup_RAMB18E2_L_RAMB180_CLKBWRCLK_DINADIN[13])
                                                     -0.413     3.601    control_s_axi_U/int_block_out/mem_reg
  -------------------------------------------------------------------
                         required time                          3.601    
                         arrival time                          -3.376    
  -------------------------------------------------------------------
                         slack                                  0.225    

Slack (MET) :             0.267ns  (required time - arrival time)
  Source:                 reg_214_reg[0]/C
                            (rising edge-triggered cell FDRE clocked by ap_clk  {rise@0.000ns fall@2.000ns period=4.000ns})
  Destination:            control_s_axi_U/int_block_out/mem_reg/DINADIN[14]
                            (rising edge-triggered cell RAMB18E2 clocked by ap_clk  {rise@0.000ns fall@2.000ns period=4.000ns})
  Path Group:             ap_clk
  Path Type:              Setup (Max at Slow Process Corner)
  Requirement:            4.000ns  (ap_clk rise@4.000ns - ap_clk rise@0.000ns)
  Data Path Delay:        3.301ns  (logic 1.395ns (42.262%)  route 1.906ns (57.738%))
  Logic Levels:           8  (CARRY8=4 LUT3=1 LUT6=3)
  Clock Path Skew:        0.007ns (DCD - SCD + CPR)
    Destination Clock Delay (DCD):    0.049ns = ( 4.049 - 4.000 ) 
    Source Clock Delay      (SCD):    0.042ns
    Clock Pessimism Removal (CPR):    0.000ns
  Clock Uncertainty:      0.035ns  ((TSJ^2 + TIJ^2)^1/2 + DJ) / 2 + PE
    Total System Jitter     (TSJ):    0.071ns
    Total Input Jitter      (TIJ):    0.000ns
    Discrete Jitter          (DJ):    0.000ns
    Phase Error              (PE):    0.000ns

    Location             Delay type                Incr(ns)  Path(ns)    Netlist Resource(s)
  -------------------------------------------------------------------    -------------------
                         (clock ap_clk rise edge)     0.000     0.000 r  
                                                      0.000     0.000 r  ap_clk (IN)
                         net (fo=427, unset)          0.042     0.042    ap_clk
    SLICE_X27Y52         FDRE                                         r  reg_214_reg[0]/C
  -------------------------------------------------------------------    -------------------
    SLICE_X27Y52         FDRE (Prop_EFF2_SLICEL_C_Q)
                                                      0.116     0.158 r  reg_214_reg[0]/Q
                         net (fo=7, routed)           0.306     0.464    control_s_axi_U/int_block_out/reg_238_reg[15][0]
    SLICE_X27Y53         CARRY8 (Prop_CARRY8_SLICEL_DI[0]_O[6])
                                                      0.322     0.786 r  control_s_axi_U/int_block_out/reg_238_reg[7]_i_1/O[6]
                         net (fo=5, routed)           0.424     1.210    control_s_axi_U/int_block_out/O[6]
    SLICE_X26Y51         LUT6 (Prop_G6LUT_SLICEL_I0_O)
                                                      0.151     1.361 r  control_s_axi_U/int_block_out/b_6_reg_611[7]_i_10/O
                         net (fo=1, routed)           0.012     1.373    control_s_axi_U/int_block_out/b_6_reg_611[7]_i_10_n_0
    SLICE_X26Y51         CARRY8 (Prop_CARRY8_SLICEL_S[6]_CO[7])
                                                      0.171     1.544 r  control_s_axi_U/int_block_out/b_6_reg_611_reg[7]_i_1/CO[7]
                         net (fo=1, routed)           0.030     1.574    control_s_axi_U/int_block_out/b_6_reg_611_reg[7]_i_1_n_0
    SLICE_X26Y52         CARRY8 (Prop_CARRY8_SLICEL_CI_O[2])
                                                      0.101     1.675 r  control_s_axi_U/int_block_out/b_6_reg_611_reg[15]_i_2/O[2]
                         net (fo=4, routed)           0.148     1.823    control_s_axi_U/int_block_out/reg_214_reg[14]_0[2]
    SLICE_X25Y52         LUT3 (Prop_F5LUT_SLICEM_I2_O)
                                                      0.144     1.967 r  control_s_axi_U/int_block_out/trunc_ln11_8_reg_626[14]_i_6/O
                         net (fo=1, routed)           0.396     2.363    control_s_axi_U/int_block_out/trunc_ln11_8_reg_626[14]_i_6_n_0
    SLICE_X26Y50         CARRY8 (Prop_CARRY8_SLICEL_DI[2]_O[6])
                                                      0.254     2.617 r  control_s_axi_U/int_block_out/trunc_ln11_8_reg_626_reg[14]_i_1/O[6]
                         net (fo=2, routed)           0.369     2.986    control_s_axi_U/int_block_out/a_6_reg_581_reg[14][13]
    SLICE_X28Y47         LUT6 (Prop_D6LUT_SLICEM_I0_O)
                                                      0.080     3.066 r  control_s_axi_U/int_block_out/mem_reg_i_33/O
                         net (fo=1, routed)           0.047     3.113    control_s_axi_U/int_block_out/mem_reg_i_33_n_0
    SLICE_X28Y47         LUT6 (Prop_F6LUT_SLICEM_I4_O)
                                                      0.056     3.169 r  control_s_axi_U/int_block_out/mem_reg_i_6/O
                         net (fo=1, routed)           0.174     3.343    control_s_axi_U/int_block_out/mem_reg_i_6_n_0
    RAMB18_X0Y18         RAMB18E2                                     r  control_s_axi_U/int_block_out/mem_reg/DINADIN[14]
  -------------------------------------------------------------------    -------------------

                         (clock ap_clk rise edge)     4.000     4.000 r  
                                                      0.000     4.000 r  ap_clk (IN)
                         net (fo=427, unset)          0.049     4.049    control_s_axi_U/int_block_out/ap_clk
    RAMB18_X0Y18         RAMB18E2                                     r  control_s_axi_U/int_block_out/mem_reg/CLKBWRCLK
                         clock pessimism              0.000     4.049    
                         clock uncertainty           -0.035     4.014    
    RAMB18_X0Y18         RAMB18E2 (Setup_RAMB18E2_L_RAMB180_CLKBWRCLK_DINADIN[14])
                                                     -0.404     3.610    control_s_axi_U/int_block_out/mem_reg
  -------------------------------------------------------------------
                         required time                          3.610    
                         arrival time                          -3.343    
  -------------------------------------------------------------------
                         slack                                  0.267    

Slack (MET) :             0.309ns  (required time - arrival time)
  Source:                 reg_214_reg[0]/C
                            (rising edge-triggered cell FDRE clocked by ap_clk  {rise@0.000ns fall@2.000ns period=4.000ns})
  Destination:            control_s_axi_U/int_block_out/mem_reg/DINBDIN[7]
                            (rising edge-triggered cell RAMB18E2 clocked by ap_clk  {rise@0.000ns fall@2.000ns period=4.000ns})
  Path Group:             ap_clk
  Path Type:              Setup (Max at Slow Process Corner)
  Requirement:            4.000ns  (ap_clk rise@4.000ns - ap_clk rise@0.000ns)
  Data Path Delay:        3.224ns  (logic 1.352ns (41.931%)  route 1.872ns (58.069%))
  Logic Levels:           8  (CARRY8=3 LUT2=1 LUT3=1 LUT5=1 LUT6=2)
  Clock Path Skew:        0.007ns (DCD - SCD + CPR)
    Destination Clock Delay (DCD):    0.049ns = ( 4.049 - 4.000 ) 
    Source Clock Delay      (SCD):    0.042ns
    Clock Pessimism Removal (CPR):    0.000ns
  Clock Uncertainty:      0.035ns  ((TSJ^2 + TIJ^2)^1/2 + DJ) / 2 + PE
    Total System Jitter     (TSJ):    0.071ns
    Total Input Jitter      (TIJ):    0.000ns
    Discrete Jitter          (DJ):    0.000ns
    Phase Error              (PE):    0.000ns

    Location             Delay type                Incr(ns)  Path(ns)    Netlist Resource(s)
  -------------------------------------------------------------------    -------------------
                         (clock ap_clk rise edge)     0.000     0.000 r  
                                                      0.000     0.000 r  ap_clk (IN)
                         net (fo=427, unset)          0.042     0.042    ap_clk
    SLICE_X27Y52         FDRE                                         r  reg_214_reg[0]/C
  -------------------------------------------------------------------    -------------------
    SLICE_X27Y52         FDRE (Prop_EFF2_SLICEL_C_Q)
                                                      0.116     0.158 r  reg_214_reg[0]/Q
                         net (fo=7, routed)           0.112     0.270    control_s_axi_U/int_block_out/reg_238_reg[15][0]
    SLICE_X27Y53         LUT2 (Prop_A6LUT_SLICEL_I0_O)
                                                      0.152     0.422 r  control_s_axi_U/int_block_out/reg_238[7]_i_9/O
                         net (fo=1, routed)           0.014     0.436    control_s_axi_U/int_block_out/reg_238[7]_i_9_n_0
    SLICE_X27Y53         CARRY8 (Prop_CARRY8_SLICEL_S[0]_O[2])
                                                      0.192     0.628 r  control_s_axi_U/int_block_out/reg_238_reg[7]_i_1/O[2]
                         net (fo=5, routed)           0.371     0.999    control_s_axi_U/int_block_out/O[2]
    SLICE_X26Y51         LUT5 (Prop_B6LUT_SLICEL_I2_O)
                                                      0.138     1.137 r  control_s_axi_U/int_block_out/b_6_reg_611[7]_i_15/O
                         net (fo=1, routed)           0.013     1.150    control_s_axi_U/int_block_out/b_6_reg_611[7]_i_15_n_0
    SLICE_X26Y51         CARRY8 (Prop_CARRY8_SLICEL_S[1]_O[3])
                                                      0.186     1.336 r  control_s_axi_U/int_block_out/b_6_reg_611_reg[7]_i_1/O[3]
                         net (fo=4, routed)           0.206     1.542    control_s_axi_U/int_block_out/reg_214_reg[6][3]
    SLICE_X25Y53         LUT3 (Prop_A5LUT_SLICEM_I2_O)
                                                      0.156     1.698 r  control_s_axi_U/int_block_out/trunc_ln11_8_reg_626[6]_i_6/O
                         net (fo=1, routed)           0.399     2.097    control_s_axi_U/int_block_out/trunc_ln11_8_reg_626[6]_i_6_n_0
    SLICE_X26Y49         CARRY8 (Prop_CARRY8_SLICEL_DI[3]_O[7])
                                                      0.272     2.369 r  control_s_axi_U/int_block_out/trunc_ln11_8_reg_626_reg[6]_i_1/O[7]
                         net (fo=2, routed)           0.391     2.760    control_s_axi_U/int_block_out/a_6_reg_581_reg[14][6]
    SLICE_X29Y48         LUT6 (Prop_F6LUT_SLICEM_I0_O)
                                                      0.080     2.840 r  control_s_axi_U/int_block_out/mem_reg_i_47/O
                         net (fo=1, routed)           0.051     2.891    control_s_axi_U/int_block_out/mem_reg_i_47_n_0
    SLICE_X29Y48         LUT6 (Prop_H6LUT_SLICEM_I4_O)
                                                      0.060     2.951 r  control_s_axi_U/int_block_out/mem_reg_i_13__0/O
                         net (fo=2, routed)           0.316     3.266    control_s_axi_U/int_block_out/mem_reg_i_13__0_n_0
    RAMB18_X0Y18         RAMB18E2                                     r  control_s_axi_U/int_block_out/mem_reg/DINBDIN[7]
  -------------------------------------------------------------------    -------------------

                         (clock ap_clk rise edge)     4.000     4.000 r  
                                                      0.000     4.000 r  ap_clk (IN)
                         net (fo=427, unset)          0.049     4.049    control_s_axi_U/int_block_out/ap_clk
    RAMB18_X0Y18         RAMB18E2                                     r  control_s_axi_U/int_block_out/mem_reg/CLKBWRCLK
                         clock pessimism              0.000     4.049    
                         clock uncertainty           -0.035     4.014    
    RAMB18_X0Y18         RAMB18E2 (Setup_RAMB18E2_L_RAMB180_CLKBWRCLK_DINBDIN[7])
                                                     -0.438     3.576    control_s_axi_U/int_block_out/mem_reg
  -------------------------------------------------------------------
                         required time                          3.576    
                         arrival time                          -3.266    
  -------------------------------------------------------------------
                         slack                                  0.309    

Slack (MET) :             0.324ns  (required time - arrival time)
  Source:                 reg_214_reg[0]/C
                            (rising edge-triggered cell FDRE clocked by ap_clk  {rise@0.000ns fall@2.000ns period=4.000ns})
  Destination:            control_s_axi_U/int_block_out/mem_reg/DINADIN[4]
                            (rising edge-triggered cell RAMB18E2 clocked by ap_clk  {rise@0.000ns fall@2.000ns period=4.000ns})
  Path Group:             ap_clk
  Path Type:              Setup (Max at Slow Process Corner)
  Requirement:            4.000ns  (ap_clk rise@4.000ns - ap_clk rise@0.000ns)
  Data Path Delay:        3.205ns  (logic 1.307ns (40.776%)  route 1.898ns (59.224%))
  Logic Levels:           8  (CARRY8=3 LUT2=1 LUT3=1 LUT5=1 LUT6=2)
  Clock Path Skew:        0.007ns (DCD - SCD + CPR)
    Destination Clock Delay (DCD):    0.049ns = ( 4.049 - 4.000 ) 
    Source Clock Delay      (SCD):    0.042ns
    Clock Pessimism Removal (CPR):    0.000ns
  Clock Uncertainty:      0.035ns  ((TSJ^2 + TIJ^2)^1/2 + DJ) / 2 + PE
    Total System Jitter     (TSJ):    0.071ns
    Total Input Jitter      (TIJ):    0.000ns
    Discrete Jitter          (DJ):    0.000ns
    Phase Error              (PE):    0.000ns

    Location             Delay type                Incr(ns)  Path(ns)    Netlist Resource(s)
  -------------------------------------------------------------------    -------------------
                         (clock ap_clk rise edge)     0.000     0.000 r  
                                                      0.000     0.000 r  ap_clk (IN)
                         net (fo=427, unset)          0.042     0.042    ap_clk
    SLICE_X27Y52         FDRE                                         r  reg_214_reg[0]/C
  -------------------------------------------------------------------    -------------------
    SLICE_X27Y52         FDRE (Prop_EFF2_SLICEL_C_Q)
                                                      0.116     0.158 r  reg_214_reg[0]/Q
                         net (fo=7, routed)           0.112     0.270    control_s_axi_U/int_block_out/reg_238_reg[15][0]
    SLICE_X27Y53         LUT2 (Prop_A6LUT_SLICEL_I0_O)
                                                      0.152     0.422 r  control_s_axi_U/int_block_out/reg_238[7]_i_9/O
                         net (fo=1, routed)           0.014     0.436    control_s_axi_U/int_block_out/reg_238[7]_i_9_n_0
    SLICE_X27Y53         CARRY8 (Prop_CARRY8_SLICEL_S[0]_O[2])
                                                      0.192     0.628 r  control_s_axi_U/int_block_out/reg_238_reg[7]_i_1/O[2]
                         net (fo=5, routed)           0.371     0.999    control_s_axi_U/int_block_out/O[2]
    SLICE_X26Y51         LUT5 (Prop_B6LUT_SLICEL_I2_O)
                                                      0.138     1.137 r  control_s_axi_U/int_block_out/b_6_reg_611[7]_i_15/O
                         net (fo=1, routed)           0.013     1.150    control_s_axi_U/int_block_out/b_6_reg_611[7]_i_15_n_0
    SLICE_X26Y51         CARRY8 (Prop_CARRY8_SLICEL_S[1]_O[3])
                                                      0.186     1.336 r  control_s_axi_U/int_block_out/b_6_reg_611_reg[7]_i_1/O[3]
                         net (fo=4, routed)           0.206     1.542    control_s_axi_U/int_block_out/reg_214_reg[6][3]
    SLICE_X25Y53         LUT3 (Prop_A5LUT_SLICEM_I2_O)
                                                      0.156     1.698 r  control_s_axi_U/int_block_out/trunc_ln11_8_reg_626[6]_i_6/O
                         net (fo=1, routed)           0.399     2.097    control_s_axi_U/int_block_out/trunc_ln11_8_reg_626[6]_i_6_n_0
    SLICE_X26Y49         CARRY8 (Prop_CARRY8_SLICEL_DI[3]_O[4])
                                                      0.227     2.324 r  control_s_axi_U/int_block_out/trunc_ln11_8_reg_626_reg[6]_i_1/O[4]
                         net (fo=2, routed)           0.346     2.670    control_s_axi_U/int_block_out/a_6_reg_581_reg[14][3]
    SLICE_X30Y51         LUT6 (Prop_H6LUT_SLICEL_I0_O)
                                                      0.083     2.753 r  control_s_axi_U/int_block_out/mem_reg_i_53/O
                         net (fo=1, routed)           0.303     3.056    control_s_axi_U/int_block_out/mem_reg_i_53_n_0
    SLICE_X28Y46         LUT6 (Prop_E6LUT_SLICEM_I4_O)
                                                      0.057     3.113 r  control_s_axi_U/int_block_out/mem_reg_i_16__0/O
                         net (fo=2, routed)           0.135     3.247    control_s_axi_U/int_block_out/mem_reg_i_16__0_n_0
    RAMB18_X0Y18         RAMB18E2                                     r  control_s_axi_U/int_block_out/mem_reg/DINADIN[4]
  -------------------------------------------------------------------    -------------------

                         (clock ap_clk rise edge)     4.000     4.000 r  
                                                      0.000     4.000 r  ap_clk (IN)
                         net (fo=427, unset)          0.049     4.049    control_s_axi_U/int_block_out/ap_clk
    RAMB18_X0Y18         RAMB18E2                                     r  control_s_axi_U/int_block_out/mem_reg/CLKBWRCLK
                         clock pessimism              0.000     4.049    
                         clock uncertainty           -0.035     4.014    
    RAMB18_X0Y18         RAMB18E2 (Setup_RAMB18E2_L_RAMB180_CLKBWRCLK_DINADIN[4])
                                                     -0.442     3.572    control_s_axi_U/int_block_out/mem_reg
  -------------------------------------------------------------------
                         required time                          3.572    
                         arrival time                          -3.247    
  -------------------------------------------------------------------
                         slack                                  0.324    

Slack (MET) :             0.384ns  (required time - arrival time)
  Source:                 reg_214_reg[0]/C
                            (rising edge-triggered cell FDRE clocked by ap_clk  {rise@0.000ns fall@2.000ns period=4.000ns})
  Destination:            control_s_axi_U/int_block_out/mem_reg/DINADIN[8]
                            (rising edge-triggered cell RAMB18E2 clocked by ap_clk  {rise@0.000ns fall@2.000ns period=4.000ns})
  Path Group:             ap_clk
  Path Type:              Setup (Max at Slow Process Corner)
  Requirement:            4.000ns  (ap_clk rise@4.000ns - ap_clk rise@0.000ns)
  Data Path Delay:        3.148ns  (logic 1.380ns (43.831%)  route 1.768ns (56.169%))
  Logic Levels:           8  (CARRY8=4 LUT3=1 LUT6=3)
  Clock Path Skew:        0.007ns (DCD - SCD + CPR)
    Destination Clock Delay (DCD):    0.049ns = ( 4.049 - 4.000 ) 
    Source Clock Delay      (SCD):    0.042ns
    Clock Pessimism Removal (CPR):    0.000ns
  Clock Uncertainty:      0.035ns  ((TSJ^2 + TIJ^2)^1/2 + DJ) / 2 + PE
    Total System Jitter     (TSJ):    0.071ns
    Total Input Jitter      (TIJ):    0.000ns
    Discrete Jitter          (DJ):    0.000ns
    Phase Error              (PE):    0.000ns

    Location             Delay type                Incr(ns)  Path(ns)    Netlist Resource(s)
  -------------------------------------------------------------------    -------------------
                         (clock ap_clk rise edge)     0.000     0.000 r  
                                                      0.000     0.000 r  ap_clk (IN)
                         net (fo=427, unset)          0.042     0.042    ap_clk
    SLICE_X27Y52         FDRE                                         r  reg_214_reg[0]/C
  -------------------------------------------------------------------    -------------------
    SLICE_X27Y52         FDRE (Prop_EFF2_SLICEL_C_Q)
                                                      0.116     0.158 r  reg_214_reg[0]/Q
                         net (fo=7, routed)           0.306     0.464    control_s_axi_U/int_block_out/reg_238_reg[15][0]
    SLICE_X27Y53         CARRY8 (Prop_CARRY8_SLICEL_DI[0]_O[4])
                                                      0.297     0.761 r  control_s_axi_U/int_block_out/reg_238_reg[7]_i_1/O[4]
                         net (fo=5, routed)           0.322     1.083    control_s_axi_U/int_block_out/O[4]
    SLICE_X26Y51         LUT6 (Prop_D6LUT_SLICEL_I3_O)
                                                      0.152     1.235 r  control_s_axi_U/int_block_out/b_6_reg_611[7]_i_13/O
                         net (fo=1, routed)           0.013     1.248    control_s_axi_U/int_block_out/b_6_reg_611[7]_i_13_n_0
    SLICE_X26Y51         CARRY8 (Prop_CARRY8_SLICEL_S[3]_O[7])
                                                      0.267     1.515 r  control_s_axi_U/int_block_out/b_6_reg_611_reg[7]_i_1/O[7]
                         net (fo=4, routed)           0.158     1.672    control_s_axi_U/int_block_out/reg_214_reg[6][7]
    SLICE_X25Y51         LUT3 (Prop_D5LUT_SLICEM_I2_O)
                                                      0.220     1.892 r  control_s_axi_U/int_block_out/trunc_ln11_8_reg_626[6]_i_2/O
                         net (fo=1, routed)           0.352     2.244    control_s_axi_U/int_block_out/trunc_ln11_8_reg_626[6]_i_2_n_0
    SLICE_X26Y49         CARRY8 (Prop_CARRY8_SLICEL_DI[7]_CO[7])
                                                      0.077     2.321 r  control_s_axi_U/int_block_out/trunc_ln11_8_reg_626_reg[6]_i_1/CO[7]
                         net (fo=1, routed)           0.030     2.351    control_s_axi_U/int_block_out/trunc_ln11_8_reg_626_reg[6]_i_1_n_0
    SLICE_X26Y50         CARRY8 (Prop_CARRY8_SLICEL_CI_O[0])
                                                      0.086     2.437 r  control_s_axi_U/int_block_out/trunc_ln11_8_reg_626_reg[14]_i_1/O[0]
                         net (fo=2, routed)           0.302     2.739    control_s_axi_U/int_block_out/a_6_reg_581_reg[14][7]
    SLICE_X27Y48         LUT6 (Prop_B6LUT_SLICEL_I0_O)
                                                      0.083     2.822 r  control_s_axi_U/int_block_out/mem_reg_i_45/O
                         net (fo=1, routed)           0.050     2.872    control_s_axi_U/int_block_out/mem_reg_i_45_n_0
    SLICE_X27Y48         LUT6 (Prop_A6LUT_SLICEL_I4_O)
                                                      0.082     2.954 r  control_s_axi_U/int_block_out/mem_reg_i_12__0/O
                         net (fo=1, routed)           0.236     3.190    control_s_axi_U/int_block_out/mem_reg_i_12__0_n_0
    RAMB18_X0Y18         RAMB18E2                                     r  control_s_axi_U/int_block_out/mem_reg/DINADIN[8]
  -------------------------------------------------------------------    -------------------

                         (clock ap_clk rise edge)     4.000     4.000 r  
                                                      0.000     4.000 r  ap_clk (IN)
                         net (fo=427, unset)          0.049     4.049    control_s_axi_U/int_block_out/ap_clk
    RAMB18_X0Y18         RAMB18E2                                     r  control_s_axi_U/int_block_out/mem_reg/CLKBWRCLK
                         clock pessimism              0.000     4.049    
                         clock uncertainty           -0.035     4.014    
    RAMB18_X0Y18         RAMB18E2 (Setup_RAMB18E2_L_RAMB180_CLKBWRCLK_DINADIN[8])
                                                     -0.439     3.575    control_s_axi_U/int_block_out/mem_reg
  -------------------------------------------------------------------
                         required time                          3.575    
                         arrival time                          -3.190    
  -------------------------------------------------------------------
                         slack                                  0.384    

Slack (MET) :             0.388ns  (required time - arrival time)
  Source:                 reg_214_reg[0]/C
                            (rising edge-triggered cell FDRE clocked by ap_clk  {rise@0.000ns fall@2.000ns period=4.000ns})
  Destination:            control_s_axi_U/int_block_out/mem_reg/DINADIN[9]
                            (rising edge-triggered cell RAMB18E2 clocked by ap_clk  {rise@0.000ns fall@2.000ns period=4.000ns})
  Path Group:             ap_clk
  Path Type:              Setup (Max at Slow Process Corner)
  Requirement:            4.000ns  (ap_clk rise@4.000ns - ap_clk rise@0.000ns)
  Data Path Delay:        3.169ns  (logic 1.451ns (45.781%)  route 1.718ns (54.219%))
  Logic Levels:           8  (CARRY8=4 LUT3=1 LUT6=3)
  Clock Path Skew:        0.007ns (DCD - SCD + CPR)
    Destination Clock Delay (DCD):    0.049ns = ( 4.049 - 4.000 ) 
    Source Clock Delay      (SCD):    0.042ns
    Clock Pessimism Removal (CPR):    0.000ns
  Clock Uncertainty:      0.035ns  ((TSJ^2 + TIJ^2)^1/2 + DJ) / 2 + PE
    Total System Jitter     (TSJ):    0.071ns
    Total Input Jitter      (TIJ):    0.000ns
    Discrete Jitter          (DJ):    0.000ns
    Phase Error              (PE):    0.000ns

    Location             Delay type                Incr(ns)  Path(ns)    Netlist Resource(s)
  -------------------------------------------------------------------    -------------------
                         (clock ap_clk rise edge)     0.000     0.000 r  
                                                      0.000     0.000 r  ap_clk (IN)
                         net (fo=427, unset)          0.042     0.042    ap_clk
    SLICE_X27Y52         FDRE                                         r  reg_214_reg[0]/C
  -------------------------------------------------------------------    -------------------
    SLICE_X27Y52         FDRE (Prop_EFF2_SLICEL_C_Q)
                                                      0.116     0.158 r  reg_214_reg[0]/Q
                         net (fo=7, routed)           0.306     0.464    control_s_axi_U/int_block_out/reg_238_reg[15][0]
    SLICE_X27Y53         CARRY8 (Prop_CARRY8_SLICEL_DI[0]_O[4])
                                                      0.297     0.761 r  control_s_axi_U/int_block_out/reg_238_reg[7]_i_1/O[4]
                         net (fo=5, routed)           0.322     1.083    control_s_axi_U/int_block_out/O[4]
    SLICE_X26Y51         LUT6 (Prop_D6LUT_SLICEL_I3_O)
                                                      0.152     1.235 r  control_s_axi_U/int_block_out/b_6_reg_611[7]_i_13/O
                         net (fo=1, routed)           0.013     1.248    control_s_axi_U/int_block_out/b_6_reg_611[7]_i_13_n_0
    SLICE_X26Y51         CARRY8 (Prop_CARRY8_SLICEL_S[3]_O[7])
                                                      0.267     1.515 r  control_s_axi_U/int_block_out/b_6_reg_611_reg[7]_i_1/O[7]
                         net (fo=4, routed)           0.158     1.672    control_s_axi_U/int_block_out/reg_214_reg[6][7]
    SLICE_X25Y51         LUT3 (Prop_D5LUT_SLICEM_I2_O)
                                                      0.220     1.892 r  control_s_axi_U/int_block_out/trunc_ln11_8_reg_626[6]_i_2/O
                         net (fo=1, routed)           0.352     2.244    control_s_axi_U/int_block_out/trunc_ln11_8_reg_626[6]_i_2_n_0
    SLICE_X26Y49         CARRY8 (Prop_CARRY8_SLICEL_DI[7]_CO[7])
                                                      0.077     2.321 r  control_s_axi_U/int_block_out/trunc_ln11_8_reg_626_reg[6]_i_1/CO[7]
                         net (fo=1, routed)           0.030     2.351    control_s_axi_U/int_block_out/trunc_ln11_8_reg_626_reg[6]_i_1_n_0
    SLICE_X26Y50         CARRY8 (Prop_CARRY8_SLICEL_CI_O[1])
                                                      0.114     2.465 r  control_s_axi_U/int_block_out/trunc_ln11_8_reg_626_reg[14]_i_1/O[1]
                         net (fo=2, routed)           0.253     2.718    control_s_axi_U/int_block_out/a_6_reg_581_reg[14][8]
    SLICE_X27Y48         LUT6 (Prop_F6LUT_SLICEL_I0_O)
                                                      0.150     2.868 r  control_s_axi_U/int_block_out/mem_reg_i_43/O
                         net (fo=1, routed)           0.047     2.915    control_s_axi_U/int_block_out/mem_reg_i_43_n_0
    SLICE_X27Y48         LUT6 (Prop_H6LUT_SLICEL_I4_O)
                                                      0.058     2.973 r  control_s_axi_U/int_block_out/mem_reg_i_11__0/O
                         net (fo=1, routed)           0.238     3.211    control_s_axi_U/int_block_out/mem_reg_i_11__0_n_0
    RAMB18_X0Y18         RAMB18E2                                     r  control_s_axi_U/int_block_out/mem_reg/DINADIN[9]
  -------------------------------------------------------------------    -------------------

                         (clock ap_clk rise edge)     4.000     4.000 r  
                                                      0.000     4.000 r  ap_clk (IN)
                         net (fo=427, unset)          0.049     4.049    control_s_axi_U/int_block_out/ap_clk
    RAMB18_X0Y18         RAMB18E2                                     r  control_s_axi_U/int_block_out/mem_reg/CLKBWRCLK
                         clock pessimism              0.000     4.049    
                         clock uncertainty           -0.035     4.014    
    RAMB18_X0Y18         RAMB18E2 (Setup_RAMB18E2_L_RAMB180_CLKBWRCLK_DINADIN[9])
                                                     -0.414     3.600    control_s_axi_U/int_block_out/mem_reg
  -------------------------------------------------------------------
                         required time                          3.600    
                         arrival time                          -3.211    
  -------------------------------------------------------------------
                         slack                                  0.388    

Slack (MET) :             0.392ns  (required time - arrival time)
  Source:                 reg_214_reg[0]/C
                            (rising edge-triggered cell FDRE clocked by ap_clk  {rise@0.000ns fall@2.000ns period=4.000ns})
  Destination:            control_s_axi_U/int_block_out/mem_reg/DINBDIN[4]
                            (rising edge-triggered cell RAMB18E2 clocked by ap_clk  {rise@0.000ns fall@2.000ns period=4.000ns})
  Path Group:             ap_clk
  Path Type:              Setup (Max at Slow Process Corner)
  Requirement:            4.000ns  (ap_clk rise@4.000ns - ap_clk rise@0.000ns)
  Data Path Delay:        3.198ns  (logic 1.307ns (40.865%)  route 1.891ns (59.135%))
  Logic Levels:           8  (CARRY8=3 LUT2=1 LUT3=1 LUT5=1 LUT6=2)
  Clock Path Skew:        0.007ns (DCD - SCD + CPR)
    Destination Clock Delay (DCD):    0.049ns = ( 4.049 - 4.000 ) 
    Source Clock Delay      (SCD):    0.042ns
    Clock Pessimism Removal (CPR):    0.000ns
  Clock Uncertainty:      0.035ns  ((TSJ^2 + TIJ^2)^1/2 + DJ) / 2 + PE
    Total System Jitter     (TSJ):    0.071ns
    Total Input Jitter      (TIJ):    0.000ns
    Discrete Jitter          (DJ):    0.000ns
    Phase Error              (PE):    0.000ns

    Location             Delay type                Incr(ns)  Path(ns)    Netlist Resource(s)
  -------------------------------------------------------------------    -------------------
                         (clock ap_clk rise edge)     0.000     0.000 r  
                                                      0.000     0.000 r  ap_clk (IN)
                         net (fo=427, unset)          0.042     0.042    ap_clk
    SLICE_X27Y52         FDRE                                         r  reg_214_reg[0]/C
  -------------------------------------------------------------------    -------------------
    SLICE_X27Y52         FDRE (Prop_EFF2_SLICEL_C_Q)
                                                      0.116     0.158 r  reg_214_reg[0]/Q
                         net (fo=7, routed)           0.112     0.270    control_s_axi_U/int_block_out/reg_238_reg[15][0]
    SLICE_X27Y53         LUT2 (Prop_A6LUT_SLICEL_I0_O)
                                                      0.152     0.422 r  control_s_axi_U/int_block_out/reg_238[7]_i_9/O
                         net (fo=1, routed)           0.014     0.436    control_s_axi_U/int_block_out/reg_238[7]_i_9_n_0
    SLICE_X27Y53         CARRY8 (Prop_CARRY8_SLICEL_S[0]_O[2])
                                                      0.192     0.628 r  control_s_axi_U/int_block_out/reg_238_reg[7]_i_1/O[2]
                         net (fo=5, routed)           0.371     0.999    control_s_axi_U/int_block_out/O[2]
    SLICE_X26Y51         LUT5 (Prop_B6LUT_SLICEL_I2_O)
                                                      0.138     1.137 r  control_s_axi_U/int_block_out/b_6_reg_611[7]_i_15/O
                         net (fo=1, routed)           0.013     1.150    control_s_axi_U/int_block_out/b_6_reg_611[7]_i_15_n_0
    SLICE_X26Y51         CARRY8 (Prop_CARRY8_SLICEL_S[1]_O[3])
                                                      0.186     1.336 r  control_s_axi_U/int_block_out/b_6_reg_611_reg[7]_i_1/O[3]
                         net (fo=4, routed)           0.206     1.542    control_s_axi_U/int_block_out/reg_214_reg[6][3]
    SLICE_X25Y53         LUT3 (Prop_A5LUT_SLICEM_I2_O)
                                                      0.156     1.698 r  control_s_axi_U/int_block_out/trunc_ln11_8_reg_626[6]_i_6/O
                         net (fo=1, routed)           0.399     2.097    control_s_axi_U/int_block_out/trunc_ln11_8_reg_626[6]_i_6_n_0
    SLICE_X26Y49         CARRY8 (Prop_CARRY8_SLICEL_DI[3]_O[4])
                                                      0.227     2.324 r  control_s_axi_U/int_block_out/trunc_ln11_8_reg_626_reg[6]_i_1/O[4]
                         net (fo=2, routed)           0.346     2.670    control_s_axi_U/int_block_out/a_6_reg_581_reg[14][3]
    SLICE_X30Y51         LUT6 (Prop_H6LUT_SLICEL_I0_O)
                                                      0.083     2.753 r  control_s_axi_U/int_block_out/mem_reg_i_53/O
                         net (fo=1, routed)           0.303     3.056    control_s_axi_U/int_block_out/mem_reg_i_53_n_0
    SLICE_X28Y46         LUT6 (Prop_E6LUT_SLICEM_I4_O)
                                                      0.057     3.113 r  control_s_axi_U/int_block_out/mem_reg_i_16__0/O
                         net (fo=2, routed)           0.128     3.240    control_s_axi_U/int_block_out/mem_reg_i_16__0_n_0
    RAMB18_X0Y18         RAMB18E2                                     r  control_s_axi_U/int_block_out/mem_reg/DINBDIN[4]
  -------------------------------------------------------------------    -------------------

                         (clock ap_clk rise edge)     4.000     4.000 r  
                                                      0.000     4.000 r  ap_clk (IN)
                         net (fo=427, unset)          0.049     4.049    control_s_axi_U/int_block_out/ap_clk
    RAMB18_X0Y18         RAMB18E2                                     r  control_s_axi_U/int_block_out/mem_reg/CLKBWRCLK
                         clock pessimism              0.000     4.049    
                         clock uncertainty           -0.035     4.014    
    RAMB18_X0Y18         RAMB18E2 (Setup_RAMB18E2_L_RAMB180_CLKBWRCLK_DINBDIN[4])
                                                     -0.381     3.633    control_s_axi_U/int_block_out/mem_reg
  -------------------------------------------------------------------
                         required time                          3.633    
                         arrival time                          -3.240    
  -------------------------------------------------------------------
                         slack                                  0.392    

Slack (MET) :             0.399ns  (required time - arrival time)
  Source:                 reg_214_reg[0]/C
                            (rising edge-triggered cell FDRE clocked by ap_clk  {rise@0.000ns fall@2.000ns period=4.000ns})
  Destination:            control_s_axi_U/int_block_out/mem_reg/DINADIN[7]
                            (rising edge-triggered cell RAMB18E2 clocked by ap_clk  {rise@0.000ns fall@2.000ns period=4.000ns})
  Path Group:             ap_clk
  Path Type:              Setup (Max at Slow Process Corner)
  Requirement:            4.000ns  (ap_clk rise@4.000ns - ap_clk rise@0.000ns)
  Data Path Delay:        3.165ns  (logic 1.352ns (42.712%)  route 1.813ns (57.288%))
  Logic Levels:           8  (CARRY8=3 LUT2=1 LUT3=1 LUT5=1 LUT6=2)
  Clock Path Skew:        0.007ns (DCD - SCD + CPR)
    Destination Clock Delay (DCD):    0.049ns = ( 4.049 - 4.000 ) 
    Source Clock Delay      (SCD):    0.042ns
    Clock Pessimism Removal (CPR):    0.000ns
  Clock Uncertainty:      0.035ns  ((TSJ^2 + TIJ^2)^1/2 + DJ) / 2 + PE
    Total System Jitter     (TSJ):    0.071ns
    Total Input Jitter      (TIJ):    0.000ns
    Discrete Jitter          (DJ):    0.000ns
    Phase Error              (PE):    0.000ns

    Location             Delay type                Incr(ns)  Path(ns)    Netlist Resource(s)
  -------------------------------------------------------------------    -------------------
                         (clock ap_clk rise edge)     0.000     0.000 r  
                                                      0.000     0.000 r  ap_clk (IN)
                         net (fo=427, unset)          0.042     0.042    ap_clk
    SLICE_X27Y52         FDRE                                         r  reg_214_reg[0]/C
  -------------------------------------------------------------------    -------------------
    SLICE_X27Y52         FDRE (Prop_EFF2_SLICEL_C_Q)
                                                      0.116     0.158 r  reg_214_reg[0]/Q
                         net (fo=7, routed)           0.112     0.270    control_s_axi_U/int_block_out/reg_238_reg[15][0]
    SLICE_X27Y53         LUT2 (Prop_A6LUT_SLICEL_I0_O)
                                                      0.152     0.422 r  control_s_axi_U/int_block_out/reg_238[7]_i_9/O
                         net (fo=1, routed)           0.014     0.436    control_s_axi_U/int_block_out/reg_238[7]_i_9_n_0
    SLICE_X27Y53         CARRY8 (Prop_CARRY8_SLICEL_S[0]_O[2])
                                                      0.192     0.628 r  control_s_axi_U/int_block_out/reg_238_reg[7]_i_1/O[2]
                         net (fo=5, routed)           0.371     0.999    control_s_axi_U/int_block_out/O[2]
    SLICE_X26Y51         LUT5 (Prop_B6LUT_SLICEL_I2_O)
                                                      0.138     1.137 r  control_s_axi_U/int_block_out/b_6_reg_611[7]_i_15/O
                         net (fo=1, routed)           0.013     1.150    control_s_axi_U/int_block_out/b_6_reg_611[7]_i_15_n_0
    SLICE_X26Y51         CARRY8 (Prop_CARRY8_SLICEL_S[1]_O[3])
                                                      0.186     1.336 r  control_s_axi_U/int_block_out/b_6_reg_611_reg[7]_i_1/O[3]
                         net (fo=4, routed)           0.206     1.542    control_s_axi_U/int_block_out/reg_214_reg[6][3]
    SLICE_X25Y53         LUT3 (Prop_A5LUT_SLICEM_I2_O)
                                                      0.156     1.698 r  control_s_axi_U/int_block_out/trunc_ln11_8_reg_626[6]_i_6/O
                         net (fo=1, routed)           0.399     2.097    control_s_axi_U/int_block_out/trunc_ln11_8_reg_626[6]_i_6_n_0
    SLICE_X26Y49         CARRY8 (Prop_CARRY8_SLICEL_DI[3]_O[7])
                                                      0.272     2.369 r  control_s_axi_U/int_block_out/trunc_ln11_8_reg_626_reg[6]_i_1/O[7]
                         net (fo=2, routed)           0.391     2.760    control_s_axi_U/int_block_out/a_6_reg_581_reg[14][6]
    SLICE_X29Y48         LUT6 (Prop_F6LUT_SLICEM_I0_O)
                                                      0.080     2.840 r  control_s_axi_U/int_block_out/mem_reg_i_47/O
                         net (fo=1, routed)           0.051     2.891    control_s_axi_U/int_block_out/mem_reg_i_47_n_0
    SLICE_X29Y48         LUT6 (Prop_H6LUT_SLICEM_I4_O)
                                                      0.060     2.951 r  control_s_axi_U/int_block_out/mem_reg_i_13__0/O
                         net (fo=2, routed)           0.257     3.207    control_s_axi_U/int_block_out/mem_reg_i_13__0_n_0
    RAMB18_X0Y18         RAMB18E2                                     r  control_s_axi_U/int_block_out/mem_reg/DINADIN[7]
  -------------------------------------------------------------------    -------------------

                         (clock ap_clk rise edge)     4.000     4.000 r  
                                                      0.000     4.000 r  ap_clk (IN)
                         net (fo=427, unset)          0.049     4.049    control_s_axi_U/int_block_out/ap_clk
    RAMB18_X0Y18         RAMB18E2                                     r  control_s_axi_U/int_block_out/mem_reg/CLKBWRCLK
                         clock pessimism              0.000     4.049    
                         clock uncertainty           -0.035     4.014    
    RAMB18_X0Y18         RAMB18E2 (Setup_RAMB18E2_L_RAMB180_CLKBWRCLK_DINADIN[7])
                                                     -0.407     3.607    control_s_axi_U/int_block_out/mem_reg
  -------------------------------------------------------------------
                         required time                          3.607    
                         arrival time                          -3.207    
  -------------------------------------------------------------------
                         slack                                  0.399    

Slack (MET) :             0.410ns  (required time - arrival time)
  Source:                 reg_214_reg[0]/C
                            (rising edge-triggered cell FDRE clocked by ap_clk  {rise@0.000ns fall@2.000ns period=4.000ns})
  Destination:            control_s_axi_U/int_block_out/mem_reg/DINADIN[10]
                            (rising edge-triggered cell RAMB18E2 clocked by ap_clk  {rise@0.000ns fall@2.000ns period=4.000ns})
  Path Group:             ap_clk
  Path Type:              Setup (Max at Slow Process Corner)
  Requirement:            4.000ns  (ap_clk rise@4.000ns - ap_clk rise@0.000ns)
  Data Path Delay:        3.159ns  (logic 1.329ns (42.072%)  route 1.830ns (57.928%))
  Logic Levels:           8  (CARRY8=4 LUT3=1 LUT6=3)
  Clock Path Skew:        0.007ns (DCD - SCD + CPR)
    Destination Clock Delay (DCD):    0.049ns = ( 4.049 - 4.000 ) 
    Source Clock Delay      (SCD):    0.042ns
    Clock Pessimism Removal (CPR):    0.000ns
  Clock Uncertainty:      0.035ns  ((TSJ^2 + TIJ^2)^1/2 + DJ) / 2 + PE
    Total System Jitter     (TSJ):    0.071ns
    Total Input Jitter      (TIJ):    0.000ns
    Discrete Jitter          (DJ):    0.000ns
    Phase Error              (PE):    0.000ns

    Location             Delay type                Incr(ns)  Path(ns)    Netlist Resource(s)
  -------------------------------------------------------------------    -------------------
                         (clock ap_clk rise edge)     0.000     0.000 r  
                                                      0.000     0.000 r  ap_clk (IN)
                         net (fo=427, unset)          0.042     0.042    ap_clk
    SLICE_X27Y52         FDRE                                         r  reg_214_reg[0]/C
  -------------------------------------------------------------------    -------------------
    SLICE_X27Y52         FDRE (Prop_EFF2_SLICEL_C_Q)
                                                      0.116     0.158 r  reg_214_reg[0]/Q
                         net (fo=7, routed)           0.306     0.464    control_s_axi_U/int_block_out/reg_238_reg[15][0]
    SLICE_X27Y53         CARRY8 (Prop_CARRY8_SLICEL_DI[0]_O[6])
                                                      0.322     0.786 r  control_s_axi_U/int_block_out/reg_238_reg[7]_i_1/O[6]
                         net (fo=5, routed)           0.424     1.210    control_s_axi_U/int_block_out/O[6]
    SLICE_X26Y51         LUT6 (Prop_G6LUT_SLICEL_I0_O)
                                                      0.151     1.361 r  control_s_axi_U/int_block_out/b_6_reg_611[7]_i_10/O
                         net (fo=1, routed)           0.012     1.373    control_s_axi_U/int_block_out/b_6_reg_611[7]_i_10_n_0
    SLICE_X26Y51         CARRY8 (Prop_CARRY8_SLICEL_S[6]_CO[7])
                                                      0.171     1.544 r  control_s_axi_U/int_block_out/b_6_reg_611_reg[7]_i_1/CO[7]
                         net (fo=1, routed)           0.030     1.574    control_s_axi_U/int_block_out/b_6_reg_611_reg[7]_i_1_n_0
    SLICE_X26Y52         CARRY8 (Prop_CARRY8_SLICEL_CI_O[1])
                                                      0.114     1.688 r  control_s_axi_U/int_block_out/b_6_reg_611_reg[15]_i_2/O[1]
                         net (fo=4, routed)           0.158     1.846    control_s_axi_U/int_block_out/reg_214_reg[14]_0[1]
    SLICE_X25Y52         LUT3 (Prop_A5LUT_SLICEM_I2_O)
                                                      0.194     2.040 r  control_s_axi_U/int_block_out/trunc_ln11_8_reg_626[14]_i_7/O
                         net (fo=1, routed)           0.288     2.328    control_s_axi_U/int_block_out/trunc_ln11_8_reg_626[14]_i_7_n_0
    SLICE_X26Y50         CARRY8 (Prop_CARRY8_SLICEL_DI[1]_O[2])
                                                      0.145     2.473 r  control_s_axi_U/int_block_out/trunc_ln11_8_reg_626_reg[14]_i_1/O[2]
                         net (fo=2, routed)           0.310     2.783    control_s_axi_U/int_block_out/a_6_reg_581_reg[14][9]
    SLICE_X28Y48         LUT6 (Prop_F6LUT_SLICEM_I0_O)
                                                      0.056     2.839 r  control_s_axi_U/int_block_out/mem_reg_i_41/O
                         net (fo=1, routed)           0.051     2.890    control_s_axi_U/int_block_out/mem_reg_i_41_n_0
    SLICE_X28Y48         LUT6 (Prop_H6LUT_SLICEM_I4_O)
                                                      0.060     2.950 r  control_s_axi_U/int_block_out/mem_reg_i_10__0/O
                         net (fo=1, routed)           0.251     3.201    control_s_axi_U/int_block_out/mem_reg_i_10__0_n_0
    RAMB18_X0Y18         RAMB18E2                                     r  control_s_axi_U/int_block_out/mem_reg/DINADIN[10]
  -------------------------------------------------------------------    -------------------

                         (clock ap_clk rise edge)     4.000     4.000 r  
                                                      0.000     4.000 r  ap_clk (IN)
                         net (fo=427, unset)          0.049     4.049    control_s_axi_U/int_block_out/ap_clk
    RAMB18_X0Y18         RAMB18E2                                     r  control_s_axi_U/int_block_out/mem_reg/CLKBWRCLK
                         clock pessimism              0.000     4.049    
                         clock uncertainty           -0.035     4.014    
    RAMB18_X0Y18         RAMB18E2 (Setup_RAMB18E2_L_RAMB180_CLKBWRCLK_DINADIN[10])
                                                     -0.403     3.611    control_s_axi_U/int_block_out/mem_reg
  -------------------------------------------------------------------
                         required time                          3.611    
                         arrival time                          -3.201    
  -------------------------------------------------------------------
                         slack                                  0.410    

Slack (MET) :             0.420ns  (required time - arrival time)
  Source:                 reg_214_reg[0]/C
                            (rising edge-triggered cell FDRE clocked by ap_clk  {rise@0.000ns fall@2.000ns period=4.000ns})
  Destination:            control_s_axi_U/int_block_out/mem_reg/DINADIN[11]
                            (rising edge-triggered cell RAMB18E2 clocked by ap_clk  {rise@0.000ns fall@2.000ns period=4.000ns})
  Path Group:             ap_clk
  Path Type:              Setup (Max at Slow Process Corner)
  Requirement:            4.000ns  (ap_clk rise@4.000ns - ap_clk rise@0.000ns)
  Data Path Delay:        3.085ns  (logic 1.254ns (40.650%)  route 1.831ns (59.350%))
  Logic Levels:           8  (CARRY8=4 LUT3=1 LUT6=3)
  Clock Path Skew:        0.007ns (DCD - SCD + CPR)
    Destination Clock Delay (DCD):    0.049ns = ( 4.049 - 4.000 ) 
    Source Clock Delay      (SCD):    0.042ns
    Clock Pessimism Removal (CPR):    0.000ns
  Clock Uncertainty:      0.035ns  ((TSJ^2 + TIJ^2)^1/2 + DJ) / 2 + PE
    Total System Jitter     (TSJ):    0.071ns
    Total Input Jitter      (TIJ):    0.000ns
    Discrete Jitter          (DJ):    0.000ns
    Phase Error              (PE):    0.000ns

    Location             Delay type                Incr(ns)  Path(ns)    Netlist Resource(s)
  -------------------------------------------------------------------    -------------------
                         (clock ap_clk rise edge)     0.000     0.000 r  
                                                      0.000     0.000 r  ap_clk (IN)
                         net (fo=427, unset)          0.042     0.042    ap_clk
    SLICE_X27Y52         FDRE                                         r  reg_214_reg[0]/C
  -------------------------------------------------------------------    -------------------
    SLICE_X27Y52         FDRE (Prop_EFF2_SLICEL_C_Q)
                                                      0.116     0.158 r  reg_214_reg[0]/Q
                         net (fo=7, routed)           0.306     0.464    control_s_axi_U/int_block_out/reg_238_reg[15][0]
    SLICE_X27Y53         CARRY8 (Prop_CARRY8_SLICEL_DI[0]_O[6])
                                                      0.322     0.786 r  control_s_axi_U/int_block_out/reg_238_reg[7]_i_1/O[6]
                         net (fo=5, routed)           0.424     1.210    control_s_axi_U/int_block_out/O[6]
    SLICE_X26Y51         LUT6 (Prop_G6LUT_SLICEL_I0_O)
                                                      0.151     1.361 r  control_s_axi_U/int_block_out/b_6_reg_611[7]_i_10/O
                         net (fo=1, routed)           0.012     1.373    control_s_axi_U/int_block_out/b_6_reg_611[7]_i_10_n_0
    SLICE_X26Y51         CARRY8 (Prop_CARRY8_SLICEL_S[6]_CO[7])
                                                      0.171     1.544 r  control_s_axi_U/int_block_out/b_6_reg_611_reg[7]_i_1/CO[7]
                         net (fo=1, routed)           0.030     1.574    control_s_axi_U/int_block_out/b_6_reg_611_reg[7]_i_1_n_0
    SLICE_X26Y52         CARRY8 (Prop_CARRY8_SLICEL_CI_O[2])
                                                      0.101     1.675 r  control_s_axi_U/int_block_out/b_6_reg_611_reg[15]_i_2/O[2]
                         net (fo=4, routed)           0.148     1.823    control_s_axi_U/int_block_out/reg_214_reg[14]_0[2]
    SLICE_X25Y52         LUT3 (Prop_F5LUT_SLICEM_I2_O)
                                                      0.144     1.967 r  control_s_axi_U/int_block_out/trunc_ln11_8_reg_626[14]_i_6/O
                         net (fo=1, routed)           0.396     2.363    control_s_axi_U/int_block_out/trunc_ln11_8_reg_626[14]_i_6_n_0
    SLICE_X26Y50         CARRY8 (Prop_CARRY8_SLICEL_DI[2]_O[3])
                                                      0.134     2.497 r  control_s_axi_U/int_block_out/trunc_ln11_8_reg_626_reg[14]_i_1/O[3]
                         net (fo=2, routed)           0.146     2.643    control_s_axi_U/int_block_out/a_6_reg_581_reg[14][10]
    SLICE_X26Y48         LUT6 (Prop_A6LUT_SLICEL_I0_O)
                                                      0.058     2.701 r  control_s_axi_U/int_block_out/mem_reg_i_39/O
                         net (fo=1, routed)           0.196     2.897    control_s_axi_U/int_block_out/mem_reg_i_39_n_0
    SLICE_X27Y47         LUT6 (Prop_G6LUT_SLICEL_I4_O)
                                                      0.057     2.954 r  control_s_axi_U/int_block_out/mem_reg_i_9__0/O
                         net (fo=1, routed)           0.173     3.127    control_s_axi_U/int_block_out/mem_reg_i_9__0_n_0
    RAMB18_X0Y18         RAMB18E2                                     r  control_s_axi_U/int_block_out/mem_reg/DINADIN[11]
  -------------------------------------------------------------------    -------------------

                         (clock ap_clk rise edge)     4.000     4.000 r  
                                                      0.000     4.000 r  ap_clk (IN)
                         net (fo=427, unset)          0.049     4.049    control_s_axi_U/int_block_out/ap_clk
    RAMB18_X0Y18         RAMB18E2                                     r  control_s_axi_U/int_block_out/mem_reg/CLKBWRCLK
                         clock pessimism              0.000     4.049    
                         clock uncertainty           -0.035     4.014    
    RAMB18_X0Y18         RAMB18E2 (Setup_RAMB18E2_L_RAMB180_CLKBWRCLK_DINADIN[11])
                                                     -0.467     3.547    control_s_axi_U/int_block_out/mem_reg
  -------------------------------------------------------------------
                         required time                          3.547    
                         arrival time                          -3.127    
  -------------------------------------------------------------------
                         slack                                  0.420    

Slack (MET) :             0.438ns  (required time - arrival time)
  Source:                 reg_214_reg[0]/C
                            (rising edge-triggered cell FDRE clocked by ap_clk  {rise@0.000ns fall@2.000ns period=4.000ns})
  Destination:            control_s_axi_U/int_block_out/mem_reg/DINADIN[12]
                            (rising edge-triggered cell RAMB18E2 clocked by ap_clk  {rise@0.000ns fall@2.000ns period=4.000ns})
  Path Group:             ap_clk
  Path Type:              Setup (Max at Slow Process Corner)
  Requirement:            4.000ns  (ap_clk rise@4.000ns - ap_clk rise@0.000ns)
  Data Path Delay:        3.090ns  (logic 1.361ns (44.047%)  route 1.729ns (55.953%))
  Logic Levels:           8  (CARRY8=4 LUT3=1 LUT6=3)
  Clock Path Skew:        0.007ns (DCD - SCD + CPR)
    Destination Clock Delay (DCD):    0.049ns = ( 4.049 - 4.000 ) 
    Source Clock Delay      (SCD):    0.042ns
    Clock Pessimism Removal (CPR):    0.000ns
  Clock Uncertainty:      0.035ns  ((TSJ^2 + TIJ^2)^1/2 + DJ) / 2 + PE
    Total System Jitter     (TSJ):    0.071ns
    Total Input Jitter      (TIJ):    0.000ns
    Discrete Jitter          (DJ):    0.000ns
    Phase Error              (PE):    0.000ns

    Location             Delay type                Incr(ns)  Path(ns)    Netlist Resource(s)
  -------------------------------------------------------------------    -------------------
                         (clock ap_clk rise edge)     0.000     0.000 r  
                                                      0.000     0.000 r  ap_clk (IN)
                         net (fo=427, unset)          0.042     0.042    ap_clk
    SLICE_X27Y52         FDRE                                         r  reg_214_reg[0]/C
  -------------------------------------------------------------------    -------------------
    SLICE_X27Y52         FDRE (Prop_EFF2_SLICEL_C_Q)
                                                      0.116     0.158 r  reg_214_reg[0]/Q
                         net (fo=7, routed)           0.306     0.464    control_s_axi_U/int_block_out/reg_238_reg[15][0]
    SLICE_X27Y53         CARRY8 (Prop_CARRY8_SLICEL_DI[0]_O[6])
                                                      0.322     0.786 r  control_s_axi_U/int_block_out/reg_238_reg[7]_i_1/O[6]
                         net (fo=5, routed)           0.424     1.210    control_s_axi_U/int_block_out/O[6]
    SLICE_X26Y51         LUT6 (Prop_G6LUT_SLICEL_I0_O)
                                                      0.151     1.361 r  control_s_axi_U/int_block_out/b_6_reg_611[7]_i_10/O
                         net (fo=1, routed)           0.012     1.373    control_s_axi_U/int_block_out/b_6_reg_611[7]_i_10_n_0
    SLICE_X26Y51         CARRY8 (Prop_CARRY8_SLICEL_S[6]_CO[7])
                                                      0.171     1.544 r  control_s_axi_U/int_block_out/b_6_reg_611_reg[7]_i_1/CO[7]
                         net (fo=1, routed)           0.030     1.574    control_s_axi_U/int_block_out/b_6_reg_611_reg[7]_i_1_n_0
    SLICE_X26Y52         CARRY8 (Prop_CARRY8_SLICEL_CI_O[2])
                                                      0.101     1.675 r  control_s_axi_U/int_block_out/b_6_reg_611_reg[15]_i_2/O[2]
                         net (fo=4, routed)           0.148     1.823    control_s_axi_U/int_block_out/reg_214_reg[14]_0[2]
    SLICE_X25Y52         LUT3 (Prop_F5LUT_SLICEM_I2_O)
                                                      0.144     1.967 r  control_s_axi_U/int_block_out/trunc_ln11_8_reg_626[14]_i_6/O
                         net (fo=1, routed)           0.396     2.363    control_s_axi_U/int_block_out/trunc_ln11_8_reg_626[14]_i_6_n_0
    SLICE_X26Y50         CARRY8 (Prop_CARRY8_SLICEL_DI[2]_O[4])
                                                      0.241     2.604 r  control_s_axi_U/int_block_out/trunc_ln11_8_reg_626_reg[14]_i_1/O[4]
                         net (fo=2, routed)           0.144     2.748    control_s_axi_U/int_block_out/a_6_reg_581_reg[14][11]
    SLICE_X26Y48         LUT6 (Prop_H6LUT_SLICEL_I0_O)
                                                      0.058     2.806 r  control_s_axi_U/int_block_out/mem_reg_i_37/O
                         net (fo=1, routed)           0.046     2.852    control_s_axi_U/int_block_out/mem_reg_i_37_n_0
    SLICE_X26Y48         LUT6 (Prop_G6LUT_SLICEL_I4_O)
                                                      0.057     2.909 r  control_s_axi_U/int_block_out/mem_reg_i_8__0/O
                         net (fo=1, routed)           0.223     3.132    control_s_axi_U/int_block_out/mem_reg_i_8__0_n_0
    RAMB18_X0Y18         RAMB18E2                                     r  control_s_axi_U/int_block_out/mem_reg/DINADIN[12]
  -------------------------------------------------------------------    -------------------

                         (clock ap_clk rise edge)     4.000     4.000 r  
                                                      0.000     4.000 r  ap_clk (IN)
                         net (fo=427, unset)          0.049     4.049    control_s_axi_U/int_block_out/ap_clk
    RAMB18_X0Y18         RAMB18E2                                     r  control_s_axi_U/int_block_out/mem_reg/CLKBWRCLK
                         clock pessimism              0.000     4.049    
                         clock uncertainty           -0.035     4.014    
    RAMB18_X0Y18         RAMB18E2 (Setup_RAMB18E2_L_RAMB180_CLKBWRCLK_DINADIN[12])
                                                     -0.444     3.570    control_s_axi_U/int_block_out/mem_reg
  -------------------------------------------------------------------
                         required time                          3.570    
                         arrival time                          -3.132    
  -------------------------------------------------------------------
                         slack                                  0.438    

Slack (MET) :             0.444ns  (required time - arrival time)
  Source:                 reg_214_reg[0]/C
                            (rising edge-triggered cell FDRE clocked by ap_clk  {rise@0.000ns fall@2.000ns period=4.000ns})
  Destination:            control_s_axi_U/int_block_out/mem_reg/DINADIN[6]
                            (rising edge-triggered cell RAMB18E2 clocked by ap_clk  {rise@0.000ns fall@2.000ns period=4.000ns})
  Path Group:             ap_clk
  Path Type:              Setup (Max at Slow Process Corner)
  Requirement:            4.000ns  (ap_clk rise@4.000ns - ap_clk rise@0.000ns)
  Data Path Delay:        3.131ns  (logic 1.328ns (42.416%)  route 1.803ns (57.584%))
  Logic Levels:           8  (CARRY8=3 LUT2=1 LUT3=1 LUT5=1 LUT6=2)
  Clock Path Skew:        0.007ns (DCD - SCD + CPR)
    Destination Clock Delay (DCD):    0.049ns = ( 4.049 - 4.000 ) 
    Source Clock Delay      (SCD):    0.042ns
    Clock Pessimism Removal (CPR):    0.000ns
  Clock Uncertainty:      0.035ns  ((TSJ^2 + TIJ^2)^1/2 + DJ) / 2 + PE
    Total System Jitter     (TSJ):    0.071ns
    Total Input Jitter      (TIJ):    0.000ns
    Discrete Jitter          (DJ):    0.000ns
    Phase Error              (PE):    0.000ns

    Location             Delay type                Incr(ns)  Path(ns)    Netlist Resource(s)
  -------------------------------------------------------------------    -------------------
                         (clock ap_clk rise edge)     0.000     0.000 r  
                                                      0.000     0.000 r  ap_clk (IN)
                         net (fo=427, unset)          0.042     0.042    ap_clk
    SLICE_X27Y52         FDRE                                         r  reg_214_reg[0]/C
  -------------------------------------------------------------------    -------------------
    SLICE_X27Y52         FDRE (Prop_EFF2_SLICEL_C_Q)
                                                      0.116     0.158 r  reg_214_reg[0]/Q
                         net (fo=7, routed)           0.112     0.270    control_s_axi_U/int_block_out/reg_238_reg[15][0]
    SLICE_X27Y53         LUT2 (Prop_A6LUT_SLICEL_I0_O)
                                                      0.152     0.422 r  control_s_axi_U/int_block_out/reg_238[7]_i_9/O
                         net (fo=1, routed)           0.014     0.436    control_s_axi_U/int_block_out/reg_238[7]_i_9_n_0
    SLICE_X27Y53         CARRY8 (Prop_CARRY8_SLICEL_S[0]_O[2])
                                                      0.192     0.628 r  control_s_axi_U/int_block_out/reg_238_reg[7]_i_1/O[2]
                         net (fo=5, routed)           0.371     0.999    control_s_axi_U/int_block_out/O[2]
    SLICE_X26Y51         LUT5 (Prop_B6LUT_SLICEL_I2_O)
                                                      0.138     1.137 r  control_s_axi_U/int_block_out/b_6_reg_611[7]_i_15/O
                         net (fo=1, routed)           0.013     1.150    control_s_axi_U/int_block_out/b_6_reg_611[7]_i_15_n_0
    SLICE_X26Y51         CARRY8 (Prop_CARRY8_SLICEL_S[1]_O[3])
                                                      0.186     1.336 r  control_s_axi_U/int_block_out/b_6_reg_611_reg[7]_i_1/O[3]
                         net (fo=4, routed)           0.206     1.542    control_s_axi_U/int_block_out/reg_214_reg[6][3]
    SLICE_X25Y53         LUT3 (Prop_A5LUT_SLICEM_I2_O)
                                                      0.156     1.698 r  control_s_axi_U/int_block_out/trunc_ln11_8_reg_626[6]_i_6/O
                         net (fo=1, routed)           0.399     2.097    control_s_axi_U/int_block_out/trunc_ln11_8_reg_626[6]_i_6_n_0
    SLICE_X26Y49         CARRY8 (Prop_CARRY8_SLICEL_DI[3]_O[6])
                                                      0.252     2.349 r  control_s_axi_U/int_block_out/trunc_ln11_8_reg_626_reg[6]_i_1/O[6]
                         net (fo=2, routed)           0.339     2.688    control_s_axi_U/int_block_out/a_6_reg_581_reg[14][5]
    SLICE_X29Y48         LUT6 (Prop_C6LUT_SLICEM_I0_O)
                                                      0.080     2.768 r  control_s_axi_U/int_block_out/mem_reg_i_49/O
                         net (fo=1, routed)           0.051     2.819    control_s_axi_U/int_block_out/mem_reg_i_49_n_0
    SLICE_X29Y48         LUT6 (Prop_D6LUT_SLICEM_I4_O)
                                                      0.056     2.875 r  control_s_axi_U/int_block_out/mem_reg_i_14__0/O
                         net (fo=2, routed)           0.298     3.173    control_s_axi_U/int_block_out/mem_reg_i_14__0_n_0
    RAMB18_X0Y18         RAMB18E2                                     r  control_s_axi_U/int_block_out/mem_reg/DINADIN[6]
  -------------------------------------------------------------------    -------------------

                         (clock ap_clk rise edge)     4.000     4.000 r  
                                                      0.000     4.000 r  ap_clk (IN)
                         net (fo=427, unset)          0.049     4.049    control_s_axi_U/int_block_out/ap_clk
    RAMB18_X0Y18         RAMB18E2                                     r  control_s_axi_U/int_block_out/mem_reg/CLKBWRCLK
                         clock pessimism              0.000     4.049    
                         clock uncertainty           -0.035     4.014    
    RAMB18_X0Y18         RAMB18E2 (Setup_RAMB18E2_L_RAMB180_CLKBWRCLK_DINADIN[6])
                                                     -0.397     3.617    control_s_axi_U/int_block_out/mem_reg
  -------------------------------------------------------------------
                         required time                          3.617    
                         arrival time                          -3.173    
  -------------------------------------------------------------------
                         slack                                  0.444    

Slack (MET) :             0.448ns  (required time - arrival time)
  Source:                 reg_214_reg[0]/C
                            (rising edge-triggered cell FDRE clocked by ap_clk  {rise@0.000ns fall@2.000ns period=4.000ns})
  Destination:            control_s_axi_U/int_block_out/mem_reg/DINADIN[5]
                            (rising edge-triggered cell RAMB18E2 clocked by ap_clk  {rise@0.000ns fall@2.000ns period=4.000ns})
  Path Group:             ap_clk
  Path Type:              Setup (Max at Slow Process Corner)
  Requirement:            4.000ns  (ap_clk rise@4.000ns - ap_clk rise@0.000ns)
  Data Path Delay:        3.108ns  (logic 1.320ns (42.476%)  route 1.788ns (57.524%))
  Logic Levels:           8  (CARRY8=3 LUT2=1 LUT3=1 LUT5=1 LUT6=2)
  Clock Path Skew:        0.007ns (DCD - SCD + CPR)
    Destination Clock Delay (DCD):    0.049ns = ( 4.049 - 4.000 ) 
    Source Clock Delay      (SCD):    0.042ns
    Clock Pessimism Removal (CPR):    0.000ns
  Clock Uncertainty:      0.035ns  ((TSJ^2 + TIJ^2)^1/2 + DJ) / 2 + PE
    Total System Jitter     (TSJ):    0.071ns
    Total Input Jitter      (TIJ):    0.000ns
    Discrete Jitter          (DJ):    0.000ns
    Phase Error              (PE):    0.000ns

    Location             Delay type                Incr(ns)  Path(ns)    Netlist Resource(s)
  -------------------------------------------------------------------    -------------------
                         (clock ap_clk rise edge)     0.000     0.000 r  
                                                      0.000     0.000 r  ap_clk (IN)
                         net (fo=427, unset)          0.042     0.042    ap_clk
    SLICE_X27Y52         FDRE                                         r  reg_214_reg[0]/C
  -------------------------------------------------------------------    -------------------
    SLICE_X27Y52         FDRE (Prop_EFF2_SLICEL_C_Q)
                                                      0.116     0.158 r  reg_214_reg[0]/Q
                         net (fo=7, routed)           0.112     0.270    control_s_axi_U/int_block_out/reg_238_reg[15][0]
    SLICE_X27Y53         LUT2 (Prop_A6LUT_SLICEL_I0_O)
                                                      0.152     0.422 r  control_s_axi_U/int_block_out/reg_238[7]_i_9/O
                         net (fo=1, routed)           0.014     0.436    control_s_axi_U/int_block_out/reg_238[7]_i_9_n_0
    SLICE_X27Y53         CARRY8 (Prop_CARRY8_SLICEL_S[0]_O[2])
                                                      0.192     0.628 r  control_s_axi_U/int_block_out/reg_238_reg[7]_i_1/O[2]
                         net (fo=5, routed)           0.371     0.999    control_s_axi_U/int_block_out/O[2]
    SLICE_X26Y51         LUT5 (Prop_B6LUT_SLICEL_I2_O)
                                                      0.138     1.137 r  control_s_axi_U/int_block_out/b_6_reg_611[7]_i_15/O
                         net (fo=1, routed)           0.013     1.150    control_s_axi_U/int_block_out/b_6_reg_611[7]_i_15_n_0
    SLICE_X26Y51         CARRY8 (Prop_CARRY8_SLICEL_S[1]_O[3])
                                                      0.186     1.336 r  control_s_axi_U/int_block_out/b_6_reg_611_reg[7]_i_1/O[3]
                         net (fo=4, routed)           0.206     1.542    control_s_axi_U/int_block_out/reg_214_reg[6][3]
    SLICE_X25Y53         LUT3 (Prop_A5LUT_SLICEM_I2_O)
                                                      0.156     1.698 r  control_s_axi_U/int_block_out/trunc_ln11_8_reg_626[6]_i_6/O
                         net (fo=1, routed)           0.399     2.097    control_s_axi_U/int_block_out/trunc_ln11_8_reg_626[6]_i_6_n_0
    SLICE_X26Y49         CARRY8 (Prop_CARRY8_SLICEL_DI[3]_O[5])
                                                      0.268     2.365 r  control_s_axi_U/int_block_out/trunc_ln11_8_reg_626_reg[6]_i_1/O[5]
                         net (fo=2, routed)           0.362     2.727    control_s_axi_U/int_block_out/a_6_reg_581_reg[14][4]
    SLICE_X29Y47         LUT6 (Prop_C6LUT_SLICEM_I0_O)
                                                      0.056     2.783 r  control_s_axi_U/int_block_out/mem_reg_i_51/O
                         net (fo=1, routed)           0.051     2.834    control_s_axi_U/int_block_out/mem_reg_i_51_n_0
    SLICE_X29Y47         LUT6 (Prop_D6LUT_SLICEM_I4_O)
                                                      0.056     2.890 r  control_s_axi_U/int_block_out/mem_reg_i_15__0/O
                         net (fo=2, routed)           0.260     3.150    control_s_axi_U/int_block_out/mem_reg_i_15__0_n_0
    RAMB18_X0Y18         RAMB18E2                                     r  control_s_axi_U/int_block_out/mem_reg/DINADIN[5]
  -------------------------------------------------------------------    -------------------

                         (clock ap_clk rise edge)     4.000     4.000 r  
                                                      0.000     4.000 r  ap_clk (IN)
                         net (fo=427, unset)          0.049     4.049    control_s_axi_U/int_block_out/ap_clk
    RAMB18_X0Y18         RAMB18E2                                     r  control_s_axi_U/int_block_out/mem_reg/CLKBWRCLK
                         clock pessimism              0.000     4.049    
                         clock uncertainty           -0.035     4.014    
    RAMB18_X0Y18         RAMB18E2 (Setup_RAMB18E2_L_RAMB180_CLKBWRCLK_DINADIN[5])
                                                     -0.416     3.598    control_s_axi_U/int_block_out/mem_reg
  -------------------------------------------------------------------
                         required time                          3.598    
                         arrival time                          -3.150    
  -------------------------------------------------------------------
                         slack                                  0.448    

Slack (MET) :             0.450ns  (required time - arrival time)
  Source:                 reg_214_reg[0]/C
                            (rising edge-triggered cell FDRE clocked by ap_clk  {rise@0.000ns fall@2.000ns period=4.000ns})
  Destination:            control_s_axi_U/int_block_out/mem_reg/DINBDIN[6]
                            (rising edge-triggered cell RAMB18E2 clocked by ap_clk  {rise@0.000ns fall@2.000ns period=4.000ns})
  Path Group:             ap_clk
  Path Type:              Setup (Max at Slow Process Corner)
  Requirement:            4.000ns  (ap_clk rise@4.000ns - ap_clk rise@0.000ns)
  Data Path Delay:        3.111ns  (logic 1.328ns (42.689%)  route 1.783ns (57.311%))
  Logic Levels:           8  (CARRY8=3 LUT2=1 LUT3=1 LUT5=1 LUT6=2)
  Clock Path Skew:        0.007ns (DCD - SCD + CPR)
    Destination Clock Delay (DCD):    0.049ns = ( 4.049 - 4.000 ) 
    Source Clock Delay      (SCD):    0.042ns
    Clock Pessimism Removal (CPR):    0.000ns
  Clock Uncertainty:      0.035ns  ((TSJ^2 + TIJ^2)^1/2 + DJ) / 2 + PE
    Total System Jitter     (TSJ):    0.071ns
    Total Input Jitter      (TIJ):    0.000ns
    Discrete Jitter          (DJ):    0.000ns
    Phase Error              (PE):    0.000ns

    Location             Delay type                Incr(ns)  Path(ns)    Netlist Resource(s)
  -------------------------------------------------------------------    -------------------
                         (clock ap_clk rise edge)     0.000     0.000 r  
                                                      0.000     0.000 r  ap_clk (IN)
                         net (fo=427, unset)          0.042     0.042    ap_clk
    SLICE_X27Y52         FDRE                                         r  reg_214_reg[0]/C
  -------------------------------------------------------------------    -------------------
    SLICE_X27Y52         FDRE (Prop_EFF2_SLICEL_C_Q)
                                                      0.116     0.158 r  reg_214_reg[0]/Q
                         net (fo=7, routed)           0.112     0.270    control_s_axi_U/int_block_out/reg_238_reg[15][0]
    SLICE_X27Y53         LUT2 (Prop_A6LUT_SLICEL_I0_O)
                                                      0.152     0.422 r  control_s_axi_U/int_block_out/reg_238[7]_i_9/O
                         net (fo=1, routed)           0.014     0.436    control_s_axi_U/int_block_out/reg_238[7]_i_9_n_0
    SLICE_X27Y53         CARRY8 (Prop_CARRY8_SLICEL_S[0]_O[2])
                                                      0.192     0.628 r  control_s_axi_U/int_block_out/reg_238_reg[7]_i_1/O[2]
                         net (fo=5, routed)           0.371     0.999    control_s_axi_U/int_block_out/O[2]
    SLICE_X26Y51         LUT5 (Prop_B6LUT_SLICEL_I2_O)
                                                      0.138     1.137 r  control_s_axi_U/int_block_out/b_6_reg_611[7]_i_15/O
                         net (fo=1, routed)           0.013     1.150    control_s_axi_U/int_block_out/b_6_reg_611[7]_i_15_n_0
    SLICE_X26Y51         CARRY8 (Prop_CARRY8_SLICEL_S[1]_O[3])
                                                      0.186     1.336 r  control_s_axi_U/int_block_out/b_6_reg_611_reg[7]_i_1/O[3]
                         net (fo=4, routed)           0.206     1.542    control_s_axi_U/int_block_out/reg_214_reg[6][3]
    SLICE_X25Y53         LUT3 (Prop_A5LUT_SLICEM_I2_O)
                                                      0.156     1.698 r  control_s_axi_U/int_block_out/trunc_ln11_8_reg_626[6]_i_6/O
                         net (fo=1, routed)           0.399     2.097    control_s_axi_U/int_block_out/trunc_ln11_8_reg_626[6]_i_6_n_0
    SLICE_X26Y49         CARRY8 (Prop_CARRY8_SLICEL_DI[3]_O[6])
                                                      0.252     2.349 r  control_s_axi_U/int_block_out/trunc_ln11_8_reg_626_reg[6]_i_1/O[6]
                         net (fo=2, routed)           0.339     2.688    control_s_axi_U/int_block_out/a_6_reg_581_reg[14][5]
    SLICE_X29Y48         LUT6 (Prop_C6LUT_SLICEM_I0_O)
                                                      0.080     2.768 r  control_s_axi_U/int_block_out/mem_reg_i_49/O
                         net (fo=1, routed)           0.051     2.819    control_s_axi_U/int_block_out/mem_reg_i_49_n_0
    SLICE_X29Y48         LUT6 (Prop_D6LUT_SLICEM_I4_O)
                                                      0.056     2.875 r  control_s_axi_U/int_block_out/mem_reg_i_14__0/O
                         net (fo=2, routed)           0.278     3.153    control_s_axi_U/int_block_out/mem_reg_i_14__0_n_0
    RAMB18_X0Y18         RAMB18E2                                     r  control_s_axi_U/int_block_out/mem_reg/DINBDIN[6]
  -------------------------------------------------------------------    -------------------

                         (clock ap_clk rise edge)     4.000     4.000 r  
                                                      0.000     4.000 r  ap_clk (IN)
                         net (fo=427, unset)          0.049     4.049    control_s_axi_U/int_block_out/ap_clk
    RAMB18_X0Y18         RAMB18E2                                     r  control_s_axi_U/int_block_out/mem_reg/CLKBWRCLK
                         clock pessimism              0.000     4.049    
                         clock uncertainty           -0.035     4.014    
    RAMB18_X0Y18         RAMB18E2 (Setup_RAMB18E2_L_RAMB180_CLKBWRCLK_DINBDIN[6])
                                                     -0.411     3.603    control_s_axi_U/int_block_out/mem_reg
  -------------------------------------------------------------------
                         required time                          3.603    
                         arrival time                          -3.153    
  -------------------------------------------------------------------
                         slack                                  0.450    

Slack (MET) :             0.480ns  (required time - arrival time)
  Source:                 reg_214_reg[0]/C
                            (rising edge-triggered cell FDRE clocked by ap_clk  {rise@0.000ns fall@2.000ns period=4.000ns})
  Destination:            control_s_axi_U/int_block_out/mem_reg/DINADIN[3]
                            (rising edge-triggered cell RAMB18E2 clocked by ap_clk  {rise@0.000ns fall@2.000ns period=4.000ns})
  Path Group:             ap_clk
  Path Type:              Setup (Max at Slow Process Corner)
  Requirement:            4.000ns  (ap_clk rise@4.000ns - ap_clk rise@0.000ns)
  Data Path Delay:        3.085ns  (logic 1.341ns (43.466%)  route 1.744ns (56.534%))
  Logic Levels:           8  (CARRY8=3 LUT2=1 LUT3=1 LUT5=1 LUT6=2)
  Clock Path Skew:        0.007ns (DCD - SCD + CPR)
    Destination Clock Delay (DCD):    0.049ns = ( 4.049 - 4.000 ) 
    Source Clock Delay      (SCD):    0.042ns
    Clock Pessimism Removal (CPR):    0.000ns
  Clock Uncertainty:      0.035ns  ((TSJ^2 + TIJ^2)^1/2 + DJ) / 2 + PE
    Total System Jitter     (TSJ):    0.071ns
    Total Input Jitter      (TIJ):    0.000ns
    Discrete Jitter          (DJ):    0.000ns
    Phase Error              (PE):    0.000ns

    Location             Delay type                Incr(ns)  Path(ns)    Netlist Resource(s)
  -------------------------------------------------------------------    -------------------
                         (clock ap_clk rise edge)     0.000     0.000 r  
                                                      0.000     0.000 r  ap_clk (IN)
                         net (fo=427, unset)          0.042     0.042    ap_clk
    SLICE_X27Y52         FDRE                                         r  reg_214_reg[0]/C
  -------------------------------------------------------------------    -------------------
    SLICE_X27Y52         FDRE (Prop_EFF2_SLICEL_C_Q)
                                                      0.116     0.158 r  reg_214_reg[0]/Q
                         net (fo=7, routed)           0.112     0.270    control_s_axi_U/int_block_out/reg_238_reg[15][0]
    SLICE_X27Y53         LUT2 (Prop_A6LUT_SLICEL_I0_O)
                                                      0.152     0.422 r  control_s_axi_U/int_block_out/reg_238[7]_i_9/O
                         net (fo=1, routed)           0.014     0.436    control_s_axi_U/int_block_out/reg_238[7]_i_9_n_0
    SLICE_X27Y53         CARRY8 (Prop_CARRY8_SLICEL_S[0]_O[2])
                                                      0.192     0.628 r  control_s_axi_U/int_block_out/reg_238_reg[7]_i_1/O[2]
                         net (fo=5, routed)           0.371     0.999    control_s_axi_U/int_block_out/O[2]
    SLICE_X26Y51         LUT5 (Prop_B6LUT_SLICEL_I2_O)
                                                      0.138     1.137 r  control_s_axi_U/int_block_out/b_6_reg_611[7]_i_15/O
                         net (fo=1, routed)           0.013     1.150    control_s_axi_U/int_block_out/b_6_reg_611[7]_i_15_n_0
    SLICE_X26Y51         CARRY8 (Prop_CARRY8_SLICEL_S[1]_O[2])
                                                      0.183     1.333 r  control_s_axi_U/int_block_out/b_6_reg_611_reg[7]_i_1/O[2]
                         net (fo=4, routed)           0.154     1.486    control_s_axi_U/int_block_out/reg_214_reg[6][2]
    SLICE_X25Y51         LUT3 (Prop_E5LUT_SLICEM_I2_O)
                                                      0.157     1.643 r  control_s_axi_U/int_block_out/trunc_ln11_8_reg_626[6]_i_7/O
                         net (fo=1, routed)           0.290     1.933    control_s_axi_U/int_block_out/trunc_ln11_8_reg_626[6]_i_7_n_0
    SLICE_X26Y49         CARRY8 (Prop_CARRY8_SLICEL_DI[2]_O[3])
                                                      0.134     2.067 r  control_s_axi_U/int_block_out/trunc_ln11_8_reg_626_reg[6]_i_1/O[3]
                         net (fo=2, routed)           0.344     2.411    control_s_axi_U/int_block_out/a_6_reg_581_reg[14][2]
    SLICE_X29Y48         LUT6 (Prop_E6LUT_SLICEM_I0_O)
                                                      0.083     2.494 r  control_s_axi_U/int_block_out/mem_reg_i_55/O
                         net (fo=1, routed)           0.161     2.655    control_s_axi_U/int_block_out/mem_reg_i_55_n_0
    SLICE_X29Y48         LUT6 (Prop_G6LUT_SLICEM_I4_O)
                                                      0.186     2.841 r  control_s_axi_U/int_block_out/mem_reg_i_17__0/O
                         net (fo=2, routed)           0.286     3.127    control_s_axi_U/int_block_out/mem_reg_i_17__0_n_0
    RAMB18_X0Y18         RAMB18E2                                     r  control_s_axi_U/int_block_out/mem_reg/DINADIN[3]
  -------------------------------------------------------------------    -------------------

                         (clock ap_clk rise edge)     4.000     4.000 r  
                                                      0.000     4.000 r  ap_clk (IN)
                         net (fo=427, unset)          0.049     4.049    control_s_axi_U/int_block_out/ap_clk
    RAMB18_X0Y18         RAMB18E2                                     r  control_s_axi_U/int_block_out/mem_reg/CLKBWRCLK
                         clock pessimism              0.000     4.049    
                         clock uncertainty           -0.035     4.014    
    RAMB18_X0Y18         RAMB18E2 (Setup_RAMB18E2_L_RAMB180_CLKBWRCLK_DINADIN[3])
                                                     -0.406     3.608    control_s_axi_U/int_block_out/mem_reg
  -------------------------------------------------------------------
                         required time                          3.608    
                         arrival time                          -3.127    
  -------------------------------------------------------------------
                         slack                                  0.480    

Slack (MET) :             0.483ns  (required time - arrival time)
  Source:                 reg_214_reg[0]/C
                            (rising edge-triggered cell FDRE clocked by ap_clk  {rise@0.000ns fall@2.000ns period=4.000ns})
  Destination:            control_s_axi_U/int_block_out/mem_reg/DINBDIN[5]
                            (rising edge-triggered cell RAMB18E2 clocked by ap_clk  {rise@0.000ns fall@2.000ns period=4.000ns})
  Path Group:             ap_clk
  Path Type:              Setup (Max at Slow Process Corner)
  Requirement:            4.000ns  (ap_clk rise@4.000ns - ap_clk rise@0.000ns)
  Data Path Delay:        3.110ns  (logic 1.320ns (42.449%)  route 1.790ns (57.551%))
  Logic Levels:           8  (CARRY8=3 LUT2=1 LUT3=1 LUT5=1 LUT6=2)
  Clock Path Skew:        0.007ns (DCD - SCD + CPR)
    Destination Clock Delay (DCD):    0.049ns = ( 4.049 - 4.000 ) 
    Source Clock Delay      (SCD):    0.042ns
    Clock Pessimism Removal (CPR):    0.000ns
  Clock Uncertainty:      0.035ns  ((TSJ^2 + TIJ^2)^1/2 + DJ) / 2 + PE
    Total System Jitter     (TSJ):    0.071ns
    Total Input Jitter      (TIJ):    0.000ns
    Discrete Jitter          (DJ):    0.000ns
    Phase Error              (PE):    0.000ns

    Location             Delay type                Incr(ns)  Path(ns)    Netlist Resource(s)
  -------------------------------------------------------------------    -------------------
                         (clock ap_clk rise edge)     0.000     0.000 r  
                                                      0.000     0.000 r  ap_clk (IN)
                         net (fo=427, unset)          0.042     0.042    ap_clk
    SLICE_X27Y52         FDRE                                         r  reg_214_reg[0]/C
  -------------------------------------------------------------------    -------------------
    SLICE_X27Y52         FDRE (Prop_EFF2_SLICEL_C_Q)
                                                      0.116     0.158 r  reg_214_reg[0]/Q
                         net (fo=7, routed)           0.112     0.270    control_s_axi_U/int_block_out/reg_238_reg[15][0]
    SLICE_X27Y53         LUT2 (Prop_A6LUT_SLICEL_I0_O)
                                                      0.152     0.422 r  control_s_axi_U/int_block_out/reg_238[7]_i_9/O
                         net (fo=1, routed)           0.014     0.436    control_s_axi_U/int_block_out/reg_238[7]_i_9_n_0
    SLICE_X27Y53         CARRY8 (Prop_CARRY8_SLICEL_S[0]_O[2])
                                                      0.192     0.628 r  control_s_axi_U/int_block_out/reg_238_reg[7]_i_1/O[2]
                         net (fo=5, routed)           0.371     0.999    control_s_axi_U/int_block_out/O[2]
    SLICE_X26Y51         LUT5 (Prop_B6LUT_SLICEL_I2_O)
                                                      0.138     1.137 r  control_s_axi_U/int_block_out/b_6_reg_611[7]_i_15/O
                         net (fo=1, routed)           0.013     1.150    control_s_axi_U/int_block_out/b_6_reg_611[7]_i_15_n_0
    SLICE_X26Y51         CARRY8 (Prop_CARRY8_SLICEL_S[1]_O[3])
                                                      0.186     1.336 r  control_s_axi_U/int_block_out/b_6_reg_611_reg[7]_i_1/O[3]
                         net (fo=4, routed)           0.206     1.542    control_s_axi_U/int_block_out/reg_214_reg[6][3]
    SLICE_X25Y53         LUT3 (Prop_A5LUT_SLICEM_I2_O)
                                                      0.156     1.698 r  control_s_axi_U/int_block_out/trunc_ln11_8_reg_626[6]_i_6/O
                         net (fo=1, routed)           0.399     2.097    control_s_axi_U/int_block_out/trunc_ln11_8_reg_626[6]_i_6_n_0
    SLICE_X26Y49         CARRY8 (Prop_CARRY8_SLICEL_DI[3]_O[5])
                                                      0.268     2.365 r  control_s_axi_U/int_block_out/trunc_ln11_8_reg_626_reg[6]_i_1/O[5]
                         net (fo=2, routed)           0.362     2.727    control_s_axi_U/int_block_out/a_6_reg_581_reg[14][4]
    SLICE_X29Y47         LUT6 (Prop_C6LUT_SLICEM_I0_O)
                                                      0.056     2.783 r  control_s_axi_U/int_block_out/mem_reg_i_51/O
                         net (fo=1, routed)           0.051     2.834    control_s_axi_U/int_block_out/mem_reg_i_51_n_0
    SLICE_X29Y47         LUT6 (Prop_D6LUT_SLICEM_I4_O)
                                                      0.056     2.890 r  control_s_axi_U/int_block_out/mem_reg_i_15__0/O
                         net (fo=2, routed)           0.262     3.152    control_s_axi_U/int_block_out/mem_reg_i_15__0_n_0
    RAMB18_X0Y18         RAMB18E2                                     r  control_s_axi_U/int_block_out/mem_reg/DINBDIN[5]
  -------------------------------------------------------------------    -------------------

                         (clock ap_clk rise edge)     4.000     4.000 r  
                                                      0.000     4.000 r  ap_clk (IN)
                         net (fo=427, unset)          0.049     4.049    control_s_axi_U/int_block_out/ap_clk
    RAMB18_X0Y18         RAMB18E2                                     r  control_s_axi_U/int_block_out/mem_reg/CLKBWRCLK
                         clock pessimism              0.000     4.049    
                         clock uncertainty           -0.035     4.014    
    RAMB18_X0Y18         RAMB18E2 (Setup_RAMB18E2_L_RAMB180_CLKBWRCLK_DINBDIN[5])
                                                     -0.379     3.635    control_s_axi_U/int_block_out/mem_reg
  -------------------------------------------------------------------
                         required time                          3.635    
                         arrival time                          -3.152    
  -------------------------------------------------------------------
                         slack                                  0.483    

Slack (MET) :             0.488ns  (required time - arrival time)
  Source:                 reg_214_reg[0]/C
                            (rising edge-triggered cell FDRE clocked by ap_clk  {rise@0.000ns fall@2.000ns period=4.000ns})
  Destination:            control_s_axi_U/int_block_out/mem_reg/DINBDIN[3]
                            (rising edge-triggered cell RAMB18E2 clocked by ap_clk  {rise@0.000ns fall@2.000ns period=4.000ns})
  Path Group:             ap_clk
  Path Type:              Setup (Max at Slow Process Corner)
  Requirement:            4.000ns  (ap_clk rise@4.000ns - ap_clk rise@0.000ns)
  Data Path Delay:        3.073ns  (logic 1.341ns (43.636%)  route 1.732ns (56.364%))
  Logic Levels:           8  (CARRY8=3 LUT2=1 LUT3=1 LUT5=1 LUT6=2)
  Clock Path Skew:        0.007ns (DCD - SCD + CPR)
    Destination Clock Delay (DCD):    0.049ns = ( 4.049 - 4.000 ) 
    Source Clock Delay      (SCD):    0.042ns
    Clock Pessimism Removal (CPR):    0.000ns
  Clock Uncertainty:      0.035ns  ((TSJ^2 + TIJ^2)^1/2 + DJ) / 2 + PE
    Total System Jitter     (TSJ):    0.071ns
    Total Input Jitter      (TIJ):    0.000ns
    Discrete Jitter          (DJ):    0.000ns
    Phase Error              (PE):    0.000ns

    Location             Delay type                Incr(ns)  Path(ns)    Netlist Resource(s)
  -------------------------------------------------------------------    -------------------
                         (clock ap_clk rise edge)     0.000     0.000 r  
                                                      0.000     0.000 r  ap_clk (IN)
                         net (fo=427, unset)          0.042     0.042    ap_clk
    SLICE_X27Y52         FDRE                                         r  reg_214_reg[0]/C
  -------------------------------------------------------------------    -------------------
    SLICE_X27Y52         FDRE (Prop_EFF2_SLICEL_C_Q)
                                                      0.116     0.158 r  reg_214_reg[0]/Q
                         net (fo=7, routed)           0.112     0.270    control_s_axi_U/int_block_out/reg_238_reg[15][0]
    SLICE_X27Y53         LUT2 (Prop_A6LUT_SLICEL_I0_O)
                                                      0.152     0.422 r  control_s_axi_U/int_block_out/reg_238[7]_i_9/O
                         net (fo=1, routed)           0.014     0.436    control_s_axi_U/int_block_out/reg_238[7]_i_9_n_0
    SLICE_X27Y53         CARRY8 (Prop_CARRY8_SLICEL_S[0]_O[2])
                                                      0.192     0.628 r  control_s_axi_U/int_block_out/reg_238_reg[7]_i_1/O[2]
                         net (fo=5, routed)           0.371     0.999    control_s_axi_U/int_block_out/O[2]
    SLICE_X26Y51         LUT5 (Prop_B6LUT_SLICEL_I2_O)
                                                      0.138     1.137 r  control_s_axi_U/int_block_out/b_6_reg_611[7]_i_15/O
                         net (fo=1, routed)           0.013     1.150    control_s_axi_U/int_block_out/b_6_reg_611[7]_i_15_n_0
    SLICE_X26Y51         CARRY8 (Prop_CARRY8_SLICEL_S[1]_O[2])
                                                      0.183     1.333 r  control_s_axi_U/int_block_out/b_6_reg_611_reg[7]_i_1/O[2]
                         net (fo=4, routed)           0.154     1.486    control_s_axi_U/int_block_out/reg_214_reg[6][2]
    SLICE_X25Y51         LUT3 (Prop_E5LUT_SLICEM_I2_O)
                                                      0.157     1.643 r  control_s_axi_U/int_block_out/trunc_ln11_8_reg_626[6]_i_7/O
                         net (fo=1, routed)           0.290     1.933    control_s_axi_U/int_block_out/trunc_ln11_8_reg_626[6]_i_7_n_0
    SLICE_X26Y49         CARRY8 (Prop_CARRY8_SLICEL_DI[2]_O[3])
                                                      0.134     2.067 r  control_s_axi_U/int_block_out/trunc_ln11_8_reg_626_reg[6]_i_1/O[3]
                         net (fo=2, routed)           0.344     2.411    control_s_axi_U/int_block_out/a_6_reg_581_reg[14][2]
    SLICE_X29Y48         LUT6 (Prop_E6LUT_SLICEM_I0_O)
                                                      0.083     2.494 r  control_s_axi_U/int_block_out/mem_reg_i_55/O
                         net (fo=1, routed)           0.161     2.655    control_s_axi_U/int_block_out/mem_reg_i_55_n_0
    SLICE_X29Y48         LUT6 (Prop_G6LUT_SLICEM_I4_O)
                                                      0.186     2.841 r  control_s_axi_U/int_block_out/mem_reg_i_17__0/O
                         net (fo=2, routed)           0.274     3.115    control_s_axi_U/int_block_out/mem_reg_i_17__0_n_0
    RAMB18_X0Y18         RAMB18E2                                     r  control_s_axi_U/int_block_out/mem_reg/DINBDIN[3]
  -------------------------------------------------------------------    -------------------

                         (clock ap_clk rise edge)     4.000     4.000 r  
                                                      0.000     4.000 r  ap_clk (IN)
                         net (fo=427, unset)          0.049     4.049    control_s_axi_U/int_block_out/ap_clk
    RAMB18_X0Y18         RAMB18E2                                     r  control_s_axi_U/int_block_out/mem_reg/CLKBWRCLK
                         clock pessimism              0.000     4.049    
                         clock uncertainty           -0.035     4.014    
    RAMB18_X0Y18         RAMB18E2 (Setup_RAMB18E2_L_RAMB180_CLKBWRCLK_DINBDIN[3])
                                                     -0.410     3.604    control_s_axi_U/int_block_out/mem_reg
  -------------------------------------------------------------------
                         required time                          3.604    
                         arrival time                          -3.115    
  -------------------------------------------------------------------
                         slack                                  0.488    

Slack (MET) :             0.490ns  (required time - arrival time)
  Source:                 reg_238_reg[0]/C
                            (rising edge-triggered cell FDRE clocked by ap_clk  {rise@0.000ns fall@2.000ns period=4.000ns})
  Destination:            control_s_axi_U/int_block_out/mem_reg/DINBDIN[15]
                            (rising edge-triggered cell RAMB18E2 clocked by ap_clk  {rise@0.000ns fall@2.000ns period=4.000ns})
  Path Group:             ap_clk
  Path Type:              Setup (Max at Slow Process Corner)
  Requirement:            4.000ns  (ap_clk rise@4.000ns - ap_clk rise@0.000ns)
  Data Path Delay:        2.882ns  (logic 1.379ns (47.845%)  route 1.503ns (52.155%))
  Logic Levels:           7  (CARRY8=3 LUT2=1 LUT3=1 LUT5=1 LUT6=1)
  Clock Path Skew:        0.008ns (DCD - SCD + CPR)
    Destination Clock Delay (DCD):    0.049ns = ( 4.049 - 4.000 ) 
    Source Clock Delay      (SCD):    0.041ns
    Clock Pessimism Removal (CPR):    0.000ns
  Clock Uncertainty:      0.035ns  ((TSJ^2 + TIJ^2)^1/2 + DJ) / 2 + PE
    Total System Jitter     (TSJ):    0.071ns
    Total Input Jitter      (TIJ):    0.000ns
    Discrete Jitter          (DJ):    0.000ns
    Phase Error              (PE):    0.000ns

    Location             Delay type                Incr(ns)  Path(ns)    Netlist Resource(s)
  -------------------------------------------------------------------    -------------------
                         (clock ap_clk rise edge)     0.000     0.000 r  
                                                      0.000     0.000 r  ap_clk (IN)
                         net (fo=427, unset)          0.041     0.041    ap_clk
    SLICE_X27Y53         FDRE                                         r  reg_238_reg[0]/C
  -------------------------------------------------------------------    -------------------
    SLICE_X27Y53         FDRE (Prop_AFF_SLICEL_C_Q)
                                                      0.114     0.155 r  reg_238_reg[0]/Q
                         net (fo=5, routed)           0.299     0.454    control_s_axi_U/int_block_out/b_7_reg_631_reg[15]_0[0]
    SLICE_X29Y53         LUT2 (Prop_A6LUT_SLICEM_I1_O)
                                                      0.189     0.643 r  control_s_axi_U/int_block_out/b_7_reg_631[7]_i_9/O
                         net (fo=1, routed)           0.017     0.660    control_s_axi_U/int_block_out/b_7_reg_631[7]_i_9_n_0
    SLICE_X29Y53         CARRY8 (Prop_CARRY8_SLICEM_S[0]_O[5])
                                                      0.343     1.003 r  control_s_axi_U/int_block_out/b_7_reg_631_reg[7]_i_1/O[5]
                         net (fo=4, routed)           0.321     1.324    control_s_axi_U/int_block_out/a_7_reg_575_reg[7][5]
    SLICE_X28Y57         LUT3 (Prop_G6LUT_SLICEM_I2_O)
                                                      0.226     1.550 r  control_s_axi_U/int_block_out/mem_reg_i_119/O
                         net (fo=1, routed)           0.222     1.772    control_s_axi_U/int_block_out/mem_reg_i_119_n_0
    SLICE_X28Y53         CARRY8 (Prop_CARRY8_SLICEM_DI[5]_CO[7])
                                                      0.116     1.888 r  control_s_axi_U/int_block_out/mem_reg_i_83/CO[7]
                         net (fo=1, routed)           0.030     1.918    control_s_axi_U/int_block_out/mem_reg_i_83_n_0
    SLICE_X28Y54         CARRY8 (Prop_CARRY8_SLICEM_CI_O[7])
                                                      0.171     2.089 r  control_s_axi_U/int_block_out/mem_reg_i_77/O[7]
                         net (fo=4, routed)           0.351     2.440    control_s_axi_U/int_block_out/a_7_reg_575_reg[14][14]
    SLICE_X27Y46         LUT5 (Prop_E6LUT_SLICEL_I2_O)
                                                      0.083     2.523 r  control_s_axi_U/int_block_out/mem_reg_i_65/O
                         net (fo=1, routed)           0.097     2.620    control_s_axi_U/int_block_out/mem_reg_i_65_n_0
    SLICE_X27Y46         LUT6 (Prop_H6LUT_SLICEL_I5_O)
                                                      0.137     2.757 r  control_s_axi_U/int_block_out/mem_reg_i_21/O
                         net (fo=1, routed)           0.166     2.923    control_s_axi_U/int_block_out/p_1_in[31]
    RAMB18_X0Y18         RAMB18E2                                     r  control_s_axi_U/int_block_out/mem_reg/DINBDIN[15]
  -------------------------------------------------------------------    -------------------

                         (clock ap_clk rise edge)     4.000     4.000 r  
                                                      0.000     4.000 r  ap_clk (IN)
                         net (fo=427, unset)          0.049     4.049    control_s_axi_U/int_block_out/ap_clk
    RAMB18_X0Y18         RAMB18E2                                     r  control_s_axi_U/int_block_out/mem_reg/CLKBWRCLK
                         clock pessimism              0.000     4.049    
                         clock uncertainty           -0.035     4.014    
    RAMB18_X0Y18         RAMB18E2 (Setup_RAMB18E2_L_RAMB180_CLKBWRCLK_DINBDIN[15])
                                                     -0.600     3.414    control_s_axi_U/int_block_out/mem_reg
  -------------------------------------------------------------------
                         required time                          3.414    
                         arrival time                          -2.923    
  -------------------------------------------------------------------
                         slack                                  0.490    

Slack (MET) :             0.640ns  (required time - arrival time)
  Source:                 reg_238_reg[0]/C
                            (rising edge-triggered cell FDRE clocked by ap_clk  {rise@0.000ns fall@2.000ns period=4.000ns})
  Destination:            control_s_axi_U/int_block_out/mem_reg/DINBDIN[9]
                            (rising edge-triggered cell RAMB18E2 clocked by ap_clk  {rise@0.000ns fall@2.000ns period=4.000ns})
  Path Group:             ap_clk
  Path Type:              Setup (Max at Slow Process Corner)
  Requirement:            4.000ns  (ap_clk rise@4.000ns - ap_clk rise@0.000ns)
  Data Path Delay:        2.951ns  (logic 1.210ns (40.997%)  route 1.741ns (59.003%))
  Logic Levels:           7  (CARRY8=3 LUT2=1 LUT3=1 LUT5=1 LUT6=1)
  Clock Path Skew:        0.008ns (DCD - SCD + CPR)
    Destination Clock Delay (DCD):    0.049ns = ( 4.049 - 4.000 ) 
    Source Clock Delay      (SCD):    0.041ns
    Clock Pessimism Removal (CPR):    0.000ns
  Clock Uncertainty:      0.035ns  ((TSJ^2 + TIJ^2)^1/2 + DJ) / 2 + PE
    Total System Jitter     (TSJ):    0.071ns
    Total Input Jitter      (TIJ):    0.000ns
    Discrete Jitter          (DJ):    0.000ns
    Phase Error              (PE):    0.000ns

    Location             Delay type                Incr(ns)  Path(ns)    Netlist Resource(s)
  -------------------------------------------------------------------    -------------------
                         (clock ap_clk rise edge)     0.000     0.000 r  
                                                      0.000     0.000 r  ap_clk (IN)
                         net (fo=427, unset)          0.041     0.041    ap_clk
    SLICE_X27Y53         FDRE                                         r  reg_238_reg[0]/C
  -------------------------------------------------------------------    -------------------
    SLICE_X27Y53         FDRE (Prop_AFF_SLICEL_C_Q)
                                                      0.114     0.155 r  reg_238_reg[0]/Q
                         net (fo=5, routed)           0.299     0.454    control_s_axi_U/int_block_out/b_7_reg_631_reg[15]_0[0]
    SLICE_X29Y53         LUT2 (Prop_A6LUT_SLICEM_I1_O)
                                                      0.189     0.643 r  control_s_axi_U/int_block_out/b_7_reg_631[7]_i_9/O
                         net (fo=1, routed)           0.017     0.660    control_s_axi_U/int_block_out/b_7_reg_631[7]_i_9_n_0
    SLICE_X29Y53         CARRY8 (Prop_CARRY8_SLICEM_S[0]_O[5])
                                                      0.343     1.003 r  control_s_axi_U/int_block_out/b_7_reg_631_reg[7]_i_1/O[5]
                         net (fo=4, routed)           0.321     1.324    control_s_axi_U/int_block_out/a_7_reg_575_reg[7][5]
    SLICE_X28Y57         LUT3 (Prop_G6LUT_SLICEM_I2_O)
                                                      0.226     1.550 r  control_s_axi_U/int_block_out/mem_reg_i_119/O
                         net (fo=1, routed)           0.222     1.772    control_s_axi_U/int_block_out/mem_reg_i_119_n_0
    SLICE_X28Y53         CARRY8 (Prop_CARRY8_SLICEM_DI[5]_CO[7])
                                                      0.116     1.888 r  control_s_axi_U/int_block_out/mem_reg_i_83/CO[7]
                         net (fo=1, routed)           0.030     1.918    control_s_axi_U/int_block_out/mem_reg_i_83_n_0
    SLICE_X28Y54         CARRY8 (Prop_CARRY8_SLICEM_CI_O[1])
                                                      0.106     2.024 r  control_s_axi_U/int_block_out/mem_reg_i_77/O[1]
                         net (fo=3, routed)           0.395     2.419    control_s_axi_U/int_block_out/a_7_reg_575_reg[14][8]
    SLICE_X31Y50         LUT5 (Prop_F6LUT_SLICEM_I2_O)
                                                      0.056     2.475 r  control_s_axi_U/int_block_out/mem_reg_i_71/O
                         net (fo=1, routed)           0.051     2.526    control_s_axi_U/int_block_out/mem_reg_i_71_n_0
    SLICE_X31Y50         LUT6 (Prop_H6LUT_SLICEM_I5_O)
                                                      0.060     2.586 r  control_s_axi_U/int_block_out/mem_reg_i_27/O
                         net (fo=1, routed)           0.406     2.992    control_s_axi_U/int_block_out/p_1_in[25]
    RAMB18_X0Y18         RAMB18E2                                     r  control_s_axi_U/int_block_out/mem_reg/DINBDIN[9]
  -------------------------------------------------------------------    -------------------

                         (clock ap_clk rise edge)     4.000     4.000 r  
                                                      0.000     4.000 r  ap_clk (IN)
                         net (fo=427, unset)          0.049     4.049    control_s_axi_U/int_block_out/ap_clk
    RAMB18_X0Y18         RAMB18E2                                     r  control_s_axi_U/int_block_out/mem_reg/CLKBWRCLK
                         clock pessimism              0.000     4.049    
                         clock uncertainty           -0.035     4.014    
    RAMB18_X0Y18         RAMB18E2 (Setup_RAMB18E2_L_RAMB180_CLKBWRCLK_DINBDIN[9])
                                                     -0.381     3.633    control_s_axi_U/int_block_out/mem_reg
  -------------------------------------------------------------------
                         required time                          3.633    
                         arrival time                          -2.992    
  -------------------------------------------------------------------
                         slack                                  0.640    





Pulse Width Checks
--------------------------------------------------------------------------------------
Clock Name:         ap_clk
Waveform(ns):       { 0.000 2.000 }
Period(ns):         4.000
Sources:            { ap_clk }

Check Type        Corner  Lib Pin             Reference Pin  Required(ns)  Actual(ns)  Slack(ns)  Location      Pin
Min Period        n/a     RAMB36E2/CLKARDCLK  n/a            1.960         4.000       2.040      RAMB36_X0Y11  control_s_axi_U/int_block_in/mem_reg/CLKARDCLK
Min Period        n/a     RAMB18E2/CLKARDCLK  n/a            1.960         4.000       2.040      RAMB18_X0Y18  control_s_axi_U/int_block_out/mem_reg/CLKARDCLK
Min Period        n/a     RAMB18E2/CLKBWRCLK  n/a            1.960         4.000       2.040      RAMB18_X0Y18  control_s_axi_U/int_block_out/mem_reg/CLKBWRCLK
Min Period        n/a     RAMB36E2/CLKBWRCLK  n/a            1.709         4.000       2.291      RAMB36_X0Y11  control_s_axi_U/int_block_in/mem_reg/CLKBWRCLK
Min Period        n/a     FDRE/C              n/a            0.550         4.000       3.450      SLICE_X25Y53  a_10_reg_587_reg[0]/C
Min Period        n/a     FDRE/C              n/a            0.550         4.000       3.450      SLICE_X25Y52  a_10_reg_587_reg[10]/C
Min Period        n/a     FDRE/C              n/a            0.550         4.000       3.450      SLICE_X25Y52  a_10_reg_587_reg[11]/C
Min Period        n/a     FDRE/C              n/a            0.550         4.000       3.450      SLICE_X30Y52  a_10_reg_587_reg[12]/C
Min Period        n/a     FDRE/C              n/a            0.550         4.000       3.450      SLICE_X25Y53  a_10_reg_587_reg[13]/C
Min Period        n/a     FDRE/C              n/a            0.550         4.000       3.450      SLICE_X25Y53  a_10_reg_587_reg[14]/C
Min Period        n/a     FDRE/C              n/a            0.550         4.000       3.450      SLICE_X25Y52  a_10_reg_587_reg[15]/C
Min Period        n/a     FDRE/C              n/a            0.550         4.000       3.450      SLICE_X25Y51  a_10_reg_587_reg[1]/C
Min Period        n/a     FDRE/C              n/a            0.550         4.000       3.450      SLICE_X25Y51  a_10_reg_587_reg[2]/C
Min Period        n/a     FDRE/C              n/a            0.550         4.000       3.450      SLICE_X25Y51  a_10_reg_587_reg[3]/C
Min Period        n/a     FDRE/C              n/a            0.550         4.000       3.450      SLICE_X25Y51  a_10_reg_587_reg[4]/C
Min Period        n/a     FDRE/C              n/a            0.550         4.000       3.450      SLICE_X25Y51  a_10_reg_587_reg[5]/C
Min Period        n/a     FDRE/C              n/a            0.550         4.000       3.450      SLICE_X25Y50  a_10_reg_587_reg[6]/C
Min Period        n/a     FDRE/C              n/a            0.550         4.000       3.450      SLICE_X25Y51  a_10_reg_587_reg[7]/C
Min Period        n/a     FDRE/C              n/a            0.550         4.000       3.450      SLICE_X25Y50  a_10_reg_587_reg[8]/C
Min Period        n/a     FDRE/C              n/a            0.550         4.000       3.450      SLICE_X25Y52  a_10_reg_587_reg[9]/C
Low Pulse Width   Slow    RAMB36E2/CLKARDCLK  n/a            0.577         2.000       1.423      RAMB36_X0Y11  control_s_axi_U/int_block_in/mem_reg/CLKARDCLK
Low Pulse Width   Fast    RAMB36E2/CLKARDCLK  n/a            0.577         2.000       1.423      RAMB36_X0Y11  control_s_axi_U/int_block_in/mem_reg/CLKARDCLK
Low Pulse Width   Slow    RAMB36E2/CLKBWRCLK  n/a            0.577         2.000       1.423      RAMB36_X0Y11  control_s_axi_U/int_block_in/mem_reg/CLKBWRCLK
Low Pulse Width   Fast    RAMB36E2/CLKBWRCLK  n/a            0.577         2.000       1.423      RAMB36_X0Y11  control_s_axi_U/int_block_in/mem_reg/CLKBWRCLK
Low Pulse Width   Slow    RAMB18E2/CLKARDCLK  n/a            0.577         2.000       1.423      RAMB18_X0Y18  control_s_axi_U/int_block_out/mem_reg/CLKARDCLK
Low Pulse Width   Fast    RAMB18E2/CLKARDCLK  n/a            0.577         2.000       1.423      RAMB18_X0Y18  control_s_axi_U/int_block_out/mem_reg/CLKARDCLK
Low Pulse Width   Slow    RAMB18E2/CLKBWRCLK  n/a            0.577         2.000       1.423      RAMB18_X0Y18  control_s_axi_U/int_block_out/mem_reg/CLKBWRCLK
Low Pulse Width   Fast    RAMB18E2/CLKBWRCLK  n/a            0.577         2.000       1.423      RAMB18_X0Y18  control_s_axi_U/int_block_out/mem_reg/CLKBWRCLK
Low Pulse Width   Slow    FDRE/C              n/a            0.275         2.000       1.725      SLICE_X25Y53  a_10_reg_587_reg[0]/C
Low Pulse Width   Fast    FDRE/C              n/a            0.275         2.000       1.725      SLICE_X25Y53  a_10_reg_587_reg[0]/C
Low Pulse Width   Slow    FDRE/C              n/a            0.275         2.000       1.725      SLICE_X25Y52  a_10_reg_587_reg[10]/C
Low Pulse Width   Fast    FDRE/C              n/a            0.275         2.000       1.725      SLICE_X25Y52  a_10_reg_587_reg[10]/C
Low Pulse Width   Slow    FDRE/C              n/a            0.275         2.000       1.725      SLICE_X25Y52  a_10_reg_587_reg[11]/C
Low Pulse Width   Fast    FDRE/C              n/a            0.275         2.000       1.725      SLICE_X25Y52  a_10_reg_587_reg[11]/C
Low Pulse Width   Slow    FDRE/C              n/a            0.275         2.000       1.725      SLICE_X30Y52  a_10_reg_587_reg[12]/C
Low Pulse Width   Fast    FDRE/C              n/a            0.275         2.000       1.725      SLICE_X30Y52  a_10_reg_587_reg[12]/C
Low Pulse Width   Slow    FDRE/C              n/a            0.275         2.000       1.725      SLICE_X25Y53  a_10_reg_587_reg[13]/C
Low Pulse Width   Fast    FDRE/C              n/a            0.275         2.000       1.725      SLICE_X25Y53  a_10_reg_587_reg[13]/C
Low Pulse Width   Slow    FDRE/C              n/a            0.275         2.000       1.725      SLICE_X25Y53  a_10_reg_587_reg[14]/C
Low Pulse Width   Fast    FDRE/C              n/a            0.275         2.000       1.725      SLICE_X25Y53  a_10_reg_587_reg[14]/C
High Pulse Width  Slow    RAMB36E2/CLKARDCLK  n/a            0.577         2.000       1.423      RAMB36_X0Y11  control_s_axi_U/int_block_in/mem_reg/CLKARDCLK
High Pulse Width  Fast    RAMB36E2/CLKARDCLK  n/a            0.577         2.000       1.423      RAMB36_X0Y11  control_s_axi_U/int_block_in/mem_reg/CLKARDCLK
High Pulse Width  Slow    RAMB36E2/CLKBWRCLK  n/a            0.577         2.000       1.423      RAMB36_X0Y11  control_s_axi_U/int_block_in/mem_reg/CLKBWRCLK
High Pulse Width  Fast    RAMB36E2/CLKBWRCLK  n/a            0.577         2.000       1.423      RAMB36_X0Y11  control_s_axi_U/int_block_in/mem_reg/CLKBWRCLK
High Pulse Width  Slow    RAMB18E2/CLKARDCLK  n/a            0.577         2.000       1.423      RAMB18_X0Y18  control_s_axi_U/int_block_out/mem_reg/CLKARDCLK
High Pulse Width  Fast    RAMB18E2/CLKARDCLK  n/a            0.577         2.000       1.423      RAMB18_X0Y18  control_s_axi_U/int_block_out/mem_reg/CLKARDCLK
High Pulse Width  Slow    RAMB18E2/CLKBWRCLK  n/a            0.577         2.000       1.423      RAMB18_X0Y18  control_s_axi_U/int_block_out/mem_reg/CLKBWRCLK
High Pulse Width  Fast    RAMB18E2/CLKBWRCLK  n/a            0.577         2.000       1.423      RAMB18_X0Y18  control_s_axi_U/int_block_out/mem_reg/CLKBWRCLK
High Pulse Width  Slow    FDRE/C              n/a            0.275         2.000       1.725      SLICE_X25Y53  a_10_reg_587_reg[0]/C
High Pulse Width  Fast    FDRE/C              n/a            0.275         2.000       1.725      SLICE_X25Y53  a_10_reg_587_reg[0]/C
High Pulse Width  Slow    FDRE/C              n/a            0.275         2.000       1.725      SLICE_X25Y52  a_10_reg_587_reg[10]/C
High Pulse Width  Fast    FDRE/C              n/a            0.275         2.000       1.725      SLICE_X25Y52  a_10_reg_587_reg[10]/C
High Pulse Width  Slow    FDRE/C              n/a            0.275         2.000       1.725      SLICE_X25Y52  a_10_reg_587_reg[11]/C
High Pulse Width  Fast    FDRE/C              n/a            0.275         2.000       1.725      SLICE_X25Y52  a_10_reg_587_reg[11]/C
High Pulse Width  Slow    FDRE/C              n/a            0.275         2.000       1.725      SLICE_X30Y52  a_10_reg_587_reg[12]/C
High Pulse Width  Fast    FDRE/C              n/a            0.275         2.000       1.725      SLICE_X30Y52  a_10_reg_587_reg[12]/C
High Pulse Width  Slow    FDRE/C              n/a            0.275         2.000       1.725      SLICE_X25Y53  a_10_reg_587_reg[13]/C
High Pulse Width  Fast    FDRE/C              n/a            0.275         2.000       1.725      SLICE_X25Y53  a_10_reg_587_reg[13]/C
High Pulse Width  Slow    FDRE/C              n/a            0.275         2.000       1.725      SLICE_X25Y53  a_10_reg_587_reg[14]/C
High Pulse Width  Fast    FDRE/C              n/a            0.275         2.000       1.725      SLICE_X25Y53  a_10_reg_587_reg[14]/C



